netbox_cable_id,connection_type,endpoint_a_device,endpoint_a_port,endpoint_a_live_state,endpoint_b_device,endpoint_b_port,endpoint_b_live_state
73796,leaf-spine,sys1-ice2-p-swi-bel1,sw37p1,Active/LinkUp/800G,sys1-ice2-p-swi-bes1,sw1p1,Active/LinkUp/800G
73797,leaf-spine,sys1-ice2-p-swi-bel1,sw37p2,Active/LinkUp/800G,sys1-ice2-p-swi-bes1,sw1p2,Active/LinkUp/800G
73798,leaf-spine,sys1-ice2-p-swi-bel1,sw38p1,Active/LinkUp/800G,sys1-ice2-p-swi-bes2,sw1p1,Active/LinkUp/800G
73799,leaf-spine,sys1-ice2-p-swi-bel1,sw38p2,Active/LinkUp/800G,sys1-ice2-p-swi-bes2,sw1p2,Active/LinkUp/800G
73800,leaf-spine,sys1-ice2-p-swi-bel1,sw39p1,Active/LinkUp/800G,sys1-ice2-p-swi-bes3,sw1p1,Active/LinkUp/800G
73801,leaf-spine,sys1-ice2-p-swi-bel1,sw39p2,Active/LinkUp/800G,sys1-ice2-p-swi-bes3,sw1p2,Active/LinkUp/800G
73802,leaf-spine,sys1-ice2-p-swi-bel1,sw40p1,Active/LinkUp/800G,sys1-ice2-p-swi-bes4,sw1p1,Active/LinkUp/800G
73803,leaf-spine,sys1-ice2-p-swi-bel1,sw40p2,Active/LinkUp/800G,sys1-ice2-p-swi-bes4,sw1p2,Active/LinkUp/800G
73804,leaf-spine,sys1-ice2-p-swi-bel1,sw41p1,Active/LinkUp/800G,sys1-ice2-p-swi-bes5,sw1p1,Active/LinkUp/800G
73805,leaf-spine,sys1-ice2-p-swi-bel1,sw41p2,Active/LinkUp/800G,sys1-ice2-p-swi-bes5,sw1p2,Active/LinkUp/800G
73806,leaf-spine,sys1-ice2-p-swi-bel1,sw42p1,Active/LinkUp/800G,sys1-ice2-p-swi-bes6,sw1p1,Active/LinkUp/800G
73807,leaf-spine,sys1-ice2-p-swi-bel1,sw42p2,Active/LinkUp/800G,sys1-ice2-p-swi-bes6,sw1p2,Active/LinkUp/800G
73808,leaf-spine,sys1-ice2-p-swi-bel1,sw43p1,Active/LinkUp/800G,sys1-ice2-p-swi-bes7,sw1p1,Active/LinkUp/800G
73809,leaf-spine,sys1-ice2-p-swi-bel1,sw43p2,Active/LinkUp/800G,sys1-ice2-p-swi-bes7,sw1p2,Active/LinkUp/800G
73810,leaf-spine,sys1-ice2-p-swi-bel1,sw44p1,Active/LinkUp/800G,sys1-ice2-p-swi-bes8,sw1p1,Active/LinkUp/800G
73811,leaf-spine,sys1-ice2-p-swi-bel1,sw44p2,Active/LinkUp/800G,sys1-ice2-p-swi-bes8,sw1p2,Active/LinkUp/800G
73812,leaf-spine,sys1-ice2-p-swi-bel1,sw45p1,Active/LinkUp/800G,sys1-ice2-p-swi-bes9,sw1p1,Active/LinkUp/800G
73813,leaf-spine,sys1-ice2-p-swi-bel1,sw45p2,Active/LinkUp/800G,sys1-ice2-p-swi-bes9,sw1p2,Active/LinkUp/800G
73814,leaf-spine,sys1-ice2-p-swi-bel1,sw46p1,Active/LinkUp/800G,sys1-ice2-p-swi-bes10,sw1p1,Active/LinkUp/800G
73815,leaf-spine,sys1-ice2-p-swi-bel1,sw46p2,Active/LinkUp/800G,sys1-ice2-p-swi-bes10,sw1p2,Active/LinkUp/800G
73816,leaf-spine,sys1-ice2-p-swi-bel1,sw47p1,Active/LinkUp/800G,sys1-ice2-p-swi-bes11,sw1p1,Active/LinkUp/800G
73817,leaf-spine,sys1-ice2-p-swi-bel1,sw47p2,Active/LinkUp/800G,sys1-ice2-p-swi-bes11,sw1p2,Active/LinkUp/800G
73818,leaf-spine,sys1-ice2-p-swi-bel1,sw48p1,Active/LinkUp/800G,sys1-ice2-p-swi-bes12,sw1p1,Active/LinkUp/800G
73819,leaf-spine,sys1-ice2-p-swi-bel1,sw48p2,Active/LinkUp/800G,sys1-ice2-p-swi-bes12,sw1p2,Active/LinkUp/800G
73820,leaf-spine,sys1-ice2-p-swi-bel1,sw49p1,Active/LinkUp/800G,sys1-ice2-p-swi-bes13,sw1p1,Active/LinkUp/800G
73821,leaf-spine,sys1-ice2-p-swi-bel1,sw49p2,Active/LinkUp/800G,sys1-ice2-p-swi-bes13,sw1p2,Active/LinkUp/800G
73822,leaf-spine,sys1-ice2-p-swi-bel1,sw50p1,Active/LinkUp/800G,sys1-ice2-p-swi-bes14,sw1p1,Active/LinkUp/800G
73823,leaf-spine,sys1-ice2-p-swi-bel1,sw50p2,Active/LinkUp/800G,sys1-ice2-p-swi-bes14,sw1p2,Active/LinkUp/800G
73824,leaf-spine,sys1-ice2-p-swi-bel1,sw51p1,Active/LinkUp/800G,sys1-ice2-p-swi-bes15,sw1p1,Active/LinkUp/800G
73825,leaf-spine,sys1-ice2-p-swi-bel1,sw51p2,Active/LinkUp/800G,sys1-ice2-p-swi-bes15,sw1p2,Active/LinkUp/800G
73826,leaf-spine,sys1-ice2-p-swi-bel1,sw52p1,Active/LinkUp/800G,sys1-ice2-p-swi-bes16,sw1p1,Active/LinkUp/800G
73827,leaf-spine,sys1-ice2-p-swi-bel1,sw52p2,Active/LinkUp/800G,sys1-ice2-p-swi-bes16,sw1p2,Active/LinkUp/800G
73828,leaf-spine,sys1-ice2-p-swi-bel1,sw53p1,Active/LinkUp/800G,sys1-ice2-p-swi-bes17,sw1p1,Active/LinkUp/800G
73829,leaf-spine,sys1-ice2-p-swi-bel1,sw53p2,Active/LinkUp/800G,sys1-ice2-p-swi-bes17,sw1p2,Active/LinkUp/800G
73830,leaf-spine,sys1-ice2-p-swi-bel1,sw54p1,Active/LinkUp/800G,sys1-ice2-p-swi-bes18,sw1p1,Active/LinkUp/800G
73831,leaf-spine,sys1-ice2-p-swi-bel1,sw54p2,Active/LinkUp/800G,sys1-ice2-p-swi-bes18,sw1p2,Active/LinkUp/800G
73832,leaf-spine,sys1-ice2-p-swi-bel1,sw55p1,Active/LinkUp/800G,sys1-ice2-p-swi-bes19,sw1p1,Active/LinkUp/800G
73833,leaf-spine,sys1-ice2-p-swi-bel1,sw55p2,Active/LinkUp/800G,sys1-ice2-p-swi-bes19,sw1p2,Active/LinkUp/800G
73834,leaf-spine,sys1-ice2-p-swi-bel1,sw56p1,Active/LinkUp/800G,sys1-ice2-p-swi-bes20,sw1p1,Active/LinkUp/800G
73835,leaf-spine,sys1-ice2-p-swi-bel1,sw56p2,Active/LinkUp/800G,sys1-ice2-p-swi-bes20,sw1p2,Active/LinkUp/800G
73836,leaf-spine,sys1-ice2-p-swi-bel1,sw57p1,Active/LinkUp/800G,sys1-ice2-p-swi-bes21,sw1p1,Active/LinkUp/800G
73837,leaf-spine,sys1-ice2-p-swi-bel1,sw57p2,Active/LinkUp/800G,sys1-ice2-p-swi-bes21,sw1p2,Active/LinkUp/800G
73838,leaf-spine,sys1-ice2-p-swi-bel1,sw58p1,Active/LinkUp/800G,sys1-ice2-p-swi-bes22,sw1p1,Active/LinkUp/800G
73839,leaf-spine,sys1-ice2-p-swi-bel1,sw58p2,Active/LinkUp/800G,sys1-ice2-p-swi-bes22,sw1p2,Active/LinkUp/800G
73840,leaf-spine,sys1-ice2-p-swi-bel1,sw59p1,Active/LinkUp/800G,sys1-ice2-p-swi-bes23,sw1p1,Active/LinkUp/800G
73841,leaf-spine,sys1-ice2-p-swi-bel1,sw59p2,Active/LinkUp/800G,sys1-ice2-p-swi-bes23,sw1p2,Active/LinkUp/800G
73842,leaf-spine,sys1-ice2-p-swi-bel1,sw60p1,Active/LinkUp/800G,sys1-ice2-p-swi-bes24,sw1p1,Active/LinkUp/800G
73843,leaf-spine,sys1-ice2-p-swi-bel1,sw60p2,Active/LinkUp/800G,sys1-ice2-p-swi-bes24,sw1p2,Active/LinkUp/800G
73844,leaf-spine,sys1-ice2-p-swi-bel1,sw61p1,Active/LinkUp/800G,sys1-ice2-p-swi-bes25,sw1p1,Active/LinkUp/800G
73845,leaf-spine,sys1-ice2-p-swi-bel1,sw61p2,Active/LinkUp/800G,sys1-ice2-p-swi-bes25,sw1p2,Active/LinkUp/800G
73846,leaf-spine,sys1-ice2-p-swi-bel1,sw62p1,Active/LinkUp/800G,sys1-ice2-p-swi-bes26,sw1p1,Active/LinkUp/800G
73847,leaf-spine,sys1-ice2-p-swi-bel1,sw62p2,Active/LinkUp/800G,sys1-ice2-p-swi-bes26,sw1p2,Active/LinkUp/800G
73848,leaf-spine,sys1-ice2-p-swi-bel1,sw63p1,Active/LinkUp/800G,sys1-ice2-p-swi-bes27,sw1p1,Active/LinkUp/800G
73849,leaf-spine,sys1-ice2-p-swi-bel1,sw63p2,Active/LinkUp/800G,sys1-ice2-p-swi-bes27,sw1p2,Active/LinkUp/800G
73850,leaf-spine,sys1-ice2-p-swi-bel1,sw64p1,Active/LinkUp/800G,sys1-ice2-p-swi-bes28,sw1p1,Active/LinkUp/800G
73851,leaf-spine,sys1-ice2-p-swi-bel1,sw64p2,Active/LinkUp/800G,sys1-ice2-p-swi-bes28,sw1p2,Active/LinkUp/800G
73852,leaf-spine,sys1-ice2-p-swi-bel1,sw65p1,Active/LinkUp/800G,sys1-ice2-p-swi-bes29,sw1p1,Active/LinkUp/800G
73853,leaf-spine,sys1-ice2-p-swi-bel1,sw65p2,Active/LinkUp/800G,sys1-ice2-p-swi-bes29,sw1p2,Active/LinkUp/800G
73854,leaf-spine,sys1-ice2-p-swi-bel1,sw66p1,Active/LinkUp/800G,sys1-ice2-p-swi-bes30,sw1p1,Active/LinkUp/800G
73855,leaf-spine,sys1-ice2-p-swi-bel1,sw66p2,Active/LinkUp/800G,sys1-ice2-p-swi-bes30,sw1p2,Active/LinkUp/800G
73856,leaf-spine,sys1-ice2-p-swi-bel1,sw67p1,Active/LinkUp/800G,sys1-ice2-p-swi-bes31,sw1p1,Active/LinkUp/800G
73857,leaf-spine,sys1-ice2-p-swi-bel1,sw67p2,Active/LinkUp/800G,sys1-ice2-p-swi-bes31,sw1p2,Active/LinkUp/800G
73858,leaf-spine,sys1-ice2-p-swi-bel1,sw68p1,Active/LinkUp/800G,sys1-ice2-p-swi-bes32,sw1p1,Active/LinkUp/800G
73859,leaf-spine,sys1-ice2-p-swi-bel1,sw68p2,Active/LinkUp/800G,sys1-ice2-p-swi-bes32,sw1p2,Active/LinkUp/800G
73860,leaf-spine,sys1-ice2-p-swi-bel1,sw69p1,Active/LinkUp/800G,sys1-ice2-p-swi-bes33,sw1p1,Active/LinkUp/800G
73861,leaf-spine,sys1-ice2-p-swi-bel1,sw69p2,Active/LinkUp/800G,sys1-ice2-p-swi-bes33,sw1p2,Active/LinkUp/800G
73862,leaf-spine,sys1-ice2-p-swi-bel1,sw70p1,Active/LinkUp/800G,sys1-ice2-p-swi-bes34,sw1p1,Active/LinkUp/800G
73863,leaf-spine,sys1-ice2-p-swi-bel1,sw70p2,Active/LinkUp/800G,sys1-ice2-p-swi-bes34,sw1p2,Active/LinkUp/800G
73864,leaf-spine,sys1-ice2-p-swi-bel1,sw71p1,Active/LinkUp/800G,sys1-ice2-p-swi-bes35,sw1p1,Active/LinkUp/800G
73865,leaf-spine,sys1-ice2-p-swi-bel1,sw71p2,Active/LinkUp/800G,sys1-ice2-p-swi-bes35,sw1p2,Active/LinkUp/800G
73866,leaf-spine,sys1-ice2-p-swi-bel1,sw72p1,Active/LinkUp/800G,sys1-ice2-p-swi-bes36,sw1p1,Active/LinkUp/800G
73867,leaf-spine,sys1-ice2-p-swi-bel1,sw72p2,Active/LinkUp/800G,sys1-ice2-p-swi-bes36,sw1p2,Active/LinkUp/800G
73868,leaf-spine,sys1-ice2-p-swi-bel2,sw37p1,Active/LinkUp/800G,sys1-ice2-p-swi-bes1,sw2p1,Active/LinkUp/800G
73869,leaf-spine,sys1-ice2-p-swi-bel2,sw37p2,Active/LinkUp/800G,sys1-ice2-p-swi-bes1,sw2p2,Active/LinkUp/800G
73870,leaf-spine,sys1-ice2-p-swi-bel2,sw38p1,Active/LinkUp/800G,sys1-ice2-p-swi-bes2,sw2p1,Active/LinkUp/800G
73871,leaf-spine,sys1-ice2-p-swi-bel2,sw38p2,Active/LinkUp/800G,sys1-ice2-p-swi-bes2,sw2p2,Active/LinkUp/800G
73872,leaf-spine,sys1-ice2-p-swi-bel2,sw39p1,Active/LinkUp/800G,sys1-ice2-p-swi-bes3,sw2p1,Active/LinkUp/800G
73873,leaf-spine,sys1-ice2-p-swi-bel2,sw39p2,Active/LinkUp/800G,sys1-ice2-p-swi-bes3,sw2p2,Active/LinkUp/800G
73874,leaf-spine,sys1-ice2-p-swi-bel2,sw40p1,Active/LinkUp/800G,sys1-ice2-p-swi-bes4,sw2p1,Active/LinkUp/800G
73875,leaf-spine,sys1-ice2-p-swi-bel2,sw40p2,Active/LinkUp/800G,sys1-ice2-p-swi-bes4,sw2p2,Active/LinkUp/800G
73876,leaf-spine,sys1-ice2-p-swi-bel2,sw41p1,Active/LinkUp/800G,sys1-ice2-p-swi-bes5,sw2p1,Active/LinkUp/800G
73877,leaf-spine,sys1-ice2-p-swi-bel2,sw41p2,Active/LinkUp/800G,sys1-ice2-p-swi-bes5,sw2p2,Active/LinkUp/800G
73878,leaf-spine,sys1-ice2-p-swi-bel2,sw42p1,Active/LinkUp/800G,sys1-ice2-p-swi-bes6,sw2p1,Active/LinkUp/800G
73879,leaf-spine,sys1-ice2-p-swi-bel2,sw42p2,Active/LinkUp/800G,sys1-ice2-p-swi-bes6,sw2p2,Active/LinkUp/800G
73880,leaf-spine,sys1-ice2-p-swi-bel2,sw43p1,Active/LinkUp/800G,sys1-ice2-p-swi-bes7,sw2p1,Active/LinkUp/800G
73881,leaf-spine,sys1-ice2-p-swi-bel2,sw43p2,Active/LinkUp/800G,sys1-ice2-p-swi-bes7,sw2p2,Active/LinkUp/800G
73882,leaf-spine,sys1-ice2-p-swi-bel2,sw44p1,Active/LinkUp/800G,sys1-ice2-p-swi-bes8,sw2p1,Active/LinkUp/800G
73883,leaf-spine,sys1-ice2-p-swi-bel2,sw44p2,Active/LinkUp/800G,sys1-ice2-p-swi-bes8,sw2p2,Active/LinkUp/800G
73884,leaf-spine,sys1-ice2-p-swi-bel2,sw45p1,Active/LinkUp/800G,sys1-ice2-p-swi-bes9,sw2p1,Active/LinkUp/800G
73885,leaf-spine,sys1-ice2-p-swi-bel2,sw45p2,Active/LinkUp/800G,sys1-ice2-p-swi-bes9,sw2p2,Active/LinkUp/800G
73886,leaf-spine,sys1-ice2-p-swi-bel2,sw46p1,Active/LinkUp/800G,sys1-ice2-p-swi-bes10,sw2p1,Active/LinkUp/800G
73887,leaf-spine,sys1-ice2-p-swi-bel2,sw46p2,Active/LinkUp/800G,sys1-ice2-p-swi-bes10,sw2p2,Active/LinkUp/800G
73888,leaf-spine,sys1-ice2-p-swi-bel2,sw47p1,Active/LinkUp/800G,sys1-ice2-p-swi-bes11,sw2p1,Active/LinkUp/800G
73889,leaf-spine,sys1-ice2-p-swi-bel2,sw47p2,Active/LinkUp/800G,sys1-ice2-p-swi-bes11,sw2p2,Active/LinkUp/800G
73890,leaf-spine,sys1-ice2-p-swi-bel2,sw48p1,Active/LinkUp/800G,sys1-ice2-p-swi-bes12,sw2p1,Active/LinkUp/800G
73891,leaf-spine,sys1-ice2-p-swi-bel2,sw48p2,Active/LinkUp/800G,sys1-ice2-p-swi-bes12,sw2p2,Active/LinkUp/800G
73892,leaf-spine,sys1-ice2-p-swi-bel2,sw49p1,Active/LinkUp/800G,sys1-ice2-p-swi-bes13,sw2p1,Active/LinkUp/800G
73893,leaf-spine,sys1-ice2-p-swi-bel2,sw49p2,Active/LinkUp/800G,sys1-ice2-p-swi-bes13,sw2p2,Active/LinkUp/800G
73894,leaf-spine,sys1-ice2-p-swi-bel2,sw50p1,Active/LinkUp/800G,sys1-ice2-p-swi-bes14,sw2p1,Active/LinkUp/800G
73895,leaf-spine,sys1-ice2-p-swi-bel2,sw50p2,Active/LinkUp/800G,sys1-ice2-p-swi-bes14,sw2p2,Active/LinkUp/800G
73896,leaf-spine,sys1-ice2-p-swi-bel2,sw51p1,Active/LinkUp/800G,sys1-ice2-p-swi-bes15,sw2p1,Active/LinkUp/800G
73897,leaf-spine,sys1-ice2-p-swi-bel2,sw51p2,Active/LinkUp/800G,sys1-ice2-p-swi-bes15,sw2p2,Active/LinkUp/800G
73898,leaf-spine,sys1-ice2-p-swi-bel2,sw52p1,Active/LinkUp/800G,sys1-ice2-p-swi-bes16,sw2p1,Active/LinkUp/800G
73899,leaf-spine,sys1-ice2-p-swi-bel2,sw52p2,Active/LinkUp/800G,sys1-ice2-p-swi-bes16,sw2p2,Active/LinkUp/800G
73900,leaf-spine,sys1-ice2-p-swi-bel2,sw53p1,Active/LinkUp/800G,sys1-ice2-p-swi-bes17,sw2p1,Active/LinkUp/800G
73901,leaf-spine,sys1-ice2-p-swi-bel2,sw53p2,Active/LinkUp/800G,sys1-ice2-p-swi-bes17,sw2p2,Active/LinkUp/800G
73902,leaf-spine,sys1-ice2-p-swi-bel2,sw54p1,Active/LinkUp/800G,sys1-ice2-p-swi-bes18,sw2p1,Active/LinkUp/800G
73903,leaf-spine,sys1-ice2-p-swi-bel2,sw54p2,Active/LinkUp/800G,sys1-ice2-p-swi-bes18,sw2p2,Active/LinkUp/800G
73904,leaf-spine,sys1-ice2-p-swi-bel2,sw55p1,Active/LinkUp/800G,sys1-ice2-p-swi-bes19,sw2p1,Active/LinkUp/800G
73905,leaf-spine,sys1-ice2-p-swi-bel2,sw55p2,Active/LinkUp/800G,sys1-ice2-p-swi-bes19,sw2p2,Active/LinkUp/800G
73906,leaf-spine,sys1-ice2-p-swi-bel2,sw56p1,Active/LinkUp/800G,sys1-ice2-p-swi-bes20,sw2p1,Active/LinkUp/800G
73907,leaf-spine,sys1-ice2-p-swi-bel2,sw56p2,Active/LinkUp/800G,sys1-ice2-p-swi-bes20,sw2p2,Active/LinkUp/800G
73908,leaf-spine,sys1-ice2-p-swi-bel2,sw57p1,Active/LinkUp/800G,sys1-ice2-p-swi-bes21,sw2p1,Active/LinkUp/800G
73909,leaf-spine,sys1-ice2-p-swi-bel2,sw57p2,Active/LinkUp/800G,sys1-ice2-p-swi-bes21,sw2p2,Active/LinkUp/800G
73910,leaf-spine,sys1-ice2-p-swi-bel2,sw58p1,Active/LinkUp/800G,sys1-ice2-p-swi-bes22,sw2p1,Active/LinkUp/800G
73911,leaf-spine,sys1-ice2-p-swi-bel2,sw58p2,Active/LinkUp/800G,sys1-ice2-p-swi-bes22,sw2p2,Active/LinkUp/800G
73912,leaf-spine,sys1-ice2-p-swi-bel2,sw59p1,Active/LinkUp/800G,sys1-ice2-p-swi-bes23,sw2p1,Active/LinkUp/800G
73913,leaf-spine,sys1-ice2-p-swi-bel2,sw59p2,Active/LinkUp/800G,sys1-ice2-p-swi-bes23,sw2p2,Active/LinkUp/800G
73914,leaf-spine,sys1-ice2-p-swi-bel2,sw60p1,Active/LinkUp/800G,sys1-ice2-p-swi-bes24,sw2p1,Active/LinkUp/800G
73915,leaf-spine,sys1-ice2-p-swi-bel2,sw60p2,Active/LinkUp/800G,sys1-ice2-p-swi-bes24,sw2p2,Active/LinkUp/800G
73916,leaf-spine,sys1-ice2-p-swi-bel2,sw61p1,Active/LinkUp/800G,sys1-ice2-p-swi-bes25,sw2p1,Active/LinkUp/800G
73917,leaf-spine,sys1-ice2-p-swi-bel2,sw61p2,Active/LinkUp/800G,sys1-ice2-p-swi-bes25,sw2p2,Active/LinkUp/800G
73918,leaf-spine,sys1-ice2-p-swi-bel2,sw62p1,Active/LinkUp/800G,sys1-ice2-p-swi-bes26,sw2p1,Active/LinkUp/800G
73919,leaf-spine,sys1-ice2-p-swi-bel2,sw62p2,Active/LinkUp/800G,sys1-ice2-p-swi-bes26,sw2p2,Active/LinkUp/800G
73920,leaf-spine,sys1-ice2-p-swi-bel2,sw63p1,Active/LinkUp/800G,sys1-ice2-p-swi-bes27,sw2p1,Active/LinkUp/800G
73921,leaf-spine,sys1-ice2-p-swi-bel2,sw63p2,Active/LinkUp/800G,sys1-ice2-p-swi-bes27,sw2p2,Active/LinkUp/800G
73922,leaf-spine,sys1-ice2-p-swi-bel2,sw64p1,Active/LinkUp/800G,sys1-ice2-p-swi-bes28,sw2p1,Active/LinkUp/800G
73923,leaf-spine,sys1-ice2-p-swi-bel2,sw64p2,Active/LinkUp/800G,sys1-ice2-p-swi-bes28,sw2p2,Active/LinkUp/800G
73924,leaf-spine,sys1-ice2-p-swi-bel2,sw65p1,Active/LinkUp/800G,sys1-ice2-p-swi-bes29,sw2p1,Active/LinkUp/800G
73925,leaf-spine,sys1-ice2-p-swi-bel2,sw65p2,Active/LinkUp/800G,sys1-ice2-p-swi-bes29,sw2p2,Active/LinkUp/800G
73926,leaf-spine,sys1-ice2-p-swi-bel2,sw66p1,Active/LinkUp/800G,sys1-ice2-p-swi-bes30,sw2p1,Active/LinkUp/800G
73927,leaf-spine,sys1-ice2-p-swi-bel2,sw66p2,Active/LinkUp/800G,sys1-ice2-p-swi-bes30,sw2p2,Active/LinkUp/800G
73928,leaf-spine,sys1-ice2-p-swi-bel2,sw67p1,Active/LinkUp/800G,sys1-ice2-p-swi-bes31,sw2p1,Active/LinkUp/800G
73929,leaf-spine,sys1-ice2-p-swi-bel2,sw67p2,Active/LinkUp/800G,sys1-ice2-p-swi-bes31,sw2p2,Active/LinkUp/800G
73930,leaf-spine,sys1-ice2-p-swi-bel2,sw68p1,Active/LinkUp/800G,sys1-ice2-p-swi-bes32,sw2p1,Active/LinkUp/800G
73931,leaf-spine,sys1-ice2-p-swi-bel2,sw68p2,Active/LinkUp/800G,sys1-ice2-p-swi-bes32,sw2p2,Active/LinkUp/800G
73932,leaf-spine,sys1-ice2-p-swi-bel2,sw69p1,Active/LinkUp/800G,sys1-ice2-p-swi-bes33,sw2p1,Active/LinkUp/800G
73933,leaf-spine,sys1-ice2-p-swi-bel2,sw69p2,Active/LinkUp/800G,sys1-ice2-p-swi-bes33,sw2p2,Active/LinkUp/800G
73934,leaf-spine,sys1-ice2-p-swi-bel2,sw70p1,Active/LinkUp/800G,sys1-ice2-p-swi-bes34,sw2p1,Active/LinkUp/800G
73935,leaf-spine,sys1-ice2-p-swi-bel2,sw70p2,Active/LinkUp/800G,sys1-ice2-p-swi-bes34,sw2p2,Active/LinkUp/800G
73936,leaf-spine,sys1-ice2-p-swi-bel2,sw71p1,Active/LinkUp/800G,sys1-ice2-p-swi-bes35,sw2p1,Active/LinkUp/800G
73937,leaf-spine,sys1-ice2-p-swi-bel2,sw71p2,Active/LinkUp/800G,sys1-ice2-p-swi-bes35,sw2p2,Active/LinkUp/800G
73938,leaf-spine,sys1-ice2-p-swi-bel2,sw72p1,Active/LinkUp/800G,sys1-ice2-p-swi-bes36,sw2p1,Active/LinkUp/800G
73939,leaf-spine,sys1-ice2-p-swi-bel2,sw72p2,Active/LinkUp/800G,sys1-ice2-p-swi-bes36,sw2p2,Active/LinkUp/800G
73940,leaf-spine,sys1-ice2-p-swi-bel3,sw37p1,Active/LinkUp/800G,sys1-ice2-p-swi-bes1,sw3p1,Active/LinkUp/800G
73941,leaf-spine,sys1-ice2-p-swi-bel3,sw37p2,Active/LinkUp/800G,sys1-ice2-p-swi-bes1,sw3p2,Active/LinkUp/800G
73942,leaf-spine,sys1-ice2-p-swi-bel3,sw38p1,Active/LinkUp/800G,sys1-ice2-p-swi-bes2,sw3p1,Active/LinkUp/800G
73943,leaf-spine,sys1-ice2-p-swi-bel3,sw38p2,Active/LinkUp/800G,sys1-ice2-p-swi-bes2,sw3p2,Active/LinkUp/800G
73944,leaf-spine,sys1-ice2-p-swi-bel3,sw39p1,Active/LinkUp/800G,sys1-ice2-p-swi-bes3,sw3p1,Active/LinkUp/800G
73945,leaf-spine,sys1-ice2-p-swi-bel3,sw39p2,Active/LinkUp/800G,sys1-ice2-p-swi-bes3,sw3p2,Active/LinkUp/800G
73946,leaf-spine,sys1-ice2-p-swi-bel3,sw40p1,Active/LinkUp/800G,sys1-ice2-p-swi-bes4,sw3p1,Active/LinkUp/800G
73947,leaf-spine,sys1-ice2-p-swi-bel3,sw40p2,Active/LinkUp/800G,sys1-ice2-p-swi-bes4,sw3p2,Active/LinkUp/800G
73948,leaf-spine,sys1-ice2-p-swi-bel3,sw41p1,Active/LinkUp/800G,sys1-ice2-p-swi-bes5,sw3p1,Active/LinkUp/800G
73949,leaf-spine,sys1-ice2-p-swi-bel3,sw41p2,Active/LinkUp/800G,sys1-ice2-p-swi-bes5,sw3p2,Active/LinkUp/800G
73950,leaf-spine,sys1-ice2-p-swi-bel3,sw42p1,Active/LinkUp/800G,sys1-ice2-p-swi-bes6,sw3p1,Active/LinkUp/800G
73951,leaf-spine,sys1-ice2-p-swi-bel3,sw42p2,Active/LinkUp/800G,sys1-ice2-p-swi-bes6,sw3p2,Active/LinkUp/800G
73952,leaf-spine,sys1-ice2-p-swi-bel3,sw43p1,Active/LinkUp/800G,sys1-ice2-p-swi-bes7,sw3p1,Active/LinkUp/800G
73953,leaf-spine,sys1-ice2-p-swi-bel3,sw43p2,Active/LinkUp/800G,sys1-ice2-p-swi-bes7,sw3p2,Active/LinkUp/800G
73954,leaf-spine,sys1-ice2-p-swi-bel3,sw44p1,Active/LinkUp/800G,sys1-ice2-p-swi-bes8,sw3p1,Active/LinkUp/800G
73955,leaf-spine,sys1-ice2-p-swi-bel3,sw44p2,Active/LinkUp/800G,sys1-ice2-p-swi-bes8,sw3p2,Active/LinkUp/800G
73956,leaf-spine,sys1-ice2-p-swi-bel3,sw45p1,Active/LinkUp/800G,sys1-ice2-p-swi-bes9,sw3p1,Active/LinkUp/800G
73957,leaf-spine,sys1-ice2-p-swi-bel3,sw45p2,Active/LinkUp/800G,sys1-ice2-p-swi-bes9,sw3p2,Active/LinkUp/800G
73958,leaf-spine,sys1-ice2-p-swi-bel3,sw46p1,Active/LinkUp/800G,sys1-ice2-p-swi-bes10,sw3p1,Active/LinkUp/800G
73959,leaf-spine,sys1-ice2-p-swi-bel3,sw46p2,Active/LinkUp/800G,sys1-ice2-p-swi-bes10,sw3p2,Active/LinkUp/800G
73960,leaf-spine,sys1-ice2-p-swi-bel3,sw47p1,Active/LinkUp/800G,sys1-ice2-p-swi-bes11,sw3p1,Active/LinkUp/800G
73961,leaf-spine,sys1-ice2-p-swi-bel3,sw47p2,Active/LinkUp/800G,sys1-ice2-p-swi-bes11,sw3p2,Active/LinkUp/800G
73962,leaf-spine,sys1-ice2-p-swi-bel3,sw48p1,Active/LinkUp/800G,sys1-ice2-p-swi-bes12,sw3p1,Active/LinkUp/800G
73963,leaf-spine,sys1-ice2-p-swi-bel3,sw48p2,Active/LinkUp/800G,sys1-ice2-p-swi-bes12,sw3p2,Active/LinkUp/800G
73964,leaf-spine,sys1-ice2-p-swi-bel3,sw49p1,Active/LinkUp/800G,sys1-ice2-p-swi-bes13,sw3p1,Active/LinkUp/800G
73965,leaf-spine,sys1-ice2-p-swi-bel3,sw49p2,Active/LinkUp/800G,sys1-ice2-p-swi-bes13,sw3p2,Active/LinkUp/800G
73966,leaf-spine,sys1-ice2-p-swi-bel3,sw50p1,Active/LinkUp/800G,sys1-ice2-p-swi-bes14,sw3p1,Active/LinkUp/800G
73967,leaf-spine,sys1-ice2-p-swi-bel3,sw50p2,Active/LinkUp/800G,sys1-ice2-p-swi-bes14,sw3p2,Active/LinkUp/800G
73968,leaf-spine,sys1-ice2-p-swi-bel3,sw51p1,Active/LinkUp/800G,sys1-ice2-p-swi-bes15,sw3p1,Active/LinkUp/800G
73969,leaf-spine,sys1-ice2-p-swi-bel3,sw51p2,Active/LinkUp/800G,sys1-ice2-p-swi-bes15,sw3p2,Active/LinkUp/800G
73970,leaf-spine,sys1-ice2-p-swi-bel3,sw52p1,Active/LinkUp/800G,sys1-ice2-p-swi-bes16,sw3p1,Active/LinkUp/800G
73971,leaf-spine,sys1-ice2-p-swi-bel3,sw52p2,Active/LinkUp/800G,sys1-ice2-p-swi-bes16,sw3p2,Active/LinkUp/800G
73972,leaf-spine,sys1-ice2-p-swi-bel3,sw53p1,Active/LinkUp/800G,sys1-ice2-p-swi-bes17,sw3p1,Active/LinkUp/800G
73973,leaf-spine,sys1-ice2-p-swi-bel3,sw53p2,Active/LinkUp/800G,sys1-ice2-p-swi-bes17,sw3p2,Active/LinkUp/800G
73974,leaf-spine,sys1-ice2-p-swi-bel3,sw54p1,Active/LinkUp/800G,sys1-ice2-p-swi-bes18,sw3p1,Active/LinkUp/800G
73975,leaf-spine,sys1-ice2-p-swi-bel3,sw54p2,Active/LinkUp/800G,sys1-ice2-p-swi-bes18,sw3p2,Active/LinkUp/800G
73976,leaf-spine,sys1-ice2-p-swi-bel3,sw55p1,Active/LinkUp/800G,sys1-ice2-p-swi-bes19,sw3p1,Active/LinkUp/800G
73977,leaf-spine,sys1-ice2-p-swi-bel3,sw55p2,Active/LinkUp/800G,sys1-ice2-p-swi-bes19,sw3p2,Active/LinkUp/800G
73978,leaf-spine,sys1-ice2-p-swi-bel3,sw56p1,Active/LinkUp/800G,sys1-ice2-p-swi-bes20,sw3p1,Active/LinkUp/800G
73979,leaf-spine,sys1-ice2-p-swi-bel3,sw56p2,Active/LinkUp/800G,sys1-ice2-p-swi-bes20,sw3p2,Active/LinkUp/800G
73980,leaf-spine,sys1-ice2-p-swi-bel3,sw57p1,Active/LinkUp/800G,sys1-ice2-p-swi-bes21,sw3p1,Active/LinkUp/800G
73981,leaf-spine,sys1-ice2-p-swi-bel3,sw57p2,Active/LinkUp/800G,sys1-ice2-p-swi-bes21,sw3p2,Active/LinkUp/800G
73982,leaf-spine,sys1-ice2-p-swi-bel3,sw58p1,Active/LinkUp/800G,sys1-ice2-p-swi-bes22,sw3p1,Active/LinkUp/800G
73983,leaf-spine,sys1-ice2-p-swi-bel3,sw58p2,Active/LinkUp/800G,sys1-ice2-p-swi-bes22,sw3p2,Active/LinkUp/800G
73984,leaf-spine,sys1-ice2-p-swi-bel3,sw59p1,Active/LinkUp/800G,sys1-ice2-p-swi-bes23,sw3p1,Active/LinkUp/800G
73985,leaf-spine,sys1-ice2-p-swi-bel3,sw59p2,Active/LinkUp/800G,sys1-ice2-p-swi-bes23,sw3p2,Active/LinkUp/800G
73986,leaf-spine,sys1-ice2-p-swi-bel3,sw60p1,Active/LinkUp/800G,sys1-ice2-p-swi-bes24,sw3p1,Active/LinkUp/800G
73987,leaf-spine,sys1-ice2-p-swi-bel3,sw60p2,Active/LinkUp/800G,sys1-ice2-p-swi-bes24,sw3p2,Active/LinkUp/800G
73988,leaf-spine,sys1-ice2-p-swi-bel3,sw61p1,Active/LinkUp/800G,sys1-ice2-p-swi-bes25,sw3p1,Active/LinkUp/800G
73989,leaf-spine,sys1-ice2-p-swi-bel3,sw61p2,Active/LinkUp/800G,sys1-ice2-p-swi-bes25,sw3p2,Active/LinkUp/800G
73990,leaf-spine,sys1-ice2-p-swi-bel3,sw62p1,Active/LinkUp/800G,sys1-ice2-p-swi-bes26,sw3p1,Active/LinkUp/800G
73991,leaf-spine,sys1-ice2-p-swi-bel3,sw62p2,Active/LinkUp/800G,sys1-ice2-p-swi-bes26,sw3p2,Active/LinkUp/800G
73992,leaf-spine,sys1-ice2-p-swi-bel3,sw63p1,Active/LinkUp/800G,sys1-ice2-p-swi-bes27,sw3p1,Active/LinkUp/800G
73993,leaf-spine,sys1-ice2-p-swi-bel3,sw63p2,Active/LinkUp/800G,sys1-ice2-p-swi-bes27,sw3p2,Active/LinkUp/800G
73994,leaf-spine,sys1-ice2-p-swi-bel3,sw64p1,Active/LinkUp/800G,sys1-ice2-p-swi-bes28,sw3p1,Active/LinkUp/800G
73995,leaf-spine,sys1-ice2-p-swi-bel3,sw64p2,Active/LinkUp/800G,sys1-ice2-p-swi-bes28,sw3p2,Active/LinkUp/800G
73996,leaf-spine,sys1-ice2-p-swi-bel3,sw65p1,Active/LinkUp/800G,sys1-ice2-p-swi-bes29,sw3p1,Active/LinkUp/800G
73997,leaf-spine,sys1-ice2-p-swi-bel3,sw65p2,Active/LinkUp/800G,sys1-ice2-p-swi-bes29,sw3p2,Active/LinkUp/800G
73998,leaf-spine,sys1-ice2-p-swi-bel3,sw66p1,Active/LinkUp/800G,sys1-ice2-p-swi-bes30,sw3p1,Active/LinkUp/800G
73999,leaf-spine,sys1-ice2-p-swi-bel3,sw66p2,Active/LinkUp/800G,sys1-ice2-p-swi-bes30,sw3p2,Active/LinkUp/800G
74000,leaf-spine,sys1-ice2-p-swi-bel3,sw67p1,Active/LinkUp/800G,sys1-ice2-p-swi-bes31,sw3p1,Active/LinkUp/800G
74001,leaf-spine,sys1-ice2-p-swi-bel3,sw67p2,Active/LinkUp/800G,sys1-ice2-p-swi-bes31,sw3p2,Active/LinkUp/800G
74002,leaf-spine,sys1-ice2-p-swi-bel3,sw68p1,Active/LinkUp/800G,sys1-ice2-p-swi-bes32,sw3p1,Active/LinkUp/800G
74003,leaf-spine,sys1-ice2-p-swi-bel3,sw68p2,Active/LinkUp/800G,sys1-ice2-p-swi-bes32,sw3p2,Active/LinkUp/800G
74004,leaf-spine,sys1-ice2-p-swi-bel3,sw69p1,Active/LinkUp/800G,sys1-ice2-p-swi-bes33,sw3p1,Active/LinkUp/800G
74005,leaf-spine,sys1-ice2-p-swi-bel3,sw69p2,Active/LinkUp/800G,sys1-ice2-p-swi-bes33,sw3p2,Active/LinkUp/800G
74006,leaf-spine,sys1-ice2-p-swi-bel3,sw70p1,Active/LinkUp/800G,sys1-ice2-p-swi-bes34,sw3p1,Active/LinkUp/800G
74007,leaf-spine,sys1-ice2-p-swi-bel3,sw70p2,Active/LinkUp/800G,sys1-ice2-p-swi-bes34,sw3p2,Active/LinkUp/800G
74008,leaf-spine,sys1-ice2-p-swi-bel3,sw71p1,Active/LinkUp/800G,sys1-ice2-p-swi-bes35,sw3p1,Active/LinkUp/800G
74009,leaf-spine,sys1-ice2-p-swi-bel3,sw71p2,Active/LinkUp/800G,sys1-ice2-p-swi-bes35,sw3p2,Active/LinkUp/800G
74010,leaf-spine,sys1-ice2-p-swi-bel3,sw72p1,Active/LinkUp/800G,sys1-ice2-p-swi-bes36,sw3p1,Active/LinkUp/800G
74011,leaf-spine,sys1-ice2-p-swi-bel3,sw72p2,Active/LinkUp/800G,sys1-ice2-p-swi-bes36,sw3p2,Active/LinkUp/800G
74012,leaf-spine,sys1-ice2-p-swi-bel4,sw37p1,Active/LinkUp/800G,sys1-ice2-p-swi-bes1,sw4p1,Active/LinkUp/800G
74013,leaf-spine,sys1-ice2-p-swi-bel4,sw37p2,Active/LinkUp/800G,sys1-ice2-p-swi-bes1,sw4p2,Active/LinkUp/800G
74014,leaf-spine,sys1-ice2-p-swi-bel4,sw38p1,Active/LinkUp/800G,sys1-ice2-p-swi-bes2,sw4p1,Active/LinkUp/800G
74015,leaf-spine,sys1-ice2-p-swi-bel4,sw38p2,Active/LinkUp/800G,sys1-ice2-p-swi-bes2,sw4p2,Active/LinkUp/800G
74016,leaf-spine,sys1-ice2-p-swi-bel4,sw39p1,Active/LinkUp/800G,sys1-ice2-p-swi-bes3,sw4p1,Active/LinkUp/800G
74017,leaf-spine,sys1-ice2-p-swi-bel4,sw39p2,Active/LinkUp/800G,sys1-ice2-p-swi-bes3,sw4p2,Active/LinkUp/800G
74018,leaf-spine,sys1-ice2-p-swi-bel4,sw40p1,Active/LinkUp/800G,sys1-ice2-p-swi-bes4,sw4p1,Active/LinkUp/800G
74019,leaf-spine,sys1-ice2-p-swi-bel4,sw40p2,Active/LinkUp/800G,sys1-ice2-p-swi-bes4,sw4p2,Active/LinkUp/800G
74020,leaf-spine,sys1-ice2-p-swi-bel4,sw41p1,Active/LinkUp/800G,sys1-ice2-p-swi-bes5,sw4p1,Active/LinkUp/800G
74021,leaf-spine,sys1-ice2-p-swi-bel4,sw41p2,Active/LinkUp/800G,sys1-ice2-p-swi-bes5,sw4p2,Active/LinkUp/800G
74022,leaf-spine,sys1-ice2-p-swi-bel4,sw42p1,Active/LinkUp/800G,sys1-ice2-p-swi-bes6,sw4p1,Active/LinkUp/800G
74023,leaf-spine,sys1-ice2-p-swi-bel4,sw42p2,Active/LinkUp/800G,sys1-ice2-p-swi-bes6,sw4p2,Active/LinkUp/800G
74024,leaf-spine,sys1-ice2-p-swi-bel4,sw43p1,Active/LinkUp/800G,sys1-ice2-p-swi-bes7,sw4p1,Active/LinkUp/800G
74025,leaf-spine,sys1-ice2-p-swi-bel4,sw43p2,Active/LinkUp/800G,sys1-ice2-p-swi-bes7,sw4p2,Active/LinkUp/800G
74026,leaf-spine,sys1-ice2-p-swi-bel4,sw44p1,Active/LinkUp/800G,sys1-ice2-p-swi-bes8,sw4p1,Active/LinkUp/800G
74027,leaf-spine,sys1-ice2-p-swi-bel4,sw44p2,Active/LinkUp/800G,sys1-ice2-p-swi-bes8,sw4p2,Active/LinkUp/800G
74028,leaf-spine,sys1-ice2-p-swi-bel4,sw45p1,Active/LinkUp/800G,sys1-ice2-p-swi-bes9,sw4p1,Active/LinkUp/800G
74029,leaf-spine,sys1-ice2-p-swi-bel4,sw45p2,Active/LinkUp/800G,sys1-ice2-p-swi-bes9,sw4p2,Active/LinkUp/800G
74030,leaf-spine,sys1-ice2-p-swi-bel4,sw46p1,Active/LinkUp/800G,sys1-ice2-p-swi-bes10,sw4p1,Active/LinkUp/800G
74031,leaf-spine,sys1-ice2-p-swi-bel4,sw46p2,Active/LinkUp/800G,sys1-ice2-p-swi-bes10,sw4p2,Active/LinkUp/800G
74032,leaf-spine,sys1-ice2-p-swi-bel4,sw47p1,Active/LinkUp/800G,sys1-ice2-p-swi-bes11,sw4p1,Active/LinkUp/800G
74033,leaf-spine,sys1-ice2-p-swi-bel4,sw47p2,Active/LinkUp/800G,sys1-ice2-p-swi-bes11,sw4p2,Active/LinkUp/800G
74034,leaf-spine,sys1-ice2-p-swi-bel4,sw48p1,Active/LinkUp/800G,sys1-ice2-p-swi-bes12,sw4p1,Active/LinkUp/800G
74035,leaf-spine,sys1-ice2-p-swi-bel4,sw48p2,Active/LinkUp/800G,sys1-ice2-p-swi-bes12,sw4p2,Active/LinkUp/800G
74036,leaf-spine,sys1-ice2-p-swi-bel4,sw49p1,Active/LinkUp/800G,sys1-ice2-p-swi-bes13,sw4p1,Active/LinkUp/800G
74037,leaf-spine,sys1-ice2-p-swi-bel4,sw49p2,Active/LinkUp/800G,sys1-ice2-p-swi-bes13,sw4p2,Active/LinkUp/800G
74038,leaf-spine,sys1-ice2-p-swi-bel4,sw50p1,Active/LinkUp/800G,sys1-ice2-p-swi-bes14,sw4p1,Active/LinkUp/800G
74039,leaf-spine,sys1-ice2-p-swi-bel4,sw50p2,Active/LinkUp/800G,sys1-ice2-p-swi-bes14,sw4p2,Active/LinkUp/800G
74040,leaf-spine,sys1-ice2-p-swi-bel4,sw51p1,Active/LinkUp/800G,sys1-ice2-p-swi-bes15,sw4p1,Active/LinkUp/800G
74041,leaf-spine,sys1-ice2-p-swi-bel4,sw51p2,Active/LinkUp/800G,sys1-ice2-p-swi-bes15,sw4p2,Active/LinkUp/800G
74042,leaf-spine,sys1-ice2-p-swi-bel4,sw52p1,Active/LinkUp/800G,sys1-ice2-p-swi-bes16,sw4p1,Active/LinkUp/800G
74043,leaf-spine,sys1-ice2-p-swi-bel4,sw52p2,Active/LinkUp/800G,sys1-ice2-p-swi-bes16,sw4p2,Active/LinkUp/800G
74044,leaf-spine,sys1-ice2-p-swi-bel4,sw53p1,Active/LinkUp/800G,sys1-ice2-p-swi-bes17,sw4p1,Active/LinkUp/800G
74045,leaf-spine,sys1-ice2-p-swi-bel4,sw53p2,Active/LinkUp/800G,sys1-ice2-p-swi-bes17,sw4p2,Active/LinkUp/800G
74046,leaf-spine,sys1-ice2-p-swi-bel4,sw54p1,Active/LinkUp/800G,sys1-ice2-p-swi-bes18,sw4p1,Active/LinkUp/800G
74047,leaf-spine,sys1-ice2-p-swi-bel4,sw54p2,Active/LinkUp/800G,sys1-ice2-p-swi-bes18,sw4p2,Active/LinkUp/800G
74048,leaf-spine,sys1-ice2-p-swi-bel4,sw55p1,Active/LinkUp/800G,sys1-ice2-p-swi-bes19,sw4p1,Active/LinkUp/800G
74049,leaf-spine,sys1-ice2-p-swi-bel4,sw55p2,Active/LinkUp/800G,sys1-ice2-p-swi-bes19,sw4p2,Active/LinkUp/800G
74050,leaf-spine,sys1-ice2-p-swi-bel4,sw56p1,Active/LinkUp/800G,sys1-ice2-p-swi-bes20,sw4p1,Active/LinkUp/800G
74051,leaf-spine,sys1-ice2-p-swi-bel4,sw56p2,Active/LinkUp/800G,sys1-ice2-p-swi-bes20,sw4p2,Active/LinkUp/800G
74052,leaf-spine,sys1-ice2-p-swi-bel4,sw57p1,Active/LinkUp/800G,sys1-ice2-p-swi-bes21,sw4p1,Active/LinkUp/800G
74053,leaf-spine,sys1-ice2-p-swi-bel4,sw57p2,Active/LinkUp/800G,sys1-ice2-p-swi-bes21,sw4p2,Active/LinkUp/800G
74054,leaf-spine,sys1-ice2-p-swi-bel4,sw58p1,Active/LinkUp/800G,sys1-ice2-p-swi-bes22,sw4p1,Active/LinkUp/800G
74055,leaf-spine,sys1-ice2-p-swi-bel4,sw58p2,Active/LinkUp/800G,sys1-ice2-p-swi-bes22,sw4p2,Active/LinkUp/800G
74056,leaf-spine,sys1-ice2-p-swi-bel4,sw59p1,Active/LinkUp/800G,sys1-ice2-p-swi-bes23,sw4p1,Active/LinkUp/800G
74057,leaf-spine,sys1-ice2-p-swi-bel4,sw59p2,Active/LinkUp/800G,sys1-ice2-p-swi-bes23,sw4p2,Active/LinkUp/800G
74058,leaf-spine,sys1-ice2-p-swi-bel4,sw60p1,Active/LinkUp/800G,sys1-ice2-p-swi-bes24,sw4p1,Active/LinkUp/800G
74059,leaf-spine,sys1-ice2-p-swi-bel4,sw60p2,Active/LinkUp/800G,sys1-ice2-p-swi-bes24,sw4p2,Active/LinkUp/800G
74060,leaf-spine,sys1-ice2-p-swi-bel4,sw61p1,Active/LinkUp/800G,sys1-ice2-p-swi-bes25,sw4p1,Active/LinkUp/800G
74061,leaf-spine,sys1-ice2-p-swi-bel4,sw61p2,Active/LinkUp/800G,sys1-ice2-p-swi-bes25,sw4p2,Active/LinkUp/800G
74062,leaf-spine,sys1-ice2-p-swi-bel4,sw62p1,Active/LinkUp/800G,sys1-ice2-p-swi-bes26,sw4p1,Active/LinkUp/800G
74063,leaf-spine,sys1-ice2-p-swi-bel4,sw62p2,Active/LinkUp/800G,sys1-ice2-p-swi-bes26,sw4p2,Active/LinkUp/800G
74064,leaf-spine,sys1-ice2-p-swi-bel4,sw63p1,Active/LinkUp/800G,sys1-ice2-p-swi-bes27,sw4p1,Active/LinkUp/800G
74065,leaf-spine,sys1-ice2-p-swi-bel4,sw63p2,Active/LinkUp/800G,sys1-ice2-p-swi-bes27,sw4p2,Active/LinkUp/800G
74066,leaf-spine,sys1-ice2-p-swi-bel4,sw64p1,Active/LinkUp/800G,sys1-ice2-p-swi-bes28,sw4p1,Active/LinkUp/800G
74067,leaf-spine,sys1-ice2-p-swi-bel4,sw64p2,Active/LinkUp/800G,sys1-ice2-p-swi-bes28,sw4p2,Active/LinkUp/800G
74068,leaf-spine,sys1-ice2-p-swi-bel4,sw65p1,Active/LinkUp/800G,sys1-ice2-p-swi-bes29,sw4p1,Active/LinkUp/800G
74069,leaf-spine,sys1-ice2-p-swi-bel4,sw65p2,Active/LinkUp/800G,sys1-ice2-p-swi-bes29,sw4p2,Active/LinkUp/800G
74070,leaf-spine,sys1-ice2-p-swi-bel4,sw66p1,Active/LinkUp/800G,sys1-ice2-p-swi-bes30,sw4p1,Active/LinkUp/800G
74071,leaf-spine,sys1-ice2-p-swi-bel4,sw66p2,Active/LinkUp/800G,sys1-ice2-p-swi-bes30,sw4p2,Active/LinkUp/800G
74072,leaf-spine,sys1-ice2-p-swi-bel4,sw67p1,Active/LinkUp/800G,sys1-ice2-p-swi-bes31,sw4p1,Active/LinkUp/800G
74073,leaf-spine,sys1-ice2-p-swi-bel4,sw67p2,Active/LinkUp/800G,sys1-ice2-p-swi-bes31,sw4p2,Active/LinkUp/800G
74074,leaf-spine,sys1-ice2-p-swi-bel4,sw68p1,Active/LinkUp/800G,sys1-ice2-p-swi-bes32,sw4p1,Active/LinkUp/800G
74075,leaf-spine,sys1-ice2-p-swi-bel4,sw68p2,Active/LinkUp/800G,sys1-ice2-p-swi-bes32,sw4p2,Active/LinkUp/800G
74076,leaf-spine,sys1-ice2-p-swi-bel4,sw69p1,Active/LinkUp/800G,sys1-ice2-p-swi-bes33,sw4p1,Active/LinkUp/800G
74077,leaf-spine,sys1-ice2-p-swi-bel4,sw69p2,Active/LinkUp/800G,sys1-ice2-p-swi-bes33,sw4p2,Active/LinkUp/800G
74078,leaf-spine,sys1-ice2-p-swi-bel4,sw70p1,Active/LinkUp/800G,sys1-ice2-p-swi-bes34,sw4p1,Active/LinkUp/800G
74079,leaf-spine,sys1-ice2-p-swi-bel4,sw70p2,Active/LinkUp/800G,sys1-ice2-p-swi-bes34,sw4p2,Active/LinkUp/800G
74080,leaf-spine,sys1-ice2-p-swi-bel4,sw71p1,Active/LinkUp/800G,sys1-ice2-p-swi-bes35,sw4p1,Active/LinkUp/800G
74081,leaf-spine,sys1-ice2-p-swi-bel4,sw71p2,Active/LinkUp/800G,sys1-ice2-p-swi-bes35,sw4p2,Active/LinkUp/800G
74082,leaf-spine,sys1-ice2-p-swi-bel4,sw72p1,Active/LinkUp/800G,sys1-ice2-p-swi-bes36,sw4p1,Active/LinkUp/800G
74083,leaf-spine,sys1-ice2-p-swi-bel4,sw72p2,Active/LinkUp/800G,sys1-ice2-p-swi-bes36,sw4p2,Active/LinkUp/800G
74084,leaf-spine,sys1-ice2-p-swi-bel5,sw37p1,Active/LinkUp/800G,sys1-ice2-p-swi-bes1,sw5p1,Active/LinkUp/800G
74085,leaf-spine,sys1-ice2-p-swi-bel5,sw37p2,Active/LinkUp/800G,sys1-ice2-p-swi-bes1,sw5p2,Active/LinkUp/800G
74086,leaf-spine,sys1-ice2-p-swi-bel5,sw38p1,Active/LinkUp/800G,sys1-ice2-p-swi-bes2,sw5p1,Active/LinkUp/800G
74087,leaf-spine,sys1-ice2-p-swi-bel5,sw38p2,Active/LinkUp/800G,sys1-ice2-p-swi-bes2,sw5p2,Active/LinkUp/800G
74088,leaf-spine,sys1-ice2-p-swi-bel5,sw39p1,Active/LinkUp/800G,sys1-ice2-p-swi-bes3,sw5p1,Active/LinkUp/800G
74089,leaf-spine,sys1-ice2-p-swi-bel5,sw39p2,Active/LinkUp/800G,sys1-ice2-p-swi-bes3,sw5p2,Active/LinkUp/800G
74090,leaf-spine,sys1-ice2-p-swi-bel5,sw40p1,Active/LinkUp/800G,sys1-ice2-p-swi-bes4,sw5p1,Active/LinkUp/800G
74091,leaf-spine,sys1-ice2-p-swi-bel5,sw40p2,Active/LinkUp/800G,sys1-ice2-p-swi-bes4,sw5p2,Active/LinkUp/800G
74092,leaf-spine,sys1-ice2-p-swi-bel5,sw41p1,Active/LinkUp/800G,sys1-ice2-p-swi-bes5,sw5p1,Active/LinkUp/800G
74093,leaf-spine,sys1-ice2-p-swi-bel5,sw41p2,Active/LinkUp/800G,sys1-ice2-p-swi-bes5,sw5p2,Active/LinkUp/800G
74094,leaf-spine,sys1-ice2-p-swi-bel5,sw42p1,Active/LinkUp/800G,sys1-ice2-p-swi-bes6,sw5p1,Active/LinkUp/800G
74095,leaf-spine,sys1-ice2-p-swi-bel5,sw42p2,Active/LinkUp/800G,sys1-ice2-p-swi-bes6,sw5p2,Active/LinkUp/800G
74096,leaf-spine,sys1-ice2-p-swi-bel5,sw43p1,Active/LinkUp/800G,sys1-ice2-p-swi-bes7,sw5p1,Active/LinkUp/800G
74097,leaf-spine,sys1-ice2-p-swi-bel5,sw43p2,Active/LinkUp/800G,sys1-ice2-p-swi-bes7,sw5p2,Active/LinkUp/800G
74098,leaf-spine,sys1-ice2-p-swi-bel5,sw44p1,Active/LinkUp/800G,sys1-ice2-p-swi-bes8,sw5p1,Active/LinkUp/800G
74099,leaf-spine,sys1-ice2-p-swi-bel5,sw44p2,Active/LinkUp/800G,sys1-ice2-p-swi-bes8,sw5p2,Active/LinkUp/800G
74100,leaf-spine,sys1-ice2-p-swi-bel5,sw45p1,Active/LinkUp/800G,sys1-ice2-p-swi-bes9,sw5p1,Active/LinkUp/800G
74101,leaf-spine,sys1-ice2-p-swi-bel5,sw45p2,Active/LinkUp/800G,sys1-ice2-p-swi-bes9,sw5p2,Active/LinkUp/800G
74102,leaf-spine,sys1-ice2-p-swi-bel5,sw46p1,Active/LinkUp/800G,sys1-ice2-p-swi-bes10,sw5p1,Active/LinkUp/800G
74103,leaf-spine,sys1-ice2-p-swi-bel5,sw46p2,Active/LinkUp/800G,sys1-ice2-p-swi-bes10,sw5p2,Active/LinkUp/800G
74104,leaf-spine,sys1-ice2-p-swi-bel5,sw47p1,Active/LinkUp/800G,sys1-ice2-p-swi-bes11,sw5p1,Active/LinkUp/800G
74105,leaf-spine,sys1-ice2-p-swi-bel5,sw47p2,Active/LinkUp/800G,sys1-ice2-p-swi-bes11,sw5p2,Active/LinkUp/800G
74106,leaf-spine,sys1-ice2-p-swi-bel5,sw48p1,Active/LinkUp/800G,sys1-ice2-p-swi-bes12,sw5p1,Active/LinkUp/800G
74107,leaf-spine,sys1-ice2-p-swi-bel5,sw48p2,Active/LinkUp/800G,sys1-ice2-p-swi-bes12,sw5p2,Active/LinkUp/800G
74108,leaf-spine,sys1-ice2-p-swi-bel5,sw49p1,Active/LinkUp/800G,sys1-ice2-p-swi-bes13,sw5p1,Active/LinkUp/800G
74109,leaf-spine,sys1-ice2-p-swi-bel5,sw49p2,Active/LinkUp/800G,sys1-ice2-p-swi-bes13,sw5p2,Active/LinkUp/800G
74110,leaf-spine,sys1-ice2-p-swi-bel5,sw50p1,Active/LinkUp/800G,sys1-ice2-p-swi-bes14,sw5p1,Active/LinkUp/800G
74111,leaf-spine,sys1-ice2-p-swi-bel5,sw50p2,Active/LinkUp/800G,sys1-ice2-p-swi-bes14,sw5p2,Active/LinkUp/800G
74112,leaf-spine,sys1-ice2-p-swi-bel5,sw51p1,Active/LinkUp/800G,sys1-ice2-p-swi-bes15,sw5p1,Active/LinkUp/800G
74113,leaf-spine,sys1-ice2-p-swi-bel5,sw51p2,Active/LinkUp/800G,sys1-ice2-p-swi-bes15,sw5p2,Active/LinkUp/800G
74114,leaf-spine,sys1-ice2-p-swi-bel5,sw52p1,Active/LinkUp/800G,sys1-ice2-p-swi-bes16,sw5p1,Active/LinkUp/800G
74115,leaf-spine,sys1-ice2-p-swi-bel5,sw52p2,Active/LinkUp/800G,sys1-ice2-p-swi-bes16,sw5p2,Active/LinkUp/800G
74116,leaf-spine,sys1-ice2-p-swi-bel5,sw53p1,Active/LinkUp/800G,sys1-ice2-p-swi-bes17,sw5p1,Active/LinkUp/800G
74117,leaf-spine,sys1-ice2-p-swi-bel5,sw53p2,Active/LinkUp/800G,sys1-ice2-p-swi-bes17,sw5p2,Active/LinkUp/800G
74118,leaf-spine,sys1-ice2-p-swi-bel5,sw54p1,Active/LinkUp/800G,sys1-ice2-p-swi-bes18,sw5p1,Active/LinkUp/800G
74119,leaf-spine,sys1-ice2-p-swi-bel5,sw54p2,Active/LinkUp/800G,sys1-ice2-p-swi-bes18,sw5p2,Active/LinkUp/800G
74120,leaf-spine,sys1-ice2-p-swi-bel5,sw55p1,Active/LinkUp/800G,sys1-ice2-p-swi-bes19,sw5p1,Active/LinkUp/800G
74121,leaf-spine,sys1-ice2-p-swi-bel5,sw55p2,Active/LinkUp/800G,sys1-ice2-p-swi-bes19,sw5p2,Active/LinkUp/800G
74122,leaf-spine,sys1-ice2-p-swi-bel5,sw56p1,Active/LinkUp/800G,sys1-ice2-p-swi-bes20,sw5p1,Active/LinkUp/800G
74123,leaf-spine,sys1-ice2-p-swi-bel5,sw56p2,Active/LinkUp/800G,sys1-ice2-p-swi-bes20,sw5p2,Active/LinkUp/800G
74124,leaf-spine,sys1-ice2-p-swi-bel5,sw57p1,Active/LinkUp/800G,sys1-ice2-p-swi-bes21,sw5p1,Active/LinkUp/800G
74125,leaf-spine,sys1-ice2-p-swi-bel5,sw57p2,Active/LinkUp/800G,sys1-ice2-p-swi-bes21,sw5p2,Active/LinkUp/800G
74126,leaf-spine,sys1-ice2-p-swi-bel5,sw58p1,Active/LinkUp/800G,sys1-ice2-p-swi-bes22,sw5p1,Active/LinkUp/800G
74127,leaf-spine,sys1-ice2-p-swi-bel5,sw58p2,Active/LinkUp/800G,sys1-ice2-p-swi-bes22,sw5p2,Active/LinkUp/800G
74128,leaf-spine,sys1-ice2-p-swi-bel5,sw59p1,Active/LinkUp/800G,sys1-ice2-p-swi-bes23,sw5p1,Active/LinkUp/800G
74129,leaf-spine,sys1-ice2-p-swi-bel5,sw59p2,Active/LinkUp/800G,sys1-ice2-p-swi-bes23,sw5p2,Active/LinkUp/800G
74130,leaf-spine,sys1-ice2-p-swi-bel5,sw60p1,Active/LinkUp/800G,sys1-ice2-p-swi-bes24,sw5p1,Active/LinkUp/800G
74131,leaf-spine,sys1-ice2-p-swi-bel5,sw60p2,Active/LinkUp/800G,sys1-ice2-p-swi-bes24,sw5p2,Active/LinkUp/800G
74132,leaf-spine,sys1-ice2-p-swi-bel5,sw61p1,Active/LinkUp/800G,sys1-ice2-p-swi-bes25,sw5p1,Active/LinkUp/800G
74133,leaf-spine,sys1-ice2-p-swi-bel5,sw61p2,Active/LinkUp/800G,sys1-ice2-p-swi-bes25,sw5p2,Active/LinkUp/800G
74134,leaf-spine,sys1-ice2-p-swi-bel5,sw62p1,Active/LinkUp/800G,sys1-ice2-p-swi-bes26,sw5p1,Active/LinkUp/800G
74135,leaf-spine,sys1-ice2-p-swi-bel5,sw62p2,Active/LinkUp/800G,sys1-ice2-p-swi-bes26,sw5p2,Active/LinkUp/800G
74136,leaf-spine,sys1-ice2-p-swi-bel5,sw63p1,Active/LinkUp/800G,sys1-ice2-p-swi-bes27,sw5p1,Active/LinkUp/800G
74137,leaf-spine,sys1-ice2-p-swi-bel5,sw63p2,Active/LinkUp/800G,sys1-ice2-p-swi-bes27,sw5p2,Active/LinkUp/800G
74138,leaf-spine,sys1-ice2-p-swi-bel5,sw64p1,Active/LinkUp/800G,sys1-ice2-p-swi-bes28,sw5p1,Active/LinkUp/800G
74139,leaf-spine,sys1-ice2-p-swi-bel5,sw64p2,Active/LinkUp/800G,sys1-ice2-p-swi-bes28,sw5p2,Active/LinkUp/800G
74140,leaf-spine,sys1-ice2-p-swi-bel5,sw65p1,Active/LinkUp/800G,sys1-ice2-p-swi-bes29,sw5p1,Active/LinkUp/800G
74141,leaf-spine,sys1-ice2-p-swi-bel5,sw65p2,Active/LinkUp/800G,sys1-ice2-p-swi-bes29,sw5p2,Active/LinkUp/800G
74142,leaf-spine,sys1-ice2-p-swi-bel5,sw66p1,Active/LinkUp/800G,sys1-ice2-p-swi-bes30,sw5p1,Active/LinkUp/800G
74143,leaf-spine,sys1-ice2-p-swi-bel5,sw66p2,Active/LinkUp/800G,sys1-ice2-p-swi-bes30,sw5p2,Active/LinkUp/800G
74144,leaf-spine,sys1-ice2-p-swi-bel5,sw67p1,Active/LinkUp/800G,sys1-ice2-p-swi-bes31,sw5p1,Active/LinkUp/800G
74145,leaf-spine,sys1-ice2-p-swi-bel5,sw67p2,Active/LinkUp/800G,sys1-ice2-p-swi-bes31,sw5p2,Active/LinkUp/800G
74146,leaf-spine,sys1-ice2-p-swi-bel5,sw68p1,Active/LinkUp/800G,sys1-ice2-p-swi-bes32,sw5p1,Active/LinkUp/800G
74147,leaf-spine,sys1-ice2-p-swi-bel5,sw68p2,Active/LinkUp/800G,sys1-ice2-p-swi-bes32,sw5p2,Active/LinkUp/800G
74148,leaf-spine,sys1-ice2-p-swi-bel5,sw69p1,Active/LinkUp/800G,sys1-ice2-p-swi-bes33,sw5p1,Active/LinkUp/800G
74149,leaf-spine,sys1-ice2-p-swi-bel5,sw69p2,Active/LinkUp/800G,sys1-ice2-p-swi-bes33,sw5p2,Active/LinkUp/800G
74150,leaf-spine,sys1-ice2-p-swi-bel5,sw70p1,Active/LinkUp/800G,sys1-ice2-p-swi-bes34,sw5p1,Active/LinkUp/800G
74151,leaf-spine,sys1-ice2-p-swi-bel5,sw70p2,Active/LinkUp/800G,sys1-ice2-p-swi-bes34,sw5p2,Active/LinkUp/800G
74152,leaf-spine,sys1-ice2-p-swi-bel5,sw71p1,Active/LinkUp/800G,sys1-ice2-p-swi-bes35,sw5p1,Active/LinkUp/800G
74153,leaf-spine,sys1-ice2-p-swi-bel5,sw71p2,Active/LinkUp/800G,sys1-ice2-p-swi-bes35,sw5p2,Active/LinkUp/800G
74154,leaf-spine,sys1-ice2-p-swi-bel5,sw72p1,Active/LinkUp/800G,sys1-ice2-p-swi-bes36,sw5p1,Active/LinkUp/800G
74155,leaf-spine,sys1-ice2-p-swi-bel5,sw72p2,Active/LinkUp/800G,sys1-ice2-p-swi-bes36,sw5p2,Active/LinkUp/800G
74156,leaf-spine,sys1-ice2-p-swi-bel6,sw37p1,Active/LinkUp/800G,sys1-ice2-p-swi-bes1,sw6p1,Active/LinkUp/800G
74157,leaf-spine,sys1-ice2-p-swi-bel6,sw37p2,Active/LinkUp/800G,sys1-ice2-p-swi-bes1,sw6p2,Active/LinkUp/800G
74158,leaf-spine,sys1-ice2-p-swi-bel6,sw38p1,Active/LinkUp/800G,sys1-ice2-p-swi-bes2,sw6p1,Active/LinkUp/800G
74159,leaf-spine,sys1-ice2-p-swi-bel6,sw38p2,Active/LinkUp/800G,sys1-ice2-p-swi-bes2,sw6p2,Active/LinkUp/800G
74160,leaf-spine,sys1-ice2-p-swi-bel6,sw39p1,Active/LinkUp/800G,sys1-ice2-p-swi-bes3,sw6p1,Active/LinkUp/800G
74161,leaf-spine,sys1-ice2-p-swi-bel6,sw39p2,Active/LinkUp/800G,sys1-ice2-p-swi-bes3,sw6p2,Active/LinkUp/800G
74162,leaf-spine,sys1-ice2-p-swi-bel6,sw40p1,Active/LinkUp/800G,sys1-ice2-p-swi-bes4,sw6p1,Active/LinkUp/800G
74163,leaf-spine,sys1-ice2-p-swi-bel6,sw40p2,Active/LinkUp/800G,sys1-ice2-p-swi-bes4,sw6p2,Active/LinkUp/800G
74164,leaf-spine,sys1-ice2-p-swi-bel6,sw41p1,Active/LinkUp/800G,sys1-ice2-p-swi-bes5,sw6p1,Active/LinkUp/800G
74165,leaf-spine,sys1-ice2-p-swi-bel6,sw41p2,Active/LinkUp/800G,sys1-ice2-p-swi-bes5,sw6p2,Active/LinkUp/800G
74166,leaf-spine,sys1-ice2-p-swi-bel6,sw42p1,Active/LinkUp/800G,sys1-ice2-p-swi-bes6,sw6p1,Active/LinkUp/800G
74167,leaf-spine,sys1-ice2-p-swi-bel6,sw42p2,Active/LinkUp/800G,sys1-ice2-p-swi-bes6,sw6p2,Active/LinkUp/800G
74168,leaf-spine,sys1-ice2-p-swi-bel6,sw43p1,Active/LinkUp/800G,sys1-ice2-p-swi-bes7,sw6p1,Active/LinkUp/800G
74169,leaf-spine,sys1-ice2-p-swi-bel6,sw43p2,Active/LinkUp/800G,sys1-ice2-p-swi-bes7,sw6p2,Active/LinkUp/800G
74170,leaf-spine,sys1-ice2-p-swi-bel6,sw44p1,Active/LinkUp/800G,sys1-ice2-p-swi-bes8,sw6p1,Active/LinkUp/800G
74171,leaf-spine,sys1-ice2-p-swi-bel6,sw44p2,Active/LinkUp/800G,sys1-ice2-p-swi-bes8,sw6p2,Active/LinkUp/800G
74172,leaf-spine,sys1-ice2-p-swi-bel6,sw45p1,Active/LinkUp/800G,sys1-ice2-p-swi-bes9,sw6p1,Active/LinkUp/800G
74173,leaf-spine,sys1-ice2-p-swi-bel6,sw45p2,Active/LinkUp/800G,sys1-ice2-p-swi-bes9,sw6p2,Active/LinkUp/800G
74174,leaf-spine,sys1-ice2-p-swi-bel6,sw46p1,Active/LinkUp/800G,sys1-ice2-p-swi-bes10,sw6p1,Active/LinkUp/800G
74175,leaf-spine,sys1-ice2-p-swi-bel6,sw46p2,Active/LinkUp/800G,sys1-ice2-p-swi-bes10,sw6p2,Active/LinkUp/800G
74176,leaf-spine,sys1-ice2-p-swi-bel6,sw47p1,Active/LinkUp/800G,sys1-ice2-p-swi-bes11,sw6p1,Active/LinkUp/800G
74177,leaf-spine,sys1-ice2-p-swi-bel6,sw47p2,Active/LinkUp/800G,sys1-ice2-p-swi-bes11,sw6p2,Active/LinkUp/800G
74178,leaf-spine,sys1-ice2-p-swi-bel6,sw48p1,Active/LinkUp/800G,sys1-ice2-p-swi-bes12,sw6p1,Active/LinkUp/800G
74179,leaf-spine,sys1-ice2-p-swi-bel6,sw48p2,Active/LinkUp/800G,sys1-ice2-p-swi-bes12,sw6p2,Active/LinkUp/800G
74180,leaf-spine,sys1-ice2-p-swi-bel6,sw49p1,Active/LinkUp/800G,sys1-ice2-p-swi-bes13,sw6p1,Active/LinkUp/800G
74181,leaf-spine,sys1-ice2-p-swi-bel6,sw49p2,Active/LinkUp/800G,sys1-ice2-p-swi-bes13,sw6p2,Active/LinkUp/800G
74182,leaf-spine,sys1-ice2-p-swi-bel6,sw50p1,Active/LinkUp/800G,sys1-ice2-p-swi-bes14,sw6p1,Active/LinkUp/800G
74183,leaf-spine,sys1-ice2-p-swi-bel6,sw50p2,Active/LinkUp/800G,sys1-ice2-p-swi-bes14,sw6p2,Active/LinkUp/800G
74184,leaf-spine,sys1-ice2-p-swi-bel6,sw51p1,Active/LinkUp/800G,sys1-ice2-p-swi-bes15,sw6p1,Active/LinkUp/800G
74185,leaf-spine,sys1-ice2-p-swi-bel6,sw51p2,Active/LinkUp/800G,sys1-ice2-p-swi-bes15,sw6p2,Active/LinkUp/800G
74186,leaf-spine,sys1-ice2-p-swi-bel6,sw52p1,Active/LinkUp/800G,sys1-ice2-p-swi-bes16,sw6p1,Active/LinkUp/800G
74187,leaf-spine,sys1-ice2-p-swi-bel6,sw52p2,Active/LinkUp/800G,sys1-ice2-p-swi-bes16,sw6p2,Active/LinkUp/800G
74188,leaf-spine,sys1-ice2-p-swi-bel6,sw53p1,Active/LinkUp/800G,sys1-ice2-p-swi-bes17,sw6p1,Active/LinkUp/800G
74189,leaf-spine,sys1-ice2-p-swi-bel6,sw53p2,Active/LinkUp/800G,sys1-ice2-p-swi-bes17,sw6p2,Active/LinkUp/800G
74190,leaf-spine,sys1-ice2-p-swi-bel6,sw54p1,Active/LinkUp/800G,sys1-ice2-p-swi-bes18,sw6p1,Active/LinkUp/800G
74191,leaf-spine,sys1-ice2-p-swi-bel6,sw54p2,Active/LinkUp/800G,sys1-ice2-p-swi-bes18,sw6p2,Active/LinkUp/800G
74192,leaf-spine,sys1-ice2-p-swi-bel6,sw55p1,Active/LinkUp/800G,sys1-ice2-p-swi-bes19,sw6p1,Active/LinkUp/800G
74193,leaf-spine,sys1-ice2-p-swi-bel6,sw55p2,Active/LinkUp/800G,sys1-ice2-p-swi-bes19,sw6p2,Active/LinkUp/800G
74194,leaf-spine,sys1-ice2-p-swi-bel6,sw56p1,Active/LinkUp/800G,sys1-ice2-p-swi-bes20,sw6p1,Active/LinkUp/800G
74195,leaf-spine,sys1-ice2-p-swi-bel6,sw56p2,Active/LinkUp/800G,sys1-ice2-p-swi-bes20,sw6p2,Active/LinkUp/800G
74196,leaf-spine,sys1-ice2-p-swi-bel6,sw57p1,Active/LinkUp/800G,sys1-ice2-p-swi-bes21,sw6p1,Active/LinkUp/800G
74197,leaf-spine,sys1-ice2-p-swi-bel6,sw57p2,Active/LinkUp/800G,sys1-ice2-p-swi-bes21,sw6p2,Active/LinkUp/800G
74198,leaf-spine,sys1-ice2-p-swi-bel6,sw58p1,Active/LinkUp/800G,sys1-ice2-p-swi-bes22,sw6p1,Active/LinkUp/800G
74199,leaf-spine,sys1-ice2-p-swi-bel6,sw58p2,Active/LinkUp/800G,sys1-ice2-p-swi-bes22,sw6p2,Active/LinkUp/800G
74200,leaf-spine,sys1-ice2-p-swi-bel6,sw59p1,Active/LinkUp/800G,sys1-ice2-p-swi-bes23,sw6p1,Active/LinkUp/800G
74201,leaf-spine,sys1-ice2-p-swi-bel6,sw59p2,Active/LinkUp/800G,sys1-ice2-p-swi-bes23,sw6p2,Active/LinkUp/800G
74202,leaf-spine,sys1-ice2-p-swi-bel6,sw60p1,Active/LinkUp/800G,sys1-ice2-p-swi-bes24,sw6p1,Active/LinkUp/800G
74203,leaf-spine,sys1-ice2-p-swi-bel6,sw60p2,Active/LinkUp/800G,sys1-ice2-p-swi-bes24,sw6p2,Active/LinkUp/800G
74204,leaf-spine,sys1-ice2-p-swi-bel6,sw61p1,Active/LinkUp/800G,sys1-ice2-p-swi-bes25,sw6p1,Active/LinkUp/800G
74205,leaf-spine,sys1-ice2-p-swi-bel6,sw61p2,Active/LinkUp/800G,sys1-ice2-p-swi-bes25,sw6p2,Active/LinkUp/800G
74206,leaf-spine,sys1-ice2-p-swi-bel6,sw62p1,Active/LinkUp/800G,sys1-ice2-p-swi-bes26,sw6p1,Active/LinkUp/800G
74207,leaf-spine,sys1-ice2-p-swi-bel6,sw62p2,Active/LinkUp/800G,sys1-ice2-p-swi-bes26,sw6p2,Active/LinkUp/800G
74208,leaf-spine,sys1-ice2-p-swi-bel6,sw63p1,Active/LinkUp/800G,sys1-ice2-p-swi-bes27,sw6p1,Active/LinkUp/800G
74209,leaf-spine,sys1-ice2-p-swi-bel6,sw63p2,Active/LinkUp/800G,sys1-ice2-p-swi-bes27,sw6p2,Active/LinkUp/800G
74210,leaf-spine,sys1-ice2-p-swi-bel6,sw64p1,Active/LinkUp/800G,sys1-ice2-p-swi-bes28,sw6p1,Active/LinkUp/800G
74211,leaf-spine,sys1-ice2-p-swi-bel6,sw64p2,Active/LinkUp/800G,sys1-ice2-p-swi-bes28,sw6p2,Active/LinkUp/800G
74212,leaf-spine,sys1-ice2-p-swi-bel6,sw65p1,Active/LinkUp/800G,sys1-ice2-p-swi-bes29,sw6p1,Active/LinkUp/800G
74213,leaf-spine,sys1-ice2-p-swi-bel6,sw65p2,Active/LinkUp/800G,sys1-ice2-p-swi-bes29,sw6p2,Active/LinkUp/800G
74214,leaf-spine,sys1-ice2-p-swi-bel6,sw66p1,Active/LinkUp/800G,sys1-ice2-p-swi-bes30,sw6p1,Active/LinkUp/800G
74215,leaf-spine,sys1-ice2-p-swi-bel6,sw66p2,Active/LinkUp/800G,sys1-ice2-p-swi-bes30,sw6p2,Active/LinkUp/800G
74216,leaf-spine,sys1-ice2-p-swi-bel6,sw67p1,Active/LinkUp/800G,sys1-ice2-p-swi-bes31,sw6p1,Active/LinkUp/800G
74217,leaf-spine,sys1-ice2-p-swi-bel6,sw67p2,Active/LinkUp/800G,sys1-ice2-p-swi-bes31,sw6p2,Active/LinkUp/800G
74218,leaf-spine,sys1-ice2-p-swi-bel6,sw68p1,Active/LinkUp/800G,sys1-ice2-p-swi-bes32,sw6p1,Active/LinkUp/800G
74219,leaf-spine,sys1-ice2-p-swi-bel6,sw68p2,Active/LinkUp/800G,sys1-ice2-p-swi-bes32,sw6p2,Active/LinkUp/800G
74220,leaf-spine,sys1-ice2-p-swi-bel6,sw69p1,Active/LinkUp/800G,sys1-ice2-p-swi-bes33,sw6p1,Active/LinkUp/800G
74221,leaf-spine,sys1-ice2-p-swi-bel6,sw69p2,Active/LinkUp/800G,sys1-ice2-p-swi-bes33,sw6p2,Active/LinkUp/800G
74222,leaf-spine,sys1-ice2-p-swi-bel6,sw70p1,Active/LinkUp/800G,sys1-ice2-p-swi-bes34,sw6p1,Active/LinkUp/800G
74223,leaf-spine,sys1-ice2-p-swi-bel6,sw70p2,Active/LinkUp/800G,sys1-ice2-p-swi-bes34,sw6p2,Active/LinkUp/800G
74224,leaf-spine,sys1-ice2-p-swi-bel6,sw71p1,Active/LinkUp/800G,sys1-ice2-p-swi-bes35,sw6p1,Active/LinkUp/800G
74225,leaf-spine,sys1-ice2-p-swi-bel6,sw71p2,Active/LinkUp/800G,sys1-ice2-p-swi-bes35,sw6p2,Active/LinkUp/800G
74226,leaf-spine,sys1-ice2-p-swi-bel6,sw72p1,Active/LinkUp/800G,sys1-ice2-p-swi-bes36,sw6p1,Active/LinkUp/800G
74227,leaf-spine,sys1-ice2-p-swi-bel6,sw72p2,Active/LinkUp/800G,sys1-ice2-p-swi-bes36,sw6p2,Active/LinkUp/800G
74228,leaf-spine,sys1-ice2-p-swi-bel7,sw37p1,Active/LinkUp/800G,sys1-ice2-p-swi-bes1,sw7p1,Active/LinkUp/800G
74229,leaf-spine,sys1-ice2-p-swi-bel7,sw37p2,Active/LinkUp/800G,sys1-ice2-p-swi-bes1,sw7p2,Active/LinkUp/800G
74230,leaf-spine,sys1-ice2-p-swi-bel7,sw38p1,Active/LinkUp/800G,sys1-ice2-p-swi-bes2,sw7p1,Active/LinkUp/800G
74231,leaf-spine,sys1-ice2-p-swi-bel7,sw38p2,Active/LinkUp/800G,sys1-ice2-p-swi-bes2,sw7p2,Active/LinkUp/800G
74232,leaf-spine,sys1-ice2-p-swi-bel7,sw39p1,Active/LinkUp/800G,sys1-ice2-p-swi-bes3,sw7p1,Active/LinkUp/800G
74233,leaf-spine,sys1-ice2-p-swi-bel7,sw39p2,Active/LinkUp/800G,sys1-ice2-p-swi-bes3,sw7p2,Active/LinkUp/800G
74234,leaf-spine,sys1-ice2-p-swi-bel7,sw40p1,Active/LinkUp/800G,sys1-ice2-p-swi-bes4,sw7p1,Active/LinkUp/800G
74235,leaf-spine,sys1-ice2-p-swi-bel7,sw40p2,Active/LinkUp/800G,sys1-ice2-p-swi-bes4,sw7p2,Active/LinkUp/800G
74236,leaf-spine,sys1-ice2-p-swi-bel7,sw41p1,Active/LinkUp/800G,sys1-ice2-p-swi-bes5,sw7p1,Active/LinkUp/800G
74237,leaf-spine,sys1-ice2-p-swi-bel7,sw41p2,Active/LinkUp/800G,sys1-ice2-p-swi-bes5,sw7p2,Active/LinkUp/800G
74238,leaf-spine,sys1-ice2-p-swi-bel7,sw42p1,Active/LinkUp/800G,sys1-ice2-p-swi-bes6,sw7p1,Active/LinkUp/800G
74239,leaf-spine,sys1-ice2-p-swi-bel7,sw42p2,Active/LinkUp/800G,sys1-ice2-p-swi-bes6,sw7p2,Active/LinkUp/800G
74240,leaf-spine,sys1-ice2-p-swi-bel7,sw43p1,Active/LinkUp/800G,sys1-ice2-p-swi-bes7,sw7p1,Active/LinkUp/800G
74241,leaf-spine,sys1-ice2-p-swi-bel7,sw43p2,Active/LinkUp/800G,sys1-ice2-p-swi-bes7,sw7p2,Active/LinkUp/800G
74242,leaf-spine,sys1-ice2-p-swi-bel7,sw44p1,Active/LinkUp/800G,sys1-ice2-p-swi-bes8,sw7p1,Active/LinkUp/800G
74243,leaf-spine,sys1-ice2-p-swi-bel7,sw44p2,Active/LinkUp/800G,sys1-ice2-p-swi-bes8,sw7p2,Active/LinkUp/800G
74244,leaf-spine,sys1-ice2-p-swi-bel7,sw45p1,Active/LinkUp/800G,sys1-ice2-p-swi-bes9,sw7p1,Active/LinkUp/800G
74245,leaf-spine,sys1-ice2-p-swi-bel7,sw45p2,Active/LinkUp/800G,sys1-ice2-p-swi-bes9,sw7p2,Active/LinkUp/800G
74246,leaf-spine,sys1-ice2-p-swi-bel7,sw46p1,Active/LinkUp/800G,sys1-ice2-p-swi-bes10,sw7p1,Active/LinkUp/800G
74247,leaf-spine,sys1-ice2-p-swi-bel7,sw46p2,Active/LinkUp/800G,sys1-ice2-p-swi-bes10,sw7p2,Active/LinkUp/800G
74248,leaf-spine,sys1-ice2-p-swi-bel7,sw47p1,Active/LinkUp/800G,sys1-ice2-p-swi-bes11,sw7p1,Active/LinkUp/800G
74249,leaf-spine,sys1-ice2-p-swi-bel7,sw47p2,Active/LinkUp/800G,sys1-ice2-p-swi-bes11,sw7p2,Active/LinkUp/800G
74250,leaf-spine,sys1-ice2-p-swi-bel7,sw48p1,Active/LinkUp/800G,sys1-ice2-p-swi-bes12,sw7p1,Active/LinkUp/800G
74251,leaf-spine,sys1-ice2-p-swi-bel7,sw48p2,Active/LinkUp/800G,sys1-ice2-p-swi-bes12,sw7p2,Active/LinkUp/800G
74252,leaf-spine,sys1-ice2-p-swi-bel7,sw49p1,Active/LinkUp/800G,sys1-ice2-p-swi-bes13,sw7p1,Active/LinkUp/800G
74253,leaf-spine,sys1-ice2-p-swi-bel7,sw49p2,Active/LinkUp/800G,sys1-ice2-p-swi-bes13,sw7p2,Active/LinkUp/800G
74254,leaf-spine,sys1-ice2-p-swi-bel7,sw50p1,Active/LinkUp/800G,sys1-ice2-p-swi-bes14,sw7p1,Active/LinkUp/800G
74255,leaf-spine,sys1-ice2-p-swi-bel7,sw50p2,Active/LinkUp/800G,sys1-ice2-p-swi-bes14,sw7p2,Active/LinkUp/800G
74256,leaf-spine,sys1-ice2-p-swi-bel7,sw51p1,Active/LinkUp/800G,sys1-ice2-p-swi-bes15,sw7p1,Active/LinkUp/800G
74257,leaf-spine,sys1-ice2-p-swi-bel7,sw51p2,Active/LinkUp/800G,sys1-ice2-p-swi-bes15,sw7p2,Active/LinkUp/800G
74258,leaf-spine,sys1-ice2-p-swi-bel7,sw52p1,Active/LinkUp/800G,sys1-ice2-p-swi-bes16,sw7p1,Active/LinkUp/800G
74259,leaf-spine,sys1-ice2-p-swi-bel7,sw52p2,Active/LinkUp/800G,sys1-ice2-p-swi-bes16,sw7p2,Active/LinkUp/800G
74260,leaf-spine,sys1-ice2-p-swi-bel7,sw53p1,Active/LinkUp/800G,sys1-ice2-p-swi-bes17,sw7p1,Active/LinkUp/800G
74261,leaf-spine,sys1-ice2-p-swi-bel7,sw53p2,Active/LinkUp/800G,sys1-ice2-p-swi-bes17,sw7p2,Active/LinkUp/800G
74262,leaf-spine,sys1-ice2-p-swi-bel7,sw54p1,Active/LinkUp/800G,sys1-ice2-p-swi-bes18,sw7p1,Active/LinkUp/800G
74263,leaf-spine,sys1-ice2-p-swi-bel7,sw54p2,Active/LinkUp/800G,sys1-ice2-p-swi-bes18,sw7p2,Active/LinkUp/800G
74264,leaf-spine,sys1-ice2-p-swi-bel7,sw55p1,Active/LinkUp/800G,sys1-ice2-p-swi-bes19,sw7p1,Active/LinkUp/800G
74265,leaf-spine,sys1-ice2-p-swi-bel7,sw55p2,Active/LinkUp/800G,sys1-ice2-p-swi-bes19,sw7p2,Active/LinkUp/800G
74266,leaf-spine,sys1-ice2-p-swi-bel7,sw56p1,Active/LinkUp/800G,sys1-ice2-p-swi-bes20,sw7p1,Active/LinkUp/800G
74267,leaf-spine,sys1-ice2-p-swi-bel7,sw56p2,Active/LinkUp/800G,sys1-ice2-p-swi-bes20,sw7p2,Active/LinkUp/800G
74268,leaf-spine,sys1-ice2-p-swi-bel7,sw57p1,Active/LinkUp/800G,sys1-ice2-p-swi-bes21,sw7p1,Active/LinkUp/800G
74269,leaf-spine,sys1-ice2-p-swi-bel7,sw57p2,Active/LinkUp/800G,sys1-ice2-p-swi-bes21,sw7p2,Active/LinkUp/800G
74270,leaf-spine,sys1-ice2-p-swi-bel7,sw58p1,Active/LinkUp/800G,sys1-ice2-p-swi-bes22,sw7p1,Active/LinkUp/800G
74271,leaf-spine,sys1-ice2-p-swi-bel7,sw58p2,Active/LinkUp/800G,sys1-ice2-p-swi-bes22,sw7p2,Active/LinkUp/800G
74272,leaf-spine,sys1-ice2-p-swi-bel7,sw59p1,Active/LinkUp/800G,sys1-ice2-p-swi-bes23,sw7p1,Active/LinkUp/800G
74273,leaf-spine,sys1-ice2-p-swi-bel7,sw59p2,Active/LinkUp/800G,sys1-ice2-p-swi-bes23,sw7p2,Active/LinkUp/800G
74274,leaf-spine,sys1-ice2-p-swi-bel7,sw60p1,Active/LinkUp/800G,sys1-ice2-p-swi-bes24,sw7p1,Active/LinkUp/800G
74275,leaf-spine,sys1-ice2-p-swi-bel7,sw60p2,Active/LinkUp/800G,sys1-ice2-p-swi-bes24,sw7p2,Active/LinkUp/800G
74276,leaf-spine,sys1-ice2-p-swi-bel7,sw61p1,Active/LinkUp/800G,sys1-ice2-p-swi-bes25,sw7p1,Active/LinkUp/800G
74277,leaf-spine,sys1-ice2-p-swi-bel7,sw61p2,Active/LinkUp/800G,sys1-ice2-p-swi-bes25,sw7p2,Active/LinkUp/800G
74278,leaf-spine,sys1-ice2-p-swi-bel7,sw62p1,Active/LinkUp/800G,sys1-ice2-p-swi-bes26,sw7p1,Active/LinkUp/800G
74279,leaf-spine,sys1-ice2-p-swi-bel7,sw62p2,Active/LinkUp/800G,sys1-ice2-p-swi-bes26,sw7p2,Active/LinkUp/800G
74280,leaf-spine,sys1-ice2-p-swi-bel7,sw63p1,Active/LinkUp/800G,sys1-ice2-p-swi-bes27,sw7p1,Active/LinkUp/800G
74281,leaf-spine,sys1-ice2-p-swi-bel7,sw63p2,Active/LinkUp/800G,sys1-ice2-p-swi-bes27,sw7p2,Active/LinkUp/800G
74282,leaf-spine,sys1-ice2-p-swi-bel7,sw64p1,Active/LinkUp/800G,sys1-ice2-p-swi-bes28,sw7p1,Active/LinkUp/800G
74283,leaf-spine,sys1-ice2-p-swi-bel7,sw64p2,Active/LinkUp/800G,sys1-ice2-p-swi-bes28,sw7p2,Active/LinkUp/800G
74284,leaf-spine,sys1-ice2-p-swi-bel7,sw65p1,Active/LinkUp/800G,sys1-ice2-p-swi-bes29,sw7p1,Active/LinkUp/800G
74285,leaf-spine,sys1-ice2-p-swi-bel7,sw65p2,Active/LinkUp/800G,sys1-ice2-p-swi-bes29,sw7p2,Active/LinkUp/800G
74286,leaf-spine,sys1-ice2-p-swi-bel7,sw66p1,Active/LinkUp/800G,sys1-ice2-p-swi-bes30,sw7p1,Active/LinkUp/800G
74287,leaf-spine,sys1-ice2-p-swi-bel7,sw66p2,Active/LinkUp/800G,sys1-ice2-p-swi-bes30,sw7p2,Active/LinkUp/800G
74288,leaf-spine,sys1-ice2-p-swi-bel7,sw67p1,Active/LinkUp/800G,sys1-ice2-p-swi-bes31,sw7p1,Active/LinkUp/800G
74289,leaf-spine,sys1-ice2-p-swi-bel7,sw67p2,Active/LinkUp/800G,sys1-ice2-p-swi-bes31,sw7p2,Active/LinkUp/800G
74290,leaf-spine,sys1-ice2-p-swi-bel7,sw68p1,Active/LinkUp/800G,sys1-ice2-p-swi-bes32,sw7p1,Active/LinkUp/800G
74291,leaf-spine,sys1-ice2-p-swi-bel7,sw68p2,Active/LinkUp/800G,sys1-ice2-p-swi-bes32,sw7p2,Active/LinkUp/800G
74292,leaf-spine,sys1-ice2-p-swi-bel7,sw69p1,Active/LinkUp/800G,sys1-ice2-p-swi-bes33,sw7p1,Active/LinkUp/800G
74293,leaf-spine,sys1-ice2-p-swi-bel7,sw69p2,Active/LinkUp/800G,sys1-ice2-p-swi-bes33,sw7p2,Active/LinkUp/800G
74294,leaf-spine,sys1-ice2-p-swi-bel7,sw70p1,Active/LinkUp/800G,sys1-ice2-p-swi-bes34,sw7p1,Active/LinkUp/800G
74295,leaf-spine,sys1-ice2-p-swi-bel7,sw70p2,Active/LinkUp/800G,sys1-ice2-p-swi-bes34,sw7p2,Active/LinkUp/800G
74296,leaf-spine,sys1-ice2-p-swi-bel7,sw71p1,Active/LinkUp/800G,sys1-ice2-p-swi-bes35,sw7p1,Active/LinkUp/800G
74297,leaf-spine,sys1-ice2-p-swi-bel7,sw71p2,Active/LinkUp/800G,sys1-ice2-p-swi-bes35,sw7p2,Active/LinkUp/800G
74298,leaf-spine,sys1-ice2-p-swi-bel7,sw72p1,Active/LinkUp/800G,sys1-ice2-p-swi-bes36,sw7p1,Active/LinkUp/800G
74299,leaf-spine,sys1-ice2-p-swi-bel7,sw72p2,Active/LinkUp/800G,sys1-ice2-p-swi-bes36,sw7p2,Active/LinkUp/800G
74300,leaf-spine,sys1-ice2-p-swi-bel8,sw37p1,Active/LinkUp/800G,sys1-ice2-p-swi-bes1,sw8p1,Active/LinkUp/800G
74301,leaf-spine,sys1-ice2-p-swi-bel8,sw37p2,Active/LinkUp/800G,sys1-ice2-p-swi-bes1,sw8p2,Active/LinkUp/800G
74302,leaf-spine,sys1-ice2-p-swi-bel8,sw38p1,Active/LinkUp/800G,sys1-ice2-p-swi-bes2,sw8p1,Active/LinkUp/800G
74303,leaf-spine,sys1-ice2-p-swi-bel8,sw38p2,Active/LinkUp/800G,sys1-ice2-p-swi-bes2,sw8p2,Active/LinkUp/800G
74304,leaf-spine,sys1-ice2-p-swi-bel8,sw39p1,Active/LinkUp/800G,sys1-ice2-p-swi-bes3,sw8p1,Active/LinkUp/800G
74305,leaf-spine,sys1-ice2-p-swi-bel8,sw39p2,Active/LinkUp/800G,sys1-ice2-p-swi-bes3,sw8p2,Active/LinkUp/800G
74306,leaf-spine,sys1-ice2-p-swi-bel8,sw40p1,Active/LinkUp/800G,sys1-ice2-p-swi-bes4,sw8p1,Active/LinkUp/800G
74307,leaf-spine,sys1-ice2-p-swi-bel8,sw40p2,Active/LinkUp/800G,sys1-ice2-p-swi-bes4,sw8p2,Active/LinkUp/800G
74308,leaf-spine,sys1-ice2-p-swi-bel8,sw41p1,Active/LinkUp/800G,sys1-ice2-p-swi-bes5,sw8p1,Active/LinkUp/800G
74309,leaf-spine,sys1-ice2-p-swi-bel8,sw41p2,Active/LinkUp/800G,sys1-ice2-p-swi-bes5,sw8p2,Active/LinkUp/800G
74310,leaf-spine,sys1-ice2-p-swi-bel8,sw42p1,Active/LinkUp/800G,sys1-ice2-p-swi-bes6,sw8p1,Active/LinkUp/800G
74311,leaf-spine,sys1-ice2-p-swi-bel8,sw42p2,Active/LinkUp/800G,sys1-ice2-p-swi-bes6,sw8p2,Active/LinkUp/800G
74312,leaf-spine,sys1-ice2-p-swi-bel8,sw43p1,Active/LinkUp/800G,sys1-ice2-p-swi-bes7,sw8p1,Active/LinkUp/800G
74313,leaf-spine,sys1-ice2-p-swi-bel8,sw43p2,Active/LinkUp/800G,sys1-ice2-p-swi-bes7,sw8p2,Active/LinkUp/800G
74314,leaf-spine,sys1-ice2-p-swi-bel8,sw44p1,Active/LinkUp/800G,sys1-ice2-p-swi-bes8,sw8p1,Active/LinkUp/800G
74315,leaf-spine,sys1-ice2-p-swi-bel8,sw44p2,Active/LinkUp/800G,sys1-ice2-p-swi-bes8,sw8p2,Active/LinkUp/800G
74316,leaf-spine,sys1-ice2-p-swi-bel8,sw45p1,Active/LinkUp/800G,sys1-ice2-p-swi-bes9,sw8p1,Active/LinkUp/800G
74317,leaf-spine,sys1-ice2-p-swi-bel8,sw45p2,Active/LinkUp/800G,sys1-ice2-p-swi-bes9,sw8p2,Active/LinkUp/800G
74318,leaf-spine,sys1-ice2-p-swi-bel8,sw46p1,Active/LinkUp/800G,sys1-ice2-p-swi-bes10,sw8p1,Active/LinkUp/800G
74319,leaf-spine,sys1-ice2-p-swi-bel8,sw46p2,Active/LinkUp/800G,sys1-ice2-p-swi-bes10,sw8p2,Active/LinkUp/800G
74320,leaf-spine,sys1-ice2-p-swi-bel8,sw47p1,Active/LinkUp/800G,sys1-ice2-p-swi-bes11,sw8p1,Active/LinkUp/800G
74321,leaf-spine,sys1-ice2-p-swi-bel8,sw47p2,Active/LinkUp/800G,sys1-ice2-p-swi-bes11,sw8p2,Active/LinkUp/800G
74322,leaf-spine,sys1-ice2-p-swi-bel8,sw48p1,Active/LinkUp/800G,sys1-ice2-p-swi-bes12,sw8p1,Active/LinkUp/800G
74323,leaf-spine,sys1-ice2-p-swi-bel8,sw48p2,Active/LinkUp/800G,sys1-ice2-p-swi-bes12,sw8p2,Active/LinkUp/800G
74324,leaf-spine,sys1-ice2-p-swi-bel8,sw49p1,Active/LinkUp/800G,sys1-ice2-p-swi-bes13,sw8p1,Active/LinkUp/800G
74325,leaf-spine,sys1-ice2-p-swi-bel8,sw49p2,Active/LinkUp/800G,sys1-ice2-p-swi-bes13,sw8p2,Active/LinkUp/800G
74326,leaf-spine,sys1-ice2-p-swi-bel8,sw50p1,Active/LinkUp/800G,sys1-ice2-p-swi-bes14,sw8p1,Active/LinkUp/800G
74327,leaf-spine,sys1-ice2-p-swi-bel8,sw50p2,Active/LinkUp/800G,sys1-ice2-p-swi-bes14,sw8p2,Active/LinkUp/800G
74328,leaf-spine,sys1-ice2-p-swi-bel8,sw51p1,Active/LinkUp/800G,sys1-ice2-p-swi-bes15,sw8p1,Active/LinkUp/800G
74329,leaf-spine,sys1-ice2-p-swi-bel8,sw51p2,Active/LinkUp/800G,sys1-ice2-p-swi-bes15,sw8p2,Active/LinkUp/800G
74330,leaf-spine,sys1-ice2-p-swi-bel8,sw52p1,Active/LinkUp/800G,sys1-ice2-p-swi-bes16,sw8p1,Active/LinkUp/800G
74331,leaf-spine,sys1-ice2-p-swi-bel8,sw52p2,Active/LinkUp/800G,sys1-ice2-p-swi-bes16,sw8p2,Active/LinkUp/800G
74332,leaf-spine,sys1-ice2-p-swi-bel8,sw53p1,Active/LinkUp/800G,sys1-ice2-p-swi-bes17,sw8p1,Active/LinkUp/800G
74333,leaf-spine,sys1-ice2-p-swi-bel8,sw53p2,Active/LinkUp/800G,sys1-ice2-p-swi-bes17,sw8p2,Active/LinkUp/800G
74334,leaf-spine,sys1-ice2-p-swi-bel8,sw54p1,Active/LinkUp/800G,sys1-ice2-p-swi-bes18,sw8p1,Active/LinkUp/800G
74335,leaf-spine,sys1-ice2-p-swi-bel8,sw54p2,Active/LinkUp/800G,sys1-ice2-p-swi-bes18,sw8p2,Active/LinkUp/800G
74336,leaf-spine,sys1-ice2-p-swi-bel8,sw55p1,Active/LinkUp/800G,sys1-ice2-p-swi-bes19,sw8p1,Active/LinkUp/800G
74337,leaf-spine,sys1-ice2-p-swi-bel8,sw55p2,Active/LinkUp/800G,sys1-ice2-p-swi-bes19,sw8p2,Active/LinkUp/800G
74338,leaf-spine,sys1-ice2-p-swi-bel8,sw56p1,Active/LinkUp/800G,sys1-ice2-p-swi-bes20,sw8p1,Active/LinkUp/800G
74339,leaf-spine,sys1-ice2-p-swi-bel8,sw56p2,Active/LinkUp/800G,sys1-ice2-p-swi-bes20,sw8p2,Active/LinkUp/800G
74340,leaf-spine,sys1-ice2-p-swi-bel8,sw57p1,Active/LinkUp/800G,sys1-ice2-p-swi-bes21,sw8p1,Active/LinkUp/800G
74341,leaf-spine,sys1-ice2-p-swi-bel8,sw57p2,Active/LinkUp/800G,sys1-ice2-p-swi-bes21,sw8p2,Active/LinkUp/800G
74342,leaf-spine,sys1-ice2-p-swi-bel8,sw58p1,Active/LinkUp/800G,sys1-ice2-p-swi-bes22,sw8p1,Active/LinkUp/800G
74343,leaf-spine,sys1-ice2-p-swi-bel8,sw58p2,Active/LinkUp/800G,sys1-ice2-p-swi-bes22,sw8p2,Active/LinkUp/800G
74344,leaf-spine,sys1-ice2-p-swi-bel8,sw59p1,Active/LinkUp/800G,sys1-ice2-p-swi-bes23,sw8p1,Active/LinkUp/800G
74345,leaf-spine,sys1-ice2-p-swi-bel8,sw59p2,Active/LinkUp/800G,sys1-ice2-p-swi-bes23,sw8p2,Active/LinkUp/800G
74346,leaf-spine,sys1-ice2-p-swi-bel8,sw60p1,Active/LinkUp/800G,sys1-ice2-p-swi-bes24,sw8p1,Active/LinkUp/800G
74347,leaf-spine,sys1-ice2-p-swi-bel8,sw60p2,Active/LinkUp/800G,sys1-ice2-p-swi-bes24,sw8p2,Active/LinkUp/800G
74348,leaf-spine,sys1-ice2-p-swi-bel8,sw61p1,Active/LinkUp/800G,sys1-ice2-p-swi-bes25,sw8p1,Active/LinkUp/800G
74349,leaf-spine,sys1-ice2-p-swi-bel8,sw61p2,Active/LinkUp/800G,sys1-ice2-p-swi-bes25,sw8p2,Active/LinkUp/800G
74350,leaf-spine,sys1-ice2-p-swi-bel8,sw62p1,Active/LinkUp/800G,sys1-ice2-p-swi-bes26,sw8p1,Active/LinkUp/800G
74351,leaf-spine,sys1-ice2-p-swi-bel8,sw62p2,Active/LinkUp/800G,sys1-ice2-p-swi-bes26,sw8p2,Active/LinkUp/800G
74352,leaf-spine,sys1-ice2-p-swi-bel8,sw63p1,Active/LinkUp/800G,sys1-ice2-p-swi-bes27,sw8p1,Active/LinkUp/800G
74353,leaf-spine,sys1-ice2-p-swi-bel8,sw63p2,Active/LinkUp/800G,sys1-ice2-p-swi-bes27,sw8p2,Active/LinkUp/800G
74354,leaf-spine,sys1-ice2-p-swi-bel8,sw64p1,Active/LinkUp/800G,sys1-ice2-p-swi-bes28,sw8p1,Active/LinkUp/800G
74355,leaf-spine,sys1-ice2-p-swi-bel8,sw64p2,Active/LinkUp/800G,sys1-ice2-p-swi-bes28,sw8p2,Active/LinkUp/800G
74356,leaf-spine,sys1-ice2-p-swi-bel8,sw65p1,Active/LinkUp/800G,sys1-ice2-p-swi-bes29,sw8p1,Active/LinkUp/800G
74357,leaf-spine,sys1-ice2-p-swi-bel8,sw65p2,Active/LinkUp/800G,sys1-ice2-p-swi-bes29,sw8p2,Active/LinkUp/800G
74358,leaf-spine,sys1-ice2-p-swi-bel8,sw66p1,Active/LinkUp/800G,sys1-ice2-p-swi-bes30,sw8p1,Active/LinkUp/800G
74359,leaf-spine,sys1-ice2-p-swi-bel8,sw66p2,Active/LinkUp/800G,sys1-ice2-p-swi-bes30,sw8p2,Active/LinkUp/800G
74360,leaf-spine,sys1-ice2-p-swi-bel8,sw67p1,Active/LinkUp/800G,sys1-ice2-p-swi-bes31,sw8p1,Active/LinkUp/800G
74361,leaf-spine,sys1-ice2-p-swi-bel8,sw67p2,Active/LinkUp/800G,sys1-ice2-p-swi-bes31,sw8p2,Active/LinkUp/800G
74362,leaf-spine,sys1-ice2-p-swi-bel8,sw68p1,Active/LinkUp/800G,sys1-ice2-p-swi-bes32,sw8p1,Active/LinkUp/800G
74363,leaf-spine,sys1-ice2-p-swi-bel8,sw68p2,Active/LinkUp/800G,sys1-ice2-p-swi-bes32,sw8p2,Active/LinkUp/800G
74364,leaf-spine,sys1-ice2-p-swi-bel8,sw69p1,Active/LinkUp/800G,sys1-ice2-p-swi-bes33,sw8p1,Active/LinkUp/800G
74365,leaf-spine,sys1-ice2-p-swi-bel8,sw69p2,Active/LinkUp/800G,sys1-ice2-p-swi-bes33,sw8p2,Active/LinkUp/800G
74366,leaf-spine,sys1-ice2-p-swi-bel8,sw70p1,Active/LinkUp/800G,sys1-ice2-p-swi-bes34,sw8p1,Active/LinkUp/800G
74367,leaf-spine,sys1-ice2-p-swi-bel8,sw70p2,Active/LinkUp/800G,sys1-ice2-p-swi-bes34,sw8p2,Active/LinkUp/800G
74368,leaf-spine,sys1-ice2-p-swi-bel8,sw71p1,Active/LinkUp/800G,sys1-ice2-p-swi-bes35,sw8p1,Active/LinkUp/800G
74369,leaf-spine,sys1-ice2-p-swi-bel8,sw71p2,Active/LinkUp/800G,sys1-ice2-p-swi-bes35,sw8p2,Active/LinkUp/800G
74370,leaf-spine,sys1-ice2-p-swi-bel8,sw72p1,Active/LinkUp/800G,sys1-ice2-p-swi-bes36,sw8p1,Active/LinkUp/800G
74371,leaf-spine,sys1-ice2-p-swi-bel8,sw72p2,Active/LinkUp/800G,sys1-ice2-p-swi-bes36,sw8p2,Active/LinkUp/800G
74372,leaf-spine,sys1-ice2-p-swi-bel9,sw37p1,Active/LinkUp/800G,sys1-ice2-p-swi-bes1,sw9p1,Active/LinkUp/800G
74373,leaf-spine,sys1-ice2-p-swi-bel9,sw37p2,Active/LinkUp/800G,sys1-ice2-p-swi-bes1,sw9p2,Active/LinkUp/800G
74374,leaf-spine,sys1-ice2-p-swi-bel9,sw38p1,Active/LinkUp/800G,sys1-ice2-p-swi-bes2,sw9p1,Active/LinkUp/800G
74375,leaf-spine,sys1-ice2-p-swi-bel9,sw38p2,Active/LinkUp/800G,sys1-ice2-p-swi-bes2,sw9p2,Active/LinkUp/800G
74376,leaf-spine,sys1-ice2-p-swi-bel9,sw39p1,Active/LinkUp/800G,sys1-ice2-p-swi-bes3,sw9p1,Active/LinkUp/800G
74377,leaf-spine,sys1-ice2-p-swi-bel9,sw39p2,Active/LinkUp/800G,sys1-ice2-p-swi-bes3,sw9p2,Active/LinkUp/800G
74378,leaf-spine,sys1-ice2-p-swi-bel9,sw40p1,Active/LinkUp/800G,sys1-ice2-p-swi-bes4,sw9p1,Active/LinkUp/800G
74379,leaf-spine,sys1-ice2-p-swi-bel9,sw40p2,Active/LinkUp/800G,sys1-ice2-p-swi-bes4,sw9p2,Active/LinkUp/800G
74380,leaf-spine,sys1-ice2-p-swi-bel9,sw41p1,Active/LinkUp/800G,sys1-ice2-p-swi-bes5,sw9p1,Active/LinkUp/800G
74381,leaf-spine,sys1-ice2-p-swi-bel9,sw41p2,Active/LinkUp/800G,sys1-ice2-p-swi-bes5,sw9p2,Active/LinkUp/800G
74382,leaf-spine,sys1-ice2-p-swi-bel9,sw42p1,Active/LinkUp/800G,sys1-ice2-p-swi-bes6,sw9p1,Active/LinkUp/800G
74383,leaf-spine,sys1-ice2-p-swi-bel9,sw42p2,Active/LinkUp/800G,sys1-ice2-p-swi-bes6,sw9p2,Active/LinkUp/800G
74384,leaf-spine,sys1-ice2-p-swi-bel9,sw43p1,Active/LinkUp/800G,sys1-ice2-p-swi-bes7,sw9p1,Active/LinkUp/800G
74385,leaf-spine,sys1-ice2-p-swi-bel9,sw43p2,Active/LinkUp/800G,sys1-ice2-p-swi-bes7,sw9p2,Active/LinkUp/800G
74386,leaf-spine,sys1-ice2-p-swi-bel9,sw44p1,Active/LinkUp/800G,sys1-ice2-p-swi-bes8,sw9p1,Active/LinkUp/800G
74387,leaf-spine,sys1-ice2-p-swi-bel9,sw44p2,Active/LinkUp/800G,sys1-ice2-p-swi-bes8,sw9p2,Active/LinkUp/800G
74388,leaf-spine,sys1-ice2-p-swi-bel9,sw45p1,Active/LinkUp/800G,sys1-ice2-p-swi-bes9,sw9p1,Active/LinkUp/800G
74389,leaf-spine,sys1-ice2-p-swi-bel9,sw45p2,Active/LinkUp/800G,sys1-ice2-p-swi-bes9,sw9p2,Active/LinkUp/800G
74390,leaf-spine,sys1-ice2-p-swi-bel9,sw46p1,Active/LinkUp/800G,sys1-ice2-p-swi-bes10,sw9p1,Active/LinkUp/800G
74391,leaf-spine,sys1-ice2-p-swi-bel9,sw46p2,Active/LinkUp/800G,sys1-ice2-p-swi-bes10,sw9p2,Active/LinkUp/800G
74392,leaf-spine,sys1-ice2-p-swi-bel9,sw47p1,Active/LinkUp/800G,sys1-ice2-p-swi-bes11,sw9p1,Active/LinkUp/800G
74393,leaf-spine,sys1-ice2-p-swi-bel9,sw47p2,Active/LinkUp/800G,sys1-ice2-p-swi-bes11,sw9p2,Active/LinkUp/800G
74394,leaf-spine,sys1-ice2-p-swi-bel9,sw48p1,Active/LinkUp/800G,sys1-ice2-p-swi-bes12,sw9p1,Active/LinkUp/800G
74395,leaf-spine,sys1-ice2-p-swi-bel9,sw48p2,Active/LinkUp/800G,sys1-ice2-p-swi-bes12,sw9p2,Active/LinkUp/800G
74396,leaf-spine,sys1-ice2-p-swi-bel9,sw49p1,Active/LinkUp/800G,sys1-ice2-p-swi-bes13,sw9p1,Active/LinkUp/800G
74397,leaf-spine,sys1-ice2-p-swi-bel9,sw49p2,Active/LinkUp/800G,sys1-ice2-p-swi-bes13,sw9p2,Active/LinkUp/800G
74398,leaf-spine,sys1-ice2-p-swi-bel9,sw50p1,Active/LinkUp/800G,sys1-ice2-p-swi-bes14,sw9p1,Active/LinkUp/800G
74399,leaf-spine,sys1-ice2-p-swi-bel9,sw50p2,Active/LinkUp/800G,sys1-ice2-p-swi-bes14,sw9p2,Active/LinkUp/800G
74400,leaf-spine,sys1-ice2-p-swi-bel9,sw51p1,Active/LinkUp/800G,sys1-ice2-p-swi-bes15,sw9p1,Active/LinkUp/800G
74401,leaf-spine,sys1-ice2-p-swi-bel9,sw51p2,Active/LinkUp/800G,sys1-ice2-p-swi-bes15,sw9p2,Active/LinkUp/800G
74402,leaf-spine,sys1-ice2-p-swi-bel9,sw52p1,Active/LinkUp/800G,sys1-ice2-p-swi-bes16,sw9p1,Active/LinkUp/800G
74403,leaf-spine,sys1-ice2-p-swi-bel9,sw52p2,Active/LinkUp/800G,sys1-ice2-p-swi-bes16,sw9p2,Active/LinkUp/800G
74404,leaf-spine,sys1-ice2-p-swi-bel9,sw53p1,Active/LinkUp/800G,sys1-ice2-p-swi-bes17,sw9p1,Active/LinkUp/800G
74405,leaf-spine,sys1-ice2-p-swi-bel9,sw53p2,Active/LinkUp/800G,sys1-ice2-p-swi-bes17,sw9p2,Active/LinkUp/800G
74406,leaf-spine,sys1-ice2-p-swi-bel9,sw54p1,Active/LinkUp/800G,sys1-ice2-p-swi-bes18,sw9p1,Active/LinkUp/800G
74407,leaf-spine,sys1-ice2-p-swi-bel9,sw54p2,Active/LinkUp/800G,sys1-ice2-p-swi-bes18,sw9p2,Active/LinkUp/800G
74408,leaf-spine,sys1-ice2-p-swi-bel9,sw55p1,Active/LinkUp/800G,sys1-ice2-p-swi-bes19,sw9p1,Active/LinkUp/800G
74409,leaf-spine,sys1-ice2-p-swi-bel9,sw55p2,Active/LinkUp/800G,sys1-ice2-p-swi-bes19,sw9p2,Active/LinkUp/800G
74410,leaf-spine,sys1-ice2-p-swi-bel9,sw56p1,Active/LinkUp/800G,sys1-ice2-p-swi-bes20,sw9p1,Active/LinkUp/800G
74411,leaf-spine,sys1-ice2-p-swi-bel9,sw56p2,Active/LinkUp/800G,sys1-ice2-p-swi-bes20,sw9p2,Active/LinkUp/800G
74412,leaf-spine,sys1-ice2-p-swi-bel9,sw57p1,Active/LinkUp/800G,sys1-ice2-p-swi-bes21,sw9p1,Active/LinkUp/800G
74413,leaf-spine,sys1-ice2-p-swi-bel9,sw57p2,Active/LinkUp/800G,sys1-ice2-p-swi-bes21,sw9p2,Active/LinkUp/800G
74414,leaf-spine,sys1-ice2-p-swi-bel9,sw58p1,Active/LinkUp/800G,sys1-ice2-p-swi-bes22,sw9p1,Active/LinkUp/800G
74415,leaf-spine,sys1-ice2-p-swi-bel9,sw58p2,Active/LinkUp/800G,sys1-ice2-p-swi-bes22,sw9p2,Active/LinkUp/800G
74416,leaf-spine,sys1-ice2-p-swi-bel9,sw59p1,Active/LinkUp/800G,sys1-ice2-p-swi-bes23,sw9p1,Active/LinkUp/800G
74417,leaf-spine,sys1-ice2-p-swi-bel9,sw59p2,Active/LinkUp/800G,sys1-ice2-p-swi-bes23,sw9p2,Active/LinkUp/800G
74418,leaf-spine,sys1-ice2-p-swi-bel9,sw60p1,Active/LinkUp/800G,sys1-ice2-p-swi-bes24,sw9p1,Active/LinkUp/800G
74419,leaf-spine,sys1-ice2-p-swi-bel9,sw60p2,Active/LinkUp/800G,sys1-ice2-p-swi-bes24,sw9p2,Active/LinkUp/800G
74420,leaf-spine,sys1-ice2-p-swi-bel9,sw61p1,Active/LinkUp/800G,sys1-ice2-p-swi-bes25,sw9p1,Active/LinkUp/800G
74421,leaf-spine,sys1-ice2-p-swi-bel9,sw61p2,Active/LinkUp/800G,sys1-ice2-p-swi-bes25,sw9p2,Active/LinkUp/800G
74422,leaf-spine,sys1-ice2-p-swi-bel9,sw62p1,Active/LinkUp/800G,sys1-ice2-p-swi-bes26,sw9p1,Active/LinkUp/800G
74423,leaf-spine,sys1-ice2-p-swi-bel9,sw62p2,Active/LinkUp/800G,sys1-ice2-p-swi-bes26,sw9p2,Active/LinkUp/800G
74424,leaf-spine,sys1-ice2-p-swi-bel9,sw63p1,Active/LinkUp/800G,sys1-ice2-p-swi-bes27,sw9p1,Active/LinkUp/800G
74425,leaf-spine,sys1-ice2-p-swi-bel9,sw63p2,Active/LinkUp/800G,sys1-ice2-p-swi-bes27,sw9p2,Active/LinkUp/800G
74426,leaf-spine,sys1-ice2-p-swi-bel9,sw64p1,Active/LinkUp/800G,sys1-ice2-p-swi-bes28,sw9p1,Active/LinkUp/800G
74427,leaf-spine,sys1-ice2-p-swi-bel9,sw64p2,Active/LinkUp/800G,sys1-ice2-p-swi-bes28,sw9p2,Active/LinkUp/800G
74428,leaf-spine,sys1-ice2-p-swi-bel9,sw65p1,Active/LinkUp/800G,sys1-ice2-p-swi-bes29,sw9p1,Active/LinkUp/800G
74429,leaf-spine,sys1-ice2-p-swi-bel9,sw65p2,Active/LinkUp/800G,sys1-ice2-p-swi-bes29,sw9p2,Active/LinkUp/800G
74430,leaf-spine,sys1-ice2-p-swi-bel9,sw66p1,Active/LinkUp/800G,sys1-ice2-p-swi-bes30,sw9p1,Active/LinkUp/800G
74431,leaf-spine,sys1-ice2-p-swi-bel9,sw66p2,Active/LinkUp/800G,sys1-ice2-p-swi-bes30,sw9p2,Active/LinkUp/800G
74432,leaf-spine,sys1-ice2-p-swi-bel9,sw67p1,Active/LinkUp/800G,sys1-ice2-p-swi-bes31,sw9p1,Active/LinkUp/800G
74433,leaf-spine,sys1-ice2-p-swi-bel9,sw67p2,Active/LinkUp/800G,sys1-ice2-p-swi-bes31,sw9p2,Active/LinkUp/800G
74434,leaf-spine,sys1-ice2-p-swi-bel9,sw68p1,Active/LinkUp/800G,sys1-ice2-p-swi-bes32,sw9p1,Active/LinkUp/800G
74435,leaf-spine,sys1-ice2-p-swi-bel9,sw68p2,Active/LinkUp/800G,sys1-ice2-p-swi-bes32,sw9p2,Active/LinkUp/800G
74436,leaf-spine,sys1-ice2-p-swi-bel9,sw69p1,Active/LinkUp/800G,sys1-ice2-p-swi-bes33,sw9p1,Active/LinkUp/800G
74437,leaf-spine,sys1-ice2-p-swi-bel9,sw69p2,Active/LinkUp/800G,sys1-ice2-p-swi-bes33,sw9p2,Active/LinkUp/800G
74438,leaf-spine,sys1-ice2-p-swi-bel9,sw70p1,Active/LinkUp/800G,sys1-ice2-p-swi-bes34,sw9p1,Active/LinkUp/800G
74439,leaf-spine,sys1-ice2-p-swi-bel9,sw70p2,Active/LinkUp/800G,sys1-ice2-p-swi-bes34,sw9p2,Active/LinkUp/800G
74440,leaf-spine,sys1-ice2-p-swi-bel9,sw71p1,Active/LinkUp/800G,sys1-ice2-p-swi-bes35,sw9p1,Active/LinkUp/800G
74441,leaf-spine,sys1-ice2-p-swi-bel9,sw71p2,Active/LinkUp/800G,sys1-ice2-p-swi-bes35,sw9p2,Active/LinkUp/800G
74442,leaf-spine,sys1-ice2-p-swi-bel9,sw72p1,Active/LinkUp/800G,sys1-ice2-p-swi-bes36,sw9p1,Active/LinkUp/800G
74443,leaf-spine,sys1-ice2-p-swi-bel9,sw72p2,Active/LinkUp/800G,sys1-ice2-p-swi-bes36,sw9p2,Active/LinkUp/800G
74444,leaf-spine,sys1-ice2-p-swi-bel10,sw37p1,Active/LinkUp/800G,sys1-ice2-p-swi-bes1,sw10p1,Active/LinkUp/800G
74445,leaf-spine,sys1-ice2-p-swi-bel10,sw37p2,Active/LinkUp/800G,sys1-ice2-p-swi-bes1,sw10p2,Active/LinkUp/800G
74446,leaf-spine,sys1-ice2-p-swi-bel10,sw38p1,Active/LinkUp/800G,sys1-ice2-p-swi-bes2,sw10p1,Active/LinkUp/800G
74447,leaf-spine,sys1-ice2-p-swi-bel10,sw38p2,Active/LinkUp/800G,sys1-ice2-p-swi-bes2,sw10p2,Active/LinkUp/800G
74448,leaf-spine,sys1-ice2-p-swi-bel10,sw39p1,Active/LinkUp/800G,sys1-ice2-p-swi-bes3,sw10p1,Active/LinkUp/800G
74449,leaf-spine,sys1-ice2-p-swi-bel10,sw39p2,Active/LinkUp/800G,sys1-ice2-p-swi-bes3,sw10p2,Active/LinkUp/800G
74450,leaf-spine,sys1-ice2-p-swi-bel10,sw40p1,Active/LinkUp/800G,sys1-ice2-p-swi-bes4,sw10p1,Active/LinkUp/800G
74451,leaf-spine,sys1-ice2-p-swi-bel10,sw40p2,Active/LinkUp/800G,sys1-ice2-p-swi-bes4,sw10p2,Active/LinkUp/800G
74452,leaf-spine,sys1-ice2-p-swi-bel10,sw41p1,Active/LinkUp/800G,sys1-ice2-p-swi-bes5,sw10p1,Active/LinkUp/800G
74453,leaf-spine,sys1-ice2-p-swi-bel10,sw41p2,Active/LinkUp/800G,sys1-ice2-p-swi-bes5,sw10p2,Active/LinkUp/800G
74454,leaf-spine,sys1-ice2-p-swi-bel10,sw42p1,Active/LinkUp/800G,sys1-ice2-p-swi-bes6,sw10p1,Active/LinkUp/800G
74455,leaf-spine,sys1-ice2-p-swi-bel10,sw42p2,Active/LinkUp/800G,sys1-ice2-p-swi-bes6,sw10p2,Active/LinkUp/800G
74456,leaf-spine,sys1-ice2-p-swi-bel10,sw43p1,Active/LinkUp/800G,sys1-ice2-p-swi-bes7,sw10p1,Active/LinkUp/800G
74457,leaf-spine,sys1-ice2-p-swi-bel10,sw43p2,Active/LinkUp/800G,sys1-ice2-p-swi-bes7,sw10p2,Active/LinkUp/800G
74458,leaf-spine,sys1-ice2-p-swi-bel10,sw44p1,Active/LinkUp/800G,sys1-ice2-p-swi-bes8,sw10p1,Active/LinkUp/800G
74459,leaf-spine,sys1-ice2-p-swi-bel10,sw44p2,Active/LinkUp/800G,sys1-ice2-p-swi-bes8,sw10p2,Active/LinkUp/800G
74460,leaf-spine,sys1-ice2-p-swi-bel10,sw45p1,Active/LinkUp/800G,sys1-ice2-p-swi-bes9,sw10p1,Active/LinkUp/800G
74461,leaf-spine,sys1-ice2-p-swi-bel10,sw45p2,Active/LinkUp/800G,sys1-ice2-p-swi-bes9,sw10p2,Active/LinkUp/800G
74462,leaf-spine,sys1-ice2-p-swi-bel10,sw46p1,Active/LinkUp/800G,sys1-ice2-p-swi-bes10,sw10p1,Active/LinkUp/800G
74463,leaf-spine,sys1-ice2-p-swi-bel10,sw46p2,Active/LinkUp/800G,sys1-ice2-p-swi-bes10,sw10p2,Active/LinkUp/800G
74464,leaf-spine,sys1-ice2-p-swi-bel10,sw47p1,Active/LinkUp/800G,sys1-ice2-p-swi-bes11,sw10p1,Active/LinkUp/800G
74465,leaf-spine,sys1-ice2-p-swi-bel10,sw47p2,Active/LinkUp/800G,sys1-ice2-p-swi-bes11,sw10p2,Active/LinkUp/800G
74466,leaf-spine,sys1-ice2-p-swi-bel10,sw48p1,Active/LinkUp/800G,sys1-ice2-p-swi-bes12,sw10p1,Active/LinkUp/800G
74467,leaf-spine,sys1-ice2-p-swi-bel10,sw48p2,Active/LinkUp/800G,sys1-ice2-p-swi-bes12,sw10p2,Active/LinkUp/800G
74468,leaf-spine,sys1-ice2-p-swi-bel10,sw49p1,Active/LinkUp/800G,sys1-ice2-p-swi-bes13,sw10p1,Active/LinkUp/800G
74469,leaf-spine,sys1-ice2-p-swi-bel10,sw49p2,Active/LinkUp/800G,sys1-ice2-p-swi-bes13,sw10p2,Active/LinkUp/800G
74470,leaf-spine,sys1-ice2-p-swi-bel10,sw50p1,Active/LinkUp/800G,sys1-ice2-p-swi-bes14,sw10p1,Active/LinkUp/800G
74471,leaf-spine,sys1-ice2-p-swi-bel10,sw50p2,Active/LinkUp/800G,sys1-ice2-p-swi-bes14,sw10p2,Active/LinkUp/800G
74472,leaf-spine,sys1-ice2-p-swi-bel10,sw51p1,Active/LinkUp/800G,sys1-ice2-p-swi-bes15,sw10p1,Active/LinkUp/800G
74473,leaf-spine,sys1-ice2-p-swi-bel10,sw51p2,Active/LinkUp/800G,sys1-ice2-p-swi-bes15,sw10p2,Active/LinkUp/800G
74474,leaf-spine,sys1-ice2-p-swi-bel10,sw52p1,Active/LinkUp/800G,sys1-ice2-p-swi-bes16,sw10p1,Active/LinkUp/800G
74475,leaf-spine,sys1-ice2-p-swi-bel10,sw52p2,Active/LinkUp/800G,sys1-ice2-p-swi-bes16,sw10p2,Active/LinkUp/800G
74476,leaf-spine,sys1-ice2-p-swi-bel10,sw53p1,Active/LinkUp/800G,sys1-ice2-p-swi-bes17,sw10p1,Active/LinkUp/800G
74477,leaf-spine,sys1-ice2-p-swi-bel10,sw53p2,Active/LinkUp/800G,sys1-ice2-p-swi-bes17,sw10p2,Active/LinkUp/800G
74478,leaf-spine,sys1-ice2-p-swi-bel10,sw54p1,Active/LinkUp/800G,sys1-ice2-p-swi-bes18,sw10p1,Active/LinkUp/800G
74479,leaf-spine,sys1-ice2-p-swi-bel10,sw54p2,Active/LinkUp/800G,sys1-ice2-p-swi-bes18,sw10p2,Active/LinkUp/800G
74480,leaf-spine,sys1-ice2-p-swi-bel10,sw55p1,Active/LinkUp/800G,sys1-ice2-p-swi-bes19,sw10p1,Active/LinkUp/800G
74481,leaf-spine,sys1-ice2-p-swi-bel10,sw55p2,Active/LinkUp/800G,sys1-ice2-p-swi-bes19,sw10p2,Active/LinkUp/800G
74482,leaf-spine,sys1-ice2-p-swi-bel10,sw56p1,Active/LinkUp/800G,sys1-ice2-p-swi-bes20,sw10p1,Active/LinkUp/800G
74483,leaf-spine,sys1-ice2-p-swi-bel10,sw56p2,Active/LinkUp/800G,sys1-ice2-p-swi-bes20,sw10p2,Active/LinkUp/800G
74484,leaf-spine,sys1-ice2-p-swi-bel10,sw57p1,Active/LinkUp/800G,sys1-ice2-p-swi-bes21,sw10p1,Active/LinkUp/800G
74485,leaf-spine,sys1-ice2-p-swi-bel10,sw57p2,Active/LinkUp/800G,sys1-ice2-p-swi-bes21,sw10p2,Active/LinkUp/800G
74486,leaf-spine,sys1-ice2-p-swi-bel10,sw58p1,Active/LinkUp/800G,sys1-ice2-p-swi-bes22,sw10p1,Active/LinkUp/800G
74487,leaf-spine,sys1-ice2-p-swi-bel10,sw58p2,Active/LinkUp/800G,sys1-ice2-p-swi-bes22,sw10p2,Active/LinkUp/800G
74488,leaf-spine,sys1-ice2-p-swi-bel10,sw59p1,Active/LinkUp/800G,sys1-ice2-p-swi-bes23,sw10p1,Active/LinkUp/800G
74489,leaf-spine,sys1-ice2-p-swi-bel10,sw59p2,Active/LinkUp/800G,sys1-ice2-p-swi-bes23,sw10p2,Active/LinkUp/800G
74490,leaf-spine,sys1-ice2-p-swi-bel10,sw60p1,Active/LinkUp/800G,sys1-ice2-p-swi-bes24,sw10p1,Active/LinkUp/800G
74491,leaf-spine,sys1-ice2-p-swi-bel10,sw60p2,Active/LinkUp/800G,sys1-ice2-p-swi-bes24,sw10p2,Active/LinkUp/800G
74492,leaf-spine,sys1-ice2-p-swi-bel10,sw61p1,Active/LinkUp/800G,sys1-ice2-p-swi-bes25,sw10p1,Active/LinkUp/800G
74493,leaf-spine,sys1-ice2-p-swi-bel10,sw61p2,Active/LinkUp/800G,sys1-ice2-p-swi-bes25,sw10p2,Active/LinkUp/800G
74494,leaf-spine,sys1-ice2-p-swi-bel10,sw62p1,Active/LinkUp/800G,sys1-ice2-p-swi-bes26,sw10p1,Active/LinkUp/800G
74495,leaf-spine,sys1-ice2-p-swi-bel10,sw62p2,Active/LinkUp/800G,sys1-ice2-p-swi-bes26,sw10p2,Active/LinkUp/800G
74496,leaf-spine,sys1-ice2-p-swi-bel10,sw63p1,Active/LinkUp/800G,sys1-ice2-p-swi-bes27,sw10p1,Active/LinkUp/800G
74497,leaf-spine,sys1-ice2-p-swi-bel10,sw63p2,Active/LinkUp/800G,sys1-ice2-p-swi-bes27,sw10p2,Active/LinkUp/800G
74498,leaf-spine,sys1-ice2-p-swi-bel10,sw64p1,Active/LinkUp/800G,sys1-ice2-p-swi-bes28,sw10p1,Active/LinkUp/800G
74499,leaf-spine,sys1-ice2-p-swi-bel10,sw64p2,Active/LinkUp/800G,sys1-ice2-p-swi-bes28,sw10p2,Active/LinkUp/800G
74500,leaf-spine,sys1-ice2-p-swi-bel10,sw65p1,Active/LinkUp/800G,sys1-ice2-p-swi-bes29,sw10p1,Active/LinkUp/800G
74501,leaf-spine,sys1-ice2-p-swi-bel10,sw65p2,Active/LinkUp/800G,sys1-ice2-p-swi-bes29,sw10p2,Active/LinkUp/800G
74502,leaf-spine,sys1-ice2-p-swi-bel10,sw66p1,Active/LinkUp/800G,sys1-ice2-p-swi-bes30,sw10p1,Active/LinkUp/800G
74503,leaf-spine,sys1-ice2-p-swi-bel10,sw66p2,Active/LinkUp/800G,sys1-ice2-p-swi-bes30,sw10p2,Active/LinkUp/800G
74504,leaf-spine,sys1-ice2-p-swi-bel10,sw67p1,Active/LinkUp/800G,sys1-ice2-p-swi-bes31,sw10p1,Active/LinkUp/800G
74505,leaf-spine,sys1-ice2-p-swi-bel10,sw67p2,Active/LinkUp/800G,sys1-ice2-p-swi-bes31,sw10p2,Active/LinkUp/800G
74506,leaf-spine,sys1-ice2-p-swi-bel10,sw68p1,Active/LinkUp/800G,sys1-ice2-p-swi-bes32,sw10p1,Active/LinkUp/800G
74507,leaf-spine,sys1-ice2-p-swi-bel10,sw68p2,Active/LinkUp/800G,sys1-ice2-p-swi-bes32,sw10p2,Active/LinkUp/800G
74508,leaf-spine,sys1-ice2-p-swi-bel10,sw69p1,Active/LinkUp/800G,sys1-ice2-p-swi-bes33,sw10p1,Active/LinkUp/800G
74509,leaf-spine,sys1-ice2-p-swi-bel10,sw69p2,Active/LinkUp/800G,sys1-ice2-p-swi-bes33,sw10p2,Active/LinkUp/800G
74510,leaf-spine,sys1-ice2-p-swi-bel10,sw70p1,Active/LinkUp/800G,sys1-ice2-p-swi-bes34,sw10p1,Active/LinkUp/800G
74511,leaf-spine,sys1-ice2-p-swi-bel10,sw70p2,Active/LinkUp/800G,sys1-ice2-p-swi-bes34,sw10p2,Active/LinkUp/800G
74512,leaf-spine,sys1-ice2-p-swi-bel10,sw71p1,Active/LinkUp/800G,sys1-ice2-p-swi-bes35,sw10p1,Active/LinkUp/800G
74513,leaf-spine,sys1-ice2-p-swi-bel10,sw71p2,Active/LinkUp/800G,sys1-ice2-p-swi-bes35,sw10p2,Active/LinkUp/800G
74514,leaf-spine,sys1-ice2-p-swi-bel10,sw72p1,Active/LinkUp/800G,sys1-ice2-p-swi-bes36,sw10p1,Active/LinkUp/800G
74515,leaf-spine,sys1-ice2-p-swi-bel10,sw72p2,Active/LinkUp/800G,sys1-ice2-p-swi-bes36,sw10p2,Active/LinkUp/800G
74516,leaf-spine,sys1-ice2-p-swi-bel11,sw37p1,Active/LinkUp/800G,sys1-ice2-p-swi-bes1,sw11p1,Active/LinkUp/800G
74517,leaf-spine,sys1-ice2-p-swi-bel11,sw37p2,Active/LinkUp/800G,sys1-ice2-p-swi-bes1,sw11p2,Active/LinkUp/800G
74518,leaf-spine,sys1-ice2-p-swi-bel11,sw38p1,Active/LinkUp/800G,sys1-ice2-p-swi-bes2,sw11p1,Active/LinkUp/800G
74519,leaf-spine,sys1-ice2-p-swi-bel11,sw38p2,Active/LinkUp/800G,sys1-ice2-p-swi-bes2,sw11p2,Active/LinkUp/800G
74520,leaf-spine,sys1-ice2-p-swi-bel11,sw39p1,Active/LinkUp/800G,sys1-ice2-p-swi-bes3,sw11p1,Active/LinkUp/800G
74521,leaf-spine,sys1-ice2-p-swi-bel11,sw39p2,Active/LinkUp/800G,sys1-ice2-p-swi-bes3,sw11p2,Active/LinkUp/800G
74522,leaf-spine,sys1-ice2-p-swi-bel11,sw40p1,Active/LinkUp/800G,sys1-ice2-p-swi-bes4,sw11p1,Active/LinkUp/800G
74523,leaf-spine,sys1-ice2-p-swi-bel11,sw40p2,Active/LinkUp/800G,sys1-ice2-p-swi-bes4,sw11p2,Active/LinkUp/800G
74524,leaf-spine,sys1-ice2-p-swi-bel11,sw41p1,Active/LinkUp/800G,sys1-ice2-p-swi-bes5,sw11p1,Active/LinkUp/800G
74525,leaf-spine,sys1-ice2-p-swi-bel11,sw41p2,Active/LinkUp/800G,sys1-ice2-p-swi-bes5,sw11p2,Active/LinkUp/800G
74526,leaf-spine,sys1-ice2-p-swi-bel11,sw42p1,Active/LinkUp/800G,sys1-ice2-p-swi-bes6,sw11p1,Active/LinkUp/800G
74527,leaf-spine,sys1-ice2-p-swi-bel11,sw42p2,Active/LinkUp/800G,sys1-ice2-p-swi-bes6,sw11p2,Active/LinkUp/800G
74528,leaf-spine,sys1-ice2-p-swi-bel11,sw43p1,Active/LinkUp/800G,sys1-ice2-p-swi-bes7,sw11p1,Active/LinkUp/800G
74529,leaf-spine,sys1-ice2-p-swi-bel11,sw43p2,Active/LinkUp/800G,sys1-ice2-p-swi-bes7,sw11p2,Active/LinkUp/800G
74530,leaf-spine,sys1-ice2-p-swi-bel11,sw44p1,Active/LinkUp/800G,sys1-ice2-p-swi-bes8,sw11p1,Active/LinkUp/800G
74531,leaf-spine,sys1-ice2-p-swi-bel11,sw44p2,Active/LinkUp/800G,sys1-ice2-p-swi-bes8,sw11p2,Active/LinkUp/800G
74532,leaf-spine,sys1-ice2-p-swi-bel11,sw45p1,Active/LinkUp/800G,sys1-ice2-p-swi-bes9,sw11p1,Active/LinkUp/800G
74533,leaf-spine,sys1-ice2-p-swi-bel11,sw45p2,Active/LinkUp/800G,sys1-ice2-p-swi-bes9,sw11p2,Active/LinkUp/800G
74534,leaf-spine,sys1-ice2-p-swi-bel11,sw46p1,Active/LinkUp/800G,sys1-ice2-p-swi-bes10,sw11p1,Active/LinkUp/800G
74535,leaf-spine,sys1-ice2-p-swi-bel11,sw46p2,Active/LinkUp/800G,sys1-ice2-p-swi-bes10,sw11p2,Active/LinkUp/800G
74536,leaf-spine,sys1-ice2-p-swi-bel11,sw47p1,Active/LinkUp/800G,sys1-ice2-p-swi-bes11,sw11p1,Active/LinkUp/800G
74537,leaf-spine,sys1-ice2-p-swi-bel11,sw47p2,Active/LinkUp/800G,sys1-ice2-p-swi-bes11,sw11p2,Active/LinkUp/800G
74538,leaf-spine,sys1-ice2-p-swi-bel11,sw48p1,Active/LinkUp/800G,sys1-ice2-p-swi-bes12,sw11p1,Active/LinkUp/800G
74539,leaf-spine,sys1-ice2-p-swi-bel11,sw48p2,Active/LinkUp/800G,sys1-ice2-p-swi-bes12,sw11p2,Active/LinkUp/800G
74540,leaf-spine,sys1-ice2-p-swi-bel11,sw49p1,Active/LinkUp/800G,sys1-ice2-p-swi-bes13,sw11p1,Active/LinkUp/800G
74541,leaf-spine,sys1-ice2-p-swi-bel11,sw49p2,Active/LinkUp/800G,sys1-ice2-p-swi-bes13,sw11p2,Active/LinkUp/800G
74542,leaf-spine,sys1-ice2-p-swi-bel11,sw50p1,Active/LinkUp/800G,sys1-ice2-p-swi-bes14,sw11p1,Active/LinkUp/800G
74543,leaf-spine,sys1-ice2-p-swi-bel11,sw50p2,Active/LinkUp/800G,sys1-ice2-p-swi-bes14,sw11p2,Active/LinkUp/800G
74544,leaf-spine,sys1-ice2-p-swi-bel11,sw51p1,Active/LinkUp/800G,sys1-ice2-p-swi-bes15,sw11p1,Active/LinkUp/800G
74545,leaf-spine,sys1-ice2-p-swi-bel11,sw51p2,Active/LinkUp/800G,sys1-ice2-p-swi-bes15,sw11p2,Active/LinkUp/800G
74546,leaf-spine,sys1-ice2-p-swi-bel11,sw52p1,Active/LinkUp/800G,sys1-ice2-p-swi-bes16,sw11p1,Active/LinkUp/800G
74547,leaf-spine,sys1-ice2-p-swi-bel11,sw52p2,Active/LinkUp/800G,sys1-ice2-p-swi-bes16,sw11p2,Active/LinkUp/800G
74548,leaf-spine,sys1-ice2-p-swi-bel11,sw53p1,Active/LinkUp/800G,sys1-ice2-p-swi-bes17,sw11p1,Active/LinkUp/800G
74549,leaf-spine,sys1-ice2-p-swi-bel11,sw53p2,Active/LinkUp/800G,sys1-ice2-p-swi-bes17,sw11p2,Active/LinkUp/800G
74550,leaf-spine,sys1-ice2-p-swi-bel11,sw54p1,Active/LinkUp/800G,sys1-ice2-p-swi-bes18,sw11p1,Active/LinkUp/800G
74551,leaf-spine,sys1-ice2-p-swi-bel11,sw54p2,Active/LinkUp/800G,sys1-ice2-p-swi-bes18,sw11p2,Active/LinkUp/800G
74552,leaf-spine,sys1-ice2-p-swi-bel11,sw55p1,Active/LinkUp/800G,sys1-ice2-p-swi-bes19,sw11p1,Active/LinkUp/800G
74553,leaf-spine,sys1-ice2-p-swi-bel11,sw55p2,Active/LinkUp/800G,sys1-ice2-p-swi-bes19,sw11p2,Active/LinkUp/800G
74554,leaf-spine,sys1-ice2-p-swi-bel11,sw56p1,Active/LinkUp/800G,sys1-ice2-p-swi-bes20,sw11p1,Active/LinkUp/800G
74555,leaf-spine,sys1-ice2-p-swi-bel11,sw56p2,Active/LinkUp/800G,sys1-ice2-p-swi-bes20,sw11p2,Active/LinkUp/800G
74556,leaf-spine,sys1-ice2-p-swi-bel11,sw57p1,Active/LinkUp/800G,sys1-ice2-p-swi-bes21,sw11p1,Active/LinkUp/800G
74557,leaf-spine,sys1-ice2-p-swi-bel11,sw57p2,Active/LinkUp/800G,sys1-ice2-p-swi-bes21,sw11p2,Active/LinkUp/800G
74558,leaf-spine,sys1-ice2-p-swi-bel11,sw58p1,Active/LinkUp/800G,sys1-ice2-p-swi-bes22,sw11p1,Active/LinkUp/800G
74559,leaf-spine,sys1-ice2-p-swi-bel11,sw58p2,Active/LinkUp/800G,sys1-ice2-p-swi-bes22,sw11p2,Active/LinkUp/800G
74560,leaf-spine,sys1-ice2-p-swi-bel11,sw59p1,Active/LinkUp/800G,sys1-ice2-p-swi-bes23,sw11p1,Active/LinkUp/800G
74561,leaf-spine,sys1-ice2-p-swi-bel11,sw59p2,Active/LinkUp/800G,sys1-ice2-p-swi-bes23,sw11p2,Active/LinkUp/800G
74562,leaf-spine,sys1-ice2-p-swi-bel11,sw60p1,Active/LinkUp/800G,sys1-ice2-p-swi-bes24,sw11p1,Active/LinkUp/800G
74563,leaf-spine,sys1-ice2-p-swi-bel11,sw60p2,Active/LinkUp/800G,sys1-ice2-p-swi-bes24,sw11p2,Active/LinkUp/800G
74564,leaf-spine,sys1-ice2-p-swi-bel11,sw61p1,Active/LinkUp/800G,sys1-ice2-p-swi-bes25,sw11p1,Active/LinkUp/800G
74565,leaf-spine,sys1-ice2-p-swi-bel11,sw61p2,Active/LinkUp/800G,sys1-ice2-p-swi-bes25,sw11p2,Active/LinkUp/800G
74566,leaf-spine,sys1-ice2-p-swi-bel11,sw62p1,Active/LinkUp/800G,sys1-ice2-p-swi-bes26,sw11p1,Active/LinkUp/800G
74567,leaf-spine,sys1-ice2-p-swi-bel11,sw62p2,Active/LinkUp/800G,sys1-ice2-p-swi-bes26,sw11p2,Active/LinkUp/800G
74568,leaf-spine,sys1-ice2-p-swi-bel11,sw63p1,Active/LinkUp/800G,sys1-ice2-p-swi-bes27,sw11p1,Active/LinkUp/800G
74569,leaf-spine,sys1-ice2-p-swi-bel11,sw63p2,Active/LinkUp/800G,sys1-ice2-p-swi-bes27,sw11p2,Active/LinkUp/800G
74570,leaf-spine,sys1-ice2-p-swi-bel11,sw64p1,Active/LinkUp/800G,sys1-ice2-p-swi-bes28,sw11p1,Active/LinkUp/800G
74571,leaf-spine,sys1-ice2-p-swi-bel11,sw64p2,Active/LinkUp/800G,sys1-ice2-p-swi-bes28,sw11p2,Active/LinkUp/800G
74572,leaf-spine,sys1-ice2-p-swi-bel11,sw65p1,Active/LinkUp/800G,sys1-ice2-p-swi-bes29,sw11p1,Active/LinkUp/800G
74573,leaf-spine,sys1-ice2-p-swi-bel11,sw65p2,Active/LinkUp/800G,sys1-ice2-p-swi-bes29,sw11p2,Active/LinkUp/800G
74574,leaf-spine,sys1-ice2-p-swi-bel11,sw66p1,Active/LinkUp/800G,sys1-ice2-p-swi-bes30,sw11p1,Active/LinkUp/800G
74575,leaf-spine,sys1-ice2-p-swi-bel11,sw66p2,Active/LinkUp/800G,sys1-ice2-p-swi-bes30,sw11p2,Active/LinkUp/800G
74576,leaf-spine,sys1-ice2-p-swi-bel11,sw67p1,Active/LinkUp/800G,sys1-ice2-p-swi-bes31,sw11p1,Active/LinkUp/800G
74577,leaf-spine,sys1-ice2-p-swi-bel11,sw67p2,Active/LinkUp/800G,sys1-ice2-p-swi-bes31,sw11p2,Active/LinkUp/800G
74578,leaf-spine,sys1-ice2-p-swi-bel11,sw68p1,Active/LinkUp/800G,sys1-ice2-p-swi-bes32,sw11p1,Active/LinkUp/800G
74579,leaf-spine,sys1-ice2-p-swi-bel11,sw68p2,Active/LinkUp/800G,sys1-ice2-p-swi-bes32,sw11p2,Active/LinkUp/800G
74580,leaf-spine,sys1-ice2-p-swi-bel11,sw69p1,Active/LinkUp/800G,sys1-ice2-p-swi-bes33,sw11p1,Active/LinkUp/800G
74581,leaf-spine,sys1-ice2-p-swi-bel11,sw69p2,Active/LinkUp/800G,sys1-ice2-p-swi-bes33,sw11p2,Active/LinkUp/800G
74582,leaf-spine,sys1-ice2-p-swi-bel11,sw70p1,Active/LinkUp/800G,sys1-ice2-p-swi-bes34,sw11p1,Active/LinkUp/800G
74583,leaf-spine,sys1-ice2-p-swi-bel11,sw70p2,Active/LinkUp/800G,sys1-ice2-p-swi-bes34,sw11p2,Active/LinkUp/800G
74584,leaf-spine,sys1-ice2-p-swi-bel11,sw71p1,Active/LinkUp/800G,sys1-ice2-p-swi-bes35,sw11p1,Active/LinkUp/800G
74585,leaf-spine,sys1-ice2-p-swi-bel11,sw71p2,Active/LinkUp/800G,sys1-ice2-p-swi-bes35,sw11p2,Active/LinkUp/800G
74586,leaf-spine,sys1-ice2-p-swi-bel11,sw72p1,Active/LinkUp/800G,sys1-ice2-p-swi-bes36,sw11p1,Active/LinkUp/800G
74587,leaf-spine,sys1-ice2-p-swi-bel11,sw72p2,Active/LinkUp/800G,sys1-ice2-p-swi-bes36,sw11p2,Active/LinkUp/800G
74588,leaf-spine,sys1-ice2-p-swi-bel12,sw37p1,Active/LinkUp/800G,sys1-ice2-p-swi-bes1,sw12p1,Active/LinkUp/800G
74589,leaf-spine,sys1-ice2-p-swi-bel12,sw37p2,Active/LinkUp/800G,sys1-ice2-p-swi-bes1,sw12p2,Active/LinkUp/800G
74590,leaf-spine,sys1-ice2-p-swi-bel12,sw38p1,Active/LinkUp/800G,sys1-ice2-p-swi-bes2,sw12p1,Active/LinkUp/800G
74591,leaf-spine,sys1-ice2-p-swi-bel12,sw38p2,Active/LinkUp/800G,sys1-ice2-p-swi-bes2,sw12p2,Active/LinkUp/800G
74592,leaf-spine,sys1-ice2-p-swi-bel12,sw39p1,Active/LinkUp/800G,sys1-ice2-p-swi-bes3,sw12p1,Active/LinkUp/800G
74593,leaf-spine,sys1-ice2-p-swi-bel12,sw39p2,Active/LinkUp/800G,sys1-ice2-p-swi-bes3,sw12p2,Active/LinkUp/800G
74594,leaf-spine,sys1-ice2-p-swi-bel12,sw40p1,Active/LinkUp/800G,sys1-ice2-p-swi-bes4,sw12p1,Active/LinkUp/800G
74595,leaf-spine,sys1-ice2-p-swi-bel12,sw40p2,Active/LinkUp/800G,sys1-ice2-p-swi-bes4,sw12p2,Active/LinkUp/800G
74596,leaf-spine,sys1-ice2-p-swi-bel12,sw41p1,Active/LinkUp/800G,sys1-ice2-p-swi-bes5,sw12p1,Active/LinkUp/800G
74597,leaf-spine,sys1-ice2-p-swi-bel12,sw41p2,Active/LinkUp/800G,sys1-ice2-p-swi-bes5,sw12p2,Active/LinkUp/800G
74598,leaf-spine,sys1-ice2-p-swi-bel12,sw42p1,Active/LinkUp/800G,sys1-ice2-p-swi-bes6,sw12p1,Active/LinkUp/800G
74599,leaf-spine,sys1-ice2-p-swi-bel12,sw42p2,Active/LinkUp/800G,sys1-ice2-p-swi-bes6,sw12p2,Active/LinkUp/800G
74600,leaf-spine,sys1-ice2-p-swi-bel12,sw43p1,Active/LinkUp/800G,sys1-ice2-p-swi-bes7,sw12p1,Active/LinkUp/800G
74601,leaf-spine,sys1-ice2-p-swi-bel12,sw43p2,Active/LinkUp/800G,sys1-ice2-p-swi-bes7,sw12p2,Active/LinkUp/800G
74602,leaf-spine,sys1-ice2-p-swi-bel12,sw44p1,Active/LinkUp/800G,sys1-ice2-p-swi-bes8,sw12p1,Active/LinkUp/800G
74603,leaf-spine,sys1-ice2-p-swi-bel12,sw44p2,Active/LinkUp/800G,sys1-ice2-p-swi-bes8,sw12p2,Active/LinkUp/800G
74604,leaf-spine,sys1-ice2-p-swi-bel12,sw45p1,Active/LinkUp/800G,sys1-ice2-p-swi-bes9,sw12p1,Active/LinkUp/800G
74605,leaf-spine,sys1-ice2-p-swi-bel12,sw45p2,Active/LinkUp/800G,sys1-ice2-p-swi-bes9,sw12p2,Active/LinkUp/800G
74606,leaf-spine,sys1-ice2-p-swi-bel12,sw46p1,Active/LinkUp/800G,sys1-ice2-p-swi-bes10,sw12p1,Active/LinkUp/800G
74607,leaf-spine,sys1-ice2-p-swi-bel12,sw46p2,Active/LinkUp/800G,sys1-ice2-p-swi-bes10,sw12p2,Active/LinkUp/800G
74608,leaf-spine,sys1-ice2-p-swi-bel12,sw47p1,Active/LinkUp/800G,sys1-ice2-p-swi-bes11,sw12p1,Active/LinkUp/800G
74609,leaf-spine,sys1-ice2-p-swi-bel12,sw47p2,Active/LinkUp/800G,sys1-ice2-p-swi-bes11,sw12p2,Active/LinkUp/800G
74610,leaf-spine,sys1-ice2-p-swi-bel12,sw48p1,Active/LinkUp/800G,sys1-ice2-p-swi-bes12,sw12p1,Active/LinkUp/800G
74611,leaf-spine,sys1-ice2-p-swi-bel12,sw48p2,Active/LinkUp/800G,sys1-ice2-p-swi-bes12,sw12p2,Active/LinkUp/800G
74612,leaf-spine,sys1-ice2-p-swi-bel12,sw49p1,Active/LinkUp/800G,sys1-ice2-p-swi-bes13,sw12p1,Active/LinkUp/800G
74613,leaf-spine,sys1-ice2-p-swi-bel12,sw49p2,Active/LinkUp/800G,sys1-ice2-p-swi-bes13,sw12p2,Active/LinkUp/800G
74614,leaf-spine,sys1-ice2-p-swi-bel12,sw50p1,Active/LinkUp/800G,sys1-ice2-p-swi-bes14,sw12p1,Active/LinkUp/800G
74615,leaf-spine,sys1-ice2-p-swi-bel12,sw50p2,Active/LinkUp/800G,sys1-ice2-p-swi-bes14,sw12p2,Active/LinkUp/800G
74616,leaf-spine,sys1-ice2-p-swi-bel12,sw51p1,Active/LinkUp/800G,sys1-ice2-p-swi-bes15,sw12p1,Active/LinkUp/800G
74617,leaf-spine,sys1-ice2-p-swi-bel12,sw51p2,Active/LinkUp/800G,sys1-ice2-p-swi-bes15,sw12p2,Active/LinkUp/800G
74618,leaf-spine,sys1-ice2-p-swi-bel12,sw52p1,Active/LinkUp/800G,sys1-ice2-p-swi-bes16,sw12p1,Active/LinkUp/800G
74619,leaf-spine,sys1-ice2-p-swi-bel12,sw52p2,Active/LinkUp/800G,sys1-ice2-p-swi-bes16,sw12p2,Active/LinkUp/800G
74620,leaf-spine,sys1-ice2-p-swi-bel12,sw53p1,Active/LinkUp/800G,sys1-ice2-p-swi-bes17,sw12p1,Active/LinkUp/800G
74621,leaf-spine,sys1-ice2-p-swi-bel12,sw53p2,Active/LinkUp/800G,sys1-ice2-p-swi-bes17,sw12p2,Active/LinkUp/800G
74622,leaf-spine,sys1-ice2-p-swi-bel12,sw54p1,Active/LinkUp/800G,sys1-ice2-p-swi-bes18,sw12p1,Active/LinkUp/800G
74623,leaf-spine,sys1-ice2-p-swi-bel12,sw54p2,Active/LinkUp/800G,sys1-ice2-p-swi-bes18,sw12p2,Active/LinkUp/800G
74624,leaf-spine,sys1-ice2-p-swi-bel12,sw55p1,Active/LinkUp/800G,sys1-ice2-p-swi-bes19,sw12p1,Active/LinkUp/800G
74625,leaf-spine,sys1-ice2-p-swi-bel12,sw55p2,Active/LinkUp/800G,sys1-ice2-p-swi-bes19,sw12p2,Active/LinkUp/800G
74626,leaf-spine,sys1-ice2-p-swi-bel12,sw56p1,Active/LinkUp/800G,sys1-ice2-p-swi-bes20,sw12p1,Active/LinkUp/800G
74627,leaf-spine,sys1-ice2-p-swi-bel12,sw56p2,Active/LinkUp/800G,sys1-ice2-p-swi-bes20,sw12p2,Active/LinkUp/800G
74628,leaf-spine,sys1-ice2-p-swi-bel12,sw57p1,Active/LinkUp/800G,sys1-ice2-p-swi-bes21,sw12p1,Active/LinkUp/800G
74629,leaf-spine,sys1-ice2-p-swi-bel12,sw57p2,Active/LinkUp/800G,sys1-ice2-p-swi-bes21,sw12p2,Active/LinkUp/800G
74630,leaf-spine,sys1-ice2-p-swi-bel12,sw58p1,Active/LinkUp/800G,sys1-ice2-p-swi-bes22,sw12p1,Active/LinkUp/800G
74631,leaf-spine,sys1-ice2-p-swi-bel12,sw58p2,Active/LinkUp/800G,sys1-ice2-p-swi-bes22,sw12p2,Active/LinkUp/800G
74632,leaf-spine,sys1-ice2-p-swi-bel12,sw59p1,Active/LinkUp/800G,sys1-ice2-p-swi-bes23,sw12p1,Active/LinkUp/800G
74633,leaf-spine,sys1-ice2-p-swi-bel12,sw59p2,Active/LinkUp/800G,sys1-ice2-p-swi-bes23,sw12p2,Active/LinkUp/800G
74634,leaf-spine,sys1-ice2-p-swi-bel12,sw60p1,Active/LinkUp/800G,sys1-ice2-p-swi-bes24,sw12p1,Active/LinkUp/800G
74635,leaf-spine,sys1-ice2-p-swi-bel12,sw60p2,Active/LinkUp/800G,sys1-ice2-p-swi-bes24,sw12p2,Active/LinkUp/800G
74636,leaf-spine,sys1-ice2-p-swi-bel12,sw61p1,Active/LinkUp/800G,sys1-ice2-p-swi-bes25,sw12p1,Active/LinkUp/800G
74637,leaf-spine,sys1-ice2-p-swi-bel12,sw61p2,Active/LinkUp/800G,sys1-ice2-p-swi-bes25,sw12p2,Active/LinkUp/800G
74638,leaf-spine,sys1-ice2-p-swi-bel12,sw62p1,Active/LinkUp/800G,sys1-ice2-p-swi-bes26,sw12p1,Active/LinkUp/800G
74639,leaf-spine,sys1-ice2-p-swi-bel12,sw62p2,Active/LinkUp/800G,sys1-ice2-p-swi-bes26,sw12p2,Active/LinkUp/800G
74640,leaf-spine,sys1-ice2-p-swi-bel12,sw63p1,Active/LinkUp/800G,sys1-ice2-p-swi-bes27,sw12p1,Active/LinkUp/800G
74641,leaf-spine,sys1-ice2-p-swi-bel12,sw63p2,Active/LinkUp/800G,sys1-ice2-p-swi-bes27,sw12p2,Active/LinkUp/800G
74642,leaf-spine,sys1-ice2-p-swi-bel12,sw64p1,Active/LinkUp/800G,sys1-ice2-p-swi-bes28,sw12p1,Active/LinkUp/800G
74643,leaf-spine,sys1-ice2-p-swi-bel12,sw64p2,Active/LinkUp/800G,sys1-ice2-p-swi-bes28,sw12p2,Active/LinkUp/800G
74644,leaf-spine,sys1-ice2-p-swi-bel12,sw65p1,Active/LinkUp/800G,sys1-ice2-p-swi-bes29,sw12p1,Active/LinkUp/800G
74645,leaf-spine,sys1-ice2-p-swi-bel12,sw65p2,Active/LinkUp/800G,sys1-ice2-p-swi-bes29,sw12p2,Active/LinkUp/800G
74646,leaf-spine,sys1-ice2-p-swi-bel12,sw66p1,Active/LinkUp/800G,sys1-ice2-p-swi-bes30,sw12p1,Active/LinkUp/800G
74647,leaf-spine,sys1-ice2-p-swi-bel12,sw66p2,Active/LinkUp/800G,sys1-ice2-p-swi-bes30,sw12p2,Active/LinkUp/800G
74648,leaf-spine,sys1-ice2-p-swi-bel12,sw67p1,Active/LinkUp/800G,sys1-ice2-p-swi-bes31,sw12p1,Active/LinkUp/800G
74649,leaf-spine,sys1-ice2-p-swi-bel12,sw67p2,Active/LinkUp/800G,sys1-ice2-p-swi-bes31,sw12p2,Active/LinkUp/800G
74650,leaf-spine,sys1-ice2-p-swi-bel12,sw68p1,Active/LinkUp/800G,sys1-ice2-p-swi-bes32,sw12p1,Active/LinkUp/800G
74651,leaf-spine,sys1-ice2-p-swi-bel12,sw68p2,Active/LinkUp/800G,sys1-ice2-p-swi-bes32,sw12p2,Active/LinkUp/800G
74652,leaf-spine,sys1-ice2-p-swi-bel12,sw69p1,Active/LinkUp/800G,sys1-ice2-p-swi-bes33,sw12p1,Active/LinkUp/800G
74653,leaf-spine,sys1-ice2-p-swi-bel12,sw69p2,Active/LinkUp/800G,sys1-ice2-p-swi-bes33,sw12p2,Active/LinkUp/800G
74654,leaf-spine,sys1-ice2-p-swi-bel12,sw70p1,Active/LinkUp/800G,sys1-ice2-p-swi-bes34,sw12p1,Active/LinkUp/800G
74655,leaf-spine,sys1-ice2-p-swi-bel12,sw70p2,Active/LinkUp/800G,sys1-ice2-p-swi-bes34,sw12p2,Active/LinkUp/800G
74656,leaf-spine,sys1-ice2-p-swi-bel12,sw71p1,Active/LinkUp/800G,sys1-ice2-p-swi-bes35,sw12p1,Active/LinkUp/800G
74657,leaf-spine,sys1-ice2-p-swi-bel12,sw71p2,Active/LinkUp/800G,sys1-ice2-p-swi-bes35,sw12p2,Active/LinkUp/800G
74658,leaf-spine,sys1-ice2-p-swi-bel12,sw72p1,Active/LinkUp/800G,sys1-ice2-p-swi-bes36,sw12p1,Active/LinkUp/800G
74659,leaf-spine,sys1-ice2-p-swi-bel12,sw72p2,Active/LinkUp/800G,sys1-ice2-p-swi-bes36,sw12p2,Active/LinkUp/800G
74660,leaf-spine,sys1-ice2-p-swi-bel13,sw37p1,Active/LinkUp/800G,sys1-ice2-p-swi-bes1,sw13p1,Active/LinkUp/800G
74661,leaf-spine,sys1-ice2-p-swi-bel13,sw37p2,Active/LinkUp/800G,sys1-ice2-p-swi-bes1,sw13p2,Active/LinkUp/800G
74662,leaf-spine,sys1-ice2-p-swi-bel13,sw38p1,Active/LinkUp/800G,sys1-ice2-p-swi-bes2,sw13p1,Active/LinkUp/800G
74663,leaf-spine,sys1-ice2-p-swi-bel13,sw38p2,Active/LinkUp/800G,sys1-ice2-p-swi-bes2,sw13p2,Active/LinkUp/800G
74664,leaf-spine,sys1-ice2-p-swi-bel13,sw39p1,Active/LinkUp/800G,sys1-ice2-p-swi-bes3,sw13p1,Active/LinkUp/800G
74665,leaf-spine,sys1-ice2-p-swi-bel13,sw39p2,Active/LinkUp/800G,sys1-ice2-p-swi-bes3,sw13p2,Active/LinkUp/800G
74666,leaf-spine,sys1-ice2-p-swi-bel13,sw40p1,Active/LinkUp/800G,sys1-ice2-p-swi-bes4,sw13p1,Active/LinkUp/800G
74667,leaf-spine,sys1-ice2-p-swi-bel13,sw40p2,Active/LinkUp/800G,sys1-ice2-p-swi-bes4,sw13p2,Active/LinkUp/800G
74668,leaf-spine,sys1-ice2-p-swi-bel13,sw41p1,Active/LinkUp/800G,sys1-ice2-p-swi-bes5,sw13p1,Active/LinkUp/800G
74669,leaf-spine,sys1-ice2-p-swi-bel13,sw41p2,Active/LinkUp/800G,sys1-ice2-p-swi-bes5,sw13p2,Active/LinkUp/800G
74670,leaf-spine,sys1-ice2-p-swi-bel13,sw42p1,Active/LinkUp/800G,sys1-ice2-p-swi-bes6,sw13p1,Active/LinkUp/800G
74671,leaf-spine,sys1-ice2-p-swi-bel13,sw42p2,Active/LinkUp/800G,sys1-ice2-p-swi-bes6,sw13p2,Active/LinkUp/800G
74672,leaf-spine,sys1-ice2-p-swi-bel13,sw43p1,Active/LinkUp/800G,sys1-ice2-p-swi-bes7,sw13p1,Active/LinkUp/800G
74673,leaf-spine,sys1-ice2-p-swi-bel13,sw43p2,Active/LinkUp/800G,sys1-ice2-p-swi-bes7,sw13p2,Active/LinkUp/800G
74674,leaf-spine,sys1-ice2-p-swi-bel13,sw44p1,Active/LinkUp/800G,sys1-ice2-p-swi-bes8,sw13p1,Active/LinkUp/800G
74675,leaf-spine,sys1-ice2-p-swi-bel13,sw44p2,Active/LinkUp/800G,sys1-ice2-p-swi-bes8,sw13p2,Active/LinkUp/800G
74676,leaf-spine,sys1-ice2-p-swi-bel13,sw45p1,Active/LinkUp/800G,sys1-ice2-p-swi-bes9,sw13p1,Active/LinkUp/800G
74677,leaf-spine,sys1-ice2-p-swi-bel13,sw45p2,Active/LinkUp/800G,sys1-ice2-p-swi-bes9,sw13p2,Active/LinkUp/800G
74678,leaf-spine,sys1-ice2-p-swi-bel13,sw46p1,Active/LinkUp/800G,sys1-ice2-p-swi-bes10,sw13p1,Active/LinkUp/800G
74679,leaf-spine,sys1-ice2-p-swi-bel13,sw46p2,Active/LinkUp/800G,sys1-ice2-p-swi-bes10,sw13p2,Active/LinkUp/800G
74680,leaf-spine,sys1-ice2-p-swi-bel13,sw47p1,Active/LinkUp/800G,sys1-ice2-p-swi-bes11,sw13p1,Active/LinkUp/800G
74681,leaf-spine,sys1-ice2-p-swi-bel13,sw47p2,Active/LinkUp/800G,sys1-ice2-p-swi-bes11,sw13p2,Active/LinkUp/800G
74682,leaf-spine,sys1-ice2-p-swi-bel13,sw48p1,Active/LinkUp/800G,sys1-ice2-p-swi-bes12,sw13p1,Active/LinkUp/800G
74683,leaf-spine,sys1-ice2-p-swi-bel13,sw48p2,Active/LinkUp/800G,sys1-ice2-p-swi-bes12,sw13p2,Active/LinkUp/800G
74684,leaf-spine,sys1-ice2-p-swi-bel13,sw49p1,Active/LinkUp/800G,sys1-ice2-p-swi-bes13,sw13p1,Active/LinkUp/800G
74685,leaf-spine,sys1-ice2-p-swi-bel13,sw49p2,Active/LinkUp/800G,sys1-ice2-p-swi-bes13,sw13p2,Active/LinkUp/800G
74686,leaf-spine,sys1-ice2-p-swi-bel13,sw50p1,Active/LinkUp/800G,sys1-ice2-p-swi-bes14,sw13p1,Active/LinkUp/800G
74687,leaf-spine,sys1-ice2-p-swi-bel13,sw50p2,Active/LinkUp/800G,sys1-ice2-p-swi-bes14,sw13p2,Active/LinkUp/800G
74688,leaf-spine,sys1-ice2-p-swi-bel13,sw51p1,Active/LinkUp/800G,sys1-ice2-p-swi-bes15,sw13p1,Active/LinkUp/800G
74689,leaf-spine,sys1-ice2-p-swi-bel13,sw51p2,Active/LinkUp/800G,sys1-ice2-p-swi-bes15,sw13p2,Active/LinkUp/800G
74690,leaf-spine,sys1-ice2-p-swi-bel13,sw52p1,Active/LinkUp/800G,sys1-ice2-p-swi-bes16,sw13p1,Active/LinkUp/800G
74691,leaf-spine,sys1-ice2-p-swi-bel13,sw52p2,Active/LinkUp/800G,sys1-ice2-p-swi-bes16,sw13p2,Active/LinkUp/800G
74692,leaf-spine,sys1-ice2-p-swi-bel13,sw53p1,Active/LinkUp/800G,sys1-ice2-p-swi-bes17,sw13p1,Active/LinkUp/800G
74693,leaf-spine,sys1-ice2-p-swi-bel13,sw53p2,Active/LinkUp/800G,sys1-ice2-p-swi-bes17,sw13p2,Active/LinkUp/800G
74694,leaf-spine,sys1-ice2-p-swi-bel13,sw54p1,Active/LinkUp/800G,sys1-ice2-p-swi-bes18,sw13p1,Active/LinkUp/800G
74695,leaf-spine,sys1-ice2-p-swi-bel13,sw54p2,Active/LinkUp/800G,sys1-ice2-p-swi-bes18,sw13p2,Active/LinkUp/800G
74696,leaf-spine,sys1-ice2-p-swi-bel13,sw55p1,Active/LinkUp/800G,sys1-ice2-p-swi-bes19,sw13p1,Active/LinkUp/800G
74697,leaf-spine,sys1-ice2-p-swi-bel13,sw55p2,Active/LinkUp/800G,sys1-ice2-p-swi-bes19,sw13p2,Active/LinkUp/800G
74698,leaf-spine,sys1-ice2-p-swi-bel13,sw56p1,Active/LinkUp/800G,sys1-ice2-p-swi-bes20,sw13p1,Active/LinkUp/800G
74699,leaf-spine,sys1-ice2-p-swi-bel13,sw56p2,Active/LinkUp/800G,sys1-ice2-p-swi-bes20,sw13p2,Active/LinkUp/800G
74700,leaf-spine,sys1-ice2-p-swi-bel13,sw57p1,Active/LinkUp/800G,sys1-ice2-p-swi-bes21,sw13p1,Active/LinkUp/800G
74701,leaf-spine,sys1-ice2-p-swi-bel13,sw57p2,Active/LinkUp/800G,sys1-ice2-p-swi-bes21,sw13p2,Active/LinkUp/800G
74702,leaf-spine,sys1-ice2-p-swi-bel13,sw58p1,Active/LinkUp/800G,sys1-ice2-p-swi-bes22,sw13p1,Active/LinkUp/800G
74703,leaf-spine,sys1-ice2-p-swi-bel13,sw58p2,Active/LinkUp/800G,sys1-ice2-p-swi-bes22,sw13p2,Active/LinkUp/800G
74704,leaf-spine,sys1-ice2-p-swi-bel13,sw59p1,Active/LinkUp/800G,sys1-ice2-p-swi-bes23,sw13p1,Active/LinkUp/800G
74705,leaf-spine,sys1-ice2-p-swi-bel13,sw59p2,Active/LinkUp/800G,sys1-ice2-p-swi-bes23,sw13p2,Active/LinkUp/800G
74706,leaf-spine,sys1-ice2-p-swi-bel13,sw60p1,Active/LinkUp/800G,sys1-ice2-p-swi-bes24,sw13p1,Active/LinkUp/800G
74707,leaf-spine,sys1-ice2-p-swi-bel13,sw60p2,Active/LinkUp/800G,sys1-ice2-p-swi-bes24,sw13p2,Active/LinkUp/800G
74708,leaf-spine,sys1-ice2-p-swi-bel13,sw61p1,Active/LinkUp/800G,sys1-ice2-p-swi-bes25,sw13p1,Active/LinkUp/800G
74709,leaf-spine,sys1-ice2-p-swi-bel13,sw61p2,Active/LinkUp/800G,sys1-ice2-p-swi-bes25,sw13p2,Active/LinkUp/800G
74710,leaf-spine,sys1-ice2-p-swi-bel13,sw62p1,Active/LinkUp/800G,sys1-ice2-p-swi-bes26,sw13p1,Active/LinkUp/800G
74711,leaf-spine,sys1-ice2-p-swi-bel13,sw62p2,Active/LinkUp/800G,sys1-ice2-p-swi-bes26,sw13p2,Active/LinkUp/800G
74712,leaf-spine,sys1-ice2-p-swi-bel13,sw63p1,Active/LinkUp/800G,sys1-ice2-p-swi-bes27,sw13p1,Active/LinkUp/800G
74713,leaf-spine,sys1-ice2-p-swi-bel13,sw63p2,Active/LinkUp/800G,sys1-ice2-p-swi-bes27,sw13p2,Active/LinkUp/800G
74714,leaf-spine,sys1-ice2-p-swi-bel13,sw64p1,Active/LinkUp/800G,sys1-ice2-p-swi-bes28,sw13p1,Active/LinkUp/800G
74715,leaf-spine,sys1-ice2-p-swi-bel13,sw64p2,Active/LinkUp/800G,sys1-ice2-p-swi-bes28,sw13p2,Active/LinkUp/800G
74716,leaf-spine,sys1-ice2-p-swi-bel13,sw65p1,Active/LinkUp/800G,sys1-ice2-p-swi-bes29,sw13p1,Active/LinkUp/800G
74717,leaf-spine,sys1-ice2-p-swi-bel13,sw65p2,Active/LinkUp/800G,sys1-ice2-p-swi-bes29,sw13p2,Active/LinkUp/800G
74718,leaf-spine,sys1-ice2-p-swi-bel13,sw66p1,Active/LinkUp/800G,sys1-ice2-p-swi-bes30,sw13p1,Active/LinkUp/800G
74719,leaf-spine,sys1-ice2-p-swi-bel13,sw66p2,Active/LinkUp/800G,sys1-ice2-p-swi-bes30,sw13p2,Active/LinkUp/800G
74720,leaf-spine,sys1-ice2-p-swi-bel13,sw67p1,Active/LinkUp/800G,sys1-ice2-p-swi-bes31,sw13p1,Active/LinkUp/800G
74721,leaf-spine,sys1-ice2-p-swi-bel13,sw67p2,Active/LinkUp/800G,sys1-ice2-p-swi-bes31,sw13p2,Active/LinkUp/800G
74722,leaf-spine,sys1-ice2-p-swi-bel13,sw68p1,Active/LinkUp/800G,sys1-ice2-p-swi-bes32,sw13p1,Active/LinkUp/800G
74723,leaf-spine,sys1-ice2-p-swi-bel13,sw68p2,Active/LinkUp/800G,sys1-ice2-p-swi-bes32,sw13p2,Active/LinkUp/800G
74724,leaf-spine,sys1-ice2-p-swi-bel13,sw69p1,Active/LinkUp/800G,sys1-ice2-p-swi-bes33,sw13p1,Active/LinkUp/800G
74725,leaf-spine,sys1-ice2-p-swi-bel13,sw69p2,Active/LinkUp/800G,sys1-ice2-p-swi-bes33,sw13p2,Active/LinkUp/800G
74726,leaf-spine,sys1-ice2-p-swi-bel13,sw70p1,Active/LinkUp/800G,sys1-ice2-p-swi-bes34,sw13p1,Active/LinkUp/800G
74727,leaf-spine,sys1-ice2-p-swi-bel13,sw70p2,Active/LinkUp/800G,sys1-ice2-p-swi-bes34,sw13p2,Active/LinkUp/800G
74728,leaf-spine,sys1-ice2-p-swi-bel13,sw71p1,Active/LinkUp/800G,sys1-ice2-p-swi-bes35,sw13p1,Active/LinkUp/800G
74729,leaf-spine,sys1-ice2-p-swi-bel13,sw71p2,Active/LinkUp/800G,sys1-ice2-p-swi-bes35,sw13p2,Active/LinkUp/800G
74730,leaf-spine,sys1-ice2-p-swi-bel13,sw72p1,Active/LinkUp/800G,sys1-ice2-p-swi-bes36,sw13p1,Active/LinkUp/800G
74731,leaf-spine,sys1-ice2-p-swi-bel13,sw72p2,Active/LinkUp/800G,sys1-ice2-p-swi-bes36,sw13p2,Active/LinkUp/800G
74732,leaf-spine,sys1-ice2-p-swi-bel14,sw37p1,Active/LinkUp/800G,sys1-ice2-p-swi-bes1,sw14p1,Active/LinkUp/800G
74733,leaf-spine,sys1-ice2-p-swi-bel14,sw37p2,Active/LinkUp/800G,sys1-ice2-p-swi-bes1,sw14p2,Active/LinkUp/800G
74734,leaf-spine,sys1-ice2-p-swi-bel14,sw38p1,Active/LinkUp/800G,sys1-ice2-p-swi-bes2,sw14p1,Active/LinkUp/800G
74735,leaf-spine,sys1-ice2-p-swi-bel14,sw38p2,Active/LinkUp/800G,sys1-ice2-p-swi-bes2,sw14p2,Active/LinkUp/800G
74736,leaf-spine,sys1-ice2-p-swi-bel14,sw39p1,Active/LinkUp/800G,sys1-ice2-p-swi-bes3,sw14p1,Active/LinkUp/800G
74737,leaf-spine,sys1-ice2-p-swi-bel14,sw39p2,Active/LinkUp/800G,sys1-ice2-p-swi-bes3,sw14p2,Active/LinkUp/800G
74738,leaf-spine,sys1-ice2-p-swi-bel14,sw40p1,Active/LinkUp/800G,sys1-ice2-p-swi-bes4,sw14p1,Active/LinkUp/800G
74739,leaf-spine,sys1-ice2-p-swi-bel14,sw40p2,Active/LinkUp/800G,sys1-ice2-p-swi-bes4,sw14p2,Active/LinkUp/800G
74740,leaf-spine,sys1-ice2-p-swi-bel14,sw41p1,Active/LinkUp/800G,sys1-ice2-p-swi-bes5,sw14p1,Active/LinkUp/800G
74741,leaf-spine,sys1-ice2-p-swi-bel14,sw41p2,Active/LinkUp/800G,sys1-ice2-p-swi-bes5,sw14p2,Active/LinkUp/800G
74742,leaf-spine,sys1-ice2-p-swi-bel14,sw42p1,Active/LinkUp/800G,sys1-ice2-p-swi-bes6,sw14p1,Active/LinkUp/800G
74743,leaf-spine,sys1-ice2-p-swi-bel14,sw42p2,Active/LinkUp/800G,sys1-ice2-p-swi-bes6,sw14p2,Active/LinkUp/800G
74744,leaf-spine,sys1-ice2-p-swi-bel14,sw43p1,Active/LinkUp/800G,sys1-ice2-p-swi-bes7,sw14p1,Active/LinkUp/800G
74745,leaf-spine,sys1-ice2-p-swi-bel14,sw43p2,Active/LinkUp/800G,sys1-ice2-p-swi-bes7,sw14p2,Active/LinkUp/800G
74746,leaf-spine,sys1-ice2-p-swi-bel14,sw44p1,Active/LinkUp/800G,sys1-ice2-p-swi-bes8,sw14p1,Active/LinkUp/800G
74747,leaf-spine,sys1-ice2-p-swi-bel14,sw44p2,Active/LinkUp/800G,sys1-ice2-p-swi-bes8,sw14p2,Active/LinkUp/800G
74748,leaf-spine,sys1-ice2-p-swi-bel14,sw45p1,Active/LinkUp/800G,sys1-ice2-p-swi-bes9,sw14p1,Active/LinkUp/800G
74749,leaf-spine,sys1-ice2-p-swi-bel14,sw45p2,Active/LinkUp/800G,sys1-ice2-p-swi-bes9,sw14p2,Active/LinkUp/800G
74750,leaf-spine,sys1-ice2-p-swi-bel14,sw46p1,Active/LinkUp/800G,sys1-ice2-p-swi-bes10,sw14p1,Active/LinkUp/800G
74751,leaf-spine,sys1-ice2-p-swi-bel14,sw46p2,Active/LinkUp/800G,sys1-ice2-p-swi-bes10,sw14p2,Active/LinkUp/800G
74752,leaf-spine,sys1-ice2-p-swi-bel14,sw47p1,Active/LinkUp/800G,sys1-ice2-p-swi-bes11,sw14p1,Active/LinkUp/800G
74753,leaf-spine,sys1-ice2-p-swi-bel14,sw47p2,Active/LinkUp/800G,sys1-ice2-p-swi-bes11,sw14p2,Active/LinkUp/800G
74754,leaf-spine,sys1-ice2-p-swi-bel14,sw48p1,Active/LinkUp/800G,sys1-ice2-p-swi-bes12,sw14p1,Active/LinkUp/800G
74755,leaf-spine,sys1-ice2-p-swi-bel14,sw48p2,Active/LinkUp/800G,sys1-ice2-p-swi-bes12,sw14p2,Active/LinkUp/800G
74756,leaf-spine,sys1-ice2-p-swi-bel14,sw49p1,Active/LinkUp/800G,sys1-ice2-p-swi-bes13,sw14p1,Active/LinkUp/800G
74757,leaf-spine,sys1-ice2-p-swi-bel14,sw49p2,Active/LinkUp/800G,sys1-ice2-p-swi-bes13,sw14p2,Active/LinkUp/800G
74758,leaf-spine,sys1-ice2-p-swi-bel14,sw50p1,Active/LinkUp/800G,sys1-ice2-p-swi-bes14,sw14p1,Active/LinkUp/800G
74759,leaf-spine,sys1-ice2-p-swi-bel14,sw50p2,Active/LinkUp/800G,sys1-ice2-p-swi-bes14,sw14p2,Active/LinkUp/800G
74760,leaf-spine,sys1-ice2-p-swi-bel14,sw51p1,Active/LinkUp/800G,sys1-ice2-p-swi-bes15,sw14p1,Active/LinkUp/800G
74761,leaf-spine,sys1-ice2-p-swi-bel14,sw51p2,Active/LinkUp/800G,sys1-ice2-p-swi-bes15,sw14p2,Active/LinkUp/800G
74762,leaf-spine,sys1-ice2-p-swi-bel14,sw52p1,Active/LinkUp/800G,sys1-ice2-p-swi-bes16,sw14p1,Active/LinkUp/800G
74763,leaf-spine,sys1-ice2-p-swi-bel14,sw52p2,Active/LinkUp/800G,sys1-ice2-p-swi-bes16,sw14p2,Active/LinkUp/800G
74764,leaf-spine,sys1-ice2-p-swi-bel14,sw53p1,Active/LinkUp/800G,sys1-ice2-p-swi-bes17,sw14p1,Active/LinkUp/800G
74765,leaf-spine,sys1-ice2-p-swi-bel14,sw53p2,Active/LinkUp/800G,sys1-ice2-p-swi-bes17,sw14p2,Active/LinkUp/800G
74766,leaf-spine,sys1-ice2-p-swi-bel14,sw54p1,Active/LinkUp/800G,sys1-ice2-p-swi-bes18,sw14p1,Active/LinkUp/800G
74767,leaf-spine,sys1-ice2-p-swi-bel14,sw54p2,Active/LinkUp/800G,sys1-ice2-p-swi-bes18,sw14p2,Active/LinkUp/800G
74768,leaf-spine,sys1-ice2-p-swi-bel14,sw55p1,Active/LinkUp/800G,sys1-ice2-p-swi-bes19,sw14p1,Active/LinkUp/800G
74769,leaf-spine,sys1-ice2-p-swi-bel14,sw55p2,Active/LinkUp/800G,sys1-ice2-p-swi-bes19,sw14p2,Active/LinkUp/800G
74770,leaf-spine,sys1-ice2-p-swi-bel14,sw56p1,Active/LinkUp/800G,sys1-ice2-p-swi-bes20,sw14p1,Active/LinkUp/800G
74771,leaf-spine,sys1-ice2-p-swi-bel14,sw56p2,Active/LinkUp/800G,sys1-ice2-p-swi-bes20,sw14p2,Active/LinkUp/800G
74772,leaf-spine,sys1-ice2-p-swi-bel14,sw57p1,Active/LinkUp/800G,sys1-ice2-p-swi-bes21,sw14p1,Active/LinkUp/800G
74773,leaf-spine,sys1-ice2-p-swi-bel14,sw57p2,Active/LinkUp/800G,sys1-ice2-p-swi-bes21,sw14p2,Active/LinkUp/800G
74774,leaf-spine,sys1-ice2-p-swi-bel14,sw58p1,Active/LinkUp/800G,sys1-ice2-p-swi-bes22,sw14p1,Active/LinkUp/800G
74775,leaf-spine,sys1-ice2-p-swi-bel14,sw58p2,Active/LinkUp/800G,sys1-ice2-p-swi-bes22,sw14p2,Active/LinkUp/800G
74776,leaf-spine,sys1-ice2-p-swi-bel14,sw59p1,Active/LinkUp/800G,sys1-ice2-p-swi-bes23,sw14p1,Active/LinkUp/800G
74777,leaf-spine,sys1-ice2-p-swi-bel14,sw59p2,Active/LinkUp/800G,sys1-ice2-p-swi-bes23,sw14p2,Active/LinkUp/800G
74778,leaf-spine,sys1-ice2-p-swi-bel14,sw60p1,Active/LinkUp/800G,sys1-ice2-p-swi-bes24,sw14p1,Active/LinkUp/800G
74779,leaf-spine,sys1-ice2-p-swi-bel14,sw60p2,Active/LinkUp/800G,sys1-ice2-p-swi-bes24,sw14p2,Active/LinkUp/800G
74780,leaf-spine,sys1-ice2-p-swi-bel14,sw61p1,Active/LinkUp/800G,sys1-ice2-p-swi-bes25,sw14p1,Active/LinkUp/800G
74781,leaf-spine,sys1-ice2-p-swi-bel14,sw61p2,Active/LinkUp/800G,sys1-ice2-p-swi-bes25,sw14p2,Active/LinkUp/800G
74782,leaf-spine,sys1-ice2-p-swi-bel14,sw62p1,Active/LinkUp/800G,sys1-ice2-p-swi-bes26,sw14p1,Active/LinkUp/800G
74783,leaf-spine,sys1-ice2-p-swi-bel14,sw62p2,Active/LinkUp/800G,sys1-ice2-p-swi-bes26,sw14p2,Active/LinkUp/800G
74784,leaf-spine,sys1-ice2-p-swi-bel14,sw63p1,Active/LinkUp/800G,sys1-ice2-p-swi-bes27,sw14p1,Active/LinkUp/800G
74785,leaf-spine,sys1-ice2-p-swi-bel14,sw63p2,Active/LinkUp/800G,sys1-ice2-p-swi-bes27,sw14p2,Active/LinkUp/800G
74786,leaf-spine,sys1-ice2-p-swi-bel14,sw64p1,Active/LinkUp/800G,sys1-ice2-p-swi-bes28,sw14p1,Active/LinkUp/800G
74787,leaf-spine,sys1-ice2-p-swi-bel14,sw64p2,Active/LinkUp/800G,sys1-ice2-p-swi-bes28,sw14p2,Active/LinkUp/800G
74788,leaf-spine,sys1-ice2-p-swi-bel14,sw65p1,Active/LinkUp/800G,sys1-ice2-p-swi-bes29,sw14p1,Active/LinkUp/800G
74789,leaf-spine,sys1-ice2-p-swi-bel14,sw65p2,Active/LinkUp/800G,sys1-ice2-p-swi-bes29,sw14p2,Active/LinkUp/800G
74790,leaf-spine,sys1-ice2-p-swi-bel14,sw66p1,Active/LinkUp/800G,sys1-ice2-p-swi-bes30,sw14p1,Active/LinkUp/800G
74791,leaf-spine,sys1-ice2-p-swi-bel14,sw66p2,Active/LinkUp/800G,sys1-ice2-p-swi-bes30,sw14p2,Active/LinkUp/800G
74792,leaf-spine,sys1-ice2-p-swi-bel14,sw67p1,Active/LinkUp/800G,sys1-ice2-p-swi-bes31,sw14p1,Active/LinkUp/800G
74793,leaf-spine,sys1-ice2-p-swi-bel14,sw67p2,Active/LinkUp/800G,sys1-ice2-p-swi-bes31,sw14p2,Active/LinkUp/800G
74794,leaf-spine,sys1-ice2-p-swi-bel14,sw68p1,Active/LinkUp/800G,sys1-ice2-p-swi-bes32,sw14p1,Active/LinkUp/800G
74795,leaf-spine,sys1-ice2-p-swi-bel14,sw68p2,Active/LinkUp/800G,sys1-ice2-p-swi-bes32,sw14p2,Active/LinkUp/800G
74796,leaf-spine,sys1-ice2-p-swi-bel14,sw69p1,Active/LinkUp/800G,sys1-ice2-p-swi-bes33,sw14p1,Active/LinkUp/800G
74797,leaf-spine,sys1-ice2-p-swi-bel14,sw69p2,Active/LinkUp/800G,sys1-ice2-p-swi-bes33,sw14p2,Active/LinkUp/800G
74798,leaf-spine,sys1-ice2-p-swi-bel14,sw70p1,Active/LinkUp/800G,sys1-ice2-p-swi-bes34,sw14p1,Active/LinkUp/800G
74799,leaf-spine,sys1-ice2-p-swi-bel14,sw70p2,Active/LinkUp/800G,sys1-ice2-p-swi-bes34,sw14p2,Active/LinkUp/800G
74800,leaf-spine,sys1-ice2-p-swi-bel14,sw71p1,Active/LinkUp/800G,sys1-ice2-p-swi-bes35,sw14p1,Active/LinkUp/800G
74801,leaf-spine,sys1-ice2-p-swi-bel14,sw71p2,Active/LinkUp/800G,sys1-ice2-p-swi-bes35,sw14p2,Active/LinkUp/800G
74802,leaf-spine,sys1-ice2-p-swi-bel14,sw72p1,Active/LinkUp/800G,sys1-ice2-p-swi-bes36,sw14p1,Active/LinkUp/800G
74803,leaf-spine,sys1-ice2-p-swi-bel14,sw72p2,Active/LinkUp/800G,sys1-ice2-p-swi-bes36,sw14p2,Active/LinkUp/800G
74804,leaf-spine,sys1-ice2-p-swi-bel15,sw37p1,Active/LinkUp/800G,sys1-ice2-p-swi-bes1,sw15p1,Active/LinkUp/800G
74805,leaf-spine,sys1-ice2-p-swi-bel15,sw37p2,Active/LinkUp/800G,sys1-ice2-p-swi-bes1,sw15p2,Active/LinkUp/800G
74806,leaf-spine,sys1-ice2-p-swi-bel15,sw38p1,Active/LinkUp/800G,sys1-ice2-p-swi-bes2,sw15p1,Active/LinkUp/800G
74807,leaf-spine,sys1-ice2-p-swi-bel15,sw38p2,Active/LinkUp/800G,sys1-ice2-p-swi-bes2,sw15p2,Active/LinkUp/800G
74808,leaf-spine,sys1-ice2-p-swi-bel15,sw39p1,Active/LinkUp/800G,sys1-ice2-p-swi-bes3,sw15p1,Active/LinkUp/800G
74809,leaf-spine,sys1-ice2-p-swi-bel15,sw39p2,Active/LinkUp/800G,sys1-ice2-p-swi-bes3,sw15p2,Active/LinkUp/800G
74810,leaf-spine,sys1-ice2-p-swi-bel15,sw40p1,Active/LinkUp/800G,sys1-ice2-p-swi-bes4,sw15p1,Active/LinkUp/800G
74811,leaf-spine,sys1-ice2-p-swi-bel15,sw40p2,Active/LinkUp/800G,sys1-ice2-p-swi-bes4,sw15p2,Active/LinkUp/800G
74812,leaf-spine,sys1-ice2-p-swi-bel15,sw41p1,Active/LinkUp/800G,sys1-ice2-p-swi-bes5,sw15p1,Active/LinkUp/800G
74813,leaf-spine,sys1-ice2-p-swi-bel15,sw41p2,Active/LinkUp/800G,sys1-ice2-p-swi-bes5,sw15p2,Active/LinkUp/800G
74814,leaf-spine,sys1-ice2-p-swi-bel15,sw42p1,Active/LinkUp/800G,sys1-ice2-p-swi-bes6,sw15p1,Active/LinkUp/800G
74815,leaf-spine,sys1-ice2-p-swi-bel15,sw42p2,Active/LinkUp/800G,sys1-ice2-p-swi-bes6,sw15p2,Active/LinkUp/800G
74816,leaf-spine,sys1-ice2-p-swi-bel15,sw43p1,Active/LinkUp/800G,sys1-ice2-p-swi-bes7,sw15p1,Active/LinkUp/800G
74817,leaf-spine,sys1-ice2-p-swi-bel15,sw43p2,Active/LinkUp/800G,sys1-ice2-p-swi-bes7,sw15p2,Active/LinkUp/800G
74818,leaf-spine,sys1-ice2-p-swi-bel15,sw44p1,Active/LinkUp/800G,sys1-ice2-p-swi-bes8,sw15p1,Active/LinkUp/800G
74819,leaf-spine,sys1-ice2-p-swi-bel15,sw44p2,Active/LinkUp/800G,sys1-ice2-p-swi-bes8,sw15p2,Active/LinkUp/800G
74820,leaf-spine,sys1-ice2-p-swi-bel15,sw45p1,Active/LinkUp/800G,sys1-ice2-p-swi-bes9,sw15p1,Active/LinkUp/800G
74821,leaf-spine,sys1-ice2-p-swi-bel15,sw45p2,Active/LinkUp/800G,sys1-ice2-p-swi-bes9,sw15p2,Active/LinkUp/800G
74822,leaf-spine,sys1-ice2-p-swi-bel15,sw46p1,Active/LinkUp/800G,sys1-ice2-p-swi-bes10,sw15p1,Active/LinkUp/800G
74823,leaf-spine,sys1-ice2-p-swi-bel15,sw46p2,Active/LinkUp/800G,sys1-ice2-p-swi-bes10,sw15p2,Active/LinkUp/800G
74824,leaf-spine,sys1-ice2-p-swi-bel15,sw47p1,Active/LinkUp/800G,sys1-ice2-p-swi-bes11,sw15p1,Active/LinkUp/800G
74825,leaf-spine,sys1-ice2-p-swi-bel15,sw47p2,Active/LinkUp/800G,sys1-ice2-p-swi-bes11,sw15p2,Active/LinkUp/800G
74826,leaf-spine,sys1-ice2-p-swi-bel15,sw48p1,Active/LinkUp/800G,sys1-ice2-p-swi-bes12,sw15p1,Active/LinkUp/800G
74827,leaf-spine,sys1-ice2-p-swi-bel15,sw48p2,Active/LinkUp/800G,sys1-ice2-p-swi-bes12,sw15p2,Active/LinkUp/800G
74828,leaf-spine,sys1-ice2-p-swi-bel15,sw49p1,Active/LinkUp/800G,sys1-ice2-p-swi-bes13,sw15p1,Active/LinkUp/800G
74829,leaf-spine,sys1-ice2-p-swi-bel15,sw49p2,Active/LinkUp/800G,sys1-ice2-p-swi-bes13,sw15p2,Active/LinkUp/800G
74830,leaf-spine,sys1-ice2-p-swi-bel15,sw50p1,Active/LinkUp/800G,sys1-ice2-p-swi-bes14,sw15p1,Active/LinkUp/800G
74831,leaf-spine,sys1-ice2-p-swi-bel15,sw50p2,Active/LinkUp/800G,sys1-ice2-p-swi-bes14,sw15p2,Active/LinkUp/800G
74832,leaf-spine,sys1-ice2-p-swi-bel15,sw51p1,Active/LinkUp/800G,sys1-ice2-p-swi-bes15,sw15p1,Active/LinkUp/800G
74833,leaf-spine,sys1-ice2-p-swi-bel15,sw51p2,Active/LinkUp/800G,sys1-ice2-p-swi-bes15,sw15p2,Active/LinkUp/800G
74834,leaf-spine,sys1-ice2-p-swi-bel15,sw52p1,Active/LinkUp/800G,sys1-ice2-p-swi-bes16,sw15p1,Active/LinkUp/800G
74835,leaf-spine,sys1-ice2-p-swi-bel15,sw52p2,Active/LinkUp/800G,sys1-ice2-p-swi-bes16,sw15p2,Active/LinkUp/800G
74836,leaf-spine,sys1-ice2-p-swi-bel15,sw53p1,Active/LinkUp/800G,sys1-ice2-p-swi-bes17,sw15p1,Active/LinkUp/800G
74837,leaf-spine,sys1-ice2-p-swi-bel15,sw53p2,Active/LinkUp/800G,sys1-ice2-p-swi-bes17,sw15p2,Active/LinkUp/800G
74838,leaf-spine,sys1-ice2-p-swi-bel15,sw54p1,Active/LinkUp/800G,sys1-ice2-p-swi-bes18,sw15p1,Active/LinkUp/800G
74839,leaf-spine,sys1-ice2-p-swi-bel15,sw54p2,Active/LinkUp/800G,sys1-ice2-p-swi-bes18,sw15p2,Active/LinkUp/800G
74840,leaf-spine,sys1-ice2-p-swi-bel15,sw55p1,Active/LinkUp/800G,sys1-ice2-p-swi-bes19,sw15p1,Active/LinkUp/800G
74841,leaf-spine,sys1-ice2-p-swi-bel15,sw55p2,Active/LinkUp/800G,sys1-ice2-p-swi-bes19,sw15p2,Active/LinkUp/800G
74842,leaf-spine,sys1-ice2-p-swi-bel15,sw56p1,Active/LinkUp/800G,sys1-ice2-p-swi-bes20,sw15p1,Active/LinkUp/800G
74843,leaf-spine,sys1-ice2-p-swi-bel15,sw56p2,Active/LinkUp/800G,sys1-ice2-p-swi-bes20,sw15p2,Active/LinkUp/800G
74844,leaf-spine,sys1-ice2-p-swi-bel15,sw57p1,Active/LinkUp/800G,sys1-ice2-p-swi-bes21,sw15p1,Active/LinkUp/800G
74845,leaf-spine,sys1-ice2-p-swi-bel15,sw57p2,Active/LinkUp/800G,sys1-ice2-p-swi-bes21,sw15p2,Active/LinkUp/800G
74846,leaf-spine,sys1-ice2-p-swi-bel15,sw58p1,Active/LinkUp/800G,sys1-ice2-p-swi-bes22,sw15p1,Active/LinkUp/800G
74847,leaf-spine,sys1-ice2-p-swi-bel15,sw58p2,Active/LinkUp/800G,sys1-ice2-p-swi-bes22,sw15p2,Active/LinkUp/800G
74848,leaf-spine,sys1-ice2-p-swi-bel15,sw59p1,Active/LinkUp/800G,sys1-ice2-p-swi-bes23,sw15p1,Active/LinkUp/800G
74849,leaf-spine,sys1-ice2-p-swi-bel15,sw59p2,Active/LinkUp/800G,sys1-ice2-p-swi-bes23,sw15p2,Active/LinkUp/800G
74850,leaf-spine,sys1-ice2-p-swi-bel15,sw60p1,Active/LinkUp/800G,sys1-ice2-p-swi-bes24,sw15p1,Active/LinkUp/800G
74851,leaf-spine,sys1-ice2-p-swi-bel15,sw60p2,Active/LinkUp/800G,sys1-ice2-p-swi-bes24,sw15p2,Active/LinkUp/800G
74852,leaf-spine,sys1-ice2-p-swi-bel15,sw61p1,Active/LinkUp/800G,sys1-ice2-p-swi-bes25,sw15p1,Active/LinkUp/800G
74853,leaf-spine,sys1-ice2-p-swi-bel15,sw61p2,Active/LinkUp/800G,sys1-ice2-p-swi-bes25,sw15p2,Active/LinkUp/800G
74854,leaf-spine,sys1-ice2-p-swi-bel15,sw62p1,Active/LinkUp/800G,sys1-ice2-p-swi-bes26,sw15p1,Active/LinkUp/800G
74855,leaf-spine,sys1-ice2-p-swi-bel15,sw62p2,Active/LinkUp/800G,sys1-ice2-p-swi-bes26,sw15p2,Active/LinkUp/800G
74856,leaf-spine,sys1-ice2-p-swi-bel15,sw63p1,Active/LinkUp/800G,sys1-ice2-p-swi-bes27,sw15p1,Active/LinkUp/800G
74857,leaf-spine,sys1-ice2-p-swi-bel15,sw63p2,Active/LinkUp/800G,sys1-ice2-p-swi-bes27,sw15p2,Active/LinkUp/800G
74858,leaf-spine,sys1-ice2-p-swi-bel15,sw64p1,Active/LinkUp/800G,sys1-ice2-p-swi-bes28,sw15p1,Active/LinkUp/800G
74859,leaf-spine,sys1-ice2-p-swi-bel15,sw64p2,Active/LinkUp/800G,sys1-ice2-p-swi-bes28,sw15p2,Active/LinkUp/800G
74860,leaf-spine,sys1-ice2-p-swi-bel15,sw65p1,Active/LinkUp/800G,sys1-ice2-p-swi-bes29,sw15p1,Active/LinkUp/800G
74861,leaf-spine,sys1-ice2-p-swi-bel15,sw65p2,Active/LinkUp/800G,sys1-ice2-p-swi-bes29,sw15p2,Active/LinkUp/800G
74862,leaf-spine,sys1-ice2-p-swi-bel15,sw66p1,Active/LinkUp/800G,sys1-ice2-p-swi-bes30,sw15p1,Active/LinkUp/800G
74863,leaf-spine,sys1-ice2-p-swi-bel15,sw66p2,Active/LinkUp/800G,sys1-ice2-p-swi-bes30,sw15p2,Active/LinkUp/800G
74864,leaf-spine,sys1-ice2-p-swi-bel15,sw67p1,Active/LinkUp/800G,sys1-ice2-p-swi-bes31,sw15p1,Active/LinkUp/800G
74865,leaf-spine,sys1-ice2-p-swi-bel15,sw67p2,Active/LinkUp/800G,sys1-ice2-p-swi-bes31,sw15p2,Active/LinkUp/800G
74866,leaf-spine,sys1-ice2-p-swi-bel15,sw68p1,Active/LinkUp/800G,sys1-ice2-p-swi-bes32,sw15p1,Active/LinkUp/800G
74867,leaf-spine,sys1-ice2-p-swi-bel15,sw68p2,Active/LinkUp/800G,sys1-ice2-p-swi-bes32,sw15p2,Active/LinkUp/800G
74868,leaf-spine,sys1-ice2-p-swi-bel15,sw69p1,Active/LinkUp/800G,sys1-ice2-p-swi-bes33,sw15p1,Active/LinkUp/800G
74869,leaf-spine,sys1-ice2-p-swi-bel15,sw69p2,Active/LinkUp/800G,sys1-ice2-p-swi-bes33,sw15p2,Active/LinkUp/800G
74870,leaf-spine,sys1-ice2-p-swi-bel15,sw70p1,Active/LinkUp/800G,sys1-ice2-p-swi-bes34,sw15p1,Active/LinkUp/800G
74871,leaf-spine,sys1-ice2-p-swi-bel15,sw70p2,Active/LinkUp/800G,sys1-ice2-p-swi-bes34,sw15p2,Active/LinkUp/800G
74872,leaf-spine,sys1-ice2-p-swi-bel15,sw71p1,Active/LinkUp/800G,sys1-ice2-p-swi-bes35,sw15p1,Active/LinkUp/800G
74873,leaf-spine,sys1-ice2-p-swi-bel15,sw71p2,Active/LinkUp/800G,sys1-ice2-p-swi-bes35,sw15p2,Active/LinkUp/800G
74874,leaf-spine,sys1-ice2-p-swi-bel15,sw72p1,Active/LinkUp/800G,sys1-ice2-p-swi-bes36,sw15p1,Active/LinkUp/800G
74875,leaf-spine,sys1-ice2-p-swi-bel15,sw72p2,Active/LinkUp/800G,sys1-ice2-p-swi-bes36,sw15p2,Active/LinkUp/800G
74876,leaf-spine,sys1-ice2-p-swi-bel16,sw37p1,Active/LinkUp/800G,sys1-ice2-p-swi-bes1,sw16p1,Active/LinkUp/800G
74877,leaf-spine,sys1-ice2-p-swi-bel16,sw37p2,Active/LinkUp/800G,sys1-ice2-p-swi-bes1,sw16p2,Active/LinkUp/800G
74878,leaf-spine,sys1-ice2-p-swi-bel16,sw38p1,Active/LinkUp/800G,sys1-ice2-p-swi-bes2,sw16p1,Active/LinkUp/800G
74879,leaf-spine,sys1-ice2-p-swi-bel16,sw38p2,Active/LinkUp/800G,sys1-ice2-p-swi-bes2,sw16p2,Active/LinkUp/800G
74880,leaf-spine,sys1-ice2-p-swi-bel16,sw39p1,Active/LinkUp/800G,sys1-ice2-p-swi-bes3,sw16p1,Active/LinkUp/800G
74881,leaf-spine,sys1-ice2-p-swi-bel16,sw39p2,Active/LinkUp/800G,sys1-ice2-p-swi-bes3,sw16p2,Active/LinkUp/800G
74882,leaf-spine,sys1-ice2-p-swi-bel16,sw40p1,Active/LinkUp/800G,sys1-ice2-p-swi-bes4,sw16p1,Active/LinkUp/800G
74883,leaf-spine,sys1-ice2-p-swi-bel16,sw40p2,Active/LinkUp/800G,sys1-ice2-p-swi-bes4,sw16p2,Active/LinkUp/800G
74884,leaf-spine,sys1-ice2-p-swi-bel16,sw41p1,Active/LinkUp/800G,sys1-ice2-p-swi-bes5,sw16p1,Active/LinkUp/800G
74885,leaf-spine,sys1-ice2-p-swi-bel16,sw41p2,Active/LinkUp/800G,sys1-ice2-p-swi-bes5,sw16p2,Active/LinkUp/800G
74886,leaf-spine,sys1-ice2-p-swi-bel16,sw42p1,Active/LinkUp/800G,sys1-ice2-p-swi-bes6,sw16p1,Active/LinkUp/800G
74887,leaf-spine,sys1-ice2-p-swi-bel16,sw42p2,Active/LinkUp/800G,sys1-ice2-p-swi-bes6,sw16p2,Active/LinkUp/800G
74888,leaf-spine,sys1-ice2-p-swi-bel16,sw43p1,Active/LinkUp/800G,sys1-ice2-p-swi-bes7,sw16p1,Active/LinkUp/800G
74889,leaf-spine,sys1-ice2-p-swi-bel16,sw43p2,Active/LinkUp/800G,sys1-ice2-p-swi-bes7,sw16p2,Active/LinkUp/800G
74890,leaf-spine,sys1-ice2-p-swi-bel16,sw44p1,Active/LinkUp/800G,sys1-ice2-p-swi-bes8,sw16p1,Active/LinkUp/800G
74891,leaf-spine,sys1-ice2-p-swi-bel16,sw44p2,Active/LinkUp/800G,sys1-ice2-p-swi-bes8,sw16p2,Active/LinkUp/800G
74892,leaf-spine,sys1-ice2-p-swi-bel16,sw45p1,Active/LinkUp/800G,sys1-ice2-p-swi-bes9,sw16p1,Active/LinkUp/800G
74893,leaf-spine,sys1-ice2-p-swi-bel16,sw45p2,Active/LinkUp/800G,sys1-ice2-p-swi-bes9,sw16p2,Active/LinkUp/800G
74894,leaf-spine,sys1-ice2-p-swi-bel16,sw46p1,Active/LinkUp/800G,sys1-ice2-p-swi-bes10,sw16p1,Active/LinkUp/800G
74895,leaf-spine,sys1-ice2-p-swi-bel16,sw46p2,Active/LinkUp/800G,sys1-ice2-p-swi-bes10,sw16p2,Active/LinkUp/800G
74896,leaf-spine,sys1-ice2-p-swi-bel16,sw47p1,Active/LinkUp/800G,sys1-ice2-p-swi-bes11,sw16p1,Active/LinkUp/800G
74897,leaf-spine,sys1-ice2-p-swi-bel16,sw47p2,Active/LinkUp/800G,sys1-ice2-p-swi-bes11,sw16p2,Active/LinkUp/800G
74898,leaf-spine,sys1-ice2-p-swi-bel16,sw48p1,Active/LinkUp/800G,sys1-ice2-p-swi-bes12,sw16p1,Active/LinkUp/800G
74899,leaf-spine,sys1-ice2-p-swi-bel16,sw48p2,Active/LinkUp/800G,sys1-ice2-p-swi-bes12,sw16p2,Active/LinkUp/800G
74900,leaf-spine,sys1-ice2-p-swi-bel16,sw49p1,Active/LinkUp/800G,sys1-ice2-p-swi-bes13,sw16p1,Active/LinkUp/800G
74901,leaf-spine,sys1-ice2-p-swi-bel16,sw49p2,Active/LinkUp/800G,sys1-ice2-p-swi-bes13,sw16p2,Active/LinkUp/800G
74902,leaf-spine,sys1-ice2-p-swi-bel16,sw50p1,Active/LinkUp/800G,sys1-ice2-p-swi-bes14,sw16p1,Active/LinkUp/800G
74903,leaf-spine,sys1-ice2-p-swi-bel16,sw50p2,Active/LinkUp/800G,sys1-ice2-p-swi-bes14,sw16p2,Active/LinkUp/800G
74904,leaf-spine,sys1-ice2-p-swi-bel16,sw51p1,Active/LinkUp/800G,sys1-ice2-p-swi-bes15,sw16p1,Active/LinkUp/800G
74905,leaf-spine,sys1-ice2-p-swi-bel16,sw51p2,Active/LinkUp/800G,sys1-ice2-p-swi-bes15,sw16p2,Active/LinkUp/800G
74906,leaf-spine,sys1-ice2-p-swi-bel16,sw52p1,Active/LinkUp/800G,sys1-ice2-p-swi-bes16,sw16p1,Active/LinkUp/800G
74907,leaf-spine,sys1-ice2-p-swi-bel16,sw52p2,Active/LinkUp/800G,sys1-ice2-p-swi-bes16,sw16p2,Active/LinkUp/800G
74908,leaf-spine,sys1-ice2-p-swi-bel16,sw53p1,Active/LinkUp/800G,sys1-ice2-p-swi-bes17,sw16p1,Active/LinkUp/800G
74909,leaf-spine,sys1-ice2-p-swi-bel16,sw53p2,Active/LinkUp/800G,sys1-ice2-p-swi-bes17,sw16p2,Active/LinkUp/800G
74910,leaf-spine,sys1-ice2-p-swi-bel16,sw54p1,Active/LinkUp/800G,sys1-ice2-p-swi-bes18,sw16p1,Active/LinkUp/800G
74911,leaf-spine,sys1-ice2-p-swi-bel16,sw54p2,Active/LinkUp/800G,sys1-ice2-p-swi-bes18,sw16p2,Active/LinkUp/800G
74912,leaf-spine,sys1-ice2-p-swi-bel16,sw55p1,Active/LinkUp/800G,sys1-ice2-p-swi-bes19,sw16p1,Active/LinkUp/800G
74913,leaf-spine,sys1-ice2-p-swi-bel16,sw55p2,Active/LinkUp/800G,sys1-ice2-p-swi-bes19,sw16p2,Active/LinkUp/800G
74914,leaf-spine,sys1-ice2-p-swi-bel16,sw56p1,Active/LinkUp/800G,sys1-ice2-p-swi-bes20,sw16p1,Active/LinkUp/800G
74915,leaf-spine,sys1-ice2-p-swi-bel16,sw56p2,Active/LinkUp/800G,sys1-ice2-p-swi-bes20,sw16p2,Active/LinkUp/800G
74916,leaf-spine,sys1-ice2-p-swi-bel16,sw57p1,Active/LinkUp/800G,sys1-ice2-p-swi-bes21,sw16p1,Active/LinkUp/800G
74917,leaf-spine,sys1-ice2-p-swi-bel16,sw57p2,Active/LinkUp/800G,sys1-ice2-p-swi-bes21,sw16p2,Active/LinkUp/800G
74918,leaf-spine,sys1-ice2-p-swi-bel16,sw58p1,Active/LinkUp/800G,sys1-ice2-p-swi-bes22,sw16p1,Active/LinkUp/800G
74919,leaf-spine,sys1-ice2-p-swi-bel16,sw58p2,Active/LinkUp/800G,sys1-ice2-p-swi-bes22,sw16p2,Active/LinkUp/800G
74920,leaf-spine,sys1-ice2-p-swi-bel16,sw59p1,Active/LinkUp/800G,sys1-ice2-p-swi-bes23,sw16p1,Active/LinkUp/800G
74921,leaf-spine,sys1-ice2-p-swi-bel16,sw59p2,Active/LinkUp/800G,sys1-ice2-p-swi-bes23,sw16p2,Active/LinkUp/800G
74922,leaf-spine,sys1-ice2-p-swi-bel16,sw60p1,Active/LinkUp/800G,sys1-ice2-p-swi-bes24,sw16p1,Active/LinkUp/800G
74923,leaf-spine,sys1-ice2-p-swi-bel16,sw60p2,Active/LinkUp/800G,sys1-ice2-p-swi-bes24,sw16p2,Active/LinkUp/800G
74924,leaf-spine,sys1-ice2-p-swi-bel16,sw61p1,Active/LinkUp/800G,sys1-ice2-p-swi-bes25,sw16p1,Active/LinkUp/800G
74925,leaf-spine,sys1-ice2-p-swi-bel16,sw61p2,Active/LinkUp/800G,sys1-ice2-p-swi-bes25,sw16p2,Active/LinkUp/800G
74926,leaf-spine,sys1-ice2-p-swi-bel16,sw62p1,Active/LinkUp/800G,sys1-ice2-p-swi-bes26,sw16p1,Active/LinkUp/800G
74927,leaf-spine,sys1-ice2-p-swi-bel16,sw62p2,Active/LinkUp/800G,sys1-ice2-p-swi-bes26,sw16p2,Active/LinkUp/800G
74928,leaf-spine,sys1-ice2-p-swi-bel16,sw63p1,Active/LinkUp/800G,sys1-ice2-p-swi-bes27,sw16p1,Active/LinkUp/800G
74929,leaf-spine,sys1-ice2-p-swi-bel16,sw63p2,Active/LinkUp/800G,sys1-ice2-p-swi-bes27,sw16p2,Active/LinkUp/800G
74930,leaf-spine,sys1-ice2-p-swi-bel16,sw64p1,Active/LinkUp/800G,sys1-ice2-p-swi-bes28,sw16p1,Active/LinkUp/800G
74931,leaf-spine,sys1-ice2-p-swi-bel16,sw64p2,Active/LinkUp/800G,sys1-ice2-p-swi-bes28,sw16p2,Active/LinkUp/800G
74932,leaf-spine,sys1-ice2-p-swi-bel16,sw65p1,Active/LinkUp/800G,sys1-ice2-p-swi-bes29,sw16p1,Active/LinkUp/800G
74933,leaf-spine,sys1-ice2-p-swi-bel16,sw65p2,Active/LinkUp/800G,sys1-ice2-p-swi-bes29,sw16p2,Active/LinkUp/800G
74934,leaf-spine,sys1-ice2-p-swi-bel16,sw66p1,Active/LinkUp/800G,sys1-ice2-p-swi-bes30,sw16p1,Active/LinkUp/800G
74935,leaf-spine,sys1-ice2-p-swi-bel16,sw66p2,Active/LinkUp/800G,sys1-ice2-p-swi-bes30,sw16p2,Active/LinkUp/800G
74936,leaf-spine,sys1-ice2-p-swi-bel16,sw67p1,Active/LinkUp/800G,sys1-ice2-p-swi-bes31,sw16p1,Active/LinkUp/800G
74937,leaf-spine,sys1-ice2-p-swi-bel16,sw67p2,Active/LinkUp/800G,sys1-ice2-p-swi-bes31,sw16p2,Active/LinkUp/800G
74938,leaf-spine,sys1-ice2-p-swi-bel16,sw68p1,Active/LinkUp/800G,sys1-ice2-p-swi-bes32,sw16p1,Active/LinkUp/800G
74939,leaf-spine,sys1-ice2-p-swi-bel16,sw68p2,Active/LinkUp/800G,sys1-ice2-p-swi-bes32,sw16p2,Active/LinkUp/800G
74940,leaf-spine,sys1-ice2-p-swi-bel16,sw69p1,Active/LinkUp/800G,sys1-ice2-p-swi-bes33,sw16p1,Active/LinkUp/800G
74941,leaf-spine,sys1-ice2-p-swi-bel16,sw69p2,Active/LinkUp/800G,sys1-ice2-p-swi-bes33,sw16p2,Active/LinkUp/800G
74942,leaf-spine,sys1-ice2-p-swi-bel16,sw70p1,Active/LinkUp/800G,sys1-ice2-p-swi-bes34,sw16p1,Active/LinkUp/800G
74943,leaf-spine,sys1-ice2-p-swi-bel16,sw70p2,Active/LinkUp/800G,sys1-ice2-p-swi-bes34,sw16p2,Active/LinkUp/800G
74944,leaf-spine,sys1-ice2-p-swi-bel16,sw71p1,Active/LinkUp/800G,sys1-ice2-p-swi-bes35,sw16p1,Active/LinkUp/800G
74945,leaf-spine,sys1-ice2-p-swi-bel16,sw71p2,Active/LinkUp/800G,sys1-ice2-p-swi-bes35,sw16p2,Active/LinkUp/800G
74946,leaf-spine,sys1-ice2-p-swi-bel16,sw72p1,Active/LinkUp/800G,sys1-ice2-p-swi-bes36,sw16p1,Active/LinkUp/800G
74947,leaf-spine,sys1-ice2-p-swi-bel16,sw72p2,Active/LinkUp/800G,sys1-ice2-p-swi-bes36,sw16p2,Active/LinkUp/800G
74948,leaf-spine,sys1-ice2-p-swi-bel17,sw37p1,Active/LinkUp/800G,sys1-ice2-p-swi-bes1,sw17p1,Active/LinkUp/800G
74949,leaf-spine,sys1-ice2-p-swi-bel17,sw37p2,Active/LinkUp/800G,sys1-ice2-p-swi-bes1,sw17p2,Active/LinkUp/800G
74950,leaf-spine,sys1-ice2-p-swi-bel17,sw38p1,Active/LinkUp/800G,sys1-ice2-p-swi-bes2,sw17p1,Active/LinkUp/800G
74951,leaf-spine,sys1-ice2-p-swi-bel17,sw38p2,Active/LinkUp/800G,sys1-ice2-p-swi-bes2,sw17p2,Active/LinkUp/800G
74952,leaf-spine,sys1-ice2-p-swi-bel17,sw39p1,Active/LinkUp/800G,sys1-ice2-p-swi-bes3,sw17p1,Active/LinkUp/800G
74953,leaf-spine,sys1-ice2-p-swi-bel17,sw39p2,Active/LinkUp/800G,sys1-ice2-p-swi-bes3,sw17p2,Active/LinkUp/800G
74954,leaf-spine,sys1-ice2-p-swi-bel17,sw40p1,Active/LinkUp/800G,sys1-ice2-p-swi-bes4,sw17p1,Active/LinkUp/800G
74955,leaf-spine,sys1-ice2-p-swi-bel17,sw40p2,Initialize/LinkUp/,sys1-ice2-p-swi-bes4,sw17p2,Initialize/LinkUp/
74956,leaf-spine,sys1-ice2-p-swi-bel17,sw41p1,Active/LinkUp/800G,sys1-ice2-p-swi-bes5,sw17p1,Active/LinkUp/800G
74957,leaf-spine,sys1-ice2-p-swi-bel17,sw41p2,Active/LinkUp/800G,sys1-ice2-p-swi-bes5,sw17p2,Active/LinkUp/800G
74958,leaf-spine,sys1-ice2-p-swi-bel17,sw42p1,Active/LinkUp/800G,sys1-ice2-p-swi-bes6,sw17p1,Active/LinkUp/800G
74959,leaf-spine,sys1-ice2-p-swi-bel17,sw42p2,Active/LinkUp/800G,sys1-ice2-p-swi-bes6,sw17p2,Active/LinkUp/800G
74960,leaf-spine,sys1-ice2-p-swi-bel17,sw43p1,Active/LinkUp/800G,sys1-ice2-p-swi-bes7,sw17p1,Active/LinkUp/800G
74961,leaf-spine,sys1-ice2-p-swi-bel17,sw43p2,Active/LinkUp/800G,sys1-ice2-p-swi-bes7,sw17p2,Active/LinkUp/800G
74962,leaf-spine,sys1-ice2-p-swi-bel17,sw44p1,Active/LinkUp/800G,sys1-ice2-p-swi-bes8,sw17p1,Active/LinkUp/800G
74963,leaf-spine,sys1-ice2-p-swi-bel17,sw44p2,Active/LinkUp/800G,sys1-ice2-p-swi-bes8,sw17p2,Active/LinkUp/800G
74964,leaf-spine,sys1-ice2-p-swi-bel17,sw45p1,Active/LinkUp/800G,sys1-ice2-p-swi-bes9,sw17p1,Active/LinkUp/800G
74965,leaf-spine,sys1-ice2-p-swi-bel17,sw45p2,Active/LinkUp/800G,sys1-ice2-p-swi-bes9,sw17p2,Active/LinkUp/800G
74966,leaf-spine,sys1-ice2-p-swi-bel17,sw46p1,Active/LinkUp/800G,sys1-ice2-p-swi-bes10,sw17p1,Active/LinkUp/800G
74967,leaf-spine,sys1-ice2-p-swi-bel17,sw46p2,Active/LinkUp/800G,sys1-ice2-p-swi-bes10,sw17p2,Active/LinkUp/800G
74968,leaf-spine,sys1-ice2-p-swi-bel17,sw47p1,Active/LinkUp/800G,sys1-ice2-p-swi-bes11,sw17p1,Active/LinkUp/800G
74969,leaf-spine,sys1-ice2-p-swi-bel17,sw47p2,Active/LinkUp/800G,sys1-ice2-p-swi-bes11,sw17p2,Active/LinkUp/800G
74970,leaf-spine,sys1-ice2-p-swi-bel17,sw48p1,Active/LinkUp/800G,sys1-ice2-p-swi-bes12,sw17p1,Active/LinkUp/800G
74971,leaf-spine,sys1-ice2-p-swi-bel17,sw48p2,Active/LinkUp/800G,sys1-ice2-p-swi-bes12,sw17p2,Active/LinkUp/800G
74972,leaf-spine,sys1-ice2-p-swi-bel17,sw49p1,Active/LinkUp/800G,sys1-ice2-p-swi-bes13,sw17p1,Active/LinkUp/800G
74973,leaf-spine,sys1-ice2-p-swi-bel17,sw49p2,Active/LinkUp/800G,sys1-ice2-p-swi-bes13,sw17p2,Active/LinkUp/800G
74974,leaf-spine,sys1-ice2-p-swi-bel17,sw50p1,Active/LinkUp/800G,sys1-ice2-p-swi-bes14,sw17p1,Active/LinkUp/800G
74975,leaf-spine,sys1-ice2-p-swi-bel17,sw50p2,Active/LinkUp/800G,sys1-ice2-p-swi-bes14,sw17p2,Active/LinkUp/800G
74976,leaf-spine,sys1-ice2-p-swi-bel17,sw51p1,Active/LinkUp/800G,sys1-ice2-p-swi-bes15,sw17p1,Active/LinkUp/800G
74977,leaf-spine,sys1-ice2-p-swi-bel17,sw51p2,Active/LinkUp/800G,sys1-ice2-p-swi-bes15,sw17p2,Active/LinkUp/800G
74978,leaf-spine,sys1-ice2-p-swi-bel17,sw52p1,Active/LinkUp/800G,sys1-ice2-p-swi-bes16,sw17p1,Active/LinkUp/800G
74979,leaf-spine,sys1-ice2-p-swi-bel17,sw52p2,Active/LinkUp/800G,sys1-ice2-p-swi-bes16,sw17p2,Active/LinkUp/800G
74980,leaf-spine,sys1-ice2-p-swi-bel17,sw53p1,Active/LinkUp/800G,sys1-ice2-p-swi-bes17,sw17p1,Active/LinkUp/800G
74981,leaf-spine,sys1-ice2-p-swi-bel17,sw53p2,Active/LinkUp/800G,sys1-ice2-p-swi-bes17,sw17p2,Active/LinkUp/800G
74982,leaf-spine,sys1-ice2-p-swi-bel17,sw54p1,Active/LinkUp/800G,sys1-ice2-p-swi-bes18,sw17p1,Active/LinkUp/800G
74983,leaf-spine,sys1-ice2-p-swi-bel17,sw54p2,Active/LinkUp/800G,sys1-ice2-p-swi-bes18,sw17p2,Active/LinkUp/800G
74984,leaf-spine,sys1-ice2-p-swi-bel17,sw55p1,Active/LinkUp/800G,sys1-ice2-p-swi-bes19,sw17p1,Active/LinkUp/800G
74985,leaf-spine,sys1-ice2-p-swi-bel17,sw55p2,Active/LinkUp/800G,sys1-ice2-p-swi-bes19,sw17p2,Active/LinkUp/800G
74986,leaf-spine,sys1-ice2-p-swi-bel17,sw56p1,Active/LinkUp/800G,sys1-ice2-p-swi-bes20,sw17p1,Active/LinkUp/800G
74987,leaf-spine,sys1-ice2-p-swi-bel17,sw56p2,Active/LinkUp/800G,sys1-ice2-p-swi-bes20,sw17p2,Active/LinkUp/800G
74988,leaf-spine,sys1-ice2-p-swi-bel17,sw57p1,Active/LinkUp/800G,sys1-ice2-p-swi-bes21,sw17p1,Active/LinkUp/800G
74989,leaf-spine,sys1-ice2-p-swi-bel17,sw57p2,Active/LinkUp/800G,sys1-ice2-p-swi-bes21,sw17p2,Active/LinkUp/800G
74990,leaf-spine,sys1-ice2-p-swi-bel17,sw58p1,Active/LinkUp/800G,sys1-ice2-p-swi-bes22,sw17p1,Active/LinkUp/800G
74991,leaf-spine,sys1-ice2-p-swi-bel17,sw58p2,Active/LinkUp/800G,sys1-ice2-p-swi-bes22,sw17p2,Active/LinkUp/800G
74992,leaf-spine,sys1-ice2-p-swi-bel17,sw59p1,Active/LinkUp/800G,sys1-ice2-p-swi-bes23,sw17p1,Active/LinkUp/800G
74993,leaf-spine,sys1-ice2-p-swi-bel17,sw59p2,Active/LinkUp/800G,sys1-ice2-p-swi-bes23,sw17p2,Active/LinkUp/800G
74994,leaf-spine,sys1-ice2-p-swi-bel17,sw60p1,Active/LinkUp/800G,sys1-ice2-p-swi-bes24,sw17p1,Active/LinkUp/800G
74995,leaf-spine,sys1-ice2-p-swi-bel17,sw60p2,Active/LinkUp/800G,sys1-ice2-p-swi-bes24,sw17p2,Active/LinkUp/800G
74996,leaf-spine,sys1-ice2-p-swi-bel17,sw61p1,Active/LinkUp/800G,sys1-ice2-p-swi-bes25,sw17p1,Active/LinkUp/800G
74997,leaf-spine,sys1-ice2-p-swi-bel17,sw61p2,Active/LinkUp/800G,sys1-ice2-p-swi-bes25,sw17p2,Active/LinkUp/800G
74998,leaf-spine,sys1-ice2-p-swi-bel17,sw62p1,Active/LinkUp/800G,sys1-ice2-p-swi-bes26,sw17p1,Active/LinkUp/800G
74999,leaf-spine,sys1-ice2-p-swi-bel17,sw62p2,Active/LinkUp/800G,sys1-ice2-p-swi-bes26,sw17p2,Active/LinkUp/800G
75000,leaf-spine,sys1-ice2-p-swi-bel17,sw63p1,Active/LinkUp/800G,sys1-ice2-p-swi-bes27,sw17p1,Active/LinkUp/800G
75001,leaf-spine,sys1-ice2-p-swi-bel17,sw63p2,Active/LinkUp/800G,sys1-ice2-p-swi-bes27,sw17p2,Active/LinkUp/800G
75002,leaf-spine,sys1-ice2-p-swi-bel17,sw64p1,Active/LinkUp/800G,sys1-ice2-p-swi-bes28,sw17p1,Active/LinkUp/800G
75003,leaf-spine,sys1-ice2-p-swi-bel17,sw64p2,Active/LinkUp/800G,sys1-ice2-p-swi-bes28,sw17p2,Active/LinkUp/800G
75004,leaf-spine,sys1-ice2-p-swi-bel17,sw65p1,Active/LinkUp/800G,sys1-ice2-p-swi-bes29,sw17p1,Active/LinkUp/800G
75005,leaf-spine,sys1-ice2-p-swi-bel17,sw65p2,Active/LinkUp/800G,sys1-ice2-p-swi-bes29,sw17p2,Active/LinkUp/800G
75006,leaf-spine,sys1-ice2-p-swi-bel17,sw66p1,Active/LinkUp/800G,sys1-ice2-p-swi-bes30,sw17p1,Active/LinkUp/800G
75007,leaf-spine,sys1-ice2-p-swi-bel17,sw66p2,Active/LinkUp/800G,sys1-ice2-p-swi-bes30,sw17p2,Active/LinkUp/800G
75008,leaf-spine,sys1-ice2-p-swi-bel17,sw67p1,Active/LinkUp/800G,sys1-ice2-p-swi-bes31,sw17p1,Active/LinkUp/800G
75009,leaf-spine,sys1-ice2-p-swi-bel17,sw67p2,Active/LinkUp/800G,sys1-ice2-p-swi-bes31,sw17p2,Active/LinkUp/800G
75010,leaf-spine,sys1-ice2-p-swi-bel17,sw68p1,Active/LinkUp/800G,sys1-ice2-p-swi-bes32,sw17p1,Active/LinkUp/800G
75011,leaf-spine,sys1-ice2-p-swi-bel17,sw68p2,Active/LinkUp/800G,sys1-ice2-p-swi-bes32,sw17p2,Active/LinkUp/800G
75012,leaf-spine,sys1-ice2-p-swi-bel17,sw69p1,Active/LinkUp/800G,sys1-ice2-p-swi-bes33,sw17p1,Active/LinkUp/800G
75013,leaf-spine,sys1-ice2-p-swi-bel17,sw69p2,Active/LinkUp/800G,sys1-ice2-p-swi-bes33,sw17p2,Active/LinkUp/800G
75014,leaf-spine,sys1-ice2-p-swi-bel17,sw70p1,Active/LinkUp/800G,sys1-ice2-p-swi-bes34,sw17p1,Active/LinkUp/800G
75015,leaf-spine,sys1-ice2-p-swi-bel17,sw70p2,Active/LinkUp/800G,sys1-ice2-p-swi-bes34,sw17p2,Active/LinkUp/800G
75016,leaf-spine,sys1-ice2-p-swi-bel17,sw71p1,Active/LinkUp/800G,sys1-ice2-p-swi-bes35,sw17p1,Active/LinkUp/800G
75017,leaf-spine,sys1-ice2-p-swi-bel17,sw71p2,Active/LinkUp/800G,sys1-ice2-p-swi-bes35,sw17p2,Active/LinkUp/800G
75018,leaf-spine,sys1-ice2-p-swi-bel17,sw72p1,Active/LinkUp/800G,sys1-ice2-p-swi-bes36,sw17p1,Active/LinkUp/800G
75019,leaf-spine,sys1-ice2-p-swi-bel17,sw72p2,Active/LinkUp/800G,sys1-ice2-p-swi-bes36,sw17p2,Active/LinkUp/800G
75020,leaf-spine,sys1-ice2-p-swi-bel18,sw37p1,Active/LinkUp/800G,sys1-ice2-p-swi-bes1,sw18p1,Active/LinkUp/800G
75021,leaf-spine,sys1-ice2-p-swi-bel18,sw37p2,Active/LinkUp/800G,sys1-ice2-p-swi-bes1,sw18p2,Active/LinkUp/800G
75022,leaf-spine,sys1-ice2-p-swi-bel18,sw38p1,Active/LinkUp/800G,sys1-ice2-p-swi-bes2,sw18p1,Active/LinkUp/800G
75023,leaf-spine,sys1-ice2-p-swi-bel18,sw38p2,Active/LinkUp/800G,sys1-ice2-p-swi-bes2,sw18p2,Active/LinkUp/800G
75024,leaf-spine,sys1-ice2-p-swi-bel18,sw39p1,Active/LinkUp/800G,sys1-ice2-p-swi-bes3,sw18p1,Active/LinkUp/800G
75025,leaf-spine,sys1-ice2-p-swi-bel18,sw39p2,Active/LinkUp/800G,sys1-ice2-p-swi-bes3,sw18p2,Active/LinkUp/800G
75026,leaf-spine,sys1-ice2-p-swi-bel18,sw40p1,Active/LinkUp/800G,sys1-ice2-p-swi-bes4,sw18p1,Active/LinkUp/800G
75027,leaf-spine,sys1-ice2-p-swi-bel18,sw40p2,Active/LinkUp/800G,sys1-ice2-p-swi-bes4,sw18p2,Active/LinkUp/800G
75028,leaf-spine,sys1-ice2-p-swi-bel18,sw41p1,Active/LinkUp/800G,sys1-ice2-p-swi-bes5,sw18p1,Active/LinkUp/800G
75029,leaf-spine,sys1-ice2-p-swi-bel18,sw41p2,Active/LinkUp/800G,sys1-ice2-p-swi-bes5,sw18p2,Active/LinkUp/800G
75030,leaf-spine,sys1-ice2-p-swi-bel18,sw42p1,Active/LinkUp/800G,sys1-ice2-p-swi-bes6,sw18p1,Active/LinkUp/800G
75031,leaf-spine,sys1-ice2-p-swi-bel18,sw42p2,Active/LinkUp/800G,sys1-ice2-p-swi-bes6,sw18p2,Active/LinkUp/800G
75032,leaf-spine,sys1-ice2-p-swi-bel18,sw43p1,Active/LinkUp/800G,sys1-ice2-p-swi-bes7,sw18p1,Active/LinkUp/800G
75033,leaf-spine,sys1-ice2-p-swi-bel18,sw43p2,Active/LinkUp/800G,sys1-ice2-p-swi-bes7,sw18p2,Active/LinkUp/800G
75034,leaf-spine,sys1-ice2-p-swi-bel18,sw44p1,Active/LinkUp/800G,sys1-ice2-p-swi-bes8,sw18p1,Active/LinkUp/800G
75035,leaf-spine,sys1-ice2-p-swi-bel18,sw44p2,Active/LinkUp/800G,sys1-ice2-p-swi-bes8,sw18p2,Active/LinkUp/800G
75036,leaf-spine,sys1-ice2-p-swi-bel18,sw45p1,Active/LinkUp/800G,sys1-ice2-p-swi-bes9,sw18p1,Active/LinkUp/800G
75037,leaf-spine,sys1-ice2-p-swi-bel18,sw45p2,Active/LinkUp/800G,sys1-ice2-p-swi-bes9,sw18p2,Active/LinkUp/800G
75038,leaf-spine,sys1-ice2-p-swi-bel18,sw46p1,Active/LinkUp/800G,sys1-ice2-p-swi-bes10,sw18p1,Active/LinkUp/800G
75039,leaf-spine,sys1-ice2-p-swi-bel18,sw46p2,Active/LinkUp/800G,sys1-ice2-p-swi-bes10,sw18p2,Active/LinkUp/800G
75040,leaf-spine,sys1-ice2-p-swi-bel18,sw47p1,Active/LinkUp/800G,sys1-ice2-p-swi-bes11,sw18p1,Active/LinkUp/800G
75041,leaf-spine,sys1-ice2-p-swi-bel18,sw47p2,Active/LinkUp/800G,sys1-ice2-p-swi-bes11,sw18p2,Active/LinkUp/800G
75042,leaf-spine,sys1-ice2-p-swi-bel18,sw48p1,Active/LinkUp/800G,sys1-ice2-p-swi-bes12,sw18p1,Active/LinkUp/800G
75043,leaf-spine,sys1-ice2-p-swi-bel18,sw48p2,Active/LinkUp/800G,sys1-ice2-p-swi-bes12,sw18p2,Active/LinkUp/800G
75044,leaf-spine,sys1-ice2-p-swi-bel18,sw49p1,Active/LinkUp/800G,sys1-ice2-p-swi-bes13,sw18p1,Active/LinkUp/800G
75045,leaf-spine,sys1-ice2-p-swi-bel18,sw49p2,Active/LinkUp/800G,sys1-ice2-p-swi-bes13,sw18p2,Active/LinkUp/800G
75046,leaf-spine,sys1-ice2-p-swi-bel18,sw50p1,Active/LinkUp/800G,sys1-ice2-p-swi-bes14,sw18p1,Active/LinkUp/800G
75047,leaf-spine,sys1-ice2-p-swi-bel18,sw50p2,Active/LinkUp/800G,sys1-ice2-p-swi-bes14,sw18p2,Active/LinkUp/800G
75048,leaf-spine,sys1-ice2-p-swi-bel18,sw51p1,Active/LinkUp/800G,sys1-ice2-p-swi-bes15,sw18p1,Active/LinkUp/800G
75049,leaf-spine,sys1-ice2-p-swi-bel18,sw51p2,Active/LinkUp/800G,sys1-ice2-p-swi-bes15,sw18p2,Active/LinkUp/800G
75050,leaf-spine,sys1-ice2-p-swi-bel18,sw52p1,Active/LinkUp/800G,sys1-ice2-p-swi-bes16,sw18p1,Active/LinkUp/800G
75051,leaf-spine,sys1-ice2-p-swi-bel18,sw52p2,Active/LinkUp/800G,sys1-ice2-p-swi-bes16,sw18p2,Active/LinkUp/800G
75052,leaf-spine,sys1-ice2-p-swi-bel18,sw53p1,Active/LinkUp/800G,sys1-ice2-p-swi-bes17,sw18p1,Active/LinkUp/800G
75053,leaf-spine,sys1-ice2-p-swi-bel18,sw53p2,Active/LinkUp/800G,sys1-ice2-p-swi-bes17,sw18p2,Active/LinkUp/800G
75054,leaf-spine,sys1-ice2-p-swi-bel18,sw54p1,Active/LinkUp/800G,sys1-ice2-p-swi-bes18,sw18p1,Active/LinkUp/800G
75055,leaf-spine,sys1-ice2-p-swi-bel18,sw54p2,Active/LinkUp/800G,sys1-ice2-p-swi-bes18,sw18p2,Active/LinkUp/800G
75056,leaf-spine,sys1-ice2-p-swi-bel18,sw55p1,Active/LinkUp/800G,sys1-ice2-p-swi-bes19,sw18p1,Active/LinkUp/800G
75057,leaf-spine,sys1-ice2-p-swi-bel18,sw55p2,Active/LinkUp/800G,sys1-ice2-p-swi-bes19,sw18p2,Active/LinkUp/800G
75058,leaf-spine,sys1-ice2-p-swi-bel18,sw56p1,Active/LinkUp/800G,sys1-ice2-p-swi-bes20,sw18p1,Active/LinkUp/800G
75059,leaf-spine,sys1-ice2-p-swi-bel18,sw56p2,Active/LinkUp/800G,sys1-ice2-p-swi-bes20,sw18p2,Active/LinkUp/800G
75060,leaf-spine,sys1-ice2-p-swi-bel18,sw57p1,Active/LinkUp/800G,sys1-ice2-p-swi-bes21,sw18p1,Active/LinkUp/800G
75061,leaf-spine,sys1-ice2-p-swi-bel18,sw57p2,Active/LinkUp/800G,sys1-ice2-p-swi-bes21,sw18p2,Active/LinkUp/800G
75062,leaf-spine,sys1-ice2-p-swi-bel18,sw58p1,Active/LinkUp/800G,sys1-ice2-p-swi-bes22,sw18p1,Active/LinkUp/800G
75063,leaf-spine,sys1-ice2-p-swi-bel18,sw58p2,Active/LinkUp/800G,sys1-ice2-p-swi-bes22,sw18p2,Active/LinkUp/800G
75064,leaf-spine,sys1-ice2-p-swi-bel18,sw59p1,Active/LinkUp/800G,sys1-ice2-p-swi-bes23,sw18p1,Active/LinkUp/800G
75065,leaf-spine,sys1-ice2-p-swi-bel18,sw59p2,Active/LinkUp/800G,sys1-ice2-p-swi-bes23,sw18p2,Active/LinkUp/800G
75066,leaf-spine,sys1-ice2-p-swi-bel18,sw60p1,Active/LinkUp/800G,sys1-ice2-p-swi-bes24,sw18p1,Active/LinkUp/800G
75067,leaf-spine,sys1-ice2-p-swi-bel18,sw60p2,Active/LinkUp/800G,sys1-ice2-p-swi-bes24,sw18p2,Active/LinkUp/800G
75068,leaf-spine,sys1-ice2-p-swi-bel18,sw61p1,Active/LinkUp/800G,sys1-ice2-p-swi-bes25,sw18p1,Active/LinkUp/800G
75069,leaf-spine,sys1-ice2-p-swi-bel18,sw61p2,Active/LinkUp/800G,sys1-ice2-p-swi-bes25,sw18p2,Active/LinkUp/800G
75070,leaf-spine,sys1-ice2-p-swi-bel18,sw62p1,Active/LinkUp/800G,sys1-ice2-p-swi-bes26,sw18p1,Active/LinkUp/800G
75071,leaf-spine,sys1-ice2-p-swi-bel18,sw62p2,Active/LinkUp/800G,sys1-ice2-p-swi-bes26,sw18p2,Active/LinkUp/800G
75072,leaf-spine,sys1-ice2-p-swi-bel18,sw63p1,Active/LinkUp/800G,sys1-ice2-p-swi-bes27,sw18p1,Active/LinkUp/800G
75073,leaf-spine,sys1-ice2-p-swi-bel18,sw63p2,Active/LinkUp/800G,sys1-ice2-p-swi-bes27,sw18p2,Active/LinkUp/800G
75074,leaf-spine,sys1-ice2-p-swi-bel18,sw64p1,Active/LinkUp/800G,sys1-ice2-p-swi-bes28,sw18p1,Active/LinkUp/800G
75075,leaf-spine,sys1-ice2-p-swi-bel18,sw64p2,Active/LinkUp/800G,sys1-ice2-p-swi-bes28,sw18p2,Active/LinkUp/800G
75076,leaf-spine,sys1-ice2-p-swi-bel18,sw65p1,Active/LinkUp/800G,sys1-ice2-p-swi-bes29,sw18p1,Active/LinkUp/800G
75077,leaf-spine,sys1-ice2-p-swi-bel18,sw65p2,Active/LinkUp/800G,sys1-ice2-p-swi-bes29,sw18p2,Active/LinkUp/800G
75078,leaf-spine,sys1-ice2-p-swi-bel18,sw66p1,Active/LinkUp/800G,sys1-ice2-p-swi-bes30,sw18p1,Active/LinkUp/800G
75079,leaf-spine,sys1-ice2-p-swi-bel18,sw66p2,Active/LinkUp/800G,sys1-ice2-p-swi-bes30,sw18p2,Active/LinkUp/800G
75080,leaf-spine,sys1-ice2-p-swi-bel18,sw67p1,Active/LinkUp/800G,sys1-ice2-p-swi-bes31,sw18p1,Active/LinkUp/800G
75081,leaf-spine,sys1-ice2-p-swi-bel18,sw67p2,Active/LinkUp/800G,sys1-ice2-p-swi-bes31,sw18p2,Active/LinkUp/800G
75082,leaf-spine,sys1-ice2-p-swi-bel18,sw68p1,Active/LinkUp/800G,sys1-ice2-p-swi-bes32,sw18p1,Active/LinkUp/800G
75083,leaf-spine,sys1-ice2-p-swi-bel18,sw68p2,Active/LinkUp/800G,sys1-ice2-p-swi-bes32,sw18p2,Active/LinkUp/800G
75084,leaf-spine,sys1-ice2-p-swi-bel18,sw69p1,Active/LinkUp/800G,sys1-ice2-p-swi-bes33,sw18p1,Active/LinkUp/800G
75085,leaf-spine,sys1-ice2-p-swi-bel18,sw69p2,Active/LinkUp/800G,sys1-ice2-p-swi-bes33,sw18p2,Active/LinkUp/800G
75086,leaf-spine,sys1-ice2-p-swi-bel18,sw70p1,Active/LinkUp/800G,sys1-ice2-p-swi-bes34,sw18p1,Active/LinkUp/800G
75087,leaf-spine,sys1-ice2-p-swi-bel18,sw70p2,Active/LinkUp/800G,sys1-ice2-p-swi-bes34,sw18p2,Active/LinkUp/800G
75088,leaf-spine,sys1-ice2-p-swi-bel18,sw71p1,Active/LinkUp/800G,sys1-ice2-p-swi-bes35,sw18p1,Active/LinkUp/800G
75089,leaf-spine,sys1-ice2-p-swi-bel18,sw71p2,Active/LinkUp/800G,sys1-ice2-p-swi-bes35,sw18p2,Active/LinkUp/800G
75090,leaf-spine,sys1-ice2-p-swi-bel18,sw72p1,Active/LinkUp/800G,sys1-ice2-p-swi-bes36,sw18p1,Active/LinkUp/800G
75091,leaf-spine,sys1-ice2-p-swi-bel18,sw72p2,Active/LinkUp/800G,sys1-ice2-p-swi-bes36,sw18p2,Active/LinkUp/800G
75092,leaf-spine,sys1-ice2-p-swi-bel19,sw37p1,Active/LinkUp/800G,sys1-ice2-p-swi-bes1,sw19p1,Active/LinkUp/800G
75093,leaf-spine,sys1-ice2-p-swi-bel19,sw37p2,Active/LinkUp/800G,sys1-ice2-p-swi-bes1,sw19p2,Active/LinkUp/800G
75094,leaf-spine,sys1-ice2-p-swi-bel19,sw38p1,Active/LinkUp/800G,sys1-ice2-p-swi-bes2,sw19p1,Active/LinkUp/800G
75095,leaf-spine,sys1-ice2-p-swi-bel19,sw38p2,Active/LinkUp/800G,sys1-ice2-p-swi-bes2,sw19p2,Active/LinkUp/800G
75096,leaf-spine,sys1-ice2-p-swi-bel19,sw39p1,Active/LinkUp/800G,sys1-ice2-p-swi-bes3,sw19p1,Active/LinkUp/800G
75097,leaf-spine,sys1-ice2-p-swi-bel19,sw39p2,Active/LinkUp/800G,sys1-ice2-p-swi-bes3,sw19p2,Active/LinkUp/800G
75098,leaf-spine,sys1-ice2-p-swi-bel19,sw40p1,Active/LinkUp/800G,sys1-ice2-p-swi-bes4,sw19p1,Active/LinkUp/800G
75099,leaf-spine,sys1-ice2-p-swi-bel19,sw40p2,Active/LinkUp/800G,sys1-ice2-p-swi-bes4,sw19p2,Active/LinkUp/800G
75100,leaf-spine,sys1-ice2-p-swi-bel19,sw41p1,Active/LinkUp/800G,sys1-ice2-p-swi-bes5,sw19p1,Active/LinkUp/800G
75101,leaf-spine,sys1-ice2-p-swi-bel19,sw41p2,Active/LinkUp/800G,sys1-ice2-p-swi-bes5,sw19p2,Active/LinkUp/800G
75102,leaf-spine,sys1-ice2-p-swi-bel19,sw42p1,Active/LinkUp/800G,sys1-ice2-p-swi-bes6,sw19p1,Active/LinkUp/800G
75103,leaf-spine,sys1-ice2-p-swi-bel19,sw42p2,Active/LinkUp/800G,sys1-ice2-p-swi-bes6,sw19p2,Active/LinkUp/800G
75104,leaf-spine,sys1-ice2-p-swi-bel19,sw43p1,Active/LinkUp/800G,sys1-ice2-p-swi-bes7,sw19p1,Active/LinkUp/800G
75105,leaf-spine,sys1-ice2-p-swi-bel19,sw43p2,Active/LinkUp/800G,sys1-ice2-p-swi-bes7,sw19p2,Active/LinkUp/800G
75106,leaf-spine,sys1-ice2-p-swi-bel19,sw44p1,Active/LinkUp/800G,sys1-ice2-p-swi-bes8,sw19p1,Active/LinkUp/800G
75107,leaf-spine,sys1-ice2-p-swi-bel19,sw44p2,Active/LinkUp/800G,sys1-ice2-p-swi-bes8,sw19p2,Active/LinkUp/800G
75108,leaf-spine,sys1-ice2-p-swi-bel19,sw45p1,Active/LinkUp/800G,sys1-ice2-p-swi-bes9,sw19p1,Active/LinkUp/800G
75109,leaf-spine,sys1-ice2-p-swi-bel19,sw45p2,Active/LinkUp/800G,sys1-ice2-p-swi-bes9,sw19p2,Active/LinkUp/800G
75110,leaf-spine,sys1-ice2-p-swi-bel19,sw46p1,Active/LinkUp/800G,sys1-ice2-p-swi-bes10,sw19p1,Active/LinkUp/800G
75111,leaf-spine,sys1-ice2-p-swi-bel19,sw46p2,Active/LinkUp/800G,sys1-ice2-p-swi-bes10,sw19p2,Active/LinkUp/800G
75112,leaf-spine,sys1-ice2-p-swi-bel19,sw47p1,Active/LinkUp/800G,sys1-ice2-p-swi-bes11,sw19p1,Active/LinkUp/800G
75113,leaf-spine,sys1-ice2-p-swi-bel19,sw47p2,Active/LinkUp/800G,sys1-ice2-p-swi-bes11,sw19p2,Active/LinkUp/800G
75114,leaf-spine,sys1-ice2-p-swi-bel19,sw48p1,Active/LinkUp/800G,sys1-ice2-p-swi-bes12,sw19p1,Active/LinkUp/800G
75115,leaf-spine,sys1-ice2-p-swi-bel19,sw48p2,Active/LinkUp/800G,sys1-ice2-p-swi-bes12,sw19p2,Active/LinkUp/800G
75116,leaf-spine,sys1-ice2-p-swi-bel19,sw49p1,Active/LinkUp/800G,sys1-ice2-p-swi-bes13,sw19p1,Active/LinkUp/800G
75117,leaf-spine,sys1-ice2-p-swi-bel19,sw49p2,Active/LinkUp/800G,sys1-ice2-p-swi-bes13,sw19p2,Active/LinkUp/800G
75118,leaf-spine,sys1-ice2-p-swi-bel19,sw50p1,Active/LinkUp/800G,sys1-ice2-p-swi-bes14,sw19p1,Active/LinkUp/800G
75119,leaf-spine,sys1-ice2-p-swi-bel19,sw50p2,Active/LinkUp/800G,sys1-ice2-p-swi-bes14,sw19p2,Active/LinkUp/800G
75120,leaf-spine,sys1-ice2-p-swi-bel19,sw51p1,Active/LinkUp/800G,sys1-ice2-p-swi-bes15,sw19p1,Active/LinkUp/800G
75121,leaf-spine,sys1-ice2-p-swi-bel19,sw51p2,Active/LinkUp/800G,sys1-ice2-p-swi-bes15,sw19p2,Active/LinkUp/800G
75122,leaf-spine,sys1-ice2-p-swi-bel19,sw52p1,Active/LinkUp/800G,sys1-ice2-p-swi-bes16,sw19p1,Active/LinkUp/800G
75123,leaf-spine,sys1-ice2-p-swi-bel19,sw52p2,Active/LinkUp/800G,sys1-ice2-p-swi-bes16,sw19p2,Active/LinkUp/800G
75124,leaf-spine,sys1-ice2-p-swi-bel19,sw53p1,Active/LinkUp/800G,sys1-ice2-p-swi-bes17,sw19p1,Active/LinkUp/800G
75125,leaf-spine,sys1-ice2-p-swi-bel19,sw53p2,Active/LinkUp/800G,sys1-ice2-p-swi-bes17,sw19p2,Active/LinkUp/800G
75126,leaf-spine,sys1-ice2-p-swi-bel19,sw54p1,Active/LinkUp/800G,sys1-ice2-p-swi-bes18,sw19p1,Active/LinkUp/800G
75127,leaf-spine,sys1-ice2-p-swi-bel19,sw54p2,Active/LinkUp/800G,sys1-ice2-p-swi-bes18,sw19p2,Active/LinkUp/800G
75128,leaf-spine,sys1-ice2-p-swi-bel19,sw55p1,Active/LinkUp/800G,sys1-ice2-p-swi-bes19,sw19p1,Active/LinkUp/800G
75129,leaf-spine,sys1-ice2-p-swi-bel19,sw55p2,Active/LinkUp/800G,sys1-ice2-p-swi-bes19,sw19p2,Active/LinkUp/800G
75130,leaf-spine,sys1-ice2-p-swi-bel19,sw56p1,Active/LinkUp/800G,sys1-ice2-p-swi-bes20,sw19p1,Active/LinkUp/800G
75131,leaf-spine,sys1-ice2-p-swi-bel19,sw56p2,Active/LinkUp/800G,sys1-ice2-p-swi-bes20,sw19p2,Active/LinkUp/800G
75132,leaf-spine,sys1-ice2-p-swi-bel19,sw57p1,Active/LinkUp/800G,sys1-ice2-p-swi-bes21,sw19p1,Active/LinkUp/800G
75133,leaf-spine,sys1-ice2-p-swi-bel19,sw57p2,Active/LinkUp/800G,sys1-ice2-p-swi-bes21,sw19p2,Active/LinkUp/800G
75134,leaf-spine,sys1-ice2-p-swi-bel19,sw58p1,Active/LinkUp/800G,sys1-ice2-p-swi-bes22,sw19p1,Active/LinkUp/800G
75135,leaf-spine,sys1-ice2-p-swi-bel19,sw58p2,Active/LinkUp/800G,sys1-ice2-p-swi-bes22,sw19p2,Active/LinkUp/800G
75136,leaf-spine,sys1-ice2-p-swi-bel19,sw59p1,Active/LinkUp/800G,sys1-ice2-p-swi-bes23,sw19p1,Active/LinkUp/800G
75137,leaf-spine,sys1-ice2-p-swi-bel19,sw59p2,Active/LinkUp/800G,sys1-ice2-p-swi-bes23,sw19p2,Active/LinkUp/800G
75138,leaf-spine,sys1-ice2-p-swi-bel19,sw60p1,Active/LinkUp/800G,sys1-ice2-p-swi-bes24,sw19p1,Active/LinkUp/800G
75139,leaf-spine,sys1-ice2-p-swi-bel19,sw60p2,Active/LinkUp/800G,sys1-ice2-p-swi-bes24,sw19p2,Active/LinkUp/800G
75140,leaf-spine,sys1-ice2-p-swi-bel19,sw61p1,Active/LinkUp/800G,sys1-ice2-p-swi-bes25,sw19p1,Active/LinkUp/800G
75141,leaf-spine,sys1-ice2-p-swi-bel19,sw61p2,Active/LinkUp/800G,sys1-ice2-p-swi-bes25,sw19p2,Active/LinkUp/800G
75142,leaf-spine,sys1-ice2-p-swi-bel19,sw62p1,Active/LinkUp/800G,sys1-ice2-p-swi-bes26,sw19p1,Active/LinkUp/800G
75143,leaf-spine,sys1-ice2-p-swi-bel19,sw62p2,Active/LinkUp/800G,sys1-ice2-p-swi-bes26,sw19p2,Active/LinkUp/800G
75144,leaf-spine,sys1-ice2-p-swi-bel19,sw63p1,Active/LinkUp/800G,sys1-ice2-p-swi-bes27,sw19p1,Active/LinkUp/800G
75145,leaf-spine,sys1-ice2-p-swi-bel19,sw63p2,Active/LinkUp/800G,sys1-ice2-p-swi-bes27,sw19p2,Active/LinkUp/800G
75146,leaf-spine,sys1-ice2-p-swi-bel19,sw64p1,Active/LinkUp/800G,sys1-ice2-p-swi-bes28,sw19p1,Active/LinkUp/800G
75147,leaf-spine,sys1-ice2-p-swi-bel19,sw64p2,Active/LinkUp/800G,sys1-ice2-p-swi-bes28,sw19p2,Active/LinkUp/800G
75148,leaf-spine,sys1-ice2-p-swi-bel19,sw65p1,Active/LinkUp/800G,sys1-ice2-p-swi-bes29,sw19p1,Active/LinkUp/800G
75149,leaf-spine,sys1-ice2-p-swi-bel19,sw65p2,Active/LinkUp/800G,sys1-ice2-p-swi-bes29,sw19p2,Active/LinkUp/800G
75150,leaf-spine,sys1-ice2-p-swi-bel19,sw66p1,Active/LinkUp/800G,sys1-ice2-p-swi-bes30,sw19p1,Active/LinkUp/800G
75151,leaf-spine,sys1-ice2-p-swi-bel19,sw66p2,Active/LinkUp/800G,sys1-ice2-p-swi-bes30,sw19p2,Active/LinkUp/800G
75152,leaf-spine,sys1-ice2-p-swi-bel19,sw67p1,Active/LinkUp/800G,sys1-ice2-p-swi-bes31,sw19p1,Active/LinkUp/800G
75153,leaf-spine,sys1-ice2-p-swi-bel19,sw67p2,Active/LinkUp/800G,sys1-ice2-p-swi-bes31,sw19p2,Active/LinkUp/800G
75154,leaf-spine,sys1-ice2-p-swi-bel19,sw68p1,Active/LinkUp/800G,sys1-ice2-p-swi-bes32,sw19p1,Active/LinkUp/800G
75155,leaf-spine,sys1-ice2-p-swi-bel19,sw68p2,Active/LinkUp/800G,sys1-ice2-p-swi-bes32,sw19p2,Active/LinkUp/800G
75156,leaf-spine,sys1-ice2-p-swi-bel19,sw69p1,Active/LinkUp/800G,sys1-ice2-p-swi-bes33,sw19p1,Active/LinkUp/800G
75157,leaf-spine,sys1-ice2-p-swi-bel19,sw69p2,Active/LinkUp/800G,sys1-ice2-p-swi-bes33,sw19p2,Active/LinkUp/800G
75158,leaf-spine,sys1-ice2-p-swi-bel19,sw70p1,Active/LinkUp/800G,sys1-ice2-p-swi-bes34,sw19p1,Active/LinkUp/800G
75159,leaf-spine,sys1-ice2-p-swi-bel19,sw70p2,Active/LinkUp/800G,sys1-ice2-p-swi-bes34,sw19p2,Active/LinkUp/800G
75160,leaf-spine,sys1-ice2-p-swi-bel19,sw71p1,Active/LinkUp/800G,sys1-ice2-p-swi-bes35,sw19p1,Active/LinkUp/800G
75161,leaf-spine,sys1-ice2-p-swi-bel19,sw71p2,Active/LinkUp/800G,sys1-ice2-p-swi-bes35,sw19p2,Active/LinkUp/800G
75162,leaf-spine,sys1-ice2-p-swi-bel19,sw72p1,Active/LinkUp/800G,sys1-ice2-p-swi-bes36,sw19p1,Active/LinkUp/800G
75163,leaf-spine,sys1-ice2-p-swi-bel19,sw72p2,Active/LinkUp/800G,sys1-ice2-p-swi-bes36,sw19p2,Active/LinkUp/800G
75164,leaf-spine,sys1-ice2-p-swi-bel20,sw37p1,Active/LinkUp/800G,sys1-ice2-p-swi-bes1,sw20p1,Active/LinkUp/800G
75165,leaf-spine,sys1-ice2-p-swi-bel20,sw37p2,Active/LinkUp/800G,sys1-ice2-p-swi-bes1,sw20p2,Active/LinkUp/800G
75166,leaf-spine,sys1-ice2-p-swi-bel20,sw38p1,Active/LinkUp/800G,sys1-ice2-p-swi-bes2,sw20p1,Active/LinkUp/800G
75167,leaf-spine,sys1-ice2-p-swi-bel20,sw38p2,Active/LinkUp/800G,sys1-ice2-p-swi-bes2,sw20p2,Active/LinkUp/800G
75168,leaf-spine,sys1-ice2-p-swi-bel20,sw39p1,Active/LinkUp/800G,sys1-ice2-p-swi-bes3,sw20p1,Active/LinkUp/800G
75169,leaf-spine,sys1-ice2-p-swi-bel20,sw39p2,Active/LinkUp/800G,sys1-ice2-p-swi-bes3,sw20p2,Active/LinkUp/800G
75170,leaf-spine,sys1-ice2-p-swi-bel20,sw40p1,Active/LinkUp/800G,sys1-ice2-p-swi-bes4,sw20p1,Active/LinkUp/800G
75171,leaf-spine,sys1-ice2-p-swi-bel20,sw40p2,Active/LinkUp/800G,sys1-ice2-p-swi-bes4,sw20p2,Active/LinkUp/800G
75172,leaf-spine,sys1-ice2-p-swi-bel20,sw41p1,Active/LinkUp/800G,sys1-ice2-p-swi-bes5,sw20p1,Active/LinkUp/800G
75173,leaf-spine,sys1-ice2-p-swi-bel20,sw41p2,Active/LinkUp/800G,sys1-ice2-p-swi-bes5,sw20p2,Active/LinkUp/800G
75174,leaf-spine,sys1-ice2-p-swi-bel20,sw42p1,Active/LinkUp/800G,sys1-ice2-p-swi-bes6,sw20p1,Active/LinkUp/800G
75175,leaf-spine,sys1-ice2-p-swi-bel20,sw42p2,Active/LinkUp/800G,sys1-ice2-p-swi-bes6,sw20p2,Active/LinkUp/800G
75176,leaf-spine,sys1-ice2-p-swi-bel20,sw43p1,Active/LinkUp/800G,sys1-ice2-p-swi-bes7,sw20p1,Active/LinkUp/800G
75177,leaf-spine,sys1-ice2-p-swi-bel20,sw43p2,Active/LinkUp/800G,sys1-ice2-p-swi-bes7,sw20p2,Active/LinkUp/800G
75178,leaf-spine,sys1-ice2-p-swi-bel20,sw44p1,Active/LinkUp/800G,sys1-ice2-p-swi-bes8,sw20p1,Active/LinkUp/800G
75179,leaf-spine,sys1-ice2-p-swi-bel20,sw44p2,Active/LinkUp/800G,sys1-ice2-p-swi-bes8,sw20p2,Active/LinkUp/800G
75180,leaf-spine,sys1-ice2-p-swi-bel20,sw45p1,Active/LinkUp/800G,sys1-ice2-p-swi-bes9,sw20p1,Active/LinkUp/800G
75181,leaf-spine,sys1-ice2-p-swi-bel20,sw45p2,Active/LinkUp/800G,sys1-ice2-p-swi-bes9,sw20p2,Active/LinkUp/800G
75182,leaf-spine,sys1-ice2-p-swi-bel20,sw46p1,Active/LinkUp/800G,sys1-ice2-p-swi-bes10,sw20p1,Active/LinkUp/800G
75183,leaf-spine,sys1-ice2-p-swi-bel20,sw46p2,Active/LinkUp/800G,sys1-ice2-p-swi-bes10,sw20p2,Active/LinkUp/800G
75184,leaf-spine,sys1-ice2-p-swi-bel20,sw47p1,Active/LinkUp/800G,sys1-ice2-p-swi-bes11,sw20p1,Active/LinkUp/800G
75185,leaf-spine,sys1-ice2-p-swi-bel20,sw47p2,Active/LinkUp/800G,sys1-ice2-p-swi-bes11,sw20p2,Active/LinkUp/800G
75186,leaf-spine,sys1-ice2-p-swi-bel20,sw48p1,Active/LinkUp/800G,sys1-ice2-p-swi-bes12,sw20p1,Active/LinkUp/800G
75187,leaf-spine,sys1-ice2-p-swi-bel20,sw48p2,Active/LinkUp/800G,sys1-ice2-p-swi-bes12,sw20p2,Active/LinkUp/800G
75188,leaf-spine,sys1-ice2-p-swi-bel20,sw49p1,Active/LinkUp/800G,sys1-ice2-p-swi-bes13,sw20p1,Active/LinkUp/800G
75189,leaf-spine,sys1-ice2-p-swi-bel20,sw49p2,Active/LinkUp/800G,sys1-ice2-p-swi-bes13,sw20p2,Active/LinkUp/800G
75190,leaf-spine,sys1-ice2-p-swi-bel20,sw50p1,Active/LinkUp/800G,sys1-ice2-p-swi-bes14,sw20p1,Active/LinkUp/800G
75191,leaf-spine,sys1-ice2-p-swi-bel20,sw50p2,Active/LinkUp/800G,sys1-ice2-p-swi-bes14,sw20p2,Active/LinkUp/800G
75192,leaf-spine,sys1-ice2-p-swi-bel20,sw51p1,Active/LinkUp/800G,sys1-ice2-p-swi-bes15,sw20p1,Active/LinkUp/800G
75193,leaf-spine,sys1-ice2-p-swi-bel20,sw51p2,Active/LinkUp/800G,sys1-ice2-p-swi-bes15,sw20p2,Active/LinkUp/800G
75194,leaf-spine,sys1-ice2-p-swi-bel20,sw52p1,Active/LinkUp/800G,sys1-ice2-p-swi-bes16,sw20p1,Active/LinkUp/800G
75195,leaf-spine,sys1-ice2-p-swi-bel20,sw52p2,Active/LinkUp/800G,sys1-ice2-p-swi-bes16,sw20p2,Active/LinkUp/800G
75196,leaf-spine,sys1-ice2-p-swi-bel20,sw53p1,Active/LinkUp/800G,sys1-ice2-p-swi-bes17,sw20p1,Active/LinkUp/800G
75197,leaf-spine,sys1-ice2-p-swi-bel20,sw53p2,Active/LinkUp/800G,sys1-ice2-p-swi-bes17,sw20p2,Active/LinkUp/800G
75198,leaf-spine,sys1-ice2-p-swi-bel20,sw54p1,Active/LinkUp/800G,sys1-ice2-p-swi-bes18,sw20p1,Active/LinkUp/800G
75199,leaf-spine,sys1-ice2-p-swi-bel20,sw54p2,Active/LinkUp/800G,sys1-ice2-p-swi-bes18,sw20p2,Active/LinkUp/800G
75200,leaf-spine,sys1-ice2-p-swi-bel20,sw55p1,Active/LinkUp/800G,sys1-ice2-p-swi-bes19,sw20p1,Active/LinkUp/800G
75201,leaf-spine,sys1-ice2-p-swi-bel20,sw55p2,Active/LinkUp/800G,sys1-ice2-p-swi-bes19,sw20p2,Active/LinkUp/800G
75202,leaf-spine,sys1-ice2-p-swi-bel20,sw56p1,Active/LinkUp/800G,sys1-ice2-p-swi-bes20,sw20p1,Active/LinkUp/800G
75203,leaf-spine,sys1-ice2-p-swi-bel20,sw56p2,Active/LinkUp/800G,sys1-ice2-p-swi-bes20,sw20p2,Active/LinkUp/800G
75204,leaf-spine,sys1-ice2-p-swi-bel20,sw57p1,Active/LinkUp/800G,sys1-ice2-p-swi-bes21,sw20p1,Active/LinkUp/800G
75205,leaf-spine,sys1-ice2-p-swi-bel20,sw57p2,Initialize/LinkUp/,sys1-ice2-p-swi-bes21,sw20p2,Initialize/LinkUp/
75206,leaf-spine,sys1-ice2-p-swi-bel20,sw58p1,Active/LinkUp/800G,sys1-ice2-p-swi-bes22,sw20p1,Active/LinkUp/800G
75207,leaf-spine,sys1-ice2-p-swi-bel20,sw58p2,Active/LinkUp/800G,sys1-ice2-p-swi-bes22,sw20p2,Active/LinkUp/800G
75208,leaf-spine,sys1-ice2-p-swi-bel20,sw59p1,Active/LinkUp/800G,sys1-ice2-p-swi-bes23,sw20p1,Active/LinkUp/800G
75209,leaf-spine,sys1-ice2-p-swi-bel20,sw59p2,Active/LinkUp/800G,sys1-ice2-p-swi-bes23,sw20p2,Active/LinkUp/800G
75210,leaf-spine,sys1-ice2-p-swi-bel20,sw60p1,Active/LinkUp/800G,sys1-ice2-p-swi-bes24,sw20p1,Active/LinkUp/800G
75211,leaf-spine,sys1-ice2-p-swi-bel20,sw60p2,Active/LinkUp/800G,sys1-ice2-p-swi-bes24,sw20p2,Active/LinkUp/800G
75212,leaf-spine,sys1-ice2-p-swi-bel20,sw61p1,Active/LinkUp/800G,sys1-ice2-p-swi-bes25,sw20p1,Active/LinkUp/800G
75213,leaf-spine,sys1-ice2-p-swi-bel20,sw61p2,Active/LinkUp/800G,sys1-ice2-p-swi-bes25,sw20p2,Active/LinkUp/800G
75214,leaf-spine,sys1-ice2-p-swi-bel20,sw62p1,Active/LinkUp/800G,sys1-ice2-p-swi-bes26,sw20p1,Active/LinkUp/800G
75215,leaf-spine,sys1-ice2-p-swi-bel20,sw62p2,Active/LinkUp/800G,sys1-ice2-p-swi-bes26,sw20p2,Active/LinkUp/800G
75216,leaf-spine,sys1-ice2-p-swi-bel20,sw63p1,Active/LinkUp/800G,sys1-ice2-p-swi-bes27,sw20p1,Active/LinkUp/800G
75217,leaf-spine,sys1-ice2-p-swi-bel20,sw63p2,Active/LinkUp/800G,sys1-ice2-p-swi-bes27,sw20p2,Active/LinkUp/800G
75218,leaf-spine,sys1-ice2-p-swi-bel20,sw64p1,Active/LinkUp/800G,sys1-ice2-p-swi-bes28,sw20p1,Active/LinkUp/800G
75219,leaf-spine,sys1-ice2-p-swi-bel20,sw64p2,Active/LinkUp/800G,sys1-ice2-p-swi-bes28,sw20p2,Active/LinkUp/800G
75220,leaf-spine,sys1-ice2-p-swi-bel20,sw65p1,Active/LinkUp/800G,sys1-ice2-p-swi-bes29,sw20p1,Active/LinkUp/800G
75221,leaf-spine,sys1-ice2-p-swi-bel20,sw65p2,Active/LinkUp/800G,sys1-ice2-p-swi-bes29,sw20p2,Active/LinkUp/800G
75222,leaf-spine,sys1-ice2-p-swi-bel20,sw66p1,Active/LinkUp/800G,sys1-ice2-p-swi-bes30,sw20p1,Active/LinkUp/800G
75223,leaf-spine,sys1-ice2-p-swi-bel20,sw66p2,Active/LinkUp/800G,sys1-ice2-p-swi-bes30,sw20p2,Active/LinkUp/800G
75224,leaf-spine,sys1-ice2-p-swi-bel20,sw67p1,Active/LinkUp/800G,sys1-ice2-p-swi-bes31,sw20p1,Active/LinkUp/800G
75225,leaf-spine,sys1-ice2-p-swi-bel20,sw67p2,Active/LinkUp/800G,sys1-ice2-p-swi-bes31,sw20p2,Active/LinkUp/800G
75226,leaf-spine,sys1-ice2-p-swi-bel20,sw68p1,Active/LinkUp/800G,sys1-ice2-p-swi-bes32,sw20p1,Active/LinkUp/800G
75227,leaf-spine,sys1-ice2-p-swi-bel20,sw68p2,Active/LinkUp/800G,sys1-ice2-p-swi-bes32,sw20p2,Active/LinkUp/800G
75228,leaf-spine,sys1-ice2-p-swi-bel20,sw69p1,Active/LinkUp/800G,sys1-ice2-p-swi-bes33,sw20p1,Active/LinkUp/800G
75229,leaf-spine,sys1-ice2-p-swi-bel20,sw69p2,Active/LinkUp/800G,sys1-ice2-p-swi-bes33,sw20p2,Active/LinkUp/800G
75230,leaf-spine,sys1-ice2-p-swi-bel20,sw70p1,Active/LinkUp/800G,sys1-ice2-p-swi-bes34,sw20p1,Active/LinkUp/800G
75231,leaf-spine,sys1-ice2-p-swi-bel20,sw70p2,Active/LinkUp/800G,sys1-ice2-p-swi-bes34,sw20p2,Active/LinkUp/800G
75232,leaf-spine,sys1-ice2-p-swi-bel20,sw71p1,Active/LinkUp/800G,sys1-ice2-p-swi-bes35,sw20p1,Active/LinkUp/800G
75233,leaf-spine,sys1-ice2-p-swi-bel20,sw71p2,Active/LinkUp/800G,sys1-ice2-p-swi-bes35,sw20p2,Active/LinkUp/800G
75234,leaf-spine,sys1-ice2-p-swi-bel20,sw72p1,Active/LinkUp/800G,sys1-ice2-p-swi-bes36,sw20p1,Active/LinkUp/800G
75235,leaf-spine,sys1-ice2-p-swi-bel20,sw72p2,Active/LinkUp/800G,sys1-ice2-p-swi-bes36,sw20p2,Active/LinkUp/800G
75236,leaf-spine,sys1-ice2-p-swi-bel21,sw37p1,Active/LinkUp/800G,sys1-ice2-p-swi-bes1,sw21p1,Active/LinkUp/800G
75237,leaf-spine,sys1-ice2-p-swi-bel21,sw37p2,Active/LinkUp/800G,sys1-ice2-p-swi-bes1,sw21p2,Active/LinkUp/800G
75238,leaf-spine,sys1-ice2-p-swi-bel21,sw38p1,Active/LinkUp/800G,sys1-ice2-p-swi-bes2,sw21p1,Active/LinkUp/800G
75239,leaf-spine,sys1-ice2-p-swi-bel21,sw38p2,Active/LinkUp/800G,sys1-ice2-p-swi-bes2,sw21p2,Active/LinkUp/800G
75240,leaf-spine,sys1-ice2-p-swi-bel21,sw39p1,Active/LinkUp/800G,sys1-ice2-p-swi-bes3,sw21p1,Active/LinkUp/800G
75241,leaf-spine,sys1-ice2-p-swi-bel21,sw39p2,Active/LinkUp/800G,sys1-ice2-p-swi-bes3,sw21p2,Active/LinkUp/800G
75242,leaf-spine,sys1-ice2-p-swi-bel21,sw40p1,Active/LinkUp/800G,sys1-ice2-p-swi-bes4,sw21p1,Active/LinkUp/800G
75243,leaf-spine,sys1-ice2-p-swi-bel21,sw40p2,Active/LinkUp/800G,sys1-ice2-p-swi-bes4,sw21p2,Active/LinkUp/800G
75244,leaf-spine,sys1-ice2-p-swi-bel21,sw41p1,Active/LinkUp/800G,sys1-ice2-p-swi-bes5,sw21p1,Active/LinkUp/800G
75245,leaf-spine,sys1-ice2-p-swi-bel21,sw41p2,Active/LinkUp/800G,sys1-ice2-p-swi-bes5,sw21p2,Active/LinkUp/800G
75246,leaf-spine,sys1-ice2-p-swi-bel21,sw42p1,Active/LinkUp/800G,sys1-ice2-p-swi-bes6,sw21p1,Active/LinkUp/800G
75247,leaf-spine,sys1-ice2-p-swi-bel21,sw42p2,Active/LinkUp/800G,sys1-ice2-p-swi-bes6,sw21p2,Active/LinkUp/800G
75248,leaf-spine,sys1-ice2-p-swi-bel21,sw43p1,Active/LinkUp/800G,sys1-ice2-p-swi-bes7,sw21p1,Active/LinkUp/800G
75249,leaf-spine,sys1-ice2-p-swi-bel21,sw43p2,Active/LinkUp/800G,sys1-ice2-p-swi-bes7,sw21p2,Active/LinkUp/800G
75250,leaf-spine,sys1-ice2-p-swi-bel21,sw44p1,Active/LinkUp/800G,sys1-ice2-p-swi-bes8,sw21p1,Active/LinkUp/800G
75251,leaf-spine,sys1-ice2-p-swi-bel21,sw44p2,Active/LinkUp/800G,sys1-ice2-p-swi-bes8,sw21p2,Active/LinkUp/800G
75252,leaf-spine,sys1-ice2-p-swi-bel21,sw45p1,Active/LinkUp/800G,sys1-ice2-p-swi-bes9,sw21p1,Active/LinkUp/800G
75253,leaf-spine,sys1-ice2-p-swi-bel21,sw45p2,Active/LinkUp/800G,sys1-ice2-p-swi-bes9,sw21p2,Active/LinkUp/800G
75254,leaf-spine,sys1-ice2-p-swi-bel21,sw46p1,Active/LinkUp/800G,sys1-ice2-p-swi-bes10,sw21p1,Active/LinkUp/800G
75255,leaf-spine,sys1-ice2-p-swi-bel21,sw46p2,Active/LinkUp/800G,sys1-ice2-p-swi-bes10,sw21p2,Active/LinkUp/800G
75256,leaf-spine,sys1-ice2-p-swi-bel21,sw47p1,Active/LinkUp/800G,sys1-ice2-p-swi-bes11,sw21p1,Active/LinkUp/800G
75257,leaf-spine,sys1-ice2-p-swi-bel21,sw47p2,Active/LinkUp/800G,sys1-ice2-p-swi-bes11,sw21p2,Active/LinkUp/800G
75258,leaf-spine,sys1-ice2-p-swi-bel21,sw48p1,Active/LinkUp/800G,sys1-ice2-p-swi-bes12,sw21p1,Active/LinkUp/800G
75259,leaf-spine,sys1-ice2-p-swi-bel21,sw48p2,Active/LinkUp/800G,sys1-ice2-p-swi-bes12,sw21p2,Active/LinkUp/800G
75260,leaf-spine,sys1-ice2-p-swi-bel21,sw49p1,Active/LinkUp/800G,sys1-ice2-p-swi-bes13,sw21p1,Active/LinkUp/800G
75261,leaf-spine,sys1-ice2-p-swi-bel21,sw49p2,Active/LinkUp/800G,sys1-ice2-p-swi-bes13,sw21p2,Active/LinkUp/800G
75262,leaf-spine,sys1-ice2-p-swi-bel21,sw50p1,Active/LinkUp/800G,sys1-ice2-p-swi-bes14,sw21p1,Active/LinkUp/800G
75263,leaf-spine,sys1-ice2-p-swi-bel21,sw50p2,Active/LinkUp/800G,sys1-ice2-p-swi-bes14,sw21p2,Active/LinkUp/800G
75264,leaf-spine,sys1-ice2-p-swi-bel21,sw51p1,Active/LinkUp/800G,sys1-ice2-p-swi-bes15,sw21p1,Active/LinkUp/800G
75265,leaf-spine,sys1-ice2-p-swi-bel21,sw51p2,Active/LinkUp/800G,sys1-ice2-p-swi-bes15,sw21p2,Active/LinkUp/800G
75266,leaf-spine,sys1-ice2-p-swi-bel21,sw52p1,Active/LinkUp/800G,sys1-ice2-p-swi-bes16,sw21p1,Active/LinkUp/800G
75267,leaf-spine,sys1-ice2-p-swi-bel21,sw52p2,Active/LinkUp/800G,sys1-ice2-p-swi-bes16,sw21p2,Active/LinkUp/800G
75268,leaf-spine,sys1-ice2-p-swi-bel21,sw53p1,Active/LinkUp/800G,sys1-ice2-p-swi-bes17,sw21p1,Active/LinkUp/800G
75269,leaf-spine,sys1-ice2-p-swi-bel21,sw53p2,Active/LinkUp/800G,sys1-ice2-p-swi-bes17,sw21p2,Active/LinkUp/800G
75270,leaf-spine,sys1-ice2-p-swi-bel21,sw54p1,Active/LinkUp/800G,sys1-ice2-p-swi-bes18,sw21p1,Active/LinkUp/800G
75271,leaf-spine,sys1-ice2-p-swi-bel21,sw54p2,Active/LinkUp/800G,sys1-ice2-p-swi-bes18,sw21p2,Active/LinkUp/800G
75272,leaf-spine,sys1-ice2-p-swi-bel21,sw55p1,Active/LinkUp/800G,sys1-ice2-p-swi-bes19,sw21p1,Active/LinkUp/800G
75273,leaf-spine,sys1-ice2-p-swi-bel21,sw55p2,Active/LinkUp/800G,sys1-ice2-p-swi-bes19,sw21p2,Active/LinkUp/800G
75274,leaf-spine,sys1-ice2-p-swi-bel21,sw56p1,Active/LinkUp/800G,sys1-ice2-p-swi-bes20,sw21p1,Active/LinkUp/800G
75275,leaf-spine,sys1-ice2-p-swi-bel21,sw56p2,Active/LinkUp/800G,sys1-ice2-p-swi-bes20,sw21p2,Active/LinkUp/800G
75276,leaf-spine,sys1-ice2-p-swi-bel21,sw57p1,Active/LinkUp/800G,sys1-ice2-p-swi-bes21,sw21p1,Active/LinkUp/800G
75277,leaf-spine,sys1-ice2-p-swi-bel21,sw57p2,Active/LinkUp/800G,sys1-ice2-p-swi-bes21,sw21p2,Active/LinkUp/800G
75278,leaf-spine,sys1-ice2-p-swi-bel21,sw58p1,Active/LinkUp/800G,sys1-ice2-p-swi-bes22,sw21p1,Active/LinkUp/800G
75279,leaf-spine,sys1-ice2-p-swi-bel21,sw58p2,Active/LinkUp/800G,sys1-ice2-p-swi-bes22,sw21p2,Active/LinkUp/800G
75280,leaf-spine,sys1-ice2-p-swi-bel21,sw59p1,Active/LinkUp/800G,sys1-ice2-p-swi-bes23,sw21p1,Active/LinkUp/800G
75281,leaf-spine,sys1-ice2-p-swi-bel21,sw59p2,Active/LinkUp/800G,sys1-ice2-p-swi-bes23,sw21p2,Active/LinkUp/800G
75282,leaf-spine,sys1-ice2-p-swi-bel21,sw60p1,Active/LinkUp/800G,sys1-ice2-p-swi-bes24,sw21p1,Active/LinkUp/800G
75283,leaf-spine,sys1-ice2-p-swi-bel21,sw60p2,Active/LinkUp/800G,sys1-ice2-p-swi-bes24,sw21p2,Active/LinkUp/800G
75284,leaf-spine,sys1-ice2-p-swi-bel21,sw61p1,Active/LinkUp/800G,sys1-ice2-p-swi-bes25,sw21p1,Active/LinkUp/800G
75285,leaf-spine,sys1-ice2-p-swi-bel21,sw61p2,Active/LinkUp/800G,sys1-ice2-p-swi-bes25,sw21p2,Active/LinkUp/800G
75286,leaf-spine,sys1-ice2-p-swi-bel21,sw62p1,Active/LinkUp/800G,sys1-ice2-p-swi-bes26,sw21p1,Active/LinkUp/800G
75287,leaf-spine,sys1-ice2-p-swi-bel21,sw62p2,Active/LinkUp/800G,sys1-ice2-p-swi-bes26,sw21p2,Active/LinkUp/800G
75288,leaf-spine,sys1-ice2-p-swi-bel21,sw63p1,Active/LinkUp/800G,sys1-ice2-p-swi-bes27,sw21p1,Active/LinkUp/800G
75289,leaf-spine,sys1-ice2-p-swi-bel21,sw63p2,Active/LinkUp/800G,sys1-ice2-p-swi-bes27,sw21p2,Active/LinkUp/800G
75290,leaf-spine,sys1-ice2-p-swi-bel21,sw64p1,Active/LinkUp/800G,sys1-ice2-p-swi-bes28,sw21p1,Active/LinkUp/800G
75291,leaf-spine,sys1-ice2-p-swi-bel21,sw64p2,Active/LinkUp/800G,sys1-ice2-p-swi-bes28,sw21p2,Active/LinkUp/800G
75292,leaf-spine,sys1-ice2-p-swi-bel21,sw65p1,Active/LinkUp/800G,sys1-ice2-p-swi-bes29,sw21p1,Active/LinkUp/800G
75293,leaf-spine,sys1-ice2-p-swi-bel21,sw65p2,Active/LinkUp/800G,sys1-ice2-p-swi-bes29,sw21p2,Active/LinkUp/800G
75294,leaf-spine,sys1-ice2-p-swi-bel21,sw66p1,Active/LinkUp/800G,sys1-ice2-p-swi-bes30,sw21p1,Active/LinkUp/800G
75295,leaf-spine,sys1-ice2-p-swi-bel21,sw66p2,Active/LinkUp/800G,sys1-ice2-p-swi-bes30,sw21p2,Active/LinkUp/800G
75296,leaf-spine,sys1-ice2-p-swi-bel21,sw67p1,Active/LinkUp/800G,sys1-ice2-p-swi-bes31,sw21p1,Active/LinkUp/800G
75297,leaf-spine,sys1-ice2-p-swi-bel21,sw67p2,Active/LinkUp/800G,sys1-ice2-p-swi-bes31,sw21p2,Active/LinkUp/800G
75298,leaf-spine,sys1-ice2-p-swi-bel21,sw68p1,Active/LinkUp/800G,sys1-ice2-p-swi-bes32,sw21p1,Active/LinkUp/800G
75299,leaf-spine,sys1-ice2-p-swi-bel21,sw68p2,Active/LinkUp/800G,sys1-ice2-p-swi-bes32,sw21p2,Active/LinkUp/800G
75300,leaf-spine,sys1-ice2-p-swi-bel21,sw69p1,Active/LinkUp/800G,sys1-ice2-p-swi-bes33,sw21p1,Active/LinkUp/800G
75301,leaf-spine,sys1-ice2-p-swi-bel21,sw69p2,Active/LinkUp/800G,sys1-ice2-p-swi-bes33,sw21p2,Active/LinkUp/800G
75302,leaf-spine,sys1-ice2-p-swi-bel21,sw70p1,Active/LinkUp/800G,sys1-ice2-p-swi-bes34,sw21p1,Active/LinkUp/800G
75303,leaf-spine,sys1-ice2-p-swi-bel21,sw70p2,Active/LinkUp/800G,sys1-ice2-p-swi-bes34,sw21p2,Active/LinkUp/800G
75304,leaf-spine,sys1-ice2-p-swi-bel21,sw71p1,Active/LinkUp/800G,sys1-ice2-p-swi-bes35,sw21p1,Active/LinkUp/800G
75305,leaf-spine,sys1-ice2-p-swi-bel21,sw71p2,Active/LinkUp/800G,sys1-ice2-p-swi-bes35,sw21p2,Active/LinkUp/800G
75306,leaf-spine,sys1-ice2-p-swi-bel21,sw72p1,Active/LinkUp/800G,sys1-ice2-p-swi-bes36,sw21p1,Active/LinkUp/800G
75307,leaf-spine,sys1-ice2-p-swi-bel21,sw72p2,Active/LinkUp/800G,sys1-ice2-p-swi-bes36,sw21p2,Active/LinkUp/800G
75308,leaf-spine,sys1-ice2-p-swi-bel22,sw37p1,Active/LinkUp/800G,sys1-ice2-p-swi-bes1,sw22p1,Active/LinkUp/800G
75309,leaf-spine,sys1-ice2-p-swi-bel22,sw37p2,Active/LinkUp/800G,sys1-ice2-p-swi-bes1,sw22p2,Active/LinkUp/800G
75310,leaf-spine,sys1-ice2-p-swi-bel22,sw38p1,Active/LinkUp/800G,sys1-ice2-p-swi-bes2,sw22p1,Active/LinkUp/800G
75311,leaf-spine,sys1-ice2-p-swi-bel22,sw38p2,Active/LinkUp/800G,sys1-ice2-p-swi-bes2,sw22p2,Active/LinkUp/800G
75312,leaf-spine,sys1-ice2-p-swi-bel22,sw39p1,Active/LinkUp/800G,sys1-ice2-p-swi-bes3,sw22p1,Active/LinkUp/800G
75313,leaf-spine,sys1-ice2-p-swi-bel22,sw39p2,Active/LinkUp/800G,sys1-ice2-p-swi-bes3,sw22p2,Active/LinkUp/800G
75314,leaf-spine,sys1-ice2-p-swi-bel22,sw40p1,Active/LinkUp/800G,sys1-ice2-p-swi-bes4,sw22p1,Active/LinkUp/800G
75315,leaf-spine,sys1-ice2-p-swi-bel22,sw40p2,Active/LinkUp/800G,sys1-ice2-p-swi-bes4,sw22p2,Active/LinkUp/800G
75316,leaf-spine,sys1-ice2-p-swi-bel22,sw41p1,Active/LinkUp/800G,sys1-ice2-p-swi-bes5,sw22p1,Active/LinkUp/800G
75317,leaf-spine,sys1-ice2-p-swi-bel22,sw41p2,Active/LinkUp/800G,sys1-ice2-p-swi-bes5,sw22p2,Active/LinkUp/800G
75318,leaf-spine,sys1-ice2-p-swi-bel22,sw42p1,Active/LinkUp/800G,sys1-ice2-p-swi-bes6,sw22p1,Active/LinkUp/800G
75319,leaf-spine,sys1-ice2-p-swi-bel22,sw42p2,Active/LinkUp/800G,sys1-ice2-p-swi-bes6,sw22p2,Active/LinkUp/800G
75320,leaf-spine,sys1-ice2-p-swi-bel22,sw43p1,Active/LinkUp/800G,sys1-ice2-p-swi-bes7,sw22p1,Active/LinkUp/800G
75321,leaf-spine,sys1-ice2-p-swi-bel22,sw43p2,Active/LinkUp/800G,sys1-ice2-p-swi-bes7,sw22p2,Active/LinkUp/800G
75322,leaf-spine,sys1-ice2-p-swi-bel22,sw44p1,Active/LinkUp/800G,sys1-ice2-p-swi-bes8,sw22p1,Active/LinkUp/800G
75323,leaf-spine,sys1-ice2-p-swi-bel22,sw44p2,Active/LinkUp/800G,sys1-ice2-p-swi-bes8,sw22p2,Active/LinkUp/800G
75324,leaf-spine,sys1-ice2-p-swi-bel22,sw45p1,Active/LinkUp/800G,sys1-ice2-p-swi-bes9,sw22p1,Active/LinkUp/800G
75325,leaf-spine,sys1-ice2-p-swi-bel22,sw45p2,Active/LinkUp/800G,sys1-ice2-p-swi-bes9,sw22p2,Active/LinkUp/800G
75326,leaf-spine,sys1-ice2-p-swi-bel22,sw46p1,Active/LinkUp/800G,sys1-ice2-p-swi-bes10,sw22p1,Active/LinkUp/800G
75327,leaf-spine,sys1-ice2-p-swi-bel22,sw46p2,Active/LinkUp/800G,sys1-ice2-p-swi-bes10,sw22p2,Active/LinkUp/800G
75328,leaf-spine,sys1-ice2-p-swi-bel22,sw47p1,Active/LinkUp/800G,sys1-ice2-p-swi-bes11,sw22p1,Active/LinkUp/800G
75329,leaf-spine,sys1-ice2-p-swi-bel22,sw47p2,Active/LinkUp/800G,sys1-ice2-p-swi-bes11,sw22p2,Active/LinkUp/800G
75330,leaf-spine,sys1-ice2-p-swi-bel22,sw48p1,Active/LinkUp/800G,sys1-ice2-p-swi-bes12,sw22p1,Active/LinkUp/800G
75331,leaf-spine,sys1-ice2-p-swi-bel22,sw48p2,Active/LinkUp/800G,sys1-ice2-p-swi-bes12,sw22p2,Active/LinkUp/800G
75332,leaf-spine,sys1-ice2-p-swi-bel22,sw49p1,Active/LinkUp/800G,sys1-ice2-p-swi-bes13,sw22p1,Active/LinkUp/800G
75333,leaf-spine,sys1-ice2-p-swi-bel22,sw49p2,Active/LinkUp/800G,sys1-ice2-p-swi-bes13,sw22p2,Active/LinkUp/800G
75334,leaf-spine,sys1-ice2-p-swi-bel22,sw50p1,Active/LinkUp/800G,sys1-ice2-p-swi-bes14,sw22p1,Active/LinkUp/800G
75335,leaf-spine,sys1-ice2-p-swi-bel22,sw50p2,Active/LinkUp/800G,sys1-ice2-p-swi-bes14,sw22p2,Active/LinkUp/800G
75336,leaf-spine,sys1-ice2-p-swi-bel22,sw51p1,Active/LinkUp/800G,sys1-ice2-p-swi-bes15,sw22p1,Active/LinkUp/800G
75337,leaf-spine,sys1-ice2-p-swi-bel22,sw51p2,Active/LinkUp/800G,sys1-ice2-p-swi-bes15,sw22p2,Active/LinkUp/800G
75338,leaf-spine,sys1-ice2-p-swi-bel22,sw52p1,Active/LinkUp/800G,sys1-ice2-p-swi-bes16,sw22p1,Active/LinkUp/800G
75339,leaf-spine,sys1-ice2-p-swi-bel22,sw52p2,Active/LinkUp/800G,sys1-ice2-p-swi-bes16,sw22p2,Active/LinkUp/800G
75340,leaf-spine,sys1-ice2-p-swi-bel22,sw53p1,Active/LinkUp/800G,sys1-ice2-p-swi-bes17,sw22p1,Active/LinkUp/800G
75341,leaf-spine,sys1-ice2-p-swi-bel22,sw53p2,Active/LinkUp/800G,sys1-ice2-p-swi-bes17,sw22p2,Active/LinkUp/800G
75342,leaf-spine,sys1-ice2-p-swi-bel22,sw54p1,Active/LinkUp/800G,sys1-ice2-p-swi-bes18,sw22p1,Active/LinkUp/800G
75343,leaf-spine,sys1-ice2-p-swi-bel22,sw54p2,Active/LinkUp/800G,sys1-ice2-p-swi-bes18,sw22p2,Active/LinkUp/800G
75344,leaf-spine,sys1-ice2-p-swi-bel22,sw55p1,Active/LinkUp/800G,sys1-ice2-p-swi-bes19,sw22p1,Active/LinkUp/800G
75345,leaf-spine,sys1-ice2-p-swi-bel22,sw55p2,Active/LinkUp/800G,sys1-ice2-p-swi-bes19,sw22p2,Active/LinkUp/800G
75346,leaf-spine,sys1-ice2-p-swi-bel22,sw56p1,Active/LinkUp/800G,sys1-ice2-p-swi-bes20,sw22p1,Active/LinkUp/800G
75347,leaf-spine,sys1-ice2-p-swi-bel22,sw56p2,Active/LinkUp/800G,sys1-ice2-p-swi-bes20,sw22p2,Active/LinkUp/800G
75348,leaf-spine,sys1-ice2-p-swi-bel22,sw57p1,Active/LinkUp/800G,sys1-ice2-p-swi-bes21,sw22p1,Active/LinkUp/800G
75349,leaf-spine,sys1-ice2-p-swi-bel22,sw57p2,Active/LinkUp/800G,sys1-ice2-p-swi-bes21,sw22p2,Active/LinkUp/800G
75350,leaf-spine,sys1-ice2-p-swi-bel22,sw58p1,Initialize/LinkUp/,sys1-ice2-p-swi-bes22,sw22p1,Initialize/LinkUp/
75351,leaf-spine,sys1-ice2-p-swi-bel22,sw58p2,Active/LinkUp/800G,sys1-ice2-p-swi-bes22,sw22p2,Active/LinkUp/800G
75352,leaf-spine,sys1-ice2-p-swi-bel22,sw59p1,Active/LinkUp/800G,sys1-ice2-p-swi-bes23,sw22p1,Active/LinkUp/800G
75353,leaf-spine,sys1-ice2-p-swi-bel22,sw59p2,Active/LinkUp/800G,sys1-ice2-p-swi-bes23,sw22p2,Active/LinkUp/800G
75354,leaf-spine,sys1-ice2-p-swi-bel22,sw60p1,Active/LinkUp/800G,sys1-ice2-p-swi-bes24,sw22p1,Active/LinkUp/800G
75355,leaf-spine,sys1-ice2-p-swi-bel22,sw60p2,Active/LinkUp/800G,sys1-ice2-p-swi-bes24,sw22p2,Active/LinkUp/800G
75356,leaf-spine,sys1-ice2-p-swi-bel22,sw61p1,Active/LinkUp/800G,sys1-ice2-p-swi-bes25,sw22p1,Active/LinkUp/800G
75357,leaf-spine,sys1-ice2-p-swi-bel22,sw61p2,Active/LinkUp/800G,sys1-ice2-p-swi-bes25,sw22p2,Active/LinkUp/800G
75358,leaf-spine,sys1-ice2-p-swi-bel22,sw62p1,Active/LinkUp/800G,sys1-ice2-p-swi-bes26,sw22p1,Active/LinkUp/800G
75359,leaf-spine,sys1-ice2-p-swi-bel22,sw62p2,Active/LinkUp/800G,sys1-ice2-p-swi-bes26,sw22p2,Active/LinkUp/800G
75360,leaf-spine,sys1-ice2-p-swi-bel22,sw63p1,Active/LinkUp/800G,sys1-ice2-p-swi-bes27,sw22p1,Active/LinkUp/800G
75361,leaf-spine,sys1-ice2-p-swi-bel22,sw63p2,Active/LinkUp/800G,sys1-ice2-p-swi-bes27,sw22p2,Active/LinkUp/800G
75362,leaf-spine,sys1-ice2-p-swi-bel22,sw64p1,Active/LinkUp/800G,sys1-ice2-p-swi-bes28,sw22p1,Active/LinkUp/800G
75363,leaf-spine,sys1-ice2-p-swi-bel22,sw64p2,Active/LinkUp/800G,sys1-ice2-p-swi-bes28,sw22p2,Active/LinkUp/800G
75364,leaf-spine,sys1-ice2-p-swi-bel22,sw65p1,Active/LinkUp/800G,sys1-ice2-p-swi-bes29,sw22p1,Active/LinkUp/800G
75365,leaf-spine,sys1-ice2-p-swi-bel22,sw65p2,Active/LinkUp/800G,sys1-ice2-p-swi-bes29,sw22p2,Active/LinkUp/800G
75366,leaf-spine,sys1-ice2-p-swi-bel22,sw66p1,Active/LinkUp/800G,sys1-ice2-p-swi-bes30,sw22p1,Active/LinkUp/800G
75367,leaf-spine,sys1-ice2-p-swi-bel22,sw66p2,Active/LinkUp/800G,sys1-ice2-p-swi-bes30,sw22p2,Active/LinkUp/800G
75368,leaf-spine,sys1-ice2-p-swi-bel22,sw67p1,Active/LinkUp/800G,sys1-ice2-p-swi-bes31,sw22p1,Active/LinkUp/800G
75369,leaf-spine,sys1-ice2-p-swi-bel22,sw67p2,Active/LinkUp/800G,sys1-ice2-p-swi-bes31,sw22p2,Active/LinkUp/800G
75370,leaf-spine,sys1-ice2-p-swi-bel22,sw68p1,Active/LinkUp/800G,sys1-ice2-p-swi-bes32,sw22p1,Active/LinkUp/800G
75371,leaf-spine,sys1-ice2-p-swi-bel22,sw68p2,Active/LinkUp/800G,sys1-ice2-p-swi-bes32,sw22p2,Active/LinkUp/800G
75372,leaf-spine,sys1-ice2-p-swi-bel22,sw69p1,Active/LinkUp/800G,sys1-ice2-p-swi-bes33,sw22p1,Active/LinkUp/800G
75373,leaf-spine,sys1-ice2-p-swi-bel22,sw69p2,Active/LinkUp/800G,sys1-ice2-p-swi-bes33,sw22p2,Active/LinkUp/800G
75374,leaf-spine,sys1-ice2-p-swi-bel22,sw70p1,Active/LinkUp/800G,sys1-ice2-p-swi-bes34,sw22p1,Active/LinkUp/800G
75375,leaf-spine,sys1-ice2-p-swi-bel22,sw70p2,Active/LinkUp/800G,sys1-ice2-p-swi-bes34,sw22p2,Active/LinkUp/800G
75376,leaf-spine,sys1-ice2-p-swi-bel22,sw71p1,Active/LinkUp/800G,sys1-ice2-p-swi-bes35,sw22p1,Active/LinkUp/800G
75377,leaf-spine,sys1-ice2-p-swi-bel22,sw71p2,Active/LinkUp/800G,sys1-ice2-p-swi-bes35,sw22p2,Active/LinkUp/800G
75378,leaf-spine,sys1-ice2-p-swi-bel22,sw72p1,Active/LinkUp/800G,sys1-ice2-p-swi-bes36,sw22p1,Active/LinkUp/800G
75379,leaf-spine,sys1-ice2-p-swi-bel22,sw72p2,Active/LinkUp/800G,sys1-ice2-p-swi-bes36,sw22p2,Active/LinkUp/800G
75380,leaf-spine,sys1-ice2-p-swi-bel23,sw37p1,Active/LinkUp/800G,sys1-ice2-p-swi-bes1,sw23p1,Active/LinkUp/800G
75381,leaf-spine,sys1-ice2-p-swi-bel23,sw37p2,Active/LinkUp/800G,sys1-ice2-p-swi-bes1,sw23p2,Active/LinkUp/800G
75382,leaf-spine,sys1-ice2-p-swi-bel23,sw38p1,Active/LinkUp/800G,sys1-ice2-p-swi-bes2,sw23p1,Active/LinkUp/800G
75383,leaf-spine,sys1-ice2-p-swi-bel23,sw38p2,Active/LinkUp/800G,sys1-ice2-p-swi-bes2,sw23p2,Active/LinkUp/800G
75384,leaf-spine,sys1-ice2-p-swi-bel23,sw39p1,Active/LinkUp/800G,sys1-ice2-p-swi-bes3,sw23p1,Active/LinkUp/800G
75385,leaf-spine,sys1-ice2-p-swi-bel23,sw39p2,Active/LinkUp/800G,sys1-ice2-p-swi-bes3,sw23p2,Active/LinkUp/800G
75386,leaf-spine,sys1-ice2-p-swi-bel23,sw40p1,Active/LinkUp/800G,sys1-ice2-p-swi-bes4,sw23p1,Active/LinkUp/800G
75387,leaf-spine,sys1-ice2-p-swi-bel23,sw40p2,Active/LinkUp/800G,sys1-ice2-p-swi-bes4,sw23p2,Active/LinkUp/800G
75388,leaf-spine,sys1-ice2-p-swi-bel23,sw41p1,Active/LinkUp/800G,sys1-ice2-p-swi-bes5,sw23p1,Active/LinkUp/800G
75389,leaf-spine,sys1-ice2-p-swi-bel23,sw41p2,Active/LinkUp/800G,sys1-ice2-p-swi-bes5,sw23p2,Active/LinkUp/800G
75390,leaf-spine,sys1-ice2-p-swi-bel23,sw42p1,Active/LinkUp/800G,sys1-ice2-p-swi-bes6,sw23p1,Active/LinkUp/800G
75391,leaf-spine,sys1-ice2-p-swi-bel23,sw42p2,Active/LinkUp/800G,sys1-ice2-p-swi-bes6,sw23p2,Active/LinkUp/800G
75392,leaf-spine,sys1-ice2-p-swi-bel23,sw43p1,Active/LinkUp/800G,sys1-ice2-p-swi-bes7,sw23p1,Active/LinkUp/800G
75393,leaf-spine,sys1-ice2-p-swi-bel23,sw43p2,Active/LinkUp/800G,sys1-ice2-p-swi-bes7,sw23p2,Active/LinkUp/800G
75394,leaf-spine,sys1-ice2-p-swi-bel23,sw44p1,Active/LinkUp/800G,sys1-ice2-p-swi-bes8,sw23p1,Active/LinkUp/800G
75395,leaf-spine,sys1-ice2-p-swi-bel23,sw44p2,Active/LinkUp/800G,sys1-ice2-p-swi-bes8,sw23p2,Active/LinkUp/800G
75396,leaf-spine,sys1-ice2-p-swi-bel23,sw45p1,Active/LinkUp/800G,sys1-ice2-p-swi-bes9,sw23p1,Active/LinkUp/800G
75397,leaf-spine,sys1-ice2-p-swi-bel23,sw45p2,Active/LinkUp/800G,sys1-ice2-p-swi-bes9,sw23p2,Active/LinkUp/800G
75398,leaf-spine,sys1-ice2-p-swi-bel23,sw46p1,Active/LinkUp/800G,sys1-ice2-p-swi-bes10,sw23p1,Active/LinkUp/800G
75399,leaf-spine,sys1-ice2-p-swi-bel23,sw46p2,Active/LinkUp/800G,sys1-ice2-p-swi-bes10,sw23p2,Active/LinkUp/800G
75400,leaf-spine,sys1-ice2-p-swi-bel23,sw47p1,Active/LinkUp/800G,sys1-ice2-p-swi-bes11,sw23p1,Active/LinkUp/800G
75401,leaf-spine,sys1-ice2-p-swi-bel23,sw47p2,Active/LinkUp/800G,sys1-ice2-p-swi-bes11,sw23p2,Active/LinkUp/800G
75402,leaf-spine,sys1-ice2-p-swi-bel23,sw48p1,Active/LinkUp/800G,sys1-ice2-p-swi-bes12,sw23p1,Active/LinkUp/800G
75403,leaf-spine,sys1-ice2-p-swi-bel23,sw48p2,Active/LinkUp/800G,sys1-ice2-p-swi-bes12,sw23p2,Active/LinkUp/800G
75404,leaf-spine,sys1-ice2-p-swi-bel23,sw49p1,Active/LinkUp/800G,sys1-ice2-p-swi-bes13,sw23p1,Active/LinkUp/800G
75405,leaf-spine,sys1-ice2-p-swi-bel23,sw49p2,Active/LinkUp/800G,sys1-ice2-p-swi-bes13,sw23p2,Active/LinkUp/800G
75406,leaf-spine,sys1-ice2-p-swi-bel23,sw50p1,Active/LinkUp/800G,sys1-ice2-p-swi-bes14,sw23p1,Active/LinkUp/800G
75407,leaf-spine,sys1-ice2-p-swi-bel23,sw50p2,Active/LinkUp/800G,sys1-ice2-p-swi-bes14,sw23p2,Active/LinkUp/800G
75408,leaf-spine,sys1-ice2-p-swi-bel23,sw51p1,Active/LinkUp/800G,sys1-ice2-p-swi-bes15,sw23p1,Active/LinkUp/800G
75409,leaf-spine,sys1-ice2-p-swi-bel23,sw51p2,Active/LinkUp/800G,sys1-ice2-p-swi-bes15,sw23p2,Active/LinkUp/800G
75410,leaf-spine,sys1-ice2-p-swi-bel23,sw52p1,Active/LinkUp/800G,sys1-ice2-p-swi-bes16,sw23p1,Active/LinkUp/800G
75411,leaf-spine,sys1-ice2-p-swi-bel23,sw52p2,Active/LinkUp/800G,sys1-ice2-p-swi-bes16,sw23p2,Active/LinkUp/800G
75412,leaf-spine,sys1-ice2-p-swi-bel23,sw53p1,Active/LinkUp/800G,sys1-ice2-p-swi-bes17,sw23p1,Active/LinkUp/800G
75413,leaf-spine,sys1-ice2-p-swi-bel23,sw53p2,Active/LinkUp/800G,sys1-ice2-p-swi-bes17,sw23p2,Active/LinkUp/800G
75414,leaf-spine,sys1-ice2-p-swi-bel23,sw54p1,Active/LinkUp/800G,sys1-ice2-p-swi-bes18,sw23p1,Active/LinkUp/800G
75415,leaf-spine,sys1-ice2-p-swi-bel23,sw54p2,Active/LinkUp/800G,sys1-ice2-p-swi-bes18,sw23p2,Active/LinkUp/800G
75416,leaf-spine,sys1-ice2-p-swi-bel23,sw55p1,Active/LinkUp/800G,sys1-ice2-p-swi-bes19,sw23p1,Active/LinkUp/800G
75417,leaf-spine,sys1-ice2-p-swi-bel23,sw55p2,Active/LinkUp/800G,sys1-ice2-p-swi-bes19,sw23p2,Active/LinkUp/800G
75418,leaf-spine,sys1-ice2-p-swi-bel23,sw56p1,Active/LinkUp/800G,sys1-ice2-p-swi-bes20,sw23p1,Active/LinkUp/800G
75419,leaf-spine,sys1-ice2-p-swi-bel23,sw56p2,Active/LinkUp/800G,sys1-ice2-p-swi-bes20,sw23p2,Active/LinkUp/800G
75420,leaf-spine,sys1-ice2-p-swi-bel23,sw57p1,Active/LinkUp/800G,sys1-ice2-p-swi-bes21,sw23p1,Active/LinkUp/800G
75421,leaf-spine,sys1-ice2-p-swi-bel23,sw57p2,Active/LinkUp/800G,sys1-ice2-p-swi-bes21,sw23p2,Active/LinkUp/800G
75422,leaf-spine,sys1-ice2-p-swi-bel23,sw58p1,Active/LinkUp/800G,sys1-ice2-p-swi-bes22,sw23p1,Active/LinkUp/800G
75423,leaf-spine,sys1-ice2-p-swi-bel23,sw58p2,Active/LinkUp/800G,sys1-ice2-p-swi-bes22,sw23p2,Active/LinkUp/800G
75424,leaf-spine,sys1-ice2-p-swi-bel23,sw59p1,Active/LinkUp/800G,sys1-ice2-p-swi-bes23,sw23p1,Active/LinkUp/800G
75425,leaf-spine,sys1-ice2-p-swi-bel23,sw59p2,Active/LinkUp/800G,sys1-ice2-p-swi-bes23,sw23p2,Active/LinkUp/800G
75426,leaf-spine,sys1-ice2-p-swi-bel23,sw60p1,Active/LinkUp/800G,sys1-ice2-p-swi-bes24,sw23p1,Active/LinkUp/800G
75427,leaf-spine,sys1-ice2-p-swi-bel23,sw60p2,Active/LinkUp/800G,sys1-ice2-p-swi-bes24,sw23p2,Active/LinkUp/800G
75428,leaf-spine,sys1-ice2-p-swi-bel23,sw61p1,Active/LinkUp/800G,sys1-ice2-p-swi-bes25,sw23p1,Active/LinkUp/800G
75429,leaf-spine,sys1-ice2-p-swi-bel23,sw61p2,Active/LinkUp/800G,sys1-ice2-p-swi-bes25,sw23p2,Active/LinkUp/800G
75430,leaf-spine,sys1-ice2-p-swi-bel23,sw62p1,Active/LinkUp/800G,sys1-ice2-p-swi-bes26,sw23p1,Active/LinkUp/800G
75431,leaf-spine,sys1-ice2-p-swi-bel23,sw62p2,Active/LinkUp/800G,sys1-ice2-p-swi-bes26,sw23p2,Active/LinkUp/800G
75432,leaf-spine,sys1-ice2-p-swi-bel23,sw63p1,Active/LinkUp/800G,sys1-ice2-p-swi-bes27,sw23p1,Active/LinkUp/800G
75433,leaf-spine,sys1-ice2-p-swi-bel23,sw63p2,Active/LinkUp/800G,sys1-ice2-p-swi-bes27,sw23p2,Active/LinkUp/800G
75434,leaf-spine,sys1-ice2-p-swi-bel23,sw64p1,Active/LinkUp/800G,sys1-ice2-p-swi-bes28,sw23p1,Active/LinkUp/800G
75435,leaf-spine,sys1-ice2-p-swi-bel23,sw64p2,Active/LinkUp/800G,sys1-ice2-p-swi-bes28,sw23p2,Active/LinkUp/800G
75436,leaf-spine,sys1-ice2-p-swi-bel23,sw65p1,Active/LinkUp/800G,sys1-ice2-p-swi-bes29,sw23p1,Active/LinkUp/800G
75437,leaf-spine,sys1-ice2-p-swi-bel23,sw65p2,Active/LinkUp/800G,sys1-ice2-p-swi-bes29,sw23p2,Active/LinkUp/800G
75438,leaf-spine,sys1-ice2-p-swi-bel23,sw66p1,Active/LinkUp/800G,sys1-ice2-p-swi-bes30,sw23p1,Active/LinkUp/800G
75439,leaf-spine,sys1-ice2-p-swi-bel23,sw66p2,Active/LinkUp/800G,sys1-ice2-p-swi-bes30,sw23p2,Active/LinkUp/800G
75440,leaf-spine,sys1-ice2-p-swi-bel23,sw67p1,Active/LinkUp/800G,sys1-ice2-p-swi-bes31,sw23p1,Active/LinkUp/800G
75441,leaf-spine,sys1-ice2-p-swi-bel23,sw67p2,Active/LinkUp/800G,sys1-ice2-p-swi-bes31,sw23p2,Active/LinkUp/800G
75442,leaf-spine,sys1-ice2-p-swi-bel23,sw68p1,Active/LinkUp/800G,sys1-ice2-p-swi-bes32,sw23p1,Active/LinkUp/800G
75443,leaf-spine,sys1-ice2-p-swi-bel23,sw68p2,Active/LinkUp/800G,sys1-ice2-p-swi-bes32,sw23p2,Active/LinkUp/800G
75444,leaf-spine,sys1-ice2-p-swi-bel23,sw69p1,Active/LinkUp/800G,sys1-ice2-p-swi-bes33,sw23p1,Active/LinkUp/800G
75445,leaf-spine,sys1-ice2-p-swi-bel23,sw69p2,Active/LinkUp/800G,sys1-ice2-p-swi-bes33,sw23p2,Active/LinkUp/800G
75446,leaf-spine,sys1-ice2-p-swi-bel23,sw70p1,Active/LinkUp/800G,sys1-ice2-p-swi-bes34,sw23p1,Active/LinkUp/800G
75447,leaf-spine,sys1-ice2-p-swi-bel23,sw70p2,Active/LinkUp/800G,sys1-ice2-p-swi-bes34,sw23p2,Active/LinkUp/800G
75448,leaf-spine,sys1-ice2-p-swi-bel23,sw71p1,Active/LinkUp/800G,sys1-ice2-p-swi-bes35,sw23p1,Active/LinkUp/800G
75449,leaf-spine,sys1-ice2-p-swi-bel23,sw71p2,Active/LinkUp/800G,sys1-ice2-p-swi-bes35,sw23p2,Active/LinkUp/800G
75450,leaf-spine,sys1-ice2-p-swi-bel23,sw72p1,Active/LinkUp/800G,sys1-ice2-p-swi-bes36,sw23p1,Active/LinkUp/800G
75451,leaf-spine,sys1-ice2-p-swi-bel23,sw72p2,Active/LinkUp/800G,sys1-ice2-p-swi-bes36,sw23p2,Active/LinkUp/800G
75452,leaf-spine,sys1-ice2-p-swi-bel24,sw37p1,Active/LinkUp/800G,sys1-ice2-p-swi-bes1,sw24p1,Active/LinkUp/800G
75453,leaf-spine,sys1-ice2-p-swi-bel24,sw37p2,Active/LinkUp/800G,sys1-ice2-p-swi-bes1,sw24p2,Active/LinkUp/800G
75454,leaf-spine,sys1-ice2-p-swi-bel24,sw38p1,Active/LinkUp/800G,sys1-ice2-p-swi-bes2,sw24p1,Active/LinkUp/800G
75455,leaf-spine,sys1-ice2-p-swi-bel24,sw38p2,Active/LinkUp/800G,sys1-ice2-p-swi-bes2,sw24p2,Active/LinkUp/800G
75456,leaf-spine,sys1-ice2-p-swi-bel24,sw39p1,Active/LinkUp/800G,sys1-ice2-p-swi-bes3,sw24p1,Active/LinkUp/800G
75457,leaf-spine,sys1-ice2-p-swi-bel24,sw39p2,Active/LinkUp/800G,sys1-ice2-p-swi-bes3,sw24p2,Active/LinkUp/800G
75458,leaf-spine,sys1-ice2-p-swi-bel24,sw40p1,Active/LinkUp/800G,sys1-ice2-p-swi-bes4,sw24p1,Active/LinkUp/800G
75459,leaf-spine,sys1-ice2-p-swi-bel24,sw40p2,Active/LinkUp/800G,sys1-ice2-p-swi-bes4,sw24p2,Active/LinkUp/800G
75460,leaf-spine,sys1-ice2-p-swi-bel24,sw41p1,Active/LinkUp/800G,sys1-ice2-p-swi-bes5,sw24p1,Active/LinkUp/800G
75461,leaf-spine,sys1-ice2-p-swi-bel24,sw41p2,Active/LinkUp/800G,sys1-ice2-p-swi-bes5,sw24p2,Active/LinkUp/800G
75462,leaf-spine,sys1-ice2-p-swi-bel24,sw42p1,Active/LinkUp/800G,sys1-ice2-p-swi-bes6,sw24p1,Active/LinkUp/800G
75463,leaf-spine,sys1-ice2-p-swi-bel24,sw42p2,Active/LinkUp/800G,sys1-ice2-p-swi-bes6,sw24p2,Active/LinkUp/800G
75464,leaf-spine,sys1-ice2-p-swi-bel24,sw43p1,Active/LinkUp/800G,sys1-ice2-p-swi-bes7,sw24p1,Active/LinkUp/800G
75465,leaf-spine,sys1-ice2-p-swi-bel24,sw43p2,Active/LinkUp/800G,sys1-ice2-p-swi-bes7,sw24p2,Active/LinkUp/800G
75466,leaf-spine,sys1-ice2-p-swi-bel24,sw44p1,Active/LinkUp/800G,sys1-ice2-p-swi-bes8,sw24p1,Active/LinkUp/800G
75467,leaf-spine,sys1-ice2-p-swi-bel24,sw44p2,Active/LinkUp/800G,sys1-ice2-p-swi-bes8,sw24p2,Active/LinkUp/800G
75468,leaf-spine,sys1-ice2-p-swi-bel24,sw45p1,Active/LinkUp/800G,sys1-ice2-p-swi-bes9,sw24p1,Active/LinkUp/800G
75469,leaf-spine,sys1-ice2-p-swi-bel24,sw45p2,Active/LinkUp/800G,sys1-ice2-p-swi-bes9,sw24p2,Active/LinkUp/800G
75470,leaf-spine,sys1-ice2-p-swi-bel24,sw46p1,Active/LinkUp/800G,sys1-ice2-p-swi-bes10,sw24p1,Active/LinkUp/800G
75471,leaf-spine,sys1-ice2-p-swi-bel24,sw46p2,Active/LinkUp/800G,sys1-ice2-p-swi-bes10,sw24p2,Active/LinkUp/800G
75472,leaf-spine,sys1-ice2-p-swi-bel24,sw47p1,Active/LinkUp/800G,sys1-ice2-p-swi-bes11,sw24p1,Active/LinkUp/800G
75473,leaf-spine,sys1-ice2-p-swi-bel24,sw47p2,Active/LinkUp/800G,sys1-ice2-p-swi-bes11,sw24p2,Active/LinkUp/800G
75474,leaf-spine,sys1-ice2-p-swi-bel24,sw48p1,Active/LinkUp/800G,sys1-ice2-p-swi-bes12,sw24p1,Active/LinkUp/800G
75475,leaf-spine,sys1-ice2-p-swi-bel24,sw48p2,Active/LinkUp/800G,sys1-ice2-p-swi-bes12,sw24p2,Active/LinkUp/800G
75476,leaf-spine,sys1-ice2-p-swi-bel24,sw49p1,Active/LinkUp/800G,sys1-ice2-p-swi-bes13,sw24p1,Active/LinkUp/800G
75477,leaf-spine,sys1-ice2-p-swi-bel24,sw49p2,Active/LinkUp/800G,sys1-ice2-p-swi-bes13,sw24p2,Active/LinkUp/800G
75478,leaf-spine,sys1-ice2-p-swi-bel24,sw50p1,Active/LinkUp/800G,sys1-ice2-p-swi-bes14,sw24p1,Active/LinkUp/800G
75479,leaf-spine,sys1-ice2-p-swi-bel24,sw50p2,Active/LinkUp/800G,sys1-ice2-p-swi-bes14,sw24p2,Active/LinkUp/800G
75480,leaf-spine,sys1-ice2-p-swi-bel24,sw51p1,Active/LinkUp/800G,sys1-ice2-p-swi-bes15,sw24p1,Active/LinkUp/800G
75481,leaf-spine,sys1-ice2-p-swi-bel24,sw51p2,Active/LinkUp/800G,sys1-ice2-p-swi-bes15,sw24p2,Active/LinkUp/800G
75482,leaf-spine,sys1-ice2-p-swi-bel24,sw52p1,Active/LinkUp/800G,sys1-ice2-p-swi-bes16,sw24p1,Active/LinkUp/800G
75483,leaf-spine,sys1-ice2-p-swi-bel24,sw52p2,Active/LinkUp/800G,sys1-ice2-p-swi-bes16,sw24p2,Active/LinkUp/800G
75484,leaf-spine,sys1-ice2-p-swi-bel24,sw53p1,Active/LinkUp/800G,sys1-ice2-p-swi-bes17,sw24p1,Active/LinkUp/800G
75485,leaf-spine,sys1-ice2-p-swi-bel24,sw53p2,Active/LinkUp/800G,sys1-ice2-p-swi-bes17,sw24p2,Active/LinkUp/800G
75486,leaf-spine,sys1-ice2-p-swi-bel24,sw54p1,Active/LinkUp/800G,sys1-ice2-p-swi-bes18,sw24p1,Active/LinkUp/800G
75487,leaf-spine,sys1-ice2-p-swi-bel24,sw54p2,Active/LinkUp/800G,sys1-ice2-p-swi-bes18,sw24p2,Active/LinkUp/800G
75488,leaf-spine,sys1-ice2-p-swi-bel24,sw55p1,Active/LinkUp/800G,sys1-ice2-p-swi-bes19,sw24p1,Active/LinkUp/800G
75489,leaf-spine,sys1-ice2-p-swi-bel24,sw55p2,Active/LinkUp/800G,sys1-ice2-p-swi-bes19,sw24p2,Active/LinkUp/800G
75490,leaf-spine,sys1-ice2-p-swi-bel24,sw56p1,Active/LinkUp/800G,sys1-ice2-p-swi-bes20,sw24p1,Active/LinkUp/800G
75491,leaf-spine,sys1-ice2-p-swi-bel24,sw56p2,Active/LinkUp/800G,sys1-ice2-p-swi-bes20,sw24p2,Active/LinkUp/800G
75492,leaf-spine,sys1-ice2-p-swi-bel24,sw57p1,Active/LinkUp/800G,sys1-ice2-p-swi-bes21,sw24p1,Active/LinkUp/800G
75493,leaf-spine,sys1-ice2-p-swi-bel24,sw57p2,Active/LinkUp/800G,sys1-ice2-p-swi-bes21,sw24p2,Active/LinkUp/800G
75494,leaf-spine,sys1-ice2-p-swi-bel24,sw58p1,Active/LinkUp/800G,sys1-ice2-p-swi-bes22,sw24p1,Active/LinkUp/800G
75495,leaf-spine,sys1-ice2-p-swi-bel24,sw58p2,Active/LinkUp/800G,sys1-ice2-p-swi-bes22,sw24p2,Active/LinkUp/800G
75496,leaf-spine,sys1-ice2-p-swi-bel24,sw59p1,Active/LinkUp/800G,sys1-ice2-p-swi-bes23,sw24p1,Active/LinkUp/800G
75497,leaf-spine,sys1-ice2-p-swi-bel24,sw59p2,Active/LinkUp/800G,sys1-ice2-p-swi-bes23,sw24p2,Active/LinkUp/800G
75498,leaf-spine,sys1-ice2-p-swi-bel24,sw60p1,Active/LinkUp/800G,sys1-ice2-p-swi-bes24,sw24p1,Active/LinkUp/800G
75499,leaf-spine,sys1-ice2-p-swi-bel24,sw60p2,Active/LinkUp/800G,sys1-ice2-p-swi-bes24,sw24p2,Active/LinkUp/800G
75500,leaf-spine,sys1-ice2-p-swi-bel24,sw61p1,Active/LinkUp/800G,sys1-ice2-p-swi-bes25,sw24p1,Active/LinkUp/800G
75501,leaf-spine,sys1-ice2-p-swi-bel24,sw61p2,Active/LinkUp/800G,sys1-ice2-p-swi-bes25,sw24p2,Active/LinkUp/800G
75502,leaf-spine,sys1-ice2-p-swi-bel24,sw62p1,Active/LinkUp/800G,sys1-ice2-p-swi-bes26,sw24p1,Active/LinkUp/800G
75503,leaf-spine,sys1-ice2-p-swi-bel24,sw62p2,Active/LinkUp/800G,sys1-ice2-p-swi-bes26,sw24p2,Active/LinkUp/800G
75504,leaf-spine,sys1-ice2-p-swi-bel24,sw63p1,Active/LinkUp/800G,sys1-ice2-p-swi-bes27,sw24p1,Active/LinkUp/800G
75505,leaf-spine,sys1-ice2-p-swi-bel24,sw63p2,Active/LinkUp/800G,sys1-ice2-p-swi-bes27,sw24p2,Active/LinkUp/800G
75506,leaf-spine,sys1-ice2-p-swi-bel24,sw64p1,Active/LinkUp/800G,sys1-ice2-p-swi-bes28,sw24p1,Active/LinkUp/800G
75507,leaf-spine,sys1-ice2-p-swi-bel24,sw64p2,Active/LinkUp/800G,sys1-ice2-p-swi-bes28,sw24p2,Active/LinkUp/800G
75508,leaf-spine,sys1-ice2-p-swi-bel24,sw65p1,Active/LinkUp/800G,sys1-ice2-p-swi-bes29,sw24p1,Active/LinkUp/800G
75509,leaf-spine,sys1-ice2-p-swi-bel24,sw65p2,Active/LinkUp/800G,sys1-ice2-p-swi-bes29,sw24p2,Active/LinkUp/800G
75510,leaf-spine,sys1-ice2-p-swi-bel24,sw66p1,Active/LinkUp/800G,sys1-ice2-p-swi-bes30,sw24p1,Active/LinkUp/800G
75511,leaf-spine,sys1-ice2-p-swi-bel24,sw66p2,Active/LinkUp/800G,sys1-ice2-p-swi-bes30,sw24p2,Active/LinkUp/800G
75512,leaf-spine,sys1-ice2-p-swi-bel24,sw67p1,Active/LinkUp/800G,sys1-ice2-p-swi-bes31,sw24p1,Active/LinkUp/800G
75513,leaf-spine,sys1-ice2-p-swi-bel24,sw67p2,Active/LinkUp/800G,sys1-ice2-p-swi-bes31,sw24p2,Active/LinkUp/800G
75514,leaf-spine,sys1-ice2-p-swi-bel24,sw68p1,Active/LinkUp/800G,sys1-ice2-p-swi-bes32,sw24p1,Active/LinkUp/800G
75515,leaf-spine,sys1-ice2-p-swi-bel24,sw68p2,Active/LinkUp/800G,sys1-ice2-p-swi-bes32,sw24p2,Active/LinkUp/800G
75516,leaf-spine,sys1-ice2-p-swi-bel24,sw69p1,Active/LinkUp/800G,sys1-ice2-p-swi-bes33,sw24p1,Active/LinkUp/800G
75517,leaf-spine,sys1-ice2-p-swi-bel24,sw69p2,Active/LinkUp/800G,sys1-ice2-p-swi-bes33,sw24p2,Active/LinkUp/800G
75518,leaf-spine,sys1-ice2-p-swi-bel24,sw70p1,Active/LinkUp/800G,sys1-ice2-p-swi-bes34,sw24p1,Active/LinkUp/800G
75519,leaf-spine,sys1-ice2-p-swi-bel24,sw70p2,Active/LinkUp/800G,sys1-ice2-p-swi-bes34,sw24p2,Active/LinkUp/800G
75520,leaf-spine,sys1-ice2-p-swi-bel24,sw71p1,Active/LinkUp/800G,sys1-ice2-p-swi-bes35,sw24p1,Active/LinkUp/800G
75521,leaf-spine,sys1-ice2-p-swi-bel24,sw71p2,Active/LinkUp/800G,sys1-ice2-p-swi-bes35,sw24p2,Active/LinkUp/800G
75522,leaf-spine,sys1-ice2-p-swi-bel24,sw72p1,Active/LinkUp/800G,sys1-ice2-p-swi-bes36,sw24p1,Active/LinkUp/800G
75523,leaf-spine,sys1-ice2-p-swi-bel24,sw72p2,Active/LinkUp/800G,sys1-ice2-p-swi-bes36,sw24p2,Active/LinkUp/800G
75524,leaf-spine,sys1-ice2-p-swi-bel25,sw37p1,Active/LinkUp/800G,sys1-ice2-p-swi-bes1,sw25p1,Active/LinkUp/800G
75525,leaf-spine,sys1-ice2-p-swi-bel25,sw37p2,Active/LinkUp/800G,sys1-ice2-p-swi-bes1,sw25p2,Active/LinkUp/800G
75526,leaf-spine,sys1-ice2-p-swi-bel25,sw38p1,Active/LinkUp/800G,sys1-ice2-p-swi-bes2,sw25p1,Active/LinkUp/800G
75527,leaf-spine,sys1-ice2-p-swi-bel25,sw38p2,Active/LinkUp/800G,sys1-ice2-p-swi-bes2,sw25p2,Active/LinkUp/800G
75528,leaf-spine,sys1-ice2-p-swi-bel25,sw39p1,Active/LinkUp/800G,sys1-ice2-p-swi-bes3,sw25p1,Active/LinkUp/800G
75529,leaf-spine,sys1-ice2-p-swi-bel25,sw39p2,Active/LinkUp/800G,sys1-ice2-p-swi-bes3,sw25p2,Active/LinkUp/800G
75530,leaf-spine,sys1-ice2-p-swi-bel25,sw40p1,Active/LinkUp/800G,sys1-ice2-p-swi-bes4,sw25p1,Active/LinkUp/800G
75531,leaf-spine,sys1-ice2-p-swi-bel25,sw40p2,Active/LinkUp/800G,sys1-ice2-p-swi-bes4,sw25p2,Active/LinkUp/800G
75532,leaf-spine,sys1-ice2-p-swi-bel25,sw41p1,Active/LinkUp/800G,sys1-ice2-p-swi-bes5,sw25p1,Active/LinkUp/800G
75533,leaf-spine,sys1-ice2-p-swi-bel25,sw41p2,Active/LinkUp/800G,sys1-ice2-p-swi-bes5,sw25p2,Active/LinkUp/800G
75534,leaf-spine,sys1-ice2-p-swi-bel25,sw42p1,Active/LinkUp/800G,sys1-ice2-p-swi-bes6,sw25p1,Active/LinkUp/800G
75535,leaf-spine,sys1-ice2-p-swi-bel25,sw42p2,Active/LinkUp/800G,sys1-ice2-p-swi-bes6,sw25p2,Active/LinkUp/800G
75536,leaf-spine,sys1-ice2-p-swi-bel25,sw43p1,Active/LinkUp/800G,sys1-ice2-p-swi-bes7,sw25p1,Active/LinkUp/800G
75537,leaf-spine,sys1-ice2-p-swi-bel25,sw43p2,Active/LinkUp/800G,sys1-ice2-p-swi-bes7,sw25p2,Active/LinkUp/800G
75538,leaf-spine,sys1-ice2-p-swi-bel25,sw44p1,Active/LinkUp/800G,sys1-ice2-p-swi-bes8,sw25p1,Active/LinkUp/800G
75539,leaf-spine,sys1-ice2-p-swi-bel25,sw44p2,Active/LinkUp/800G,sys1-ice2-p-swi-bes8,sw25p2,Active/LinkUp/800G
75540,leaf-spine,sys1-ice2-p-swi-bel25,sw45p1,Active/LinkUp/800G,sys1-ice2-p-swi-bes9,sw25p1,Active/LinkUp/800G
75541,leaf-spine,sys1-ice2-p-swi-bel25,sw45p2,Active/LinkUp/800G,sys1-ice2-p-swi-bes9,sw25p2,Active/LinkUp/800G
75542,leaf-spine,sys1-ice2-p-swi-bel25,sw46p1,Active/LinkUp/800G,sys1-ice2-p-swi-bes10,sw25p1,Active/LinkUp/800G
75543,leaf-spine,sys1-ice2-p-swi-bel25,sw46p2,Active/LinkUp/800G,sys1-ice2-p-swi-bes10,sw25p2,Active/LinkUp/800G
75544,leaf-spine,sys1-ice2-p-swi-bel25,sw47p1,Active/LinkUp/800G,sys1-ice2-p-swi-bes11,sw25p1,Active/LinkUp/800G
75545,leaf-spine,sys1-ice2-p-swi-bel25,sw47p2,Active/LinkUp/800G,sys1-ice2-p-swi-bes11,sw25p2,Active/LinkUp/800G
75546,leaf-spine,sys1-ice2-p-swi-bel25,sw48p1,Active/LinkUp/800G,sys1-ice2-p-swi-bes12,sw25p1,Active/LinkUp/800G
75547,leaf-spine,sys1-ice2-p-swi-bel25,sw48p2,Active/LinkUp/800G,sys1-ice2-p-swi-bes12,sw25p2,Active/LinkUp/800G
75548,leaf-spine,sys1-ice2-p-swi-bel25,sw49p1,Active/LinkUp/800G,sys1-ice2-p-swi-bes13,sw25p1,Active/LinkUp/800G
75549,leaf-spine,sys1-ice2-p-swi-bel25,sw49p2,Active/LinkUp/800G,sys1-ice2-p-swi-bes13,sw25p2,Active/LinkUp/800G
75550,leaf-spine,sys1-ice2-p-swi-bel25,sw50p1,Active/LinkUp/800G,sys1-ice2-p-swi-bes14,sw25p1,Active/LinkUp/800G
75551,leaf-spine,sys1-ice2-p-swi-bel25,sw50p2,Active/LinkUp/800G,sys1-ice2-p-swi-bes14,sw25p2,Active/LinkUp/800G
75552,leaf-spine,sys1-ice2-p-swi-bel25,sw51p1,Active/LinkUp/800G,sys1-ice2-p-swi-bes15,sw25p1,Active/LinkUp/800G
75553,leaf-spine,sys1-ice2-p-swi-bel25,sw51p2,Active/LinkUp/800G,sys1-ice2-p-swi-bes15,sw25p2,Active/LinkUp/800G
75554,leaf-spine,sys1-ice2-p-swi-bel25,sw52p1,Active/LinkUp/800G,sys1-ice2-p-swi-bes16,sw25p1,Active/LinkUp/800G
75555,leaf-spine,sys1-ice2-p-swi-bel25,sw52p2,Active/LinkUp/800G,sys1-ice2-p-swi-bes16,sw25p2,Active/LinkUp/800G
75556,leaf-spine,sys1-ice2-p-swi-bel25,sw53p1,Active/LinkUp/800G,sys1-ice2-p-swi-bes17,sw25p1,Active/LinkUp/800G
75557,leaf-spine,sys1-ice2-p-swi-bel25,sw53p2,Active/LinkUp/800G,sys1-ice2-p-swi-bes17,sw25p2,Active/LinkUp/800G
75558,leaf-spine,sys1-ice2-p-swi-bel25,sw54p1,Active/LinkUp/800G,sys1-ice2-p-swi-bes18,sw25p1,Active/LinkUp/800G
75559,leaf-spine,sys1-ice2-p-swi-bel25,sw54p2,Active/LinkUp/800G,sys1-ice2-p-swi-bes18,sw25p2,Active/LinkUp/800G
75560,leaf-spine,sys1-ice2-p-swi-bel25,sw55p1,Active/LinkUp/800G,sys1-ice2-p-swi-bes19,sw25p1,Active/LinkUp/800G
75561,leaf-spine,sys1-ice2-p-swi-bel25,sw55p2,Active/LinkUp/800G,sys1-ice2-p-swi-bes19,sw25p2,Active/LinkUp/800G
75562,leaf-spine,sys1-ice2-p-swi-bel25,sw56p1,Active/LinkUp/800G,sys1-ice2-p-swi-bes20,sw25p1,Active/LinkUp/800G
75563,leaf-spine,sys1-ice2-p-swi-bel25,sw56p2,Active/LinkUp/800G,sys1-ice2-p-swi-bes20,sw25p2,Active/LinkUp/800G
75564,leaf-spine,sys1-ice2-p-swi-bel25,sw57p1,Active/LinkUp/800G,sys1-ice2-p-swi-bes21,sw25p1,Active/LinkUp/800G
75565,leaf-spine,sys1-ice2-p-swi-bel25,sw57p2,Active/LinkUp/800G,sys1-ice2-p-swi-bes21,sw25p2,Active/LinkUp/800G
75566,leaf-spine,sys1-ice2-p-swi-bel25,sw58p1,Active/LinkUp/800G,sys1-ice2-p-swi-bes22,sw25p1,Active/LinkUp/800G
75567,leaf-spine,sys1-ice2-p-swi-bel25,sw58p2,Active/LinkUp/800G,sys1-ice2-p-swi-bes22,sw25p2,Active/LinkUp/800G
75568,leaf-spine,sys1-ice2-p-swi-bel25,sw59p1,Active/LinkUp/800G,sys1-ice2-p-swi-bes23,sw25p1,Active/LinkUp/800G
75569,leaf-spine,sys1-ice2-p-swi-bel25,sw59p2,Active/LinkUp/800G,sys1-ice2-p-swi-bes23,sw25p2,Active/LinkUp/800G
75570,leaf-spine,sys1-ice2-p-swi-bel25,sw60p1,Active/LinkUp/800G,sys1-ice2-p-swi-bes24,sw25p1,Active/LinkUp/800G
75571,leaf-spine,sys1-ice2-p-swi-bel25,sw60p2,Active/LinkUp/800G,sys1-ice2-p-swi-bes24,sw25p2,Active/LinkUp/800G
75572,leaf-spine,sys1-ice2-p-swi-bel25,sw61p1,Active/LinkUp/800G,sys1-ice2-p-swi-bes25,sw25p1,Active/LinkUp/800G
75573,leaf-spine,sys1-ice2-p-swi-bel25,sw61p2,Active/LinkUp/800G,sys1-ice2-p-swi-bes25,sw25p2,Active/LinkUp/800G
75574,leaf-spine,sys1-ice2-p-swi-bel25,sw62p1,Active/LinkUp/800G,sys1-ice2-p-swi-bes26,sw25p1,Active/LinkUp/800G
75575,leaf-spine,sys1-ice2-p-swi-bel25,sw62p2,Active/LinkUp/800G,sys1-ice2-p-swi-bes26,sw25p2,Active/LinkUp/800G
75576,leaf-spine,sys1-ice2-p-swi-bel25,sw63p1,Active/LinkUp/800G,sys1-ice2-p-swi-bes27,sw25p1,Active/LinkUp/800G
75577,leaf-spine,sys1-ice2-p-swi-bel25,sw63p2,Active/LinkUp/800G,sys1-ice2-p-swi-bes27,sw25p2,Active/LinkUp/800G
75578,leaf-spine,sys1-ice2-p-swi-bel25,sw64p1,Active/LinkUp/800G,sys1-ice2-p-swi-bes28,sw25p1,Active/LinkUp/800G
75579,leaf-spine,sys1-ice2-p-swi-bel25,sw64p2,Active/LinkUp/800G,sys1-ice2-p-swi-bes28,sw25p2,Active/LinkUp/800G
75580,leaf-spine,sys1-ice2-p-swi-bel25,sw65p1,Active/LinkUp/800G,sys1-ice2-p-swi-bes29,sw25p1,Active/LinkUp/800G
75581,leaf-spine,sys1-ice2-p-swi-bel25,sw65p2,Active/LinkUp/800G,sys1-ice2-p-swi-bes29,sw25p2,Active/LinkUp/800G
75582,leaf-spine,sys1-ice2-p-swi-bel25,sw66p1,Active/LinkUp/800G,sys1-ice2-p-swi-bes30,sw25p1,Active/LinkUp/800G
75583,leaf-spine,sys1-ice2-p-swi-bel25,sw66p2,Active/LinkUp/800G,sys1-ice2-p-swi-bes30,sw25p2,Active/LinkUp/800G
75584,leaf-spine,sys1-ice2-p-swi-bel25,sw67p1,Active/LinkUp/800G,sys1-ice2-p-swi-bes31,sw25p1,Active/LinkUp/800G
75585,leaf-spine,sys1-ice2-p-swi-bel25,sw67p2,Active/LinkUp/800G,sys1-ice2-p-swi-bes31,sw25p2,Active/LinkUp/800G
75586,leaf-spine,sys1-ice2-p-swi-bel25,sw68p1,Active/LinkUp/800G,sys1-ice2-p-swi-bes32,sw25p1,Active/LinkUp/800G
75587,leaf-spine,sys1-ice2-p-swi-bel25,sw68p2,Active/LinkUp/800G,sys1-ice2-p-swi-bes32,sw25p2,Active/LinkUp/800G
75588,leaf-spine,sys1-ice2-p-swi-bel25,sw69p1,Active/LinkUp/800G,sys1-ice2-p-swi-bes33,sw25p1,Active/LinkUp/800G
75589,leaf-spine,sys1-ice2-p-swi-bel25,sw69p2,Active/LinkUp/800G,sys1-ice2-p-swi-bes33,sw25p2,Active/LinkUp/800G
75590,leaf-spine,sys1-ice2-p-swi-bel25,sw70p1,Active/LinkUp/800G,sys1-ice2-p-swi-bes34,sw25p1,Active/LinkUp/800G
75591,leaf-spine,sys1-ice2-p-swi-bel25,sw70p2,Active/LinkUp/800G,sys1-ice2-p-swi-bes34,sw25p2,Active/LinkUp/800G
75592,leaf-spine,sys1-ice2-p-swi-bel25,sw71p1,Active/LinkUp/800G,sys1-ice2-p-swi-bes35,sw25p1,Active/LinkUp/800G
75593,leaf-spine,sys1-ice2-p-swi-bel25,sw71p2,Active/LinkUp/800G,sys1-ice2-p-swi-bes35,sw25p2,Active/LinkUp/800G
75594,leaf-spine,sys1-ice2-p-swi-bel25,sw72p1,Active/LinkUp/800G,sys1-ice2-p-swi-bes36,sw25p1,Active/LinkUp/800G
75595,leaf-spine,sys1-ice2-p-swi-bel25,sw72p2,Active/LinkUp/800G,sys1-ice2-p-swi-bes36,sw25p2,Active/LinkUp/800G
75596,leaf-spine,sys1-ice2-p-swi-bel26,sw37p1,Active/LinkUp/800G,sys1-ice2-p-swi-bes1,sw26p1,Active/LinkUp/800G
75597,leaf-spine,sys1-ice2-p-swi-bel26,sw37p2,Active/LinkUp/800G,sys1-ice2-p-swi-bes1,sw26p2,Active/LinkUp/800G
75598,leaf-spine,sys1-ice2-p-swi-bel26,sw38p1,Active/LinkUp/800G,sys1-ice2-p-swi-bes2,sw26p1,Active/LinkUp/800G
75599,leaf-spine,sys1-ice2-p-swi-bel26,sw38p2,Active/LinkUp/800G,sys1-ice2-p-swi-bes2,sw26p2,Active/LinkUp/800G
75600,leaf-spine,sys1-ice2-p-swi-bel26,sw39p1,Active/LinkUp/800G,sys1-ice2-p-swi-bes3,sw26p1,Active/LinkUp/800G
75601,leaf-spine,sys1-ice2-p-swi-bel26,sw39p2,Active/LinkUp/800G,sys1-ice2-p-swi-bes3,sw26p2,Active/LinkUp/800G
75602,leaf-spine,sys1-ice2-p-swi-bel26,sw40p1,Active/LinkUp/800G,sys1-ice2-p-swi-bes4,sw26p1,Active/LinkUp/800G
75603,leaf-spine,sys1-ice2-p-swi-bel26,sw40p2,Active/LinkUp/800G,sys1-ice2-p-swi-bes4,sw26p2,Active/LinkUp/800G
75604,leaf-spine,sys1-ice2-p-swi-bel26,sw41p1,Active/LinkUp/800G,sys1-ice2-p-swi-bes5,sw26p1,Active/LinkUp/800G
75605,leaf-spine,sys1-ice2-p-swi-bel26,sw41p2,Active/LinkUp/800G,sys1-ice2-p-swi-bes5,sw26p2,Active/LinkUp/800G
75606,leaf-spine,sys1-ice2-p-swi-bel26,sw42p1,Active/LinkUp/800G,sys1-ice2-p-swi-bes6,sw26p1,Active/LinkUp/800G
75607,leaf-spine,sys1-ice2-p-swi-bel26,sw42p2,Active/LinkUp/800G,sys1-ice2-p-swi-bes6,sw26p2,Active/LinkUp/800G
75608,leaf-spine,sys1-ice2-p-swi-bel26,sw43p1,Active/LinkUp/800G,sys1-ice2-p-swi-bes7,sw26p1,Active/LinkUp/800G
75609,leaf-spine,sys1-ice2-p-swi-bel26,sw43p2,Active/LinkUp/800G,sys1-ice2-p-swi-bes7,sw26p2,Active/LinkUp/800G
75610,leaf-spine,sys1-ice2-p-swi-bel26,sw44p1,Active/LinkUp/800G,sys1-ice2-p-swi-bes8,sw26p1,Active/LinkUp/800G
75611,leaf-spine,sys1-ice2-p-swi-bel26,sw44p2,Active/LinkUp/800G,sys1-ice2-p-swi-bes8,sw26p2,Active/LinkUp/800G
75612,leaf-spine,sys1-ice2-p-swi-bel26,sw45p1,Active/LinkUp/800G,sys1-ice2-p-swi-bes9,sw26p1,Active/LinkUp/800G
75613,leaf-spine,sys1-ice2-p-swi-bel26,sw45p2,Active/LinkUp/800G,sys1-ice2-p-swi-bes9,sw26p2,Active/LinkUp/800G
75614,leaf-spine,sys1-ice2-p-swi-bel26,sw46p1,Active/LinkUp/800G,sys1-ice2-p-swi-bes10,sw26p1,Active/LinkUp/800G
75615,leaf-spine,sys1-ice2-p-swi-bel26,sw46p2,Active/LinkUp/800G,sys1-ice2-p-swi-bes10,sw26p2,Active/LinkUp/800G
75616,leaf-spine,sys1-ice2-p-swi-bel26,sw47p1,Active/LinkUp/800G,sys1-ice2-p-swi-bes11,sw26p1,Active/LinkUp/800G
75617,leaf-spine,sys1-ice2-p-swi-bel26,sw47p2,Active/LinkUp/800G,sys1-ice2-p-swi-bes11,sw26p2,Active/LinkUp/800G
75618,leaf-spine,sys1-ice2-p-swi-bel26,sw48p1,Active/LinkUp/800G,sys1-ice2-p-swi-bes12,sw26p1,Active/LinkUp/800G
75619,leaf-spine,sys1-ice2-p-swi-bel26,sw48p2,Active/LinkUp/800G,sys1-ice2-p-swi-bes12,sw26p2,Active/LinkUp/800G
75620,leaf-spine,sys1-ice2-p-swi-bel26,sw49p1,Active/LinkUp/800G,sys1-ice2-p-swi-bes13,sw26p1,Active/LinkUp/800G
75621,leaf-spine,sys1-ice2-p-swi-bel26,sw49p2,Active/LinkUp/800G,sys1-ice2-p-swi-bes13,sw26p2,Active/LinkUp/800G
75622,leaf-spine,sys1-ice2-p-swi-bel26,sw50p1,Active/LinkUp/800G,sys1-ice2-p-swi-bes14,sw26p1,Active/LinkUp/800G
75623,leaf-spine,sys1-ice2-p-swi-bel26,sw50p2,Active/LinkUp/800G,sys1-ice2-p-swi-bes14,sw26p2,Active/LinkUp/800G
75624,leaf-spine,sys1-ice2-p-swi-bel26,sw51p1,Active/LinkUp/800G,sys1-ice2-p-swi-bes15,sw26p1,Active/LinkUp/800G
75625,leaf-spine,sys1-ice2-p-swi-bel26,sw51p2,Active/LinkUp/800G,sys1-ice2-p-swi-bes15,sw26p2,Active/LinkUp/800G
75626,leaf-spine,sys1-ice2-p-swi-bel26,sw52p1,Active/LinkUp/800G,sys1-ice2-p-swi-bes16,sw26p1,Active/LinkUp/800G
75627,leaf-spine,sys1-ice2-p-swi-bel26,sw52p2,Active/LinkUp/800G,sys1-ice2-p-swi-bes16,sw26p2,Active/LinkUp/800G
75628,leaf-spine,sys1-ice2-p-swi-bel26,sw53p1,Active/LinkUp/800G,sys1-ice2-p-swi-bes17,sw26p1,Active/LinkUp/800G
75629,leaf-spine,sys1-ice2-p-swi-bel26,sw53p2,Active/LinkUp/800G,sys1-ice2-p-swi-bes17,sw26p2,Active/LinkUp/800G
75630,leaf-spine,sys1-ice2-p-swi-bel26,sw54p1,Active/LinkUp/800G,sys1-ice2-p-swi-bes18,sw26p1,Active/LinkUp/800G
75631,leaf-spine,sys1-ice2-p-swi-bel26,sw54p2,Active/LinkUp/800G,sys1-ice2-p-swi-bes18,sw26p2,Active/LinkUp/800G
75632,leaf-spine,sys1-ice2-p-swi-bel26,sw55p1,Active/LinkUp/800G,sys1-ice2-p-swi-bes19,sw26p1,Active/LinkUp/800G
75633,leaf-spine,sys1-ice2-p-swi-bel26,sw55p2,Active/LinkUp/800G,sys1-ice2-p-swi-bes19,sw26p2,Active/LinkUp/800G
75634,leaf-spine,sys1-ice2-p-swi-bel26,sw56p1,Active/LinkUp/800G,sys1-ice2-p-swi-bes20,sw26p1,Active/LinkUp/800G
75635,leaf-spine,sys1-ice2-p-swi-bel26,sw56p2,Active/LinkUp/800G,sys1-ice2-p-swi-bes20,sw26p2,Active/LinkUp/800G
75636,leaf-spine,sys1-ice2-p-swi-bel26,sw57p1,Active/LinkUp/800G,sys1-ice2-p-swi-bes21,sw26p1,Active/LinkUp/800G
75637,leaf-spine,sys1-ice2-p-swi-bel26,sw57p2,Active/LinkUp/800G,sys1-ice2-p-swi-bes21,sw26p2,Active/LinkUp/800G
75638,leaf-spine,sys1-ice2-p-swi-bel26,sw58p1,Active/LinkUp/800G,sys1-ice2-p-swi-bes22,sw26p1,Active/LinkUp/800G
75639,leaf-spine,sys1-ice2-p-swi-bel26,sw58p2,Active/LinkUp/800G,sys1-ice2-p-swi-bes22,sw26p2,Active/LinkUp/800G
75640,leaf-spine,sys1-ice2-p-swi-bel26,sw59p1,Active/LinkUp/800G,sys1-ice2-p-swi-bes23,sw26p1,Active/LinkUp/800G
75641,leaf-spine,sys1-ice2-p-swi-bel26,sw59p2,Active/LinkUp/800G,sys1-ice2-p-swi-bes23,sw26p2,Active/LinkUp/800G
75642,leaf-spine,sys1-ice2-p-swi-bel26,sw60p1,Active/LinkUp/800G,sys1-ice2-p-swi-bes24,sw26p1,Active/LinkUp/800G
75643,leaf-spine,sys1-ice2-p-swi-bel26,sw60p2,Active/LinkUp/800G,sys1-ice2-p-swi-bes24,sw26p2,Active/LinkUp/800G
75644,leaf-spine,sys1-ice2-p-swi-bel26,sw61p1,Active/LinkUp/800G,sys1-ice2-p-swi-bes25,sw26p1,Active/LinkUp/800G
75645,leaf-spine,sys1-ice2-p-swi-bel26,sw61p2,Active/LinkUp/800G,sys1-ice2-p-swi-bes25,sw26p2,Active/LinkUp/800G
75646,leaf-spine,sys1-ice2-p-swi-bel26,sw62p1,Active/LinkUp/800G,sys1-ice2-p-swi-bes26,sw26p1,Active/LinkUp/800G
75647,leaf-spine,sys1-ice2-p-swi-bel26,sw62p2,Active/LinkUp/800G,sys1-ice2-p-swi-bes26,sw26p2,Active/LinkUp/800G
75648,leaf-spine,sys1-ice2-p-swi-bel26,sw63p1,Active/LinkUp/800G,sys1-ice2-p-swi-bes27,sw26p1,Active/LinkUp/800G
75649,leaf-spine,sys1-ice2-p-swi-bel26,sw63p2,Active/LinkUp/800G,sys1-ice2-p-swi-bes27,sw26p2,Active/LinkUp/800G
75650,leaf-spine,sys1-ice2-p-swi-bel26,sw64p1,Active/LinkUp/800G,sys1-ice2-p-swi-bes28,sw26p1,Active/LinkUp/800G
75651,leaf-spine,sys1-ice2-p-swi-bel26,sw64p2,Active/LinkUp/800G,sys1-ice2-p-swi-bes28,sw26p2,Active/LinkUp/800G
75652,leaf-spine,sys1-ice2-p-swi-bel26,sw65p1,Active/LinkUp/800G,sys1-ice2-p-swi-bes29,sw26p1,Active/LinkUp/800G
75653,leaf-spine,sys1-ice2-p-swi-bel26,sw65p2,Active/LinkUp/800G,sys1-ice2-p-swi-bes29,sw26p2,Active/LinkUp/800G
75654,leaf-spine,sys1-ice2-p-swi-bel26,sw66p1,Active/LinkUp/800G,sys1-ice2-p-swi-bes30,sw26p1,Active/LinkUp/800G
75655,leaf-spine,sys1-ice2-p-swi-bel26,sw66p2,Active/LinkUp/800G,sys1-ice2-p-swi-bes30,sw26p2,Active/LinkUp/800G
75656,leaf-spine,sys1-ice2-p-swi-bel26,sw67p1,Active/LinkUp/800G,sys1-ice2-p-swi-bes31,sw26p1,Active/LinkUp/800G
75657,leaf-spine,sys1-ice2-p-swi-bel26,sw67p2,Active/LinkUp/800G,sys1-ice2-p-swi-bes31,sw26p2,Active/LinkUp/800G
75658,leaf-spine,sys1-ice2-p-swi-bel26,sw68p1,Active/LinkUp/800G,sys1-ice2-p-swi-bes32,sw26p1,Active/LinkUp/800G
75659,leaf-spine,sys1-ice2-p-swi-bel26,sw68p2,Active/LinkUp/800G,sys1-ice2-p-swi-bes32,sw26p2,Active/LinkUp/800G
75660,leaf-spine,sys1-ice2-p-swi-bel26,sw69p1,Active/LinkUp/800G,sys1-ice2-p-swi-bes33,sw26p1,Active/LinkUp/800G
75661,leaf-spine,sys1-ice2-p-swi-bel26,sw69p2,Active/LinkUp/800G,sys1-ice2-p-swi-bes33,sw26p2,Active/LinkUp/800G
75662,leaf-spine,sys1-ice2-p-swi-bel26,sw70p1,Active/LinkUp/800G,sys1-ice2-p-swi-bes34,sw26p1,Active/LinkUp/800G
75663,leaf-spine,sys1-ice2-p-swi-bel26,sw70p2,Active/LinkUp/800G,sys1-ice2-p-swi-bes34,sw26p2,Active/LinkUp/800G
75664,leaf-spine,sys1-ice2-p-swi-bel26,sw71p1,Active/LinkUp/800G,sys1-ice2-p-swi-bes35,sw26p1,Active/LinkUp/800G
75665,leaf-spine,sys1-ice2-p-swi-bel26,sw71p2,Active/LinkUp/800G,sys1-ice2-p-swi-bes35,sw26p2,Active/LinkUp/800G
75666,leaf-spine,sys1-ice2-p-swi-bel26,sw72p1,Active/LinkUp/800G,sys1-ice2-p-swi-bes36,sw26p1,Active/LinkUp/800G
75667,leaf-spine,sys1-ice2-p-swi-bel26,sw72p2,Active/LinkUp/800G,sys1-ice2-p-swi-bes36,sw26p2,Active/LinkUp/800G
75668,leaf-spine,sys1-ice2-p-swi-bel27,sw37p1,Active/LinkUp/800G,sys1-ice2-p-swi-bes1,sw27p1,Active/LinkUp/800G
75669,leaf-spine,sys1-ice2-p-swi-bel27,sw37p2,Active/LinkUp/800G,sys1-ice2-p-swi-bes1,sw27p2,Active/LinkUp/800G
75670,leaf-spine,sys1-ice2-p-swi-bel27,sw38p1,Active/LinkUp/800G,sys1-ice2-p-swi-bes2,sw27p1,Active/LinkUp/800G
75671,leaf-spine,sys1-ice2-p-swi-bel27,sw38p2,Active/LinkUp/800G,sys1-ice2-p-swi-bes2,sw27p2,Active/LinkUp/800G
75672,leaf-spine,sys1-ice2-p-swi-bel27,sw39p1,Active/LinkUp/800G,sys1-ice2-p-swi-bes3,sw27p1,Active/LinkUp/800G
75673,leaf-spine,sys1-ice2-p-swi-bel27,sw39p2,Active/LinkUp/800G,sys1-ice2-p-swi-bes3,sw27p2,Active/LinkUp/800G
75674,leaf-spine,sys1-ice2-p-swi-bel27,sw40p1,Active/LinkUp/800G,sys1-ice2-p-swi-bes4,sw27p1,Active/LinkUp/800G
75675,leaf-spine,sys1-ice2-p-swi-bel27,sw40p2,Active/LinkUp/800G,sys1-ice2-p-swi-bes4,sw27p2,Active/LinkUp/800G
75676,leaf-spine,sys1-ice2-p-swi-bel27,sw41p1,Active/LinkUp/800G,sys1-ice2-p-swi-bes5,sw27p1,Active/LinkUp/800G
75677,leaf-spine,sys1-ice2-p-swi-bel27,sw41p2,Active/LinkUp/800G,sys1-ice2-p-swi-bes5,sw27p2,Active/LinkUp/800G
75678,leaf-spine,sys1-ice2-p-swi-bel27,sw42p1,Active/LinkUp/800G,sys1-ice2-p-swi-bes6,sw27p1,Active/LinkUp/800G
75679,leaf-spine,sys1-ice2-p-swi-bel27,sw42p2,Active/LinkUp/800G,sys1-ice2-p-swi-bes6,sw27p2,Active/LinkUp/800G
75680,leaf-spine,sys1-ice2-p-swi-bel27,sw43p1,Active/LinkUp/800G,sys1-ice2-p-swi-bes7,sw27p1,Active/LinkUp/800G
75681,leaf-spine,sys1-ice2-p-swi-bel27,sw43p2,Active/LinkUp/800G,sys1-ice2-p-swi-bes7,sw27p2,Active/LinkUp/800G
75682,leaf-spine,sys1-ice2-p-swi-bel27,sw44p1,Active/LinkUp/800G,sys1-ice2-p-swi-bes8,sw27p1,Active/LinkUp/800G
75683,leaf-spine,sys1-ice2-p-swi-bel27,sw44p2,Active/LinkUp/800G,sys1-ice2-p-swi-bes8,sw27p2,Active/LinkUp/800G
75684,leaf-spine,sys1-ice2-p-swi-bel27,sw45p1,Active/LinkUp/800G,sys1-ice2-p-swi-bes9,sw27p1,Active/LinkUp/800G
75685,leaf-spine,sys1-ice2-p-swi-bel27,sw45p2,Active/LinkUp/800G,sys1-ice2-p-swi-bes9,sw27p2,Active/LinkUp/800G
75686,leaf-spine,sys1-ice2-p-swi-bel27,sw46p1,Active/LinkUp/800G,sys1-ice2-p-swi-bes10,sw27p1,Active/LinkUp/800G
75687,leaf-spine,sys1-ice2-p-swi-bel27,sw46p2,Active/LinkUp/800G,sys1-ice2-p-swi-bes10,sw27p2,Active/LinkUp/800G
75688,leaf-spine,sys1-ice2-p-swi-bel27,sw47p1,Active/LinkUp/800G,sys1-ice2-p-swi-bes11,sw27p1,Active/LinkUp/800G
75689,leaf-spine,sys1-ice2-p-swi-bel27,sw47p2,Active/LinkUp/800G,sys1-ice2-p-swi-bes11,sw27p2,Active/LinkUp/800G
75690,leaf-spine,sys1-ice2-p-swi-bel27,sw48p1,Active/LinkUp/800G,sys1-ice2-p-swi-bes12,sw27p1,Active/LinkUp/800G
75691,leaf-spine,sys1-ice2-p-swi-bel27,sw48p2,Active/LinkUp/800G,sys1-ice2-p-swi-bes12,sw27p2,Active/LinkUp/800G
75692,leaf-spine,sys1-ice2-p-swi-bel27,sw49p1,Active/LinkUp/800G,sys1-ice2-p-swi-bes13,sw27p1,Active/LinkUp/800G
75693,leaf-spine,sys1-ice2-p-swi-bel27,sw49p2,Active/LinkUp/800G,sys1-ice2-p-swi-bes13,sw27p2,Active/LinkUp/800G
75694,leaf-spine,sys1-ice2-p-swi-bel27,sw50p1,Active/LinkUp/800G,sys1-ice2-p-swi-bes14,sw27p1,Active/LinkUp/800G
75695,leaf-spine,sys1-ice2-p-swi-bel27,sw50p2,Active/LinkUp/800G,sys1-ice2-p-swi-bes14,sw27p2,Active/LinkUp/800G
75696,leaf-spine,sys1-ice2-p-swi-bel27,sw51p1,Active/LinkUp/800G,sys1-ice2-p-swi-bes15,sw27p1,Active/LinkUp/800G
75697,leaf-spine,sys1-ice2-p-swi-bel27,sw51p2,Active/LinkUp/800G,sys1-ice2-p-swi-bes15,sw27p2,Active/LinkUp/800G
75698,leaf-spine,sys1-ice2-p-swi-bel27,sw52p1,Active/LinkUp/800G,sys1-ice2-p-swi-bes16,sw27p1,Active/LinkUp/800G
75699,leaf-spine,sys1-ice2-p-swi-bel27,sw52p2,Active/LinkUp/800G,sys1-ice2-p-swi-bes16,sw27p2,Active/LinkUp/800G
75700,leaf-spine,sys1-ice2-p-swi-bel27,sw53p1,Active/LinkUp/800G,sys1-ice2-p-swi-bes17,sw27p1,Active/LinkUp/800G
75701,leaf-spine,sys1-ice2-p-swi-bel27,sw53p2,Active/LinkUp/800G,sys1-ice2-p-swi-bes17,sw27p2,Active/LinkUp/800G
75702,leaf-spine,sys1-ice2-p-swi-bel27,sw54p1,Active/LinkUp/800G,sys1-ice2-p-swi-bes18,sw27p1,Active/LinkUp/800G
75703,leaf-spine,sys1-ice2-p-swi-bel27,sw54p2,Active/LinkUp/800G,sys1-ice2-p-swi-bes18,sw27p2,Active/LinkUp/800G
75704,leaf-spine,sys1-ice2-p-swi-bel27,sw55p1,Active/LinkUp/800G,sys1-ice2-p-swi-bes19,sw27p1,Active/LinkUp/800G
75705,leaf-spine,sys1-ice2-p-swi-bel27,sw55p2,Active/LinkUp/800G,sys1-ice2-p-swi-bes19,sw27p2,Active/LinkUp/800G
75706,leaf-spine,sys1-ice2-p-swi-bel27,sw56p1,Active/LinkUp/800G,sys1-ice2-p-swi-bes20,sw27p1,Active/LinkUp/800G
75707,leaf-spine,sys1-ice2-p-swi-bel27,sw56p2,Active/LinkUp/800G,sys1-ice2-p-swi-bes20,sw27p2,Active/LinkUp/800G
75708,leaf-spine,sys1-ice2-p-swi-bel27,sw57p1,Active/LinkUp/800G,sys1-ice2-p-swi-bes21,sw27p1,Active/LinkUp/800G
75709,leaf-spine,sys1-ice2-p-swi-bel27,sw57p2,Active/LinkUp/800G,sys1-ice2-p-swi-bes21,sw27p2,Active/LinkUp/800G
75710,leaf-spine,sys1-ice2-p-swi-bel27,sw58p1,Active/LinkUp/800G,sys1-ice2-p-swi-bes22,sw27p1,Active/LinkUp/800G
75711,leaf-spine,sys1-ice2-p-swi-bel27,sw58p2,Active/LinkUp/800G,sys1-ice2-p-swi-bes22,sw27p2,Active/LinkUp/800G
75712,leaf-spine,sys1-ice2-p-swi-bel27,sw59p1,Active/LinkUp/800G,sys1-ice2-p-swi-bes23,sw27p1,Active/LinkUp/800G
75713,leaf-spine,sys1-ice2-p-swi-bel27,sw59p2,Active/LinkUp/800G,sys1-ice2-p-swi-bes23,sw27p2,Active/LinkUp/800G
75714,leaf-spine,sys1-ice2-p-swi-bel27,sw60p1,Active/LinkUp/800G,sys1-ice2-p-swi-bes24,sw27p1,Active/LinkUp/800G
75715,leaf-spine,sys1-ice2-p-swi-bel27,sw60p2,Active/LinkUp/800G,sys1-ice2-p-swi-bes24,sw27p2,Active/LinkUp/800G
75716,leaf-spine,sys1-ice2-p-swi-bel27,sw61p1,Active/LinkUp/800G,sys1-ice2-p-swi-bes25,sw27p1,Active/LinkUp/800G
75717,leaf-spine,sys1-ice2-p-swi-bel27,sw61p2,Active/LinkUp/800G,sys1-ice2-p-swi-bes25,sw27p2,Active/LinkUp/800G
75718,leaf-spine,sys1-ice2-p-swi-bel27,sw62p1,Active/LinkUp/800G,sys1-ice2-p-swi-bes26,sw27p1,Active/LinkUp/800G
75719,leaf-spine,sys1-ice2-p-swi-bel27,sw62p2,Active/LinkUp/800G,sys1-ice2-p-swi-bes26,sw27p2,Active/LinkUp/800G
75720,leaf-spine,sys1-ice2-p-swi-bel27,sw63p1,Active/LinkUp/800G,sys1-ice2-p-swi-bes27,sw27p1,Active/LinkUp/800G
75721,leaf-spine,sys1-ice2-p-swi-bel27,sw63p2,Active/LinkUp/800G,sys1-ice2-p-swi-bes27,sw27p2,Active/LinkUp/800G
75722,leaf-spine,sys1-ice2-p-swi-bel27,sw64p1,Active/LinkUp/800G,sys1-ice2-p-swi-bes28,sw27p1,Active/LinkUp/800G
75723,leaf-spine,sys1-ice2-p-swi-bel27,sw64p2,Active/LinkUp/800G,sys1-ice2-p-swi-bes28,sw27p2,Active/LinkUp/800G
75724,leaf-spine,sys1-ice2-p-swi-bel27,sw65p1,Active/LinkUp/800G,sys1-ice2-p-swi-bes29,sw27p1,Active/LinkUp/800G
75725,leaf-spine,sys1-ice2-p-swi-bel27,sw65p2,Active/LinkUp/800G,sys1-ice2-p-swi-bes29,sw27p2,Active/LinkUp/800G
75726,leaf-spine,sys1-ice2-p-swi-bel27,sw66p1,Active/LinkUp/800G,sys1-ice2-p-swi-bes30,sw27p1,Active/LinkUp/800G
75727,leaf-spine,sys1-ice2-p-swi-bel27,sw66p2,Active/LinkUp/800G,sys1-ice2-p-swi-bes30,sw27p2,Active/LinkUp/800G
75728,leaf-spine,sys1-ice2-p-swi-bel27,sw67p1,Active/LinkUp/800G,sys1-ice2-p-swi-bes31,sw27p1,Active/LinkUp/800G
75729,leaf-spine,sys1-ice2-p-swi-bel27,sw67p2,Active/LinkUp/800G,sys1-ice2-p-swi-bes31,sw27p2,Active/LinkUp/800G
75730,leaf-spine,sys1-ice2-p-swi-bel27,sw68p1,Active/LinkUp/800G,sys1-ice2-p-swi-bes32,sw27p1,Active/LinkUp/800G
75731,leaf-spine,sys1-ice2-p-swi-bel27,sw68p2,Active/LinkUp/800G,sys1-ice2-p-swi-bes32,sw27p2,Active/LinkUp/800G
75732,leaf-spine,sys1-ice2-p-swi-bel27,sw69p1,Active/LinkUp/800G,sys1-ice2-p-swi-bes33,sw27p1,Active/LinkUp/800G
75733,leaf-spine,sys1-ice2-p-swi-bel27,sw69p2,Active/LinkUp/800G,sys1-ice2-p-swi-bes33,sw27p2,Active/LinkUp/800G
75734,leaf-spine,sys1-ice2-p-swi-bel27,sw70p1,Active/LinkUp/800G,sys1-ice2-p-swi-bes34,sw27p1,Active/LinkUp/800G
75735,leaf-spine,sys1-ice2-p-swi-bel27,sw70p2,Active/LinkUp/800G,sys1-ice2-p-swi-bes34,sw27p2,Active/LinkUp/800G
75736,leaf-spine,sys1-ice2-p-swi-bel27,sw71p1,Active/LinkUp/800G,sys1-ice2-p-swi-bes35,sw27p1,Active/LinkUp/800G
75737,leaf-spine,sys1-ice2-p-swi-bel27,sw71p2,Active/LinkUp/800G,sys1-ice2-p-swi-bes35,sw27p2,Active/LinkUp/800G
75738,leaf-spine,sys1-ice2-p-swi-bel27,sw72p1,Active/LinkUp/800G,sys1-ice2-p-swi-bes36,sw27p1,Active/LinkUp/800G
75739,leaf-spine,sys1-ice2-p-swi-bel27,sw72p2,Active/LinkUp/800G,sys1-ice2-p-swi-bes36,sw27p2,Active/LinkUp/800G
75740,leaf-spine,sys1-ice2-p-swi-bel28,sw37p1,Active/LinkUp/800G,sys1-ice2-p-swi-bes1,sw28p1,Active/LinkUp/800G
75741,leaf-spine,sys1-ice2-p-swi-bel28,sw37p2,Active/LinkUp/800G,sys1-ice2-p-swi-bes1,sw28p2,Active/LinkUp/800G
75742,leaf-spine,sys1-ice2-p-swi-bel28,sw38p1,Active/LinkUp/800G,sys1-ice2-p-swi-bes2,sw28p1,Active/LinkUp/800G
75743,leaf-spine,sys1-ice2-p-swi-bel28,sw38p2,Active/LinkUp/800G,sys1-ice2-p-swi-bes2,sw28p2,Active/LinkUp/800G
75744,leaf-spine,sys1-ice2-p-swi-bel28,sw39p1,Active/LinkUp/800G,sys1-ice2-p-swi-bes3,sw28p1,Active/LinkUp/800G
75745,leaf-spine,sys1-ice2-p-swi-bel28,sw39p2,Active/LinkUp/800G,sys1-ice2-p-swi-bes3,sw28p2,Active/LinkUp/800G
75746,leaf-spine,sys1-ice2-p-swi-bel28,sw40p1,Active/LinkUp/800G,sys1-ice2-p-swi-bes4,sw28p1,Active/LinkUp/800G
75747,leaf-spine,sys1-ice2-p-swi-bel28,sw40p2,Active/LinkUp/800G,sys1-ice2-p-swi-bes4,sw28p2,Active/LinkUp/800G
75748,leaf-spine,sys1-ice2-p-swi-bel28,sw41p1,Active/LinkUp/800G,sys1-ice2-p-swi-bes5,sw28p1,Active/LinkUp/800G
75749,leaf-spine,sys1-ice2-p-swi-bel28,sw41p2,Active/LinkUp/800G,sys1-ice2-p-swi-bes5,sw28p2,Active/LinkUp/800G
75750,leaf-spine,sys1-ice2-p-swi-bel28,sw42p1,Active/LinkUp/800G,sys1-ice2-p-swi-bes6,sw28p1,Active/LinkUp/800G
75751,leaf-spine,sys1-ice2-p-swi-bel28,sw42p2,Active/LinkUp/800G,sys1-ice2-p-swi-bes6,sw28p2,Active/LinkUp/800G
75752,leaf-spine,sys1-ice2-p-swi-bel28,sw43p1,Active/LinkUp/800G,sys1-ice2-p-swi-bes7,sw28p1,Active/LinkUp/800G
75753,leaf-spine,sys1-ice2-p-swi-bel28,sw43p2,Active/LinkUp/800G,sys1-ice2-p-swi-bes7,sw28p2,Active/LinkUp/800G
75754,leaf-spine,sys1-ice2-p-swi-bel28,sw44p1,Active/LinkUp/800G,sys1-ice2-p-swi-bes8,sw28p1,Active/LinkUp/800G
75755,leaf-spine,sys1-ice2-p-swi-bel28,sw44p2,Active/LinkUp/800G,sys1-ice2-p-swi-bes8,sw28p2,Active/LinkUp/800G
75756,leaf-spine,sys1-ice2-p-swi-bel28,sw45p1,Active/LinkUp/800G,sys1-ice2-p-swi-bes9,sw28p1,Active/LinkUp/800G
75757,leaf-spine,sys1-ice2-p-swi-bel28,sw45p2,Active/LinkUp/800G,sys1-ice2-p-swi-bes9,sw28p2,Active/LinkUp/800G
75758,leaf-spine,sys1-ice2-p-swi-bel28,sw46p1,Active/LinkUp/800G,sys1-ice2-p-swi-bes10,sw28p1,Active/LinkUp/800G
75759,leaf-spine,sys1-ice2-p-swi-bel28,sw46p2,Active/LinkUp/800G,sys1-ice2-p-swi-bes10,sw28p2,Active/LinkUp/800G
75760,leaf-spine,sys1-ice2-p-swi-bel28,sw47p1,Active/LinkUp/800G,sys1-ice2-p-swi-bes11,sw28p1,Active/LinkUp/800G
75761,leaf-spine,sys1-ice2-p-swi-bel28,sw47p2,Active/LinkUp/800G,sys1-ice2-p-swi-bes11,sw28p2,Active/LinkUp/800G
75762,leaf-spine,sys1-ice2-p-swi-bel28,sw48p1,Active/LinkUp/800G,sys1-ice2-p-swi-bes12,sw28p1,Active/LinkUp/800G
75763,leaf-spine,sys1-ice2-p-swi-bel28,sw48p2,Active/LinkUp/800G,sys1-ice2-p-swi-bes12,sw28p2,Active/LinkUp/800G
75764,leaf-spine,sys1-ice2-p-swi-bel28,sw49p1,Active/LinkUp/800G,sys1-ice2-p-swi-bes13,sw28p1,Active/LinkUp/800G
75765,leaf-spine,sys1-ice2-p-swi-bel28,sw49p2,Active/LinkUp/800G,sys1-ice2-p-swi-bes13,sw28p2,Active/LinkUp/800G
75766,leaf-spine,sys1-ice2-p-swi-bel28,sw50p1,Active/LinkUp/800G,sys1-ice2-p-swi-bes14,sw28p1,Active/LinkUp/800G
75767,leaf-spine,sys1-ice2-p-swi-bel28,sw50p2,Active/LinkUp/800G,sys1-ice2-p-swi-bes14,sw28p2,Active/LinkUp/800G
75768,leaf-spine,sys1-ice2-p-swi-bel28,sw51p1,Active/LinkUp/800G,sys1-ice2-p-swi-bes15,sw28p1,Active/LinkUp/800G
75769,leaf-spine,sys1-ice2-p-swi-bel28,sw51p2,Active/LinkUp/800G,sys1-ice2-p-swi-bes15,sw28p2,Active/LinkUp/800G
75770,leaf-spine,sys1-ice2-p-swi-bel28,sw52p1,Active/LinkUp/800G,sys1-ice2-p-swi-bes16,sw28p1,Active/LinkUp/800G
75771,leaf-spine,sys1-ice2-p-swi-bel28,sw52p2,Active/LinkUp/800G,sys1-ice2-p-swi-bes16,sw28p2,Active/LinkUp/800G
75772,leaf-spine,sys1-ice2-p-swi-bel28,sw53p1,Active/LinkUp/800G,sys1-ice2-p-swi-bes17,sw28p1,Active/LinkUp/800G
75773,leaf-spine,sys1-ice2-p-swi-bel28,sw53p2,Active/LinkUp/800G,sys1-ice2-p-swi-bes17,sw28p2,Active/LinkUp/800G
75774,leaf-spine,sys1-ice2-p-swi-bel28,sw54p1,Active/LinkUp/800G,sys1-ice2-p-swi-bes18,sw28p1,Active/LinkUp/800G
75775,leaf-spine,sys1-ice2-p-swi-bel28,sw54p2,Active/LinkUp/800G,sys1-ice2-p-swi-bes18,sw28p2,Active/LinkUp/800G
75776,leaf-spine,sys1-ice2-p-swi-bel28,sw55p1,Active/LinkUp/800G,sys1-ice2-p-swi-bes19,sw28p1,Active/LinkUp/800G
75777,leaf-spine,sys1-ice2-p-swi-bel28,sw55p2,Active/LinkUp/800G,sys1-ice2-p-swi-bes19,sw28p2,Active/LinkUp/800G
75778,leaf-spine,sys1-ice2-p-swi-bel28,sw56p1,Active/LinkUp/800G,sys1-ice2-p-swi-bes20,sw28p1,Active/LinkUp/800G
75779,leaf-spine,sys1-ice2-p-swi-bel28,sw56p2,Active/LinkUp/800G,sys1-ice2-p-swi-bes20,sw28p2,Active/LinkUp/800G
75780,leaf-spine,sys1-ice2-p-swi-bel28,sw57p1,Active/LinkUp/800G,sys1-ice2-p-swi-bes21,sw28p1,Active/LinkUp/800G
75781,leaf-spine,sys1-ice2-p-swi-bel28,sw57p2,Active/LinkUp/800G,sys1-ice2-p-swi-bes21,sw28p2,Active/LinkUp/800G
75782,leaf-spine,sys1-ice2-p-swi-bel28,sw58p1,Active/LinkUp/800G,sys1-ice2-p-swi-bes22,sw28p1,Active/LinkUp/800G
75783,leaf-spine,sys1-ice2-p-swi-bel28,sw58p2,Active/LinkUp/800G,sys1-ice2-p-swi-bes22,sw28p2,Active/LinkUp/800G
75784,leaf-spine,sys1-ice2-p-swi-bel28,sw59p1,Active/LinkUp/800G,sys1-ice2-p-swi-bes23,sw28p1,Active/LinkUp/800G
75785,leaf-spine,sys1-ice2-p-swi-bel28,sw59p2,Active/LinkUp/800G,sys1-ice2-p-swi-bes23,sw28p2,Active/LinkUp/800G
75786,leaf-spine,sys1-ice2-p-swi-bel28,sw60p1,Active/LinkUp/800G,sys1-ice2-p-swi-bes24,sw28p1,Active/LinkUp/800G
75787,leaf-spine,sys1-ice2-p-swi-bel28,sw60p2,Active/LinkUp/800G,sys1-ice2-p-swi-bes24,sw28p2,Active/LinkUp/800G
75788,leaf-spine,sys1-ice2-p-swi-bel28,sw61p1,Active/LinkUp/800G,sys1-ice2-p-swi-bes25,sw28p1,Active/LinkUp/800G
75789,leaf-spine,sys1-ice2-p-swi-bel28,sw61p2,Active/LinkUp/800G,sys1-ice2-p-swi-bes25,sw28p2,Active/LinkUp/800G
75790,leaf-spine,sys1-ice2-p-swi-bel28,sw62p1,Active/LinkUp/800G,sys1-ice2-p-swi-bes26,sw28p1,Active/LinkUp/800G
75791,leaf-spine,sys1-ice2-p-swi-bel28,sw62p2,Active/LinkUp/800G,sys1-ice2-p-swi-bes26,sw28p2,Active/LinkUp/800G
75792,leaf-spine,sys1-ice2-p-swi-bel28,sw63p1,Active/LinkUp/800G,sys1-ice2-p-swi-bes27,sw28p1,Active/LinkUp/800G
75793,leaf-spine,sys1-ice2-p-swi-bel28,sw63p2,Active/LinkUp/800G,sys1-ice2-p-swi-bes27,sw28p2,Active/LinkUp/800G
75794,leaf-spine,sys1-ice2-p-swi-bel28,sw64p1,Active/LinkUp/800G,sys1-ice2-p-swi-bes28,sw28p1,Active/LinkUp/800G
75795,leaf-spine,sys1-ice2-p-swi-bel28,sw64p2,Active/LinkUp/800G,sys1-ice2-p-swi-bes28,sw28p2,Active/LinkUp/800G
75796,leaf-spine,sys1-ice2-p-swi-bel28,sw65p1,Active/LinkUp/800G,sys1-ice2-p-swi-bes29,sw28p1,Active/LinkUp/800G
75797,leaf-spine,sys1-ice2-p-swi-bel28,sw65p2,Active/LinkUp/800G,sys1-ice2-p-swi-bes29,sw28p2,Active/LinkUp/800G
75798,leaf-spine,sys1-ice2-p-swi-bel28,sw66p1,Active/LinkUp/800G,sys1-ice2-p-swi-bes30,sw28p1,Active/LinkUp/800G
75799,leaf-spine,sys1-ice2-p-swi-bel28,sw66p2,Active/LinkUp/800G,sys1-ice2-p-swi-bes30,sw28p2,Active/LinkUp/800G
75800,leaf-spine,sys1-ice2-p-swi-bel28,sw67p1,Active/LinkUp/800G,sys1-ice2-p-swi-bes31,sw28p1,Active/LinkUp/800G
75801,leaf-spine,sys1-ice2-p-swi-bel28,sw67p2,Active/LinkUp/800G,sys1-ice2-p-swi-bes31,sw28p2,Active/LinkUp/800G
75802,leaf-spine,sys1-ice2-p-swi-bel28,sw68p1,Active/LinkUp/800G,sys1-ice2-p-swi-bes32,sw28p1,Active/LinkUp/800G
75803,leaf-spine,sys1-ice2-p-swi-bel28,sw68p2,Active/LinkUp/800G,sys1-ice2-p-swi-bes32,sw28p2,Active/LinkUp/800G
75804,leaf-spine,sys1-ice2-p-swi-bel28,sw69p1,Active/LinkUp/800G,sys1-ice2-p-swi-bes33,sw28p1,Active/LinkUp/800G
75805,leaf-spine,sys1-ice2-p-swi-bel28,sw69p2,Active/LinkUp/800G,sys1-ice2-p-swi-bes33,sw28p2,Active/LinkUp/800G
75806,leaf-spine,sys1-ice2-p-swi-bel28,sw70p1,Active/LinkUp/800G,sys1-ice2-p-swi-bes34,sw28p1,Active/LinkUp/800G
75807,leaf-spine,sys1-ice2-p-swi-bel28,sw70p2,Active/LinkUp/800G,sys1-ice2-p-swi-bes34,sw28p2,Active/LinkUp/800G
75808,leaf-spine,sys1-ice2-p-swi-bel28,sw71p1,Active/LinkUp/800G,sys1-ice2-p-swi-bes35,sw28p1,Active/LinkUp/800G
75809,leaf-spine,sys1-ice2-p-swi-bel28,sw71p2,Active/LinkUp/800G,sys1-ice2-p-swi-bes35,sw28p2,Active/LinkUp/800G
75810,leaf-spine,sys1-ice2-p-swi-bel28,sw72p1,Active/LinkUp/800G,sys1-ice2-p-swi-bes36,sw28p1,Active/LinkUp/800G
75811,leaf-spine,sys1-ice2-p-swi-bel28,sw72p2,Active/LinkUp/800G,sys1-ice2-p-swi-bes36,sw28p2,Active/LinkUp/800G
75812,leaf-spine,sys1-ice2-p-swi-bel29,sw37p1,Active/LinkUp/800G,sys1-ice2-p-swi-bes1,sw29p1,Active/LinkUp/800G
75813,leaf-spine,sys1-ice2-p-swi-bel29,sw37p2,Active/LinkUp/800G,sys1-ice2-p-swi-bes1,sw29p2,Active/LinkUp/800G
75814,leaf-spine,sys1-ice2-p-swi-bel29,sw38p1,Active/LinkUp/800G,sys1-ice2-p-swi-bes2,sw29p1,Active/LinkUp/800G
75815,leaf-spine,sys1-ice2-p-swi-bel29,sw38p2,Active/LinkUp/800G,sys1-ice2-p-swi-bes2,sw29p2,Active/LinkUp/800G
75816,leaf-spine,sys1-ice2-p-swi-bel29,sw39p1,Active/LinkUp/800G,sys1-ice2-p-swi-bes3,sw29p1,Active/LinkUp/800G
75817,leaf-spine,sys1-ice2-p-swi-bel29,sw39p2,Active/LinkUp/800G,sys1-ice2-p-swi-bes3,sw29p2,Active/LinkUp/800G
75818,leaf-spine,sys1-ice2-p-swi-bel29,sw40p1,Active/LinkUp/800G,sys1-ice2-p-swi-bes4,sw29p1,Active/LinkUp/800G
75819,leaf-spine,sys1-ice2-p-swi-bel29,sw40p2,Active/LinkUp/800G,sys1-ice2-p-swi-bes4,sw29p2,Active/LinkUp/800G
75820,leaf-spine,sys1-ice2-p-swi-bel29,sw41p1,Active/LinkUp/800G,sys1-ice2-p-swi-bes5,sw29p1,Active/LinkUp/800G
75821,leaf-spine,sys1-ice2-p-swi-bel29,sw41p2,Active/LinkUp/800G,sys1-ice2-p-swi-bes5,sw29p2,Active/LinkUp/800G
75822,leaf-spine,sys1-ice2-p-swi-bel29,sw42p1,Active/LinkUp/800G,sys1-ice2-p-swi-bes6,sw29p1,Active/LinkUp/800G
75823,leaf-spine,sys1-ice2-p-swi-bel29,sw42p2,Active/LinkUp/800G,sys1-ice2-p-swi-bes6,sw29p2,Active/LinkUp/800G
75824,leaf-spine,sys1-ice2-p-swi-bel29,sw43p1,Active/LinkUp/800G,sys1-ice2-p-swi-bes7,sw29p1,Active/LinkUp/800G
75825,leaf-spine,sys1-ice2-p-swi-bel29,sw43p2,Active/LinkUp/800G,sys1-ice2-p-swi-bes7,sw29p2,Active/LinkUp/800G
75826,leaf-spine,sys1-ice2-p-swi-bel29,sw44p1,Active/LinkUp/800G,sys1-ice2-p-swi-bes8,sw29p1,Active/LinkUp/800G
75827,leaf-spine,sys1-ice2-p-swi-bel29,sw44p2,Active/LinkUp/800G,sys1-ice2-p-swi-bes8,sw29p2,Active/LinkUp/800G
75828,leaf-spine,sys1-ice2-p-swi-bel29,sw45p1,Active/LinkUp/800G,sys1-ice2-p-swi-bes9,sw29p1,Active/LinkUp/800G
75829,leaf-spine,sys1-ice2-p-swi-bel29,sw45p2,Active/LinkUp/800G,sys1-ice2-p-swi-bes9,sw29p2,Active/LinkUp/800G
75830,leaf-spine,sys1-ice2-p-swi-bel29,sw46p1,Active/LinkUp/800G,sys1-ice2-p-swi-bes10,sw29p1,Active/LinkUp/800G
75831,leaf-spine,sys1-ice2-p-swi-bel29,sw46p2,Active/LinkUp/800G,sys1-ice2-p-swi-bes10,sw29p2,Active/LinkUp/800G
75832,leaf-spine,sys1-ice2-p-swi-bel29,sw47p1,Active/LinkUp/800G,sys1-ice2-p-swi-bes11,sw29p1,Active/LinkUp/800G
75833,leaf-spine,sys1-ice2-p-swi-bel29,sw47p2,Active/LinkUp/800G,sys1-ice2-p-swi-bes11,sw29p2,Active/LinkUp/800G
75834,leaf-spine,sys1-ice2-p-swi-bel29,sw48p1,Active/LinkUp/800G,sys1-ice2-p-swi-bes12,sw29p1,Active/LinkUp/800G
75835,leaf-spine,sys1-ice2-p-swi-bel29,sw48p2,Active/LinkUp/800G,sys1-ice2-p-swi-bes12,sw29p2,Active/LinkUp/800G
75836,leaf-spine,sys1-ice2-p-swi-bel29,sw49p1,Active/LinkUp/800G,sys1-ice2-p-swi-bes13,sw29p1,Active/LinkUp/800G
75837,leaf-spine,sys1-ice2-p-swi-bel29,sw49p2,Active/LinkUp/800G,sys1-ice2-p-swi-bes13,sw29p2,Active/LinkUp/800G
75838,leaf-spine,sys1-ice2-p-swi-bel29,sw50p1,Active/LinkUp/800G,sys1-ice2-p-swi-bes14,sw29p1,Active/LinkUp/800G
75839,leaf-spine,sys1-ice2-p-swi-bel29,sw50p2,Active/LinkUp/800G,sys1-ice2-p-swi-bes14,sw29p2,Active/LinkUp/800G
75840,leaf-spine,sys1-ice2-p-swi-bel29,sw51p1,Active/LinkUp/800G,sys1-ice2-p-swi-bes15,sw29p1,Active/LinkUp/800G
75841,leaf-spine,sys1-ice2-p-swi-bel29,sw51p2,Active/LinkUp/800G,sys1-ice2-p-swi-bes15,sw29p2,Active/LinkUp/800G
75842,leaf-spine,sys1-ice2-p-swi-bel29,sw52p1,Active/LinkUp/800G,sys1-ice2-p-swi-bes16,sw29p1,Active/LinkUp/800G
75843,leaf-spine,sys1-ice2-p-swi-bel29,sw52p2,Active/LinkUp/800G,sys1-ice2-p-swi-bes16,sw29p2,Active/LinkUp/800G
75844,leaf-spine,sys1-ice2-p-swi-bel29,sw53p1,Active/LinkUp/800G,sys1-ice2-p-swi-bes17,sw29p1,Active/LinkUp/800G
75845,leaf-spine,sys1-ice2-p-swi-bel29,sw53p2,Active/LinkUp/800G,sys1-ice2-p-swi-bes17,sw29p2,Active/LinkUp/800G
75846,leaf-spine,sys1-ice2-p-swi-bel29,sw54p1,Active/LinkUp/800G,sys1-ice2-p-swi-bes18,sw29p1,Active/LinkUp/800G
75847,leaf-spine,sys1-ice2-p-swi-bel29,sw54p2,Active/LinkUp/800G,sys1-ice2-p-swi-bes18,sw29p2,Active/LinkUp/800G
75848,leaf-spine,sys1-ice2-p-swi-bel29,sw55p1,Active/LinkUp/800G,sys1-ice2-p-swi-bes19,sw29p1,Active/LinkUp/800G
75849,leaf-spine,sys1-ice2-p-swi-bel29,sw55p2,Active/LinkUp/800G,sys1-ice2-p-swi-bes19,sw29p2,Active/LinkUp/800G
75850,leaf-spine,sys1-ice2-p-swi-bel29,sw56p1,Active/LinkUp/800G,sys1-ice2-p-swi-bes20,sw29p1,Active/LinkUp/800G
75851,leaf-spine,sys1-ice2-p-swi-bel29,sw56p2,Active/LinkUp/800G,sys1-ice2-p-swi-bes20,sw29p2,Active/LinkUp/800G
75852,leaf-spine,sys1-ice2-p-swi-bel29,sw57p1,Active/LinkUp/800G,sys1-ice2-p-swi-bes21,sw29p1,Active/LinkUp/800G
75853,leaf-spine,sys1-ice2-p-swi-bel29,sw57p2,Active/LinkUp/800G,sys1-ice2-p-swi-bes21,sw29p2,Active/LinkUp/800G
75854,leaf-spine,sys1-ice2-p-swi-bel29,sw58p1,Active/LinkUp/800G,sys1-ice2-p-swi-bes22,sw29p1,Active/LinkUp/800G
75855,leaf-spine,sys1-ice2-p-swi-bel29,sw58p2,Active/LinkUp/800G,sys1-ice2-p-swi-bes22,sw29p2,Active/LinkUp/800G
75856,leaf-spine,sys1-ice2-p-swi-bel29,sw59p1,Active/LinkUp/800G,sys1-ice2-p-swi-bes23,sw29p1,Active/LinkUp/800G
75857,leaf-spine,sys1-ice2-p-swi-bel29,sw59p2,Active/LinkUp/800G,sys1-ice2-p-swi-bes23,sw29p2,Active/LinkUp/800G
75858,leaf-spine,sys1-ice2-p-swi-bel29,sw60p1,Active/LinkUp/800G,sys1-ice2-p-swi-bes24,sw29p1,Active/LinkUp/800G
75859,leaf-spine,sys1-ice2-p-swi-bel29,sw60p2,Active/LinkUp/800G,sys1-ice2-p-swi-bes24,sw29p2,Active/LinkUp/800G
75860,leaf-spine,sys1-ice2-p-swi-bel29,sw61p1,Active/LinkUp/800G,sys1-ice2-p-swi-bes25,sw29p1,Active/LinkUp/800G
75861,leaf-spine,sys1-ice2-p-swi-bel29,sw61p2,Active/LinkUp/800G,sys1-ice2-p-swi-bes25,sw29p2,Active/LinkUp/800G
75862,leaf-spine,sys1-ice2-p-swi-bel29,sw62p1,Active/LinkUp/800G,sys1-ice2-p-swi-bes26,sw29p1,Active/LinkUp/800G
75863,leaf-spine,sys1-ice2-p-swi-bel29,sw62p2,Active/LinkUp/800G,sys1-ice2-p-swi-bes26,sw29p2,Active/LinkUp/800G
75864,leaf-spine,sys1-ice2-p-swi-bel29,sw63p1,Active/LinkUp/800G,sys1-ice2-p-swi-bes27,sw29p1,Active/LinkUp/800G
75865,leaf-spine,sys1-ice2-p-swi-bel29,sw63p2,Active/LinkUp/800G,sys1-ice2-p-swi-bes27,sw29p2,Active/LinkUp/800G
75866,leaf-spine,sys1-ice2-p-swi-bel29,sw64p1,Active/LinkUp/800G,sys1-ice2-p-swi-bes28,sw29p1,Active/LinkUp/800G
75867,leaf-spine,sys1-ice2-p-swi-bel29,sw64p2,Active/LinkUp/800G,sys1-ice2-p-swi-bes28,sw29p2,Active/LinkUp/800G
75868,leaf-spine,sys1-ice2-p-swi-bel29,sw65p1,Active/LinkUp/800G,sys1-ice2-p-swi-bes29,sw29p1,Active/LinkUp/800G
75869,leaf-spine,sys1-ice2-p-swi-bel29,sw65p2,Active/LinkUp/800G,sys1-ice2-p-swi-bes29,sw29p2,Active/LinkUp/800G
75870,leaf-spine,sys1-ice2-p-swi-bel29,sw66p1,Active/LinkUp/800G,sys1-ice2-p-swi-bes30,sw29p1,Active/LinkUp/800G
75871,leaf-spine,sys1-ice2-p-swi-bel29,sw66p2,Active/LinkUp/800G,sys1-ice2-p-swi-bes30,sw29p2,Active/LinkUp/800G
75872,leaf-spine,sys1-ice2-p-swi-bel29,sw67p1,Active/LinkUp/800G,sys1-ice2-p-swi-bes31,sw29p1,Active/LinkUp/800G
75873,leaf-spine,sys1-ice2-p-swi-bel29,sw67p2,Active/LinkUp/800G,sys1-ice2-p-swi-bes31,sw29p2,Active/LinkUp/800G
75874,leaf-spine,sys1-ice2-p-swi-bel29,sw68p1,Active/LinkUp/800G,sys1-ice2-p-swi-bes32,sw29p1,Active/LinkUp/800G
75875,leaf-spine,sys1-ice2-p-swi-bel29,sw68p2,Active/LinkUp/800G,sys1-ice2-p-swi-bes32,sw29p2,Active/LinkUp/800G
75876,leaf-spine,sys1-ice2-p-swi-bel29,sw69p1,Active/LinkUp/800G,sys1-ice2-p-swi-bes33,sw29p1,Active/LinkUp/800G
75877,leaf-spine,sys1-ice2-p-swi-bel29,sw69p2,Active/LinkUp/800G,sys1-ice2-p-swi-bes33,sw29p2,Active/LinkUp/800G
75878,leaf-spine,sys1-ice2-p-swi-bel29,sw70p1,Active/LinkUp/800G,sys1-ice2-p-swi-bes34,sw29p1,Active/LinkUp/800G
75879,leaf-spine,sys1-ice2-p-swi-bel29,sw70p2,Active/LinkUp/800G,sys1-ice2-p-swi-bes34,sw29p2,Active/LinkUp/800G
75880,leaf-spine,sys1-ice2-p-swi-bel29,sw71p1,Active/LinkUp/800G,sys1-ice2-p-swi-bes35,sw29p1,Active/LinkUp/800G
75881,leaf-spine,sys1-ice2-p-swi-bel29,sw71p2,Active/LinkUp/800G,sys1-ice2-p-swi-bes35,sw29p2,Active/LinkUp/800G
75882,leaf-spine,sys1-ice2-p-swi-bel29,sw72p1,Active/LinkUp/800G,sys1-ice2-p-swi-bes36,sw29p1,Active/LinkUp/800G
75883,leaf-spine,sys1-ice2-p-swi-bel29,sw72p2,Active/LinkUp/800G,sys1-ice2-p-swi-bes36,sw29p2,Active/LinkUp/800G
75884,leaf-spine,sys1-ice2-p-swi-bel30,sw37p1,Active/LinkUp/800G,sys1-ice2-p-swi-bes1,sw30p1,Active/LinkUp/800G
75885,leaf-spine,sys1-ice2-p-swi-bel30,sw37p2,Active/LinkUp/800G,sys1-ice2-p-swi-bes1,sw30p2,Active/LinkUp/800G
75886,leaf-spine,sys1-ice2-p-swi-bel30,sw38p1,Active/LinkUp/800G,sys1-ice2-p-swi-bes2,sw30p1,Active/LinkUp/800G
75887,leaf-spine,sys1-ice2-p-swi-bel30,sw38p2,Active/LinkUp/800G,sys1-ice2-p-swi-bes2,sw30p2,Active/LinkUp/800G
75888,leaf-spine,sys1-ice2-p-swi-bel30,sw39p1,Active/LinkUp/800G,sys1-ice2-p-swi-bes3,sw30p1,Active/LinkUp/800G
75889,leaf-spine,sys1-ice2-p-swi-bel30,sw39p2,Active/LinkUp/800G,sys1-ice2-p-swi-bes3,sw30p2,Active/LinkUp/800G
75890,leaf-spine,sys1-ice2-p-swi-bel30,sw40p1,Active/LinkUp/800G,sys1-ice2-p-swi-bes4,sw30p1,Active/LinkUp/800G
75891,leaf-spine,sys1-ice2-p-swi-bel30,sw40p2,Active/LinkUp/800G,sys1-ice2-p-swi-bes4,sw30p2,Active/LinkUp/800G
75892,leaf-spine,sys1-ice2-p-swi-bel30,sw41p1,Active/LinkUp/800G,sys1-ice2-p-swi-bes5,sw30p1,Active/LinkUp/800G
75893,leaf-spine,sys1-ice2-p-swi-bel30,sw41p2,Active/LinkUp/800G,sys1-ice2-p-swi-bes5,sw30p2,Active/LinkUp/800G
75894,leaf-spine,sys1-ice2-p-swi-bel30,sw42p1,Active/LinkUp/800G,sys1-ice2-p-swi-bes6,sw30p1,Active/LinkUp/800G
75895,leaf-spine,sys1-ice2-p-swi-bel30,sw42p2,Active/LinkUp/800G,sys1-ice2-p-swi-bes6,sw30p2,Active/LinkUp/800G
75896,leaf-spine,sys1-ice2-p-swi-bel30,sw43p1,Active/LinkUp/800G,sys1-ice2-p-swi-bes7,sw30p1,Active/LinkUp/800G
75897,leaf-spine,sys1-ice2-p-swi-bel30,sw43p2,Active/LinkUp/800G,sys1-ice2-p-swi-bes7,sw30p2,Active/LinkUp/800G
75898,leaf-spine,sys1-ice2-p-swi-bel30,sw44p1,Active/LinkUp/800G,sys1-ice2-p-swi-bes8,sw30p1,Active/LinkUp/800G
75899,leaf-spine,sys1-ice2-p-swi-bel30,sw44p2,Active/LinkUp/800G,sys1-ice2-p-swi-bes8,sw30p2,Active/LinkUp/800G
75900,leaf-spine,sys1-ice2-p-swi-bel30,sw45p1,Active/LinkUp/800G,sys1-ice2-p-swi-bes9,sw30p1,Active/LinkUp/800G
75901,leaf-spine,sys1-ice2-p-swi-bel30,sw45p2,Active/LinkUp/800G,sys1-ice2-p-swi-bes9,sw30p2,Active/LinkUp/800G
75902,leaf-spine,sys1-ice2-p-swi-bel30,sw46p1,Active/LinkUp/800G,sys1-ice2-p-swi-bes10,sw30p1,Active/LinkUp/800G
75903,leaf-spine,sys1-ice2-p-swi-bel30,sw46p2,Active/LinkUp/800G,sys1-ice2-p-swi-bes10,sw30p2,Active/LinkUp/800G
75904,leaf-spine,sys1-ice2-p-swi-bel30,sw47p1,Active/LinkUp/800G,sys1-ice2-p-swi-bes11,sw30p1,Active/LinkUp/800G
75905,leaf-spine,sys1-ice2-p-swi-bel30,sw47p2,Active/LinkUp/800G,sys1-ice2-p-swi-bes11,sw30p2,Active/LinkUp/800G
75906,leaf-spine,sys1-ice2-p-swi-bel30,sw48p1,Active/LinkUp/800G,sys1-ice2-p-swi-bes12,sw30p1,Active/LinkUp/800G
75907,leaf-spine,sys1-ice2-p-swi-bel30,sw48p2,Active/LinkUp/800G,sys1-ice2-p-swi-bes12,sw30p2,Active/LinkUp/800G
75908,leaf-spine,sys1-ice2-p-swi-bel30,sw49p1,Active/LinkUp/800G,sys1-ice2-p-swi-bes13,sw30p1,Active/LinkUp/800G
75909,leaf-spine,sys1-ice2-p-swi-bel30,sw49p2,Active/LinkUp/800G,sys1-ice2-p-swi-bes13,sw30p2,Active/LinkUp/800G
75910,leaf-spine,sys1-ice2-p-swi-bel30,sw50p1,Active/LinkUp/800G,sys1-ice2-p-swi-bes14,sw30p1,Active/LinkUp/800G
75911,leaf-spine,sys1-ice2-p-swi-bel30,sw50p2,Active/LinkUp/800G,sys1-ice2-p-swi-bes14,sw30p2,Active/LinkUp/800G
75912,leaf-spine,sys1-ice2-p-swi-bel30,sw51p1,Active/LinkUp/800G,sys1-ice2-p-swi-bes15,sw30p1,Active/LinkUp/800G
75913,leaf-spine,sys1-ice2-p-swi-bel30,sw51p2,Active/LinkUp/800G,sys1-ice2-p-swi-bes15,sw30p2,Active/LinkUp/800G
75914,leaf-spine,sys1-ice2-p-swi-bel30,sw52p1,Active/LinkUp/800G,sys1-ice2-p-swi-bes16,sw30p1,Active/LinkUp/800G
75915,leaf-spine,sys1-ice2-p-swi-bel30,sw52p2,Active/LinkUp/800G,sys1-ice2-p-swi-bes16,sw30p2,Active/LinkUp/800G
75916,leaf-spine,sys1-ice2-p-swi-bel30,sw53p1,Active/LinkUp/800G,sys1-ice2-p-swi-bes17,sw30p1,Active/LinkUp/800G
75917,leaf-spine,sys1-ice2-p-swi-bel30,sw53p2,Active/LinkUp/800G,sys1-ice2-p-swi-bes17,sw30p2,Active/LinkUp/800G
75918,leaf-spine,sys1-ice2-p-swi-bel30,sw54p1,Active/LinkUp/800G,sys1-ice2-p-swi-bes18,sw30p1,Active/LinkUp/800G
75919,leaf-spine,sys1-ice2-p-swi-bel30,sw54p2,Active/LinkUp/800G,sys1-ice2-p-swi-bes18,sw30p2,Active/LinkUp/800G
75920,leaf-spine,sys1-ice2-p-swi-bel30,sw55p1,Active/LinkUp/800G,sys1-ice2-p-swi-bes19,sw30p1,Active/LinkUp/800G
75921,leaf-spine,sys1-ice2-p-swi-bel30,sw55p2,Active/LinkUp/800G,sys1-ice2-p-swi-bes19,sw30p2,Active/LinkUp/800G
75922,leaf-spine,sys1-ice2-p-swi-bel30,sw56p1,Active/LinkUp/800G,sys1-ice2-p-swi-bes20,sw30p1,Active/LinkUp/800G
75923,leaf-spine,sys1-ice2-p-swi-bel30,sw56p2,Active/LinkUp/800G,sys1-ice2-p-swi-bes20,sw30p2,Active/LinkUp/800G
75924,leaf-spine,sys1-ice2-p-swi-bel30,sw57p1,Active/LinkUp/800G,sys1-ice2-p-swi-bes21,sw30p1,Active/LinkUp/800G
75925,leaf-spine,sys1-ice2-p-swi-bel30,sw57p2,Active/LinkUp/800G,sys1-ice2-p-swi-bes21,sw30p2,Active/LinkUp/800G
75926,leaf-spine,sys1-ice2-p-swi-bel30,sw58p1,Active/LinkUp/800G,sys1-ice2-p-swi-bes22,sw30p1,Active/LinkUp/800G
75927,leaf-spine,sys1-ice2-p-swi-bel30,sw58p2,Active/LinkUp/800G,sys1-ice2-p-swi-bes22,sw30p2,Active/LinkUp/800G
75928,leaf-spine,sys1-ice2-p-swi-bel30,sw59p1,Active/LinkUp/800G,sys1-ice2-p-swi-bes23,sw30p1,Active/LinkUp/800G
75929,leaf-spine,sys1-ice2-p-swi-bel30,sw59p2,Active/LinkUp/800G,sys1-ice2-p-swi-bes23,sw30p2,Active/LinkUp/800G
75930,leaf-spine,sys1-ice2-p-swi-bel30,sw60p1,Active/LinkUp/800G,sys1-ice2-p-swi-bes24,sw30p1,Active/LinkUp/800G
75931,leaf-spine,sys1-ice2-p-swi-bel30,sw60p2,Active/LinkUp/800G,sys1-ice2-p-swi-bes24,sw30p2,Active/LinkUp/800G
75932,leaf-spine,sys1-ice2-p-swi-bel30,sw61p1,Active/LinkUp/800G,sys1-ice2-p-swi-bes25,sw30p1,Active/LinkUp/800G
75933,leaf-spine,sys1-ice2-p-swi-bel30,sw61p2,Active/LinkUp/800G,sys1-ice2-p-swi-bes25,sw30p2,Active/LinkUp/800G
75934,leaf-spine,sys1-ice2-p-swi-bel30,sw62p1,Active/LinkUp/800G,sys1-ice2-p-swi-bes26,sw30p1,Active/LinkUp/800G
75935,leaf-spine,sys1-ice2-p-swi-bel30,sw62p2,Active/LinkUp/800G,sys1-ice2-p-swi-bes26,sw30p2,Active/LinkUp/800G
75936,leaf-spine,sys1-ice2-p-swi-bel30,sw63p1,Active/LinkUp/800G,sys1-ice2-p-swi-bes27,sw30p1,Active/LinkUp/800G
75937,leaf-spine,sys1-ice2-p-swi-bel30,sw63p2,Active/LinkUp/800G,sys1-ice2-p-swi-bes27,sw30p2,Active/LinkUp/800G
75938,leaf-spine,sys1-ice2-p-swi-bel30,sw64p1,Active/LinkUp/800G,sys1-ice2-p-swi-bes28,sw30p1,Active/LinkUp/800G
75939,leaf-spine,sys1-ice2-p-swi-bel30,sw64p2,Active/LinkUp/800G,sys1-ice2-p-swi-bes28,sw30p2,Active/LinkUp/800G
75940,leaf-spine,sys1-ice2-p-swi-bel30,sw65p1,Active/LinkUp/800G,sys1-ice2-p-swi-bes29,sw30p1,Active/LinkUp/800G
75941,leaf-spine,sys1-ice2-p-swi-bel30,sw65p2,Active/LinkUp/800G,sys1-ice2-p-swi-bes29,sw30p2,Active/LinkUp/800G
75942,leaf-spine,sys1-ice2-p-swi-bel30,sw66p1,Active/LinkUp/800G,sys1-ice2-p-swi-bes30,sw30p1,Active/LinkUp/800G
75943,leaf-spine,sys1-ice2-p-swi-bel30,sw66p2,Active/LinkUp/800G,sys1-ice2-p-swi-bes30,sw30p2,Active/LinkUp/800G
75944,leaf-spine,sys1-ice2-p-swi-bel30,sw67p1,Active/LinkUp/800G,sys1-ice2-p-swi-bes31,sw30p1,Active/LinkUp/800G
75945,leaf-spine,sys1-ice2-p-swi-bel30,sw67p2,Active/LinkUp/800G,sys1-ice2-p-swi-bes31,sw30p2,Active/LinkUp/800G
75946,leaf-spine,sys1-ice2-p-swi-bel30,sw68p1,Active/LinkUp/800G,sys1-ice2-p-swi-bes32,sw30p1,Active/LinkUp/800G
75947,leaf-spine,sys1-ice2-p-swi-bel30,sw68p2,Active/LinkUp/800G,sys1-ice2-p-swi-bes32,sw30p2,Active/LinkUp/800G
75948,leaf-spine,sys1-ice2-p-swi-bel30,sw69p1,Active/LinkUp/800G,sys1-ice2-p-swi-bes33,sw30p1,Active/LinkUp/800G
75949,leaf-spine,sys1-ice2-p-swi-bel30,sw69p2,Active/LinkUp/800G,sys1-ice2-p-swi-bes33,sw30p2,Active/LinkUp/800G
75950,leaf-spine,sys1-ice2-p-swi-bel30,sw70p1,Active/LinkUp/800G,sys1-ice2-p-swi-bes34,sw30p1,Active/LinkUp/800G
75951,leaf-spine,sys1-ice2-p-swi-bel30,sw70p2,Active/LinkUp/800G,sys1-ice2-p-swi-bes34,sw30p2,Active/LinkUp/800G
75952,leaf-spine,sys1-ice2-p-swi-bel30,sw71p1,Active/LinkUp/800G,sys1-ice2-p-swi-bes35,sw30p1,Active/LinkUp/800G
75953,leaf-spine,sys1-ice2-p-swi-bel30,sw71p2,Active/LinkUp/800G,sys1-ice2-p-swi-bes35,sw30p2,Active/LinkUp/800G
75954,leaf-spine,sys1-ice2-p-swi-bel30,sw72p1,Active/LinkUp/800G,sys1-ice2-p-swi-bes36,sw30p1,Active/LinkUp/800G
75955,leaf-spine,sys1-ice2-p-swi-bel30,sw72p2,Active/LinkUp/800G,sys1-ice2-p-swi-bes36,sw30p2,Active/LinkUp/800G
75956,leaf-spine,sys1-ice2-p-swi-bel31,sw37p1,Active/LinkUp/800G,sys1-ice2-p-swi-bes1,sw31p1,Active/LinkUp/800G
75957,leaf-spine,sys1-ice2-p-swi-bel31,sw37p2,Active/LinkUp/800G,sys1-ice2-p-swi-bes1,sw31p2,Active/LinkUp/800G
75958,leaf-spine,sys1-ice2-p-swi-bel31,sw38p1,Active/LinkUp/800G,sys1-ice2-p-swi-bes2,sw31p1,Active/LinkUp/800G
75959,leaf-spine,sys1-ice2-p-swi-bel31,sw38p2,Active/LinkUp/800G,sys1-ice2-p-swi-bes2,sw31p2,Active/LinkUp/800G
75960,leaf-spine,sys1-ice2-p-swi-bel31,sw39p1,Active/LinkUp/800G,sys1-ice2-p-swi-bes3,sw31p1,Active/LinkUp/800G
75961,leaf-spine,sys1-ice2-p-swi-bel31,sw39p2,Active/LinkUp/800G,sys1-ice2-p-swi-bes3,sw31p2,Active/LinkUp/800G
75962,leaf-spine,sys1-ice2-p-swi-bel31,sw40p1,Active/LinkUp/800G,sys1-ice2-p-swi-bes4,sw31p1,Active/LinkUp/800G
75963,leaf-spine,sys1-ice2-p-swi-bel31,sw40p2,Active/LinkUp/800G,sys1-ice2-p-swi-bes4,sw31p2,Active/LinkUp/800G
75964,leaf-spine,sys1-ice2-p-swi-bel31,sw41p1,Active/LinkUp/800G,sys1-ice2-p-swi-bes5,sw31p1,Active/LinkUp/800G
75965,leaf-spine,sys1-ice2-p-swi-bel31,sw41p2,Active/LinkUp/800G,sys1-ice2-p-swi-bes5,sw31p2,Active/LinkUp/800G
75966,leaf-spine,sys1-ice2-p-swi-bel31,sw42p1,Active/LinkUp/800G,sys1-ice2-p-swi-bes6,sw31p1,Active/LinkUp/800G
75967,leaf-spine,sys1-ice2-p-swi-bel31,sw42p2,Active/LinkUp/800G,sys1-ice2-p-swi-bes6,sw31p2,Active/LinkUp/800G
75968,leaf-spine,sys1-ice2-p-swi-bel31,sw43p1,Active/LinkUp/800G,sys1-ice2-p-swi-bes7,sw31p1,Active/LinkUp/800G
75969,leaf-spine,sys1-ice2-p-swi-bel31,sw43p2,Active/LinkUp/800G,sys1-ice2-p-swi-bes7,sw31p2,Active/LinkUp/800G
75970,leaf-spine,sys1-ice2-p-swi-bel31,sw44p1,Active/LinkUp/800G,sys1-ice2-p-swi-bes8,sw31p1,Active/LinkUp/800G
75971,leaf-spine,sys1-ice2-p-swi-bel31,sw44p2,Active/LinkUp/800G,sys1-ice2-p-swi-bes8,sw31p2,Active/LinkUp/800G
75972,leaf-spine,sys1-ice2-p-swi-bel31,sw45p1,Active/LinkUp/800G,sys1-ice2-p-swi-bes9,sw31p1,Active/LinkUp/800G
75973,leaf-spine,sys1-ice2-p-swi-bel31,sw45p2,Active/LinkUp/800G,sys1-ice2-p-swi-bes9,sw31p2,Active/LinkUp/800G
75974,leaf-spine,sys1-ice2-p-swi-bel31,sw46p1,Active/LinkUp/800G,sys1-ice2-p-swi-bes10,sw31p1,Active/LinkUp/800G
75975,leaf-spine,sys1-ice2-p-swi-bel31,sw46p2,Active/LinkUp/800G,sys1-ice2-p-swi-bes10,sw31p2,Active/LinkUp/800G
75976,leaf-spine,sys1-ice2-p-swi-bel31,sw47p1,Active/LinkUp/800G,sys1-ice2-p-swi-bes11,sw31p1,Active/LinkUp/800G
75977,leaf-spine,sys1-ice2-p-swi-bel31,sw47p2,Active/LinkUp/800G,sys1-ice2-p-swi-bes11,sw31p2,Active/LinkUp/800G
75978,leaf-spine,sys1-ice2-p-swi-bel31,sw48p1,Active/LinkUp/800G,sys1-ice2-p-swi-bes12,sw31p1,Active/LinkUp/800G
75979,leaf-spine,sys1-ice2-p-swi-bel31,sw48p2,Active/LinkUp/800G,sys1-ice2-p-swi-bes12,sw31p2,Active/LinkUp/800G
75980,leaf-spine,sys1-ice2-p-swi-bel31,sw49p1,Active/LinkUp/800G,sys1-ice2-p-swi-bes13,sw31p1,Active/LinkUp/800G
75981,leaf-spine,sys1-ice2-p-swi-bel31,sw49p2,Active/LinkUp/800G,sys1-ice2-p-swi-bes13,sw31p2,Active/LinkUp/800G
75982,leaf-spine,sys1-ice2-p-swi-bel31,sw50p1,Active/LinkUp/800G,sys1-ice2-p-swi-bes14,sw31p1,Active/LinkUp/800G
75983,leaf-spine,sys1-ice2-p-swi-bel31,sw50p2,Active/LinkUp/800G,sys1-ice2-p-swi-bes14,sw31p2,Active/LinkUp/800G
75984,leaf-spine,sys1-ice2-p-swi-bel31,sw51p1,Active/LinkUp/800G,sys1-ice2-p-swi-bes15,sw31p1,Active/LinkUp/800G
75985,leaf-spine,sys1-ice2-p-swi-bel31,sw51p2,Active/LinkUp/800G,sys1-ice2-p-swi-bes15,sw31p2,Active/LinkUp/800G
75986,leaf-spine,sys1-ice2-p-swi-bel31,sw52p1,Active/LinkUp/800G,sys1-ice2-p-swi-bes16,sw31p1,Active/LinkUp/800G
75987,leaf-spine,sys1-ice2-p-swi-bel31,sw52p2,Active/LinkUp/800G,sys1-ice2-p-swi-bes16,sw31p2,Active/LinkUp/800G
75988,leaf-spine,sys1-ice2-p-swi-bel31,sw53p1,Active/LinkUp/800G,sys1-ice2-p-swi-bes17,sw31p1,Active/LinkUp/800G
75989,leaf-spine,sys1-ice2-p-swi-bel31,sw53p2,Active/LinkUp/800G,sys1-ice2-p-swi-bes17,sw31p2,Active/LinkUp/800G
75990,leaf-spine,sys1-ice2-p-swi-bel31,sw54p1,Active/LinkUp/800G,sys1-ice2-p-swi-bes18,sw31p1,Active/LinkUp/800G
75991,leaf-spine,sys1-ice2-p-swi-bel31,sw54p2,Active/LinkUp/800G,sys1-ice2-p-swi-bes18,sw31p2,Active/LinkUp/800G
75992,leaf-spine,sys1-ice2-p-swi-bel31,sw55p1,Active/LinkUp/800G,sys1-ice2-p-swi-bes19,sw31p1,Active/LinkUp/800G
75993,leaf-spine,sys1-ice2-p-swi-bel31,sw55p2,Active/LinkUp/800G,sys1-ice2-p-swi-bes19,sw31p2,Active/LinkUp/800G
75994,leaf-spine,sys1-ice2-p-swi-bel31,sw56p1,Active/LinkUp/800G,sys1-ice2-p-swi-bes20,sw31p1,Active/LinkUp/800G
75995,leaf-spine,sys1-ice2-p-swi-bel31,sw56p2,Active/LinkUp/800G,sys1-ice2-p-swi-bes20,sw31p2,Active/LinkUp/800G
75996,leaf-spine,sys1-ice2-p-swi-bel31,sw57p1,Active/LinkUp/800G,sys1-ice2-p-swi-bes21,sw31p1,Active/LinkUp/800G
75997,leaf-spine,sys1-ice2-p-swi-bel31,sw57p2,Active/LinkUp/800G,sys1-ice2-p-swi-bes21,sw31p2,Active/LinkUp/800G
75998,leaf-spine,sys1-ice2-p-swi-bel31,sw58p1,Active/LinkUp/800G,sys1-ice2-p-swi-bes22,sw31p1,Active/LinkUp/800G
75999,leaf-spine,sys1-ice2-p-swi-bel31,sw58p2,Active/LinkUp/800G,sys1-ice2-p-swi-bes22,sw31p2,Active/LinkUp/800G
76000,leaf-spine,sys1-ice2-p-swi-bel31,sw59p1,Active/LinkUp/800G,sys1-ice2-p-swi-bes23,sw31p1,Active/LinkUp/800G
76001,leaf-spine,sys1-ice2-p-swi-bel31,sw59p2,Active/LinkUp/800G,sys1-ice2-p-swi-bes23,sw31p2,Active/LinkUp/800G
76002,leaf-spine,sys1-ice2-p-swi-bel31,sw60p1,Active/LinkUp/800G,sys1-ice2-p-swi-bes24,sw31p1,Active/LinkUp/800G
76003,leaf-spine,sys1-ice2-p-swi-bel31,sw60p2,Active/LinkUp/800G,sys1-ice2-p-swi-bes24,sw31p2,Active/LinkUp/800G
76004,leaf-spine,sys1-ice2-p-swi-bel31,sw61p1,Active/LinkUp/800G,sys1-ice2-p-swi-bes25,sw31p1,Active/LinkUp/800G
76005,leaf-spine,sys1-ice2-p-swi-bel31,sw61p2,Active/LinkUp/800G,sys1-ice2-p-swi-bes25,sw31p2,Active/LinkUp/800G
76006,leaf-spine,sys1-ice2-p-swi-bel31,sw62p1,Active/LinkUp/800G,sys1-ice2-p-swi-bes26,sw31p1,Active/LinkUp/800G
76007,leaf-spine,sys1-ice2-p-swi-bel31,sw62p2,Active/LinkUp/800G,sys1-ice2-p-swi-bes26,sw31p2,Active/LinkUp/800G
76008,leaf-spine,sys1-ice2-p-swi-bel31,sw63p1,Active/LinkUp/800G,sys1-ice2-p-swi-bes27,sw31p1,Active/LinkUp/800G
76009,leaf-spine,sys1-ice2-p-swi-bel31,sw63p2,Active/LinkUp/800G,sys1-ice2-p-swi-bes27,sw31p2,Active/LinkUp/800G
76010,leaf-spine,sys1-ice2-p-swi-bel31,sw64p1,Active/LinkUp/800G,sys1-ice2-p-swi-bes28,sw31p1,Active/LinkUp/800G
76011,leaf-spine,sys1-ice2-p-swi-bel31,sw64p2,Active/LinkUp/800G,sys1-ice2-p-swi-bes28,sw31p2,Active/LinkUp/800G
76012,leaf-spine,sys1-ice2-p-swi-bel31,sw65p1,Active/LinkUp/800G,sys1-ice2-p-swi-bes29,sw31p1,Active/LinkUp/800G
76013,leaf-spine,sys1-ice2-p-swi-bel31,sw65p2,Active/LinkUp/800G,sys1-ice2-p-swi-bes29,sw31p2,Active/LinkUp/800G
76014,leaf-spine,sys1-ice2-p-swi-bel31,sw66p1,Active/LinkUp/800G,sys1-ice2-p-swi-bes30,sw31p1,Active/LinkUp/800G
76015,leaf-spine,sys1-ice2-p-swi-bel31,sw66p2,Active/LinkUp/800G,sys1-ice2-p-swi-bes30,sw31p2,Active/LinkUp/800G
76016,leaf-spine,sys1-ice2-p-swi-bel31,sw67p1,Active/LinkUp/800G,sys1-ice2-p-swi-bes31,sw31p1,Active/LinkUp/800G
76017,leaf-spine,sys1-ice2-p-swi-bel31,sw67p2,Active/LinkUp/800G,sys1-ice2-p-swi-bes31,sw31p2,Active/LinkUp/800G
76018,leaf-spine,sys1-ice2-p-swi-bel31,sw68p1,Active/LinkUp/800G,sys1-ice2-p-swi-bes32,sw31p1,Active/LinkUp/800G
76019,leaf-spine,sys1-ice2-p-swi-bel31,sw68p2,Active/LinkUp/800G,sys1-ice2-p-swi-bes32,sw31p2,Active/LinkUp/800G
76020,leaf-spine,sys1-ice2-p-swi-bel31,sw69p1,Active/LinkUp/800G,sys1-ice2-p-swi-bes33,sw31p1,Active/LinkUp/800G
76021,leaf-spine,sys1-ice2-p-swi-bel31,sw69p2,Active/LinkUp/800G,sys1-ice2-p-swi-bes33,sw31p2,Active/LinkUp/800G
76022,leaf-spine,sys1-ice2-p-swi-bel31,sw70p1,Active/LinkUp/800G,sys1-ice2-p-swi-bes34,sw31p1,Active/LinkUp/800G
76023,leaf-spine,sys1-ice2-p-swi-bel31,sw70p2,Active/LinkUp/800G,sys1-ice2-p-swi-bes34,sw31p2,Active/LinkUp/800G
76024,leaf-spine,sys1-ice2-p-swi-bel31,sw71p1,Active/LinkUp/800G,sys1-ice2-p-swi-bes35,sw31p1,Active/LinkUp/800G
76025,leaf-spine,sys1-ice2-p-swi-bel31,sw71p2,Active/LinkUp/800G,sys1-ice2-p-swi-bes35,sw31p2,Active/LinkUp/800G
76026,leaf-spine,sys1-ice2-p-swi-bel31,sw72p1,Active/LinkUp/800G,sys1-ice2-p-swi-bes36,sw31p1,Active/LinkUp/800G
76027,leaf-spine,sys1-ice2-p-swi-bel31,sw72p2,Active/LinkUp/800G,sys1-ice2-p-swi-bes36,sw31p2,Active/LinkUp/800G
76028,leaf-spine,sys1-ice2-p-swi-bel32,sw37p1,Active/LinkUp/800G,sys1-ice2-p-swi-bes1,sw32p1,Active/LinkUp/800G
76029,leaf-spine,sys1-ice2-p-swi-bel32,sw37p2,Active/LinkUp/800G,sys1-ice2-p-swi-bes1,sw32p2,Active/LinkUp/800G
76030,leaf-spine,sys1-ice2-p-swi-bel32,sw38p1,Active/LinkUp/800G,sys1-ice2-p-swi-bes2,sw32p1,Active/LinkUp/800G
76031,leaf-spine,sys1-ice2-p-swi-bel32,sw38p2,Active/LinkUp/800G,sys1-ice2-p-swi-bes2,sw32p2,Active/LinkUp/800G
76032,leaf-spine,sys1-ice2-p-swi-bel32,sw39p1,Active/LinkUp/800G,sys1-ice2-p-swi-bes3,sw32p1,Active/LinkUp/800G
76033,leaf-spine,sys1-ice2-p-swi-bel32,sw39p2,Active/LinkUp/800G,sys1-ice2-p-swi-bes3,sw32p2,Active/LinkUp/800G
76034,leaf-spine,sys1-ice2-p-swi-bel32,sw40p1,Active/LinkUp/800G,sys1-ice2-p-swi-bes4,sw32p1,Active/LinkUp/800G
76035,leaf-spine,sys1-ice2-p-swi-bel32,sw40p2,Active/LinkUp/800G,sys1-ice2-p-swi-bes4,sw32p2,Active/LinkUp/800G
76036,leaf-spine,sys1-ice2-p-swi-bel32,sw41p1,Active/LinkUp/800G,sys1-ice2-p-swi-bes5,sw32p1,Active/LinkUp/800G
76037,leaf-spine,sys1-ice2-p-swi-bel32,sw41p2,Active/LinkUp/800G,sys1-ice2-p-swi-bes5,sw32p2,Active/LinkUp/800G
76038,leaf-spine,sys1-ice2-p-swi-bel32,sw42p1,Active/LinkUp/800G,sys1-ice2-p-swi-bes6,sw32p1,Active/LinkUp/800G
76039,leaf-spine,sys1-ice2-p-swi-bel32,sw42p2,Active/LinkUp/800G,sys1-ice2-p-swi-bes6,sw32p2,Active/LinkUp/800G
76040,leaf-spine,sys1-ice2-p-swi-bel32,sw43p1,Active/LinkUp/800G,sys1-ice2-p-swi-bes7,sw32p1,Active/LinkUp/800G
76041,leaf-spine,sys1-ice2-p-swi-bel32,sw43p2,Active/LinkUp/800G,sys1-ice2-p-swi-bes7,sw32p2,Active/LinkUp/800G
76042,leaf-spine,sys1-ice2-p-swi-bel32,sw44p1,Active/LinkUp/800G,sys1-ice2-p-swi-bes8,sw32p1,Active/LinkUp/800G
76043,leaf-spine,sys1-ice2-p-swi-bel32,sw44p2,Active/LinkUp/800G,sys1-ice2-p-swi-bes8,sw32p2,Active/LinkUp/800G
76044,leaf-spine,sys1-ice2-p-swi-bel32,sw45p1,Active/LinkUp/800G,sys1-ice2-p-swi-bes9,sw32p1,Active/LinkUp/800G
76045,leaf-spine,sys1-ice2-p-swi-bel32,sw45p2,Active/LinkUp/800G,sys1-ice2-p-swi-bes9,sw32p2,Active/LinkUp/800G
76046,leaf-spine,sys1-ice2-p-swi-bel32,sw46p1,Active/LinkUp/800G,sys1-ice2-p-swi-bes10,sw32p1,Active/LinkUp/800G
76047,leaf-spine,sys1-ice2-p-swi-bel32,sw46p2,Active/LinkUp/800G,sys1-ice2-p-swi-bes10,sw32p2,Active/LinkUp/800G
76048,leaf-spine,sys1-ice2-p-swi-bel32,sw47p1,Active/LinkUp/800G,sys1-ice2-p-swi-bes11,sw32p1,Active/LinkUp/800G
76049,leaf-spine,sys1-ice2-p-swi-bel32,sw47p2,Active/LinkUp/800G,sys1-ice2-p-swi-bes11,sw32p2,Active/LinkUp/800G
76050,leaf-spine,sys1-ice2-p-swi-bel32,sw48p1,Active/LinkUp/800G,sys1-ice2-p-swi-bes12,sw32p1,Active/LinkUp/800G
76051,leaf-spine,sys1-ice2-p-swi-bel32,sw48p2,Active/LinkUp/800G,sys1-ice2-p-swi-bes12,sw32p2,Active/LinkUp/800G
76052,leaf-spine,sys1-ice2-p-swi-bel32,sw49p1,Active/LinkUp/800G,sys1-ice2-p-swi-bes13,sw32p1,Active/LinkUp/800G
76053,leaf-spine,sys1-ice2-p-swi-bel32,sw49p2,Active/LinkUp/800G,sys1-ice2-p-swi-bes13,sw32p2,Active/LinkUp/800G
76054,leaf-spine,sys1-ice2-p-swi-bel32,sw50p1,Active/LinkUp/800G,sys1-ice2-p-swi-bes14,sw32p1,Active/LinkUp/800G
76055,leaf-spine,sys1-ice2-p-swi-bel32,sw50p2,Active/LinkUp/800G,sys1-ice2-p-swi-bes14,sw32p2,Active/LinkUp/800G
76056,leaf-spine,sys1-ice2-p-swi-bel32,sw51p1,Active/LinkUp/800G,sys1-ice2-p-swi-bes15,sw32p1,Active/LinkUp/800G
76057,leaf-spine,sys1-ice2-p-swi-bel32,sw51p2,Active/LinkUp/800G,sys1-ice2-p-swi-bes15,sw32p2,Active/LinkUp/800G
76058,leaf-spine,sys1-ice2-p-swi-bel32,sw52p1,Active/LinkUp/800G,sys1-ice2-p-swi-bes16,sw32p1,Active/LinkUp/800G
76059,leaf-spine,sys1-ice2-p-swi-bel32,sw52p2,Active/LinkUp/800G,sys1-ice2-p-swi-bes16,sw32p2,Active/LinkUp/800G
76060,leaf-spine,sys1-ice2-p-swi-bel32,sw53p1,Active/LinkUp/800G,sys1-ice2-p-swi-bes17,sw32p1,Active/LinkUp/800G
76061,leaf-spine,sys1-ice2-p-swi-bel32,sw53p2,Active/LinkUp/800G,sys1-ice2-p-swi-bes17,sw32p2,Active/LinkUp/800G
76062,leaf-spine,sys1-ice2-p-swi-bel32,sw54p1,Active/LinkUp/800G,sys1-ice2-p-swi-bes18,sw32p1,Active/LinkUp/800G
76063,leaf-spine,sys1-ice2-p-swi-bel32,sw54p2,Active/LinkUp/800G,sys1-ice2-p-swi-bes18,sw32p2,Active/LinkUp/800G
76064,leaf-spine,sys1-ice2-p-swi-bel32,sw55p1,Active/LinkUp/800G,sys1-ice2-p-swi-bes19,sw32p1,Active/LinkUp/800G
76065,leaf-spine,sys1-ice2-p-swi-bel32,sw55p2,Active/LinkUp/800G,sys1-ice2-p-swi-bes19,sw32p2,Active/LinkUp/800G
76066,leaf-spine,sys1-ice2-p-swi-bel32,sw56p1,Active/LinkUp/800G,sys1-ice2-p-swi-bes20,sw32p1,Active/LinkUp/800G
76067,leaf-spine,sys1-ice2-p-swi-bel32,sw56p2,Active/LinkUp/800G,sys1-ice2-p-swi-bes20,sw32p2,Active/LinkUp/800G
76068,leaf-spine,sys1-ice2-p-swi-bel32,sw57p1,Active/LinkUp/800G,sys1-ice2-p-swi-bes21,sw32p1,Active/LinkUp/800G
76069,leaf-spine,sys1-ice2-p-swi-bel32,sw57p2,Active/LinkUp/800G,sys1-ice2-p-swi-bes21,sw32p2,Active/LinkUp/800G
76070,leaf-spine,sys1-ice2-p-swi-bel32,sw58p1,Active/LinkUp/800G,sys1-ice2-p-swi-bes22,sw32p1,Active/LinkUp/800G
76071,leaf-spine,sys1-ice2-p-swi-bel32,sw58p2,Active/LinkUp/800G,sys1-ice2-p-swi-bes22,sw32p2,Active/LinkUp/800G
76072,leaf-spine,sys1-ice2-p-swi-bel32,sw59p1,Active/LinkUp/800G,sys1-ice2-p-swi-bes23,sw32p1,Active/LinkUp/800G
76073,leaf-spine,sys1-ice2-p-swi-bel32,sw59p2,Active/LinkUp/800G,sys1-ice2-p-swi-bes23,sw32p2,Active/LinkUp/800G
76074,leaf-spine,sys1-ice2-p-swi-bel32,sw60p1,Active/LinkUp/800G,sys1-ice2-p-swi-bes24,sw32p1,Active/LinkUp/800G
76075,leaf-spine,sys1-ice2-p-swi-bel32,sw60p2,Active/LinkUp/800G,sys1-ice2-p-swi-bes24,sw32p2,Active/LinkUp/800G
76076,leaf-spine,sys1-ice2-p-swi-bel32,sw61p1,Active/LinkUp/800G,sys1-ice2-p-swi-bes25,sw32p1,Active/LinkUp/800G
76077,leaf-spine,sys1-ice2-p-swi-bel32,sw61p2,Active/LinkUp/800G,sys1-ice2-p-swi-bes25,sw32p2,Active/LinkUp/800G
76078,leaf-spine,sys1-ice2-p-swi-bel32,sw62p1,Active/LinkUp/800G,sys1-ice2-p-swi-bes26,sw32p1,Active/LinkUp/800G
76079,leaf-spine,sys1-ice2-p-swi-bel32,sw62p2,Active/LinkUp/800G,sys1-ice2-p-swi-bes26,sw32p2,Active/LinkUp/800G
76080,leaf-spine,sys1-ice2-p-swi-bel32,sw63p1,Active/LinkUp/800G,sys1-ice2-p-swi-bes27,sw32p1,Active/LinkUp/800G
76081,leaf-spine,sys1-ice2-p-swi-bel32,sw63p2,Active/LinkUp/800G,sys1-ice2-p-swi-bes27,sw32p2,Active/LinkUp/800G
76082,leaf-spine,sys1-ice2-p-swi-bel32,sw64p1,Active/LinkUp/800G,sys1-ice2-p-swi-bes28,sw32p1,Active/LinkUp/800G
76083,leaf-spine,sys1-ice2-p-swi-bel32,sw64p2,Active/LinkUp/800G,sys1-ice2-p-swi-bes28,sw32p2,Active/LinkUp/800G
76084,leaf-spine,sys1-ice2-p-swi-bel32,sw65p1,Active/LinkUp/800G,sys1-ice2-p-swi-bes29,sw32p1,Active/LinkUp/800G
76085,leaf-spine,sys1-ice2-p-swi-bel32,sw65p2,Active/LinkUp/800G,sys1-ice2-p-swi-bes29,sw32p2,Active/LinkUp/800G
76086,leaf-spine,sys1-ice2-p-swi-bel32,sw66p1,Active/LinkUp/800G,sys1-ice2-p-swi-bes30,sw32p1,Active/LinkUp/800G
76087,leaf-spine,sys1-ice2-p-swi-bel32,sw66p2,Active/LinkUp/800G,sys1-ice2-p-swi-bes30,sw32p2,Active/LinkUp/800G
76088,leaf-spine,sys1-ice2-p-swi-bel32,sw67p1,Active/LinkUp/800G,sys1-ice2-p-swi-bes31,sw32p1,Active/LinkUp/800G
76089,leaf-spine,sys1-ice2-p-swi-bel32,sw67p2,Active/LinkUp/800G,sys1-ice2-p-swi-bes31,sw32p2,Active/LinkUp/800G
76090,leaf-spine,sys1-ice2-p-swi-bel32,sw68p1,Active/LinkUp/800G,sys1-ice2-p-swi-bes32,sw32p1,Active/LinkUp/800G
76091,leaf-spine,sys1-ice2-p-swi-bel32,sw68p2,Active/LinkUp/800G,sys1-ice2-p-swi-bes32,sw32p2,Active/LinkUp/800G
76092,leaf-spine,sys1-ice2-p-swi-bel32,sw69p1,Active/LinkUp/800G,sys1-ice2-p-swi-bes33,sw32p1,Active/LinkUp/800G
76093,leaf-spine,sys1-ice2-p-swi-bel32,sw69p2,Active/LinkUp/800G,sys1-ice2-p-swi-bes33,sw32p2,Active/LinkUp/800G
76094,leaf-spine,sys1-ice2-p-swi-bel32,sw70p1,Active/LinkUp/800G,sys1-ice2-p-swi-bes34,sw32p1,Active/LinkUp/800G
76095,leaf-spine,sys1-ice2-p-swi-bel32,sw70p2,Active/LinkUp/800G,sys1-ice2-p-swi-bes34,sw32p2,Active/LinkUp/800G
76096,leaf-spine,sys1-ice2-p-swi-bel32,sw71p1,Active/LinkUp/800G,sys1-ice2-p-swi-bes35,sw32p1,Active/LinkUp/800G
76097,leaf-spine,sys1-ice2-p-swi-bel32,sw71p2,Active/LinkUp/800G,sys1-ice2-p-swi-bes35,sw32p2,Active/LinkUp/800G
76098,leaf-spine,sys1-ice2-p-swi-bel32,sw72p1,Active/LinkUp/800G,sys1-ice2-p-swi-bes36,sw32p1,Active/LinkUp/800G
76099,leaf-spine,sys1-ice2-p-swi-bel32,sw72p2,Active/LinkUp/800G,sys1-ice2-p-swi-bes36,sw32p2,Active/LinkUp/800G
76100,leaf-spine,sys1-ice2-p-swi-bel33,sw37p1,Active/LinkUp/800G,sys1-ice2-p-swi-bes1,sw33p1,Active/LinkUp/800G
76101,leaf-spine,sys1-ice2-p-swi-bel33,sw37p2,Active/LinkUp/800G,sys1-ice2-p-swi-bes1,sw33p2,Active/LinkUp/800G
76102,leaf-spine,sys1-ice2-p-swi-bel33,sw38p1,Active/LinkUp/800G,sys1-ice2-p-swi-bes2,sw33p1,Active/LinkUp/800G
76103,leaf-spine,sys1-ice2-p-swi-bel33,sw38p2,Active/LinkUp/800G,sys1-ice2-p-swi-bes2,sw33p2,Active/LinkUp/800G
76104,leaf-spine,sys1-ice2-p-swi-bel33,sw39p1,Active/LinkUp/800G,sys1-ice2-p-swi-bes3,sw33p1,Active/LinkUp/800G
76105,leaf-spine,sys1-ice2-p-swi-bel33,sw39p2,Active/LinkUp/800G,sys1-ice2-p-swi-bes3,sw33p2,Active/LinkUp/800G
76106,leaf-spine,sys1-ice2-p-swi-bel33,sw40p1,Active/LinkUp/800G,sys1-ice2-p-swi-bes4,sw33p1,Active/LinkUp/800G
76107,leaf-spine,sys1-ice2-p-swi-bel33,sw40p2,Active/LinkUp/800G,sys1-ice2-p-swi-bes4,sw33p2,Active/LinkUp/800G
76108,leaf-spine,sys1-ice2-p-swi-bel33,sw41p1,Active/LinkUp/800G,sys1-ice2-p-swi-bes5,sw33p1,Active/LinkUp/800G
76109,leaf-spine,sys1-ice2-p-swi-bel33,sw41p2,Active/LinkUp/800G,sys1-ice2-p-swi-bes5,sw33p2,Active/LinkUp/800G
76110,leaf-spine,sys1-ice2-p-swi-bel33,sw42p1,Active/LinkUp/800G,sys1-ice2-p-swi-bes6,sw33p1,Active/LinkUp/800G
76111,leaf-spine,sys1-ice2-p-swi-bel33,sw42p2,Active/LinkUp/800G,sys1-ice2-p-swi-bes6,sw33p2,Active/LinkUp/800G
76112,leaf-spine,sys1-ice2-p-swi-bel33,sw43p1,Active/LinkUp/800G,sys1-ice2-p-swi-bes7,sw33p1,Active/LinkUp/800G
76113,leaf-spine,sys1-ice2-p-swi-bel33,sw43p2,Active/LinkUp/800G,sys1-ice2-p-swi-bes7,sw33p2,Active/LinkUp/800G
76114,leaf-spine,sys1-ice2-p-swi-bel33,sw44p1,Active/LinkUp/800G,sys1-ice2-p-swi-bes8,sw33p1,Active/LinkUp/800G
76115,leaf-spine,sys1-ice2-p-swi-bel33,sw44p2,Active/LinkUp/800G,sys1-ice2-p-swi-bes8,sw33p2,Active/LinkUp/800G
76116,leaf-spine,sys1-ice2-p-swi-bel33,sw45p1,Active/LinkUp/800G,sys1-ice2-p-swi-bes9,sw33p1,Active/LinkUp/800G
76117,leaf-spine,sys1-ice2-p-swi-bel33,sw45p2,Active/LinkUp/800G,sys1-ice2-p-swi-bes9,sw33p2,Active/LinkUp/800G
76118,leaf-spine,sys1-ice2-p-swi-bel33,sw46p1,Active/LinkUp/800G,sys1-ice2-p-swi-bes10,sw33p1,Active/LinkUp/800G
76119,leaf-spine,sys1-ice2-p-swi-bel33,sw46p2,Active/LinkUp/800G,sys1-ice2-p-swi-bes10,sw33p2,Active/LinkUp/800G
76120,leaf-spine,sys1-ice2-p-swi-bel33,sw47p1,Active/LinkUp/800G,sys1-ice2-p-swi-bes11,sw33p1,Active/LinkUp/800G
76121,leaf-spine,sys1-ice2-p-swi-bel33,sw47p2,Active/LinkUp/800G,sys1-ice2-p-swi-bes11,sw33p2,Active/LinkUp/800G
76122,leaf-spine,sys1-ice2-p-swi-bel33,sw48p1,Active/LinkUp/800G,sys1-ice2-p-swi-bes12,sw33p1,Active/LinkUp/800G
76123,leaf-spine,sys1-ice2-p-swi-bel33,sw48p2,Active/LinkUp/800G,sys1-ice2-p-swi-bes12,sw33p2,Active/LinkUp/800G
76124,leaf-spine,sys1-ice2-p-swi-bel33,sw49p1,Active/LinkUp/800G,sys1-ice2-p-swi-bes13,sw33p1,Active/LinkUp/800G
76125,leaf-spine,sys1-ice2-p-swi-bel33,sw49p2,Active/LinkUp/800G,sys1-ice2-p-swi-bes13,sw33p2,Active/LinkUp/800G
76126,leaf-spine,sys1-ice2-p-swi-bel33,sw50p1,Active/LinkUp/800G,sys1-ice2-p-swi-bes14,sw33p1,Active/LinkUp/800G
76127,leaf-spine,sys1-ice2-p-swi-bel33,sw50p2,Active/LinkUp/800G,sys1-ice2-p-swi-bes14,sw33p2,Active/LinkUp/800G
76128,leaf-spine,sys1-ice2-p-swi-bel33,sw51p1,Active/LinkUp/800G,sys1-ice2-p-swi-bes15,sw33p1,Active/LinkUp/800G
76129,leaf-spine,sys1-ice2-p-swi-bel33,sw51p2,Active/LinkUp/800G,sys1-ice2-p-swi-bes15,sw33p2,Active/LinkUp/800G
76130,leaf-spine,sys1-ice2-p-swi-bel33,sw52p1,Active/LinkUp/800G,sys1-ice2-p-swi-bes16,sw33p1,Active/LinkUp/800G
76131,leaf-spine,sys1-ice2-p-swi-bel33,sw52p2,Active/LinkUp/800G,sys1-ice2-p-swi-bes16,sw33p2,Active/LinkUp/800G
76132,leaf-spine,sys1-ice2-p-swi-bel33,sw53p1,Active/LinkUp/800G,sys1-ice2-p-swi-bes17,sw33p1,Active/LinkUp/800G
76133,leaf-spine,sys1-ice2-p-swi-bel33,sw53p2,Active/LinkUp/800G,sys1-ice2-p-swi-bes17,sw33p2,Active/LinkUp/800G
76134,leaf-spine,sys1-ice2-p-swi-bel33,sw54p1,Active/LinkUp/800G,sys1-ice2-p-swi-bes18,sw33p1,Active/LinkUp/800G
76135,leaf-spine,sys1-ice2-p-swi-bel33,sw54p2,Active/LinkUp/800G,sys1-ice2-p-swi-bes18,sw33p2,Active/LinkUp/800G
76136,leaf-spine,sys1-ice2-p-swi-bel33,sw55p1,Active/LinkUp/800G,sys1-ice2-p-swi-bes19,sw33p1,Active/LinkUp/800G
76137,leaf-spine,sys1-ice2-p-swi-bel33,sw55p2,Active/LinkUp/800G,sys1-ice2-p-swi-bes19,sw33p2,Active/LinkUp/800G
76138,leaf-spine,sys1-ice2-p-swi-bel33,sw56p1,Active/LinkUp/800G,sys1-ice2-p-swi-bes20,sw33p1,Active/LinkUp/800G
76139,leaf-spine,sys1-ice2-p-swi-bel33,sw56p2,Active/LinkUp/800G,sys1-ice2-p-swi-bes20,sw33p2,Active/LinkUp/800G
76140,leaf-spine,sys1-ice2-p-swi-bel33,sw57p1,Active/LinkUp/800G,sys1-ice2-p-swi-bes21,sw33p1,Active/LinkUp/800G
76141,leaf-spine,sys1-ice2-p-swi-bel33,sw57p2,Active/LinkUp/800G,sys1-ice2-p-swi-bes21,sw33p2,Active/LinkUp/800G
76142,leaf-spine,sys1-ice2-p-swi-bel33,sw58p1,Active/LinkUp/800G,sys1-ice2-p-swi-bes22,sw33p1,Active/LinkUp/800G
76143,leaf-spine,sys1-ice2-p-swi-bel33,sw58p2,Active/LinkUp/800G,sys1-ice2-p-swi-bes22,sw33p2,Active/LinkUp/800G
76144,leaf-spine,sys1-ice2-p-swi-bel33,sw59p1,Active/LinkUp/800G,sys1-ice2-p-swi-bes23,sw33p1,Active/LinkUp/800G
76145,leaf-spine,sys1-ice2-p-swi-bel33,sw59p2,Active/LinkUp/800G,sys1-ice2-p-swi-bes23,sw33p2,Active/LinkUp/800G
76146,leaf-spine,sys1-ice2-p-swi-bel33,sw60p1,Active/LinkUp/800G,sys1-ice2-p-swi-bes24,sw33p1,Active/LinkUp/800G
76147,leaf-spine,sys1-ice2-p-swi-bel33,sw60p2,Active/LinkUp/800G,sys1-ice2-p-swi-bes24,sw33p2,Active/LinkUp/800G
76148,leaf-spine,sys1-ice2-p-swi-bel33,sw61p1,Active/LinkUp/800G,sys1-ice2-p-swi-bes25,sw33p1,Active/LinkUp/800G
76149,leaf-spine,sys1-ice2-p-swi-bel33,sw61p2,Active/LinkUp/800G,sys1-ice2-p-swi-bes25,sw33p2,Active/LinkUp/800G
76150,leaf-spine,sys1-ice2-p-swi-bel33,sw62p1,Active/LinkUp/800G,sys1-ice2-p-swi-bes26,sw33p1,Active/LinkUp/800G
76151,leaf-spine,sys1-ice2-p-swi-bel33,sw62p2,Active/LinkUp/800G,sys1-ice2-p-swi-bes26,sw33p2,Active/LinkUp/800G
76152,leaf-spine,sys1-ice2-p-swi-bel33,sw63p1,Active/LinkUp/800G,sys1-ice2-p-swi-bes27,sw33p1,Active/LinkUp/800G
76153,leaf-spine,sys1-ice2-p-swi-bel33,sw63p2,Active/LinkUp/800G,sys1-ice2-p-swi-bes27,sw33p2,Active/LinkUp/800G
76154,leaf-spine,sys1-ice2-p-swi-bel33,sw64p1,Active/LinkUp/800G,sys1-ice2-p-swi-bes28,sw33p1,Active/LinkUp/800G
76155,leaf-spine,sys1-ice2-p-swi-bel33,sw64p2,Active/LinkUp/800G,sys1-ice2-p-swi-bes28,sw33p2,Active/LinkUp/800G
76156,leaf-spine,sys1-ice2-p-swi-bel33,sw65p1,Active/LinkUp/800G,sys1-ice2-p-swi-bes29,sw33p1,Active/LinkUp/800G
76157,leaf-spine,sys1-ice2-p-swi-bel33,sw65p2,Active/LinkUp/800G,sys1-ice2-p-swi-bes29,sw33p2,Active/LinkUp/800G
76158,leaf-spine,sys1-ice2-p-swi-bel33,sw66p1,Active/LinkUp/800G,sys1-ice2-p-swi-bes30,sw33p1,Active/LinkUp/800G
76159,leaf-spine,sys1-ice2-p-swi-bel33,sw66p2,Active/LinkUp/800G,sys1-ice2-p-swi-bes30,sw33p2,Active/LinkUp/800G
76160,leaf-spine,sys1-ice2-p-swi-bel33,sw67p1,Active/LinkUp/800G,sys1-ice2-p-swi-bes31,sw33p1,Active/LinkUp/800G
76161,leaf-spine,sys1-ice2-p-swi-bel33,sw67p2,Active/LinkUp/800G,sys1-ice2-p-swi-bes31,sw33p2,Active/LinkUp/800G
76162,leaf-spine,sys1-ice2-p-swi-bel33,sw68p1,Active/LinkUp/800G,sys1-ice2-p-swi-bes32,sw33p1,Active/LinkUp/800G
76163,leaf-spine,sys1-ice2-p-swi-bel33,sw68p2,Active/LinkUp/800G,sys1-ice2-p-swi-bes32,sw33p2,Active/LinkUp/800G
76164,leaf-spine,sys1-ice2-p-swi-bel33,sw69p1,Active/LinkUp/800G,sys1-ice2-p-swi-bes33,sw33p1,Active/LinkUp/800G
76165,leaf-spine,sys1-ice2-p-swi-bel33,sw69p2,Active/LinkUp/800G,sys1-ice2-p-swi-bes33,sw33p2,Active/LinkUp/800G
76166,leaf-spine,sys1-ice2-p-swi-bel33,sw70p1,Active/LinkUp/800G,sys1-ice2-p-swi-bes34,sw33p1,Active/LinkUp/800G
76167,leaf-spine,sys1-ice2-p-swi-bel33,sw70p2,Active/LinkUp/800G,sys1-ice2-p-swi-bes34,sw33p2,Active/LinkUp/800G
76168,leaf-spine,sys1-ice2-p-swi-bel33,sw71p1,Active/LinkUp/800G,sys1-ice2-p-swi-bes35,sw33p1,Active/LinkUp/800G
76169,leaf-spine,sys1-ice2-p-swi-bel33,sw71p2,Active/LinkUp/800G,sys1-ice2-p-swi-bes35,sw33p2,Active/LinkUp/800G
76170,leaf-spine,sys1-ice2-p-swi-bel33,sw72p1,Active/LinkUp/800G,sys1-ice2-p-swi-bes36,sw33p1,Active/LinkUp/800G
76171,leaf-spine,sys1-ice2-p-swi-bel33,sw72p2,Active/LinkUp/800G,sys1-ice2-p-swi-bes36,sw33p2,Active/LinkUp/800G
76172,leaf-spine,sys1-ice2-p-swi-bel34,sw37p1,Active/LinkUp/800G,sys1-ice2-p-swi-bes1,sw34p1,Active/LinkUp/800G
76173,leaf-spine,sys1-ice2-p-swi-bel34,sw37p2,Active/LinkUp/800G,sys1-ice2-p-swi-bes1,sw34p2,Active/LinkUp/800G
76174,leaf-spine,sys1-ice2-p-swi-bel34,sw38p1,Active/LinkUp/800G,sys1-ice2-p-swi-bes2,sw34p1,Active/LinkUp/800G
76175,leaf-spine,sys1-ice2-p-swi-bel34,sw38p2,Active/LinkUp/800G,sys1-ice2-p-swi-bes2,sw34p2,Active/LinkUp/800G
76176,leaf-spine,sys1-ice2-p-swi-bel34,sw39p1,Active/LinkUp/800G,sys1-ice2-p-swi-bes3,sw34p1,Active/LinkUp/800G
76177,leaf-spine,sys1-ice2-p-swi-bel34,sw39p2,Initialize/LinkUp/,sys1-ice2-p-swi-bes3,sw34p2,Initialize/LinkUp/
76178,leaf-spine,sys1-ice2-p-swi-bel34,sw40p1,Active/LinkUp/800G,sys1-ice2-p-swi-bes4,sw34p1,Active/LinkUp/800G
76179,leaf-spine,sys1-ice2-p-swi-bel34,sw40p2,Active/LinkUp/800G,sys1-ice2-p-swi-bes4,sw34p2,Active/LinkUp/800G
76180,leaf-spine,sys1-ice2-p-swi-bel34,sw41p1,Active/LinkUp/800G,sys1-ice2-p-swi-bes5,sw34p1,Active/LinkUp/800G
76181,leaf-spine,sys1-ice2-p-swi-bel34,sw41p2,Active/LinkUp/800G,sys1-ice2-p-swi-bes5,sw34p2,Active/LinkUp/800G
76182,leaf-spine,sys1-ice2-p-swi-bel34,sw42p1,Active/LinkUp/800G,sys1-ice2-p-swi-bes6,sw34p1,Active/LinkUp/800G
76183,leaf-spine,sys1-ice2-p-swi-bel34,sw42p2,Active/LinkUp/800G,sys1-ice2-p-swi-bes6,sw34p2,Active/LinkUp/800G
76184,leaf-spine,sys1-ice2-p-swi-bel34,sw43p1,Active/LinkUp/800G,sys1-ice2-p-swi-bes7,sw34p1,Active/LinkUp/800G
76185,leaf-spine,sys1-ice2-p-swi-bel34,sw43p2,Active/LinkUp/800G,sys1-ice2-p-swi-bes7,sw34p2,Active/LinkUp/800G
76186,leaf-spine,sys1-ice2-p-swi-bel34,sw44p1,Active/LinkUp/800G,sys1-ice2-p-swi-bes8,sw34p1,Active/LinkUp/800G
76187,leaf-spine,sys1-ice2-p-swi-bel34,sw44p2,Active/LinkUp/800G,sys1-ice2-p-swi-bes8,sw34p2,Active/LinkUp/800G
76188,leaf-spine,sys1-ice2-p-swi-bel34,sw45p1,Active/LinkUp/800G,sys1-ice2-p-swi-bes9,sw34p1,Active/LinkUp/800G
76189,leaf-spine,sys1-ice2-p-swi-bel34,sw45p2,Active/LinkUp/800G,sys1-ice2-p-swi-bes9,sw34p2,Active/LinkUp/800G
76190,leaf-spine,sys1-ice2-p-swi-bel34,sw46p1,Active/LinkUp/800G,sys1-ice2-p-swi-bes10,sw34p1,Active/LinkUp/800G
76191,leaf-spine,sys1-ice2-p-swi-bel34,sw46p2,Active/LinkUp/800G,sys1-ice2-p-swi-bes10,sw34p2,Active/LinkUp/800G
76192,leaf-spine,sys1-ice2-p-swi-bel34,sw47p1,Active/LinkUp/800G,sys1-ice2-p-swi-bes11,sw34p1,Active/LinkUp/800G
76193,leaf-spine,sys1-ice2-p-swi-bel34,sw47p2,Active/LinkUp/800G,sys1-ice2-p-swi-bes11,sw34p2,Active/LinkUp/800G
76194,leaf-spine,sys1-ice2-p-swi-bel34,sw48p1,Active/LinkUp/800G,sys1-ice2-p-swi-bes12,sw34p1,Active/LinkUp/800G
76195,leaf-spine,sys1-ice2-p-swi-bel34,sw48p2,Active/LinkUp/800G,sys1-ice2-p-swi-bes12,sw34p2,Active/LinkUp/800G
76196,leaf-spine,sys1-ice2-p-swi-bel34,sw49p1,Active/LinkUp/800G,sys1-ice2-p-swi-bes13,sw34p1,Active/LinkUp/800G
76197,leaf-spine,sys1-ice2-p-swi-bel34,sw49p2,Active/LinkUp/800G,sys1-ice2-p-swi-bes13,sw34p2,Active/LinkUp/800G
76198,leaf-spine,sys1-ice2-p-swi-bel34,sw50p1,Active/LinkUp/800G,sys1-ice2-p-swi-bes14,sw34p1,Active/LinkUp/800G
76199,leaf-spine,sys1-ice2-p-swi-bel34,sw50p2,Active/LinkUp/800G,sys1-ice2-p-swi-bes14,sw34p2,Active/LinkUp/800G
76200,leaf-spine,sys1-ice2-p-swi-bel34,sw51p1,Active/LinkUp/800G,sys1-ice2-p-swi-bes15,sw34p1,Active/LinkUp/800G
76201,leaf-spine,sys1-ice2-p-swi-bel34,sw51p2,Active/LinkUp/800G,sys1-ice2-p-swi-bes15,sw34p2,Active/LinkUp/800G
76202,leaf-spine,sys1-ice2-p-swi-bel34,sw52p1,Active/LinkUp/800G,sys1-ice2-p-swi-bes16,sw34p1,Active/LinkUp/800G
76203,leaf-spine,sys1-ice2-p-swi-bel34,sw52p2,Active/LinkUp/800G,sys1-ice2-p-swi-bes16,sw34p2,Active/LinkUp/800G
76204,leaf-spine,sys1-ice2-p-swi-bel34,sw53p1,Active/LinkUp/800G,sys1-ice2-p-swi-bes17,sw34p1,Active/LinkUp/800G
76205,leaf-spine,sys1-ice2-p-swi-bel34,sw53p2,Active/LinkUp/800G,sys1-ice2-p-swi-bes17,sw34p2,Active/LinkUp/800G
76206,leaf-spine,sys1-ice2-p-swi-bel34,sw54p1,Active/LinkUp/800G,sys1-ice2-p-swi-bes18,sw34p1,Active/LinkUp/800G
76207,leaf-spine,sys1-ice2-p-swi-bel34,sw54p2,Active/LinkUp/800G,sys1-ice2-p-swi-bes18,sw34p2,Active/LinkUp/800G
76208,leaf-spine,sys1-ice2-p-swi-bel34,sw55p1,Active/LinkUp/800G,sys1-ice2-p-swi-bes19,sw34p1,Active/LinkUp/800G
76209,leaf-spine,sys1-ice2-p-swi-bel34,sw55p2,Active/LinkUp/800G,sys1-ice2-p-swi-bes19,sw34p2,Active/LinkUp/800G
76210,leaf-spine,sys1-ice2-p-swi-bel34,sw56p1,Active/LinkUp/800G,sys1-ice2-p-swi-bes20,sw34p1,Active/LinkUp/800G
76211,leaf-spine,sys1-ice2-p-swi-bel34,sw56p2,Active/LinkUp/800G,sys1-ice2-p-swi-bes20,sw34p2,Active/LinkUp/800G
76212,leaf-spine,sys1-ice2-p-swi-bel34,sw57p1,Active/LinkUp/800G,sys1-ice2-p-swi-bes21,sw34p1,Active/LinkUp/800G
76213,leaf-spine,sys1-ice2-p-swi-bel34,sw57p2,Active/LinkUp/800G,sys1-ice2-p-swi-bes21,sw34p2,Active/LinkUp/800G
76214,leaf-spine,sys1-ice2-p-swi-bel34,sw58p1,Active/LinkUp/800G,sys1-ice2-p-swi-bes22,sw34p1,Active/LinkUp/800G
76215,leaf-spine,sys1-ice2-p-swi-bel34,sw58p2,Active/LinkUp/800G,sys1-ice2-p-swi-bes22,sw34p2,Active/LinkUp/800G
76216,leaf-spine,sys1-ice2-p-swi-bel34,sw59p1,Active/LinkUp/800G,sys1-ice2-p-swi-bes23,sw34p1,Active/LinkUp/800G
76217,leaf-spine,sys1-ice2-p-swi-bel34,sw59p2,Active/LinkUp/800G,sys1-ice2-p-swi-bes23,sw34p2,Active/LinkUp/800G
76218,leaf-spine,sys1-ice2-p-swi-bel34,sw60p1,Active/LinkUp/800G,sys1-ice2-p-swi-bes24,sw34p1,Active/LinkUp/800G
76219,leaf-spine,sys1-ice2-p-swi-bel34,sw60p2,Active/LinkUp/800G,sys1-ice2-p-swi-bes24,sw34p2,Active/LinkUp/800G
76220,leaf-spine,sys1-ice2-p-swi-bel34,sw61p1,Active/LinkUp/800G,sys1-ice2-p-swi-bes25,sw34p1,Active/LinkUp/800G
76221,leaf-spine,sys1-ice2-p-swi-bel34,sw61p2,Active/LinkUp/800G,sys1-ice2-p-swi-bes25,sw34p2,Active/LinkUp/800G
76222,leaf-spine,sys1-ice2-p-swi-bel34,sw62p1,Active/LinkUp/800G,sys1-ice2-p-swi-bes26,sw34p1,Active/LinkUp/800G
76223,leaf-spine,sys1-ice2-p-swi-bel34,sw62p2,Active/LinkUp/800G,sys1-ice2-p-swi-bes26,sw34p2,Active/LinkUp/800G
76224,leaf-spine,sys1-ice2-p-swi-bel34,sw63p1,Active/LinkUp/800G,sys1-ice2-p-swi-bes27,sw34p1,Active/LinkUp/800G
76225,leaf-spine,sys1-ice2-p-swi-bel34,sw63p2,Active/LinkUp/800G,sys1-ice2-p-swi-bes27,sw34p2,Active/LinkUp/800G
76226,leaf-spine,sys1-ice2-p-swi-bel34,sw64p1,Active/LinkUp/800G,sys1-ice2-p-swi-bes28,sw34p1,Active/LinkUp/800G
76227,leaf-spine,sys1-ice2-p-swi-bel34,sw64p2,Active/LinkUp/800G,sys1-ice2-p-swi-bes28,sw34p2,Active/LinkUp/800G
76228,leaf-spine,sys1-ice2-p-swi-bel34,sw65p1,Active/LinkUp/800G,sys1-ice2-p-swi-bes29,sw34p1,Active/LinkUp/800G
76229,leaf-spine,sys1-ice2-p-swi-bel34,sw65p2,Active/LinkUp/800G,sys1-ice2-p-swi-bes29,sw34p2,Active/LinkUp/800G
76230,leaf-spine,sys1-ice2-p-swi-bel34,sw66p1,Active/LinkUp/800G,sys1-ice2-p-swi-bes30,sw34p1,Active/LinkUp/800G
76231,leaf-spine,sys1-ice2-p-swi-bel34,sw66p2,Active/LinkUp/800G,sys1-ice2-p-swi-bes30,sw34p2,Active/LinkUp/800G
76232,leaf-spine,sys1-ice2-p-swi-bel34,sw67p1,Active/LinkUp/800G,sys1-ice2-p-swi-bes31,sw34p1,Active/LinkUp/800G
76233,leaf-spine,sys1-ice2-p-swi-bel34,sw67p2,Active/LinkUp/800G,sys1-ice2-p-swi-bes31,sw34p2,Active/LinkUp/800G
76234,leaf-spine,sys1-ice2-p-swi-bel34,sw68p1,Active/LinkUp/800G,sys1-ice2-p-swi-bes32,sw34p1,Active/LinkUp/800G
76235,leaf-spine,sys1-ice2-p-swi-bel34,sw68p2,Active/LinkUp/800G,sys1-ice2-p-swi-bes32,sw34p2,Active/LinkUp/800G
76236,leaf-spine,sys1-ice2-p-swi-bel34,sw69p1,Active/LinkUp/800G,sys1-ice2-p-swi-bes33,sw34p1,Active/LinkUp/800G
76237,leaf-spine,sys1-ice2-p-swi-bel34,sw69p2,Active/LinkUp/800G,sys1-ice2-p-swi-bes33,sw34p2,Active/LinkUp/800G
76238,leaf-spine,sys1-ice2-p-swi-bel34,sw70p1,Active/LinkUp/800G,sys1-ice2-p-swi-bes34,sw34p1,Active/LinkUp/800G
76239,leaf-spine,sys1-ice2-p-swi-bel34,sw70p2,Active/LinkUp/800G,sys1-ice2-p-swi-bes34,sw34p2,Active/LinkUp/800G
76240,leaf-spine,sys1-ice2-p-swi-bel34,sw71p1,Active/LinkUp/800G,sys1-ice2-p-swi-bes35,sw34p1,Active/LinkUp/800G
76241,leaf-spine,sys1-ice2-p-swi-bel34,sw71p2,Active/LinkUp/800G,sys1-ice2-p-swi-bes35,sw34p2,Active/LinkUp/800G
76242,leaf-spine,sys1-ice2-p-swi-bel34,sw72p1,Active/LinkUp/800G,sys1-ice2-p-swi-bes36,sw34p1,Active/LinkUp/800G
76243,leaf-spine,sys1-ice2-p-swi-bel34,sw72p2,Active/LinkUp/800G,sys1-ice2-p-swi-bes36,sw34p2,Active/LinkUp/800G
76244,leaf-spine,sys1-ice2-p-swi-bel35,sw37p1,Active/LinkUp/800G,sys1-ice2-p-swi-bes1,sw35p1,Active/LinkUp/800G
76245,leaf-spine,sys1-ice2-p-swi-bel35,sw37p2,Active/LinkUp/800G,sys1-ice2-p-swi-bes1,sw35p2,Active/LinkUp/800G
76246,leaf-spine,sys1-ice2-p-swi-bel35,sw38p1,Active/LinkUp/800G,sys1-ice2-p-swi-bes2,sw35p1,Active/LinkUp/800G
76247,leaf-spine,sys1-ice2-p-swi-bel35,sw38p2,Active/LinkUp/800G,sys1-ice2-p-swi-bes2,sw35p2,Active/LinkUp/800G
76248,leaf-spine,sys1-ice2-p-swi-bel35,sw39p1,Active/LinkUp/800G,sys1-ice2-p-swi-bes3,sw35p1,Active/LinkUp/800G
76249,leaf-spine,sys1-ice2-p-swi-bel35,sw39p2,Active/LinkUp/800G,sys1-ice2-p-swi-bes3,sw35p2,Active/LinkUp/800G
76250,leaf-spine,sys1-ice2-p-swi-bel35,sw40p1,Active/LinkUp/800G,sys1-ice2-p-swi-bes4,sw35p1,Active/LinkUp/800G
76251,leaf-spine,sys1-ice2-p-swi-bel35,sw40p2,Active/LinkUp/800G,sys1-ice2-p-swi-bes4,sw35p2,Active/LinkUp/800G
76252,leaf-spine,sys1-ice2-p-swi-bel35,sw41p1,Active/LinkUp/800G,sys1-ice2-p-swi-bes5,sw35p1,Active/LinkUp/800G
76253,leaf-spine,sys1-ice2-p-swi-bel35,sw41p2,Active/LinkUp/800G,sys1-ice2-p-swi-bes5,sw35p2,Active/LinkUp/800G
76254,leaf-spine,sys1-ice2-p-swi-bel35,sw42p1,Active/LinkUp/800G,sys1-ice2-p-swi-bes6,sw35p1,Active/LinkUp/800G
76255,leaf-spine,sys1-ice2-p-swi-bel35,sw42p2,Active/LinkUp/800G,sys1-ice2-p-swi-bes6,sw35p2,Active/LinkUp/800G
76256,leaf-spine,sys1-ice2-p-swi-bel35,sw43p1,Active/LinkUp/800G,sys1-ice2-p-swi-bes7,sw35p1,Active/LinkUp/800G
76257,leaf-spine,sys1-ice2-p-swi-bel35,sw43p2,Active/LinkUp/800G,sys1-ice2-p-swi-bes7,sw35p2,Active/LinkUp/800G
76258,leaf-spine,sys1-ice2-p-swi-bel35,sw44p1,Active/LinkUp/800G,sys1-ice2-p-swi-bes8,sw35p1,Active/LinkUp/800G
76259,leaf-spine,sys1-ice2-p-swi-bel35,sw44p2,Active/LinkUp/800G,sys1-ice2-p-swi-bes8,sw35p2,Active/LinkUp/800G
76260,leaf-spine,sys1-ice2-p-swi-bel35,sw45p1,Active/LinkUp/800G,sys1-ice2-p-swi-bes9,sw35p1,Active/LinkUp/800G
76261,leaf-spine,sys1-ice2-p-swi-bel35,sw45p2,Active/LinkUp/800G,sys1-ice2-p-swi-bes9,sw35p2,Active/LinkUp/800G
76262,leaf-spine,sys1-ice2-p-swi-bel35,sw46p1,Active/LinkUp/800G,sys1-ice2-p-swi-bes10,sw35p1,Active/LinkUp/800G
76263,leaf-spine,sys1-ice2-p-swi-bel35,sw46p2,Active/LinkUp/800G,sys1-ice2-p-swi-bes10,sw35p2,Active/LinkUp/800G
76264,leaf-spine,sys1-ice2-p-swi-bel35,sw47p1,Active/LinkUp/800G,sys1-ice2-p-swi-bes11,sw35p1,Active/LinkUp/800G
76265,leaf-spine,sys1-ice2-p-swi-bel35,sw47p2,Active/LinkUp/800G,sys1-ice2-p-swi-bes11,sw35p2,Active/LinkUp/800G
76266,leaf-spine,sys1-ice2-p-swi-bel35,sw48p1,Active/LinkUp/800G,sys1-ice2-p-swi-bes12,sw35p1,Active/LinkUp/800G
76267,leaf-spine,sys1-ice2-p-swi-bel35,sw48p2,Active/LinkUp/800G,sys1-ice2-p-swi-bes12,sw35p2,Active/LinkUp/800G
76268,leaf-spine,sys1-ice2-p-swi-bel35,sw49p1,Active/LinkUp/800G,sys1-ice2-p-swi-bes13,sw35p1,Active/LinkUp/800G
76269,leaf-spine,sys1-ice2-p-swi-bel35,sw49p2,Active/LinkUp/800G,sys1-ice2-p-swi-bes13,sw35p2,Active/LinkUp/800G
76270,leaf-spine,sys1-ice2-p-swi-bel35,sw50p1,Active/LinkUp/800G,sys1-ice2-p-swi-bes14,sw35p1,Active/LinkUp/800G
76271,leaf-spine,sys1-ice2-p-swi-bel35,sw50p2,Active/LinkUp/800G,sys1-ice2-p-swi-bes14,sw35p2,Active/LinkUp/800G
76272,leaf-spine,sys1-ice2-p-swi-bel35,sw51p1,Active/LinkUp/800G,sys1-ice2-p-swi-bes15,sw35p1,Active/LinkUp/800G
76273,leaf-spine,sys1-ice2-p-swi-bel35,sw51p2,Active/LinkUp/800G,sys1-ice2-p-swi-bes15,sw35p2,Active/LinkUp/800G
76274,leaf-spine,sys1-ice2-p-swi-bel35,sw52p1,Active/LinkUp/800G,sys1-ice2-p-swi-bes16,sw35p1,Active/LinkUp/800G
76275,leaf-spine,sys1-ice2-p-swi-bel35,sw52p2,Active/LinkUp/800G,sys1-ice2-p-swi-bes16,sw35p2,Active/LinkUp/800G
76276,leaf-spine,sys1-ice2-p-swi-bel35,sw53p1,Active/LinkUp/800G,sys1-ice2-p-swi-bes17,sw35p1,Active/LinkUp/800G
76277,leaf-spine,sys1-ice2-p-swi-bel35,sw53p2,Active/LinkUp/800G,sys1-ice2-p-swi-bes17,sw35p2,Active/LinkUp/800G
76278,leaf-spine,sys1-ice2-p-swi-bel35,sw54p1,Active/LinkUp/800G,sys1-ice2-p-swi-bes18,sw35p1,Active/LinkUp/800G
76279,leaf-spine,sys1-ice2-p-swi-bel35,sw54p2,Active/LinkUp/800G,sys1-ice2-p-swi-bes18,sw35p2,Active/LinkUp/800G
76280,leaf-spine,sys1-ice2-p-swi-bel35,sw55p1,Active/LinkUp/800G,sys1-ice2-p-swi-bes19,sw35p1,Active/LinkUp/800G
76281,leaf-spine,sys1-ice2-p-swi-bel35,sw55p2,Active/LinkUp/800G,sys1-ice2-p-swi-bes19,sw35p2,Active/LinkUp/800G
76282,leaf-spine,sys1-ice2-p-swi-bel35,sw56p1,Active/LinkUp/800G,sys1-ice2-p-swi-bes20,sw35p1,Active/LinkUp/800G
76283,leaf-spine,sys1-ice2-p-swi-bel35,sw56p2,Active/LinkUp/800G,sys1-ice2-p-swi-bes20,sw35p2,Active/LinkUp/800G
76284,leaf-spine,sys1-ice2-p-swi-bel35,sw57p1,Active/LinkUp/800G,sys1-ice2-p-swi-bes21,sw35p1,Active/LinkUp/800G
76285,leaf-spine,sys1-ice2-p-swi-bel35,sw57p2,Active/LinkUp/800G,sys1-ice2-p-swi-bes21,sw35p2,Active/LinkUp/800G
76286,leaf-spine,sys1-ice2-p-swi-bel35,sw58p1,Active/LinkUp/800G,sys1-ice2-p-swi-bes22,sw35p1,Active/LinkUp/800G
76287,leaf-spine,sys1-ice2-p-swi-bel35,sw58p2,Active/LinkUp/800G,sys1-ice2-p-swi-bes22,sw35p2,Active/LinkUp/800G
76288,leaf-spine,sys1-ice2-p-swi-bel35,sw59p1,Active/LinkUp/800G,sys1-ice2-p-swi-bes23,sw35p1,Active/LinkUp/800G
76289,leaf-spine,sys1-ice2-p-swi-bel35,sw59p2,Active/LinkUp/800G,sys1-ice2-p-swi-bes23,sw35p2,Active/LinkUp/800G
76290,leaf-spine,sys1-ice2-p-swi-bel35,sw60p1,Active/LinkUp/800G,sys1-ice2-p-swi-bes24,sw35p1,Active/LinkUp/800G
76291,leaf-spine,sys1-ice2-p-swi-bel35,sw60p2,Active/LinkUp/800G,sys1-ice2-p-swi-bes24,sw35p2,Active/LinkUp/800G
76292,leaf-spine,sys1-ice2-p-swi-bel35,sw61p1,Active/LinkUp/800G,sys1-ice2-p-swi-bes25,sw35p1,Active/LinkUp/800G
76293,leaf-spine,sys1-ice2-p-swi-bel35,sw61p2,Active/LinkUp/800G,sys1-ice2-p-swi-bes25,sw35p2,Active/LinkUp/800G
76294,leaf-spine,sys1-ice2-p-swi-bel35,sw62p1,Active/LinkUp/800G,sys1-ice2-p-swi-bes26,sw35p1,Active/LinkUp/800G
76295,leaf-spine,sys1-ice2-p-swi-bel35,sw62p2,Active/LinkUp/800G,sys1-ice2-p-swi-bes26,sw35p2,Active/LinkUp/800G
76296,leaf-spine,sys1-ice2-p-swi-bel35,sw63p1,Active/LinkUp/800G,sys1-ice2-p-swi-bes27,sw35p1,Active/LinkUp/800G
76297,leaf-spine,sys1-ice2-p-swi-bel35,sw63p2,Active/LinkUp/800G,sys1-ice2-p-swi-bes27,sw35p2,Active/LinkUp/800G
76298,leaf-spine,sys1-ice2-p-swi-bel35,sw64p1,Active/LinkUp/800G,sys1-ice2-p-swi-bes28,sw35p1,Active/LinkUp/800G
76299,leaf-spine,sys1-ice2-p-swi-bel35,sw64p2,Active/LinkUp/800G,sys1-ice2-p-swi-bes28,sw35p2,Active/LinkUp/800G
76300,leaf-spine,sys1-ice2-p-swi-bel35,sw65p1,Active/LinkUp/800G,sys1-ice2-p-swi-bes29,sw35p1,Active/LinkUp/800G
76301,leaf-spine,sys1-ice2-p-swi-bel35,sw65p2,Active/LinkUp/800G,sys1-ice2-p-swi-bes29,sw35p2,Active/LinkUp/800G
76302,leaf-spine,sys1-ice2-p-swi-bel35,sw66p1,Active/LinkUp/800G,sys1-ice2-p-swi-bes30,sw35p1,Active/LinkUp/800G
76303,leaf-spine,sys1-ice2-p-swi-bel35,sw66p2,Active/LinkUp/800G,sys1-ice2-p-swi-bes30,sw35p2,Active/LinkUp/800G
76304,leaf-spine,sys1-ice2-p-swi-bel35,sw67p1,Active/LinkUp/800G,sys1-ice2-p-swi-bes31,sw35p1,Active/LinkUp/800G
76305,leaf-spine,sys1-ice2-p-swi-bel35,sw67p2,Active/LinkUp/800G,sys1-ice2-p-swi-bes31,sw35p2,Active/LinkUp/800G
76306,leaf-spine,sys1-ice2-p-swi-bel35,sw68p1,Active/LinkUp/800G,sys1-ice2-p-swi-bes32,sw35p1,Active/LinkUp/800G
76307,leaf-spine,sys1-ice2-p-swi-bel35,sw68p2,Active/LinkUp/800G,sys1-ice2-p-swi-bes32,sw35p2,Active/LinkUp/800G
76308,leaf-spine,sys1-ice2-p-swi-bel35,sw69p1,Active/LinkUp/800G,sys1-ice2-p-swi-bes33,sw35p1,Active/LinkUp/800G
76309,leaf-spine,sys1-ice2-p-swi-bel35,sw69p2,Active/LinkUp/800G,sys1-ice2-p-swi-bes33,sw35p2,Active/LinkUp/800G
76310,leaf-spine,sys1-ice2-p-swi-bel35,sw70p1,Active/LinkUp/800G,sys1-ice2-p-swi-bes34,sw35p1,Active/LinkUp/800G
76311,leaf-spine,sys1-ice2-p-swi-bel35,sw70p2,Active/LinkUp/800G,sys1-ice2-p-swi-bes34,sw35p2,Active/LinkUp/800G
76312,leaf-spine,sys1-ice2-p-swi-bel35,sw71p1,Active/LinkUp/800G,sys1-ice2-p-swi-bes35,sw35p1,Active/LinkUp/800G
76313,leaf-spine,sys1-ice2-p-swi-bel35,sw71p2,Active/LinkUp/800G,sys1-ice2-p-swi-bes35,sw35p2,Active/LinkUp/800G
76314,leaf-spine,sys1-ice2-p-swi-bel35,sw72p1,Active/LinkUp/800G,sys1-ice2-p-swi-bes36,sw35p1,Active/LinkUp/800G
76315,leaf-spine,sys1-ice2-p-swi-bel35,sw72p2,Active/LinkUp/800G,sys1-ice2-p-swi-bes36,sw35p2,Active/LinkUp/800G
76316,leaf-spine,sys1-ice2-p-swi-bel36,sw37p1,Active/LinkUp/800G,sys1-ice2-p-swi-bes1,sw36p1,Active/LinkUp/800G
76317,leaf-spine,sys1-ice2-p-swi-bel36,sw37p2,Active/LinkUp/800G,sys1-ice2-p-swi-bes1,sw36p2,Active/LinkUp/800G
76318,leaf-spine,sys1-ice2-p-swi-bel36,sw38p1,Active/LinkUp/800G,sys1-ice2-p-swi-bes2,sw36p1,Active/LinkUp/800G
76319,leaf-spine,sys1-ice2-p-swi-bel36,sw38p2,Active/LinkUp/800G,sys1-ice2-p-swi-bes2,sw36p2,Active/LinkUp/800G
76320,leaf-spine,sys1-ice2-p-swi-bel36,sw39p1,Active/LinkUp/800G,sys1-ice2-p-swi-bes3,sw36p1,Active/LinkUp/800G
76321,leaf-spine,sys1-ice2-p-swi-bel36,sw39p2,Active/LinkUp/800G,sys1-ice2-p-swi-bes3,sw36p2,Active/LinkUp/800G
76322,leaf-spine,sys1-ice2-p-swi-bel36,sw40p1,Active/LinkUp/800G,sys1-ice2-p-swi-bes4,sw36p1,Active/LinkUp/800G
76323,leaf-spine,sys1-ice2-p-swi-bel36,sw40p2,Active/LinkUp/800G,sys1-ice2-p-swi-bes4,sw36p2,Active/LinkUp/800G
76324,leaf-spine,sys1-ice2-p-swi-bel36,sw41p1,Active/LinkUp/800G,sys1-ice2-p-swi-bes5,sw36p1,Active/LinkUp/800G
76325,leaf-spine,sys1-ice2-p-swi-bel36,sw41p2,Active/LinkUp/800G,sys1-ice2-p-swi-bes5,sw36p2,Active/LinkUp/800G
76326,leaf-spine,sys1-ice2-p-swi-bel36,sw42p1,Active/LinkUp/800G,sys1-ice2-p-swi-bes6,sw36p1,Active/LinkUp/800G
76327,leaf-spine,sys1-ice2-p-swi-bel36,sw42p2,Active/LinkUp/800G,sys1-ice2-p-swi-bes6,sw36p2,Active/LinkUp/800G
76328,leaf-spine,sys1-ice2-p-swi-bel36,sw43p1,Active/LinkUp/800G,sys1-ice2-p-swi-bes7,sw36p1,Active/LinkUp/800G
76329,leaf-spine,sys1-ice2-p-swi-bel36,sw43p2,Active/LinkUp/800G,sys1-ice2-p-swi-bes7,sw36p2,Active/LinkUp/800G
76330,leaf-spine,sys1-ice2-p-swi-bel36,sw44p1,Active/LinkUp/800G,sys1-ice2-p-swi-bes8,sw36p1,Active/LinkUp/800G
76331,leaf-spine,sys1-ice2-p-swi-bel36,sw44p2,Active/LinkUp/800G,sys1-ice2-p-swi-bes8,sw36p2,Active/LinkUp/800G
76332,leaf-spine,sys1-ice2-p-swi-bel36,sw45p1,Active/LinkUp/800G,sys1-ice2-p-swi-bes9,sw36p1,Active/LinkUp/800G
76333,leaf-spine,sys1-ice2-p-swi-bel36,sw45p2,Active/LinkUp/800G,sys1-ice2-p-swi-bes9,sw36p2,Active/LinkUp/800G
76334,leaf-spine,sys1-ice2-p-swi-bel36,sw46p1,Active/LinkUp/800G,sys1-ice2-p-swi-bes10,sw36p1,Active/LinkUp/800G
76335,leaf-spine,sys1-ice2-p-swi-bel36,sw46p2,Active/LinkUp/800G,sys1-ice2-p-swi-bes10,sw36p2,Active/LinkUp/800G
76336,leaf-spine,sys1-ice2-p-swi-bel36,sw47p1,Active/LinkUp/800G,sys1-ice2-p-swi-bes11,sw36p1,Active/LinkUp/800G
76337,leaf-spine,sys1-ice2-p-swi-bel36,sw47p2,Active/LinkUp/800G,sys1-ice2-p-swi-bes11,sw36p2,Active/LinkUp/800G
76338,leaf-spine,sys1-ice2-p-swi-bel36,sw48p1,Active/LinkUp/800G,sys1-ice2-p-swi-bes12,sw36p1,Active/LinkUp/800G
76339,leaf-spine,sys1-ice2-p-swi-bel36,sw48p2,Active/LinkUp/800G,sys1-ice2-p-swi-bes12,sw36p2,Active/LinkUp/800G
76340,leaf-spine,sys1-ice2-p-swi-bel36,sw49p1,Active/LinkUp/800G,sys1-ice2-p-swi-bes13,sw36p1,Active/LinkUp/800G
76341,leaf-spine,sys1-ice2-p-swi-bel36,sw49p2,Active/LinkUp/800G,sys1-ice2-p-swi-bes13,sw36p2,Active/LinkUp/800G
76342,leaf-spine,sys1-ice2-p-swi-bel36,sw50p1,Active/LinkUp/800G,sys1-ice2-p-swi-bes14,sw36p1,Active/LinkUp/800G
76343,leaf-spine,sys1-ice2-p-swi-bel36,sw50p2,Active/LinkUp/800G,sys1-ice2-p-swi-bes14,sw36p2,Active/LinkUp/800G
76344,leaf-spine,sys1-ice2-p-swi-bel36,sw51p1,Active/LinkUp/800G,sys1-ice2-p-swi-bes15,sw36p1,Active/LinkUp/800G
76345,leaf-spine,sys1-ice2-p-swi-bel36,sw51p2,Active/LinkUp/800G,sys1-ice2-p-swi-bes15,sw36p2,Active/LinkUp/800G
76346,leaf-spine,sys1-ice2-p-swi-bel36,sw52p1,Active/LinkUp/800G,sys1-ice2-p-swi-bes16,sw36p1,Active/LinkUp/800G
76347,leaf-spine,sys1-ice2-p-swi-bel36,sw52p2,Active/LinkUp/800G,sys1-ice2-p-swi-bes16,sw36p2,Active/LinkUp/800G
76348,leaf-spine,sys1-ice2-p-swi-bel36,sw53p1,Active/LinkUp/800G,sys1-ice2-p-swi-bes17,sw36p1,Active/LinkUp/800G
76349,leaf-spine,sys1-ice2-p-swi-bel36,sw53p2,Active/LinkUp/800G,sys1-ice2-p-swi-bes17,sw36p2,Active/LinkUp/800G
76350,leaf-spine,sys1-ice2-p-swi-bel36,sw54p1,Active/LinkUp/800G,sys1-ice2-p-swi-bes18,sw36p1,Active/LinkUp/800G
76351,leaf-spine,sys1-ice2-p-swi-bel36,sw54p2,Active/LinkUp/800G,sys1-ice2-p-swi-bes18,sw36p2,Active/LinkUp/800G
76352,leaf-spine,sys1-ice2-p-swi-bel36,sw55p1,Active/LinkUp/800G,sys1-ice2-p-swi-bes19,sw36p1,Active/LinkUp/800G
76353,leaf-spine,sys1-ice2-p-swi-bel36,sw55p2,Active/LinkUp/800G,sys1-ice2-p-swi-bes19,sw36p2,Active/LinkUp/800G
76354,leaf-spine,sys1-ice2-p-swi-bel36,sw56p1,Active/LinkUp/800G,sys1-ice2-p-swi-bes20,sw36p1,Active/LinkUp/800G
76355,leaf-spine,sys1-ice2-p-swi-bel36,sw56p2,Active/LinkUp/800G,sys1-ice2-p-swi-bes20,sw36p2,Active/LinkUp/800G
76356,leaf-spine,sys1-ice2-p-swi-bel36,sw57p1,Active/LinkUp/800G,sys1-ice2-p-swi-bes21,sw36p1,Active/LinkUp/800G
76357,leaf-spine,sys1-ice2-p-swi-bel36,sw57p2,Active/LinkUp/800G,sys1-ice2-p-swi-bes21,sw36p2,Active/LinkUp/800G
76358,leaf-spine,sys1-ice2-p-swi-bel36,sw58p1,Active/LinkUp/800G,sys1-ice2-p-swi-bes22,sw36p1,Active/LinkUp/800G
76359,leaf-spine,sys1-ice2-p-swi-bel36,sw58p2,Active/LinkUp/800G,sys1-ice2-p-swi-bes22,sw36p2,Active/LinkUp/800G
76360,leaf-spine,sys1-ice2-p-swi-bel36,sw59p1,Active/LinkUp/800G,sys1-ice2-p-swi-bes23,sw36p1,Active/LinkUp/800G
76361,leaf-spine,sys1-ice2-p-swi-bel36,sw59p2,Active/LinkUp/800G,sys1-ice2-p-swi-bes23,sw36p2,Active/LinkUp/800G
76362,leaf-spine,sys1-ice2-p-swi-bel36,sw60p1,Active/LinkUp/800G,sys1-ice2-p-swi-bes24,sw36p1,Active/LinkUp/800G
76363,leaf-spine,sys1-ice2-p-swi-bel36,sw60p2,Active/LinkUp/800G,sys1-ice2-p-swi-bes24,sw36p2,Active/LinkUp/800G
76364,leaf-spine,sys1-ice2-p-swi-bel36,sw61p1,Active/LinkUp/800G,sys1-ice2-p-swi-bes25,sw36p1,Active/LinkUp/800G
76365,leaf-spine,sys1-ice2-p-swi-bel36,sw61p2,Active/LinkUp/800G,sys1-ice2-p-swi-bes25,sw36p2,Active/LinkUp/800G
76366,leaf-spine,sys1-ice2-p-swi-bel36,sw62p1,Active/LinkUp/800G,sys1-ice2-p-swi-bes26,sw36p1,Active/LinkUp/800G
76367,leaf-spine,sys1-ice2-p-swi-bel36,sw62p2,Active/LinkUp/800G,sys1-ice2-p-swi-bes26,sw36p2,Active/LinkUp/800G
76368,leaf-spine,sys1-ice2-p-swi-bel36,sw63p1,Active/LinkUp/800G,sys1-ice2-p-swi-bes27,sw36p1,Active/LinkUp/800G
76369,leaf-spine,sys1-ice2-p-swi-bel36,sw63p2,Active/LinkUp/800G,sys1-ice2-p-swi-bes27,sw36p2,Active/LinkUp/800G
76370,leaf-spine,sys1-ice2-p-swi-bel36,sw64p1,Active/LinkUp/800G,sys1-ice2-p-swi-bes28,sw36p1,Active/LinkUp/800G
76371,leaf-spine,sys1-ice2-p-swi-bel36,sw64p2,Active/LinkUp/800G,sys1-ice2-p-swi-bes28,sw36p2,Active/LinkUp/800G
76372,leaf-spine,sys1-ice2-p-swi-bel36,sw65p1,Active/LinkUp/800G,sys1-ice2-p-swi-bes29,sw36p1,Active/LinkUp/800G
76373,leaf-spine,sys1-ice2-p-swi-bel36,sw65p2,Active/LinkUp/800G,sys1-ice2-p-swi-bes29,sw36p2,Active/LinkUp/800G
76374,leaf-spine,sys1-ice2-p-swi-bel36,sw66p1,Active/LinkUp/800G,sys1-ice2-p-swi-bes30,sw36p1,Active/LinkUp/800G
76375,leaf-spine,sys1-ice2-p-swi-bel36,sw66p2,Active/LinkUp/800G,sys1-ice2-p-swi-bes30,sw36p2,Active/LinkUp/800G
76376,leaf-spine,sys1-ice2-p-swi-bel36,sw67p1,Active/LinkUp/800G,sys1-ice2-p-swi-bes31,sw36p1,Active/LinkUp/800G
76377,leaf-spine,sys1-ice2-p-swi-bel36,sw67p2,Active/LinkUp/800G,sys1-ice2-p-swi-bes31,sw36p2,Active/LinkUp/800G
76378,leaf-spine,sys1-ice2-p-swi-bel36,sw68p1,Active/LinkUp/800G,sys1-ice2-p-swi-bes32,sw36p1,Active/LinkUp/800G
76379,leaf-spine,sys1-ice2-p-swi-bel36,sw68p2,Active/LinkUp/800G,sys1-ice2-p-swi-bes32,sw36p2,Active/LinkUp/800G
76380,leaf-spine,sys1-ice2-p-swi-bel36,sw69p1,Active/LinkUp/800G,sys1-ice2-p-swi-bes33,sw36p1,Active/LinkUp/800G
76381,leaf-spine,sys1-ice2-p-swi-bel36,sw69p2,Active/LinkUp/800G,sys1-ice2-p-swi-bes33,sw36p2,Active/LinkUp/800G
76382,leaf-spine,sys1-ice2-p-swi-bel36,sw70p1,Active/LinkUp/800G,sys1-ice2-p-swi-bes34,sw36p1,Active/LinkUp/800G
76383,leaf-spine,sys1-ice2-p-swi-bel36,sw70p2,Active/LinkUp/800G,sys1-ice2-p-swi-bes34,sw36p2,Active/LinkUp/800G
76384,leaf-spine,sys1-ice2-p-swi-bel36,sw71p1,Active/LinkUp/800G,sys1-ice2-p-swi-bes35,sw36p1,Active/LinkUp/800G
76385,leaf-spine,sys1-ice2-p-swi-bel36,sw71p2,Active/LinkUp/800G,sys1-ice2-p-swi-bes35,sw36p2,Active/LinkUp/800G
76386,leaf-spine,sys1-ice2-p-swi-bel36,sw72p1,Active/LinkUp/800G,sys1-ice2-p-swi-bes36,sw36p1,Active/LinkUp/800G
76387,leaf-spine,sys1-ice2-p-swi-bel36,sw72p2,Active/LinkUp/800G,sys1-ice2-p-swi-bes36,sw36p2,Active/LinkUp/800G
76388,leaf-spine,sys1-ice2-p-swi-bel37,sw37p1,Active/LinkUp/800G,sys1-ice2-p-swi-bes1,sw37p1,Active/LinkUp/800G
76389,leaf-spine,sys1-ice2-p-swi-bel37,sw37p2,Active/LinkUp/800G,sys1-ice2-p-swi-bes1,sw37p2,Active/LinkUp/800G
76390,leaf-spine,sys1-ice2-p-swi-bel37,sw38p1,Active/LinkUp/800G,sys1-ice2-p-swi-bes2,sw37p1,Active/LinkUp/800G
76391,leaf-spine,sys1-ice2-p-swi-bel37,sw38p2,Active/LinkUp/800G,sys1-ice2-p-swi-bes2,sw37p2,Active/LinkUp/800G
76392,leaf-spine,sys1-ice2-p-swi-bel37,sw39p1,Active/LinkUp/800G,sys1-ice2-p-swi-bes3,sw37p1,Active/LinkUp/800G
76393,leaf-spine,sys1-ice2-p-swi-bel37,sw39p2,Active/LinkUp/800G,sys1-ice2-p-swi-bes3,sw37p2,Active/LinkUp/800G
76394,leaf-spine,sys1-ice2-p-swi-bel37,sw40p1,Active/LinkUp/800G,sys1-ice2-p-swi-bes4,sw37p1,Active/LinkUp/800G
76395,leaf-spine,sys1-ice2-p-swi-bel37,sw40p2,Active/LinkUp/800G,sys1-ice2-p-swi-bes4,sw37p2,Active/LinkUp/800G
76396,leaf-spine,sys1-ice2-p-swi-bel37,sw41p1,Active/LinkUp/800G,sys1-ice2-p-swi-bes5,sw37p1,Active/LinkUp/800G
76397,leaf-spine,sys1-ice2-p-swi-bel37,sw41p2,Active/LinkUp/800G,sys1-ice2-p-swi-bes5,sw37p2,Active/LinkUp/800G
76398,leaf-spine,sys1-ice2-p-swi-bel37,sw42p1,Active/LinkUp/800G,sys1-ice2-p-swi-bes6,sw37p1,Active/LinkUp/800G
76399,leaf-spine,sys1-ice2-p-swi-bel37,sw42p2,Active/LinkUp/800G,sys1-ice2-p-swi-bes6,sw37p2,Active/LinkUp/800G
76400,leaf-spine,sys1-ice2-p-swi-bel37,sw43p1,Active/LinkUp/800G,sys1-ice2-p-swi-bes7,sw37p1,Active/LinkUp/800G
76401,leaf-spine,sys1-ice2-p-swi-bel37,sw43p2,Active/LinkUp/800G,sys1-ice2-p-swi-bes7,sw37p2,Active/LinkUp/800G
76402,leaf-spine,sys1-ice2-p-swi-bel37,sw44p1,Active/LinkUp/800G,sys1-ice2-p-swi-bes8,sw37p1,Active/LinkUp/800G
76403,leaf-spine,sys1-ice2-p-swi-bel37,sw44p2,Active/LinkUp/800G,sys1-ice2-p-swi-bes8,sw37p2,Active/LinkUp/800G
76404,leaf-spine,sys1-ice2-p-swi-bel37,sw45p1,Active/LinkUp/800G,sys1-ice2-p-swi-bes9,sw37p1,Active/LinkUp/800G
76405,leaf-spine,sys1-ice2-p-swi-bel37,sw45p2,Active/LinkUp/800G,sys1-ice2-p-swi-bes9,sw37p2,Active/LinkUp/800G
76406,leaf-spine,sys1-ice2-p-swi-bel37,sw46p1,Active/LinkUp/800G,sys1-ice2-p-swi-bes10,sw37p1,Active/LinkUp/800G
76407,leaf-spine,sys1-ice2-p-swi-bel37,sw46p2,Active/LinkUp/800G,sys1-ice2-p-swi-bes10,sw37p2,Active/LinkUp/800G
76408,leaf-spine,sys1-ice2-p-swi-bel37,sw47p1,Active/LinkUp/800G,sys1-ice2-p-swi-bes11,sw37p1,Active/LinkUp/800G
76409,leaf-spine,sys1-ice2-p-swi-bel37,sw47p2,Active/LinkUp/800G,sys1-ice2-p-swi-bes11,sw37p2,Active/LinkUp/800G
76410,leaf-spine,sys1-ice2-p-swi-bel37,sw48p1,Active/LinkUp/800G,sys1-ice2-p-swi-bes12,sw37p1,Active/LinkUp/800G
76411,leaf-spine,sys1-ice2-p-swi-bel37,sw48p2,Active/LinkUp/800G,sys1-ice2-p-swi-bes12,sw37p2,Active/LinkUp/800G
76412,leaf-spine,sys1-ice2-p-swi-bel37,sw49p1,Active/LinkUp/800G,sys1-ice2-p-swi-bes13,sw37p1,Active/LinkUp/800G
76413,leaf-spine,sys1-ice2-p-swi-bel37,sw49p2,Active/LinkUp/800G,sys1-ice2-p-swi-bes13,sw37p2,Active/LinkUp/800G
76414,leaf-spine,sys1-ice2-p-swi-bel37,sw50p1,Active/LinkUp/800G,sys1-ice2-p-swi-bes14,sw37p1,Active/LinkUp/800G
76415,leaf-spine,sys1-ice2-p-swi-bel37,sw50p2,Active/LinkUp/800G,sys1-ice2-p-swi-bes14,sw37p2,Active/LinkUp/800G
76416,leaf-spine,sys1-ice2-p-swi-bel37,sw51p1,Active/LinkUp/800G,sys1-ice2-p-swi-bes15,sw37p1,Active/LinkUp/800G
76417,leaf-spine,sys1-ice2-p-swi-bel37,sw51p2,Active/LinkUp/800G,sys1-ice2-p-swi-bes15,sw37p2,Active/LinkUp/800G
76418,leaf-spine,sys1-ice2-p-swi-bel37,sw52p1,Active/LinkUp/800G,sys1-ice2-p-swi-bes16,sw37p1,Active/LinkUp/800G
76419,leaf-spine,sys1-ice2-p-swi-bel37,sw52p2,Active/LinkUp/800G,sys1-ice2-p-swi-bes16,sw37p2,Active/LinkUp/800G
76420,leaf-spine,sys1-ice2-p-swi-bel37,sw53p1,Active/LinkUp/800G,sys1-ice2-p-swi-bes17,sw37p1,Active/LinkUp/800G
76421,leaf-spine,sys1-ice2-p-swi-bel37,sw53p2,Active/LinkUp/800G,sys1-ice2-p-swi-bes17,sw37p2,Active/LinkUp/800G
76422,leaf-spine,sys1-ice2-p-swi-bel37,sw54p1,Active/LinkUp/800G,sys1-ice2-p-swi-bes18,sw37p1,Active/LinkUp/800G
76423,leaf-spine,sys1-ice2-p-swi-bel37,sw54p2,Active/LinkUp/800G,sys1-ice2-p-swi-bes18,sw37p2,Active/LinkUp/800G
76424,leaf-spine,sys1-ice2-p-swi-bel37,sw55p1,Active/LinkUp/800G,sys1-ice2-p-swi-bes19,sw37p1,Active/LinkUp/800G
76425,leaf-spine,sys1-ice2-p-swi-bel37,sw55p2,Active/LinkUp/800G,sys1-ice2-p-swi-bes19,sw37p2,Active/LinkUp/800G
76426,leaf-spine,sys1-ice2-p-swi-bel37,sw56p1,Active/LinkUp/800G,sys1-ice2-p-swi-bes20,sw37p1,Active/LinkUp/800G
76427,leaf-spine,sys1-ice2-p-swi-bel37,sw56p2,Active/LinkUp/800G,sys1-ice2-p-swi-bes20,sw37p2,Active/LinkUp/800G
76428,leaf-spine,sys1-ice2-p-swi-bel37,sw57p1,Active/LinkUp/800G,sys1-ice2-p-swi-bes21,sw37p1,Active/LinkUp/800G
76429,leaf-spine,sys1-ice2-p-swi-bel37,sw57p2,Active/LinkUp/800G,sys1-ice2-p-swi-bes21,sw37p2,Active/LinkUp/800G
76430,leaf-spine,sys1-ice2-p-swi-bel37,sw58p1,Active/LinkUp/800G,sys1-ice2-p-swi-bes22,sw37p1,Active/LinkUp/800G
76431,leaf-spine,sys1-ice2-p-swi-bel37,sw58p2,Active/LinkUp/800G,sys1-ice2-p-swi-bes22,sw37p2,Active/LinkUp/800G
76432,leaf-spine,sys1-ice2-p-swi-bel37,sw59p1,Active/LinkUp/800G,sys1-ice2-p-swi-bes23,sw37p1,Active/LinkUp/800G
76433,leaf-spine,sys1-ice2-p-swi-bel37,sw59p2,Active/LinkUp/800G,sys1-ice2-p-swi-bes23,sw37p2,Active/LinkUp/800G
76434,leaf-spine,sys1-ice2-p-swi-bel37,sw60p1,Active/LinkUp/800G,sys1-ice2-p-swi-bes24,sw37p1,Active/LinkUp/800G
76435,leaf-spine,sys1-ice2-p-swi-bel37,sw60p2,Active/LinkUp/800G,sys1-ice2-p-swi-bes24,sw37p2,Active/LinkUp/800G
76436,leaf-spine,sys1-ice2-p-swi-bel37,sw61p1,Active/LinkUp/800G,sys1-ice2-p-swi-bes25,sw37p1,Active/LinkUp/800G
76437,leaf-spine,sys1-ice2-p-swi-bel37,sw61p2,Active/LinkUp/800G,sys1-ice2-p-swi-bes25,sw37p2,Active/LinkUp/800G
76438,leaf-spine,sys1-ice2-p-swi-bel37,sw62p1,Active/LinkUp/800G,sys1-ice2-p-swi-bes26,sw37p1,Active/LinkUp/800G
76439,leaf-spine,sys1-ice2-p-swi-bel37,sw62p2,Active/LinkUp/800G,sys1-ice2-p-swi-bes26,sw37p2,Active/LinkUp/800G
76440,leaf-spine,sys1-ice2-p-swi-bel37,sw63p1,Active/LinkUp/800G,sys1-ice2-p-swi-bes27,sw37p1,Active/LinkUp/800G
76441,leaf-spine,sys1-ice2-p-swi-bel37,sw63p2,Active/LinkUp/800G,sys1-ice2-p-swi-bes27,sw37p2,Active/LinkUp/800G
76442,leaf-spine,sys1-ice2-p-swi-bel37,sw64p1,Active/LinkUp/800G,sys1-ice2-p-swi-bes28,sw37p1,Active/LinkUp/800G
76443,leaf-spine,sys1-ice2-p-swi-bel37,sw64p2,Active/LinkUp/800G,sys1-ice2-p-swi-bes28,sw37p2,Active/LinkUp/800G
76444,leaf-spine,sys1-ice2-p-swi-bel37,sw65p1,Active/LinkUp/800G,sys1-ice2-p-swi-bes29,sw37p1,Active/LinkUp/800G
76445,leaf-spine,sys1-ice2-p-swi-bel37,sw65p2,Active/LinkUp/800G,sys1-ice2-p-swi-bes29,sw37p2,Active/LinkUp/800G
76446,leaf-spine,sys1-ice2-p-swi-bel37,sw66p1,Active/LinkUp/800G,sys1-ice2-p-swi-bes30,sw37p1,Active/LinkUp/800G
76447,leaf-spine,sys1-ice2-p-swi-bel37,sw66p2,Active/LinkUp/800G,sys1-ice2-p-swi-bes30,sw37p2,Active/LinkUp/800G
76448,leaf-spine,sys1-ice2-p-swi-bel37,sw67p1,Active/LinkUp/800G,sys1-ice2-p-swi-bes31,sw37p1,Active/LinkUp/800G
76449,leaf-spine,sys1-ice2-p-swi-bel37,sw67p2,Active/LinkUp/800G,sys1-ice2-p-swi-bes31,sw37p2,Active/LinkUp/800G
76450,leaf-spine,sys1-ice2-p-swi-bel37,sw68p1,Active/LinkUp/800G,sys1-ice2-p-swi-bes32,sw37p1,Active/LinkUp/800G
76451,leaf-spine,sys1-ice2-p-swi-bel37,sw68p2,Active/LinkUp/800G,sys1-ice2-p-swi-bes32,sw37p2,Active/LinkUp/800G
76452,leaf-spine,sys1-ice2-p-swi-bel37,sw69p1,Active/LinkUp/800G,sys1-ice2-p-swi-bes33,sw37p1,Active/LinkUp/800G
76453,leaf-spine,sys1-ice2-p-swi-bel37,sw69p2,Active/LinkUp/800G,sys1-ice2-p-swi-bes33,sw37p2,Active/LinkUp/800G
76454,leaf-spine,sys1-ice2-p-swi-bel37,sw70p1,Active/LinkUp/800G,sys1-ice2-p-swi-bes34,sw37p1,Active/LinkUp/800G
76455,leaf-spine,sys1-ice2-p-swi-bel37,sw70p2,Active/LinkUp/800G,sys1-ice2-p-swi-bes34,sw37p2,Active/LinkUp/800G
76456,leaf-spine,sys1-ice2-p-swi-bel37,sw71p1,Active/LinkUp/800G,sys1-ice2-p-swi-bes35,sw37p1,Active/LinkUp/800G
76457,leaf-spine,sys1-ice2-p-swi-bel37,sw71p2,Active/LinkUp/800G,sys1-ice2-p-swi-bes35,sw37p2,Active/LinkUp/800G
76458,leaf-spine,sys1-ice2-p-swi-bel37,sw72p1,Active/LinkUp/800G,sys1-ice2-p-swi-bes36,sw37p1,Active/LinkUp/800G
76459,leaf-spine,sys1-ice2-p-swi-bel37,sw72p2,Active/LinkUp/800G,sys1-ice2-p-swi-bes36,sw37p2,Active/LinkUp/800G
76460,leaf-spine,sys1-ice2-p-swi-bel38,sw37p1,Active/LinkUp/800G,sys1-ice2-p-swi-bes1,sw38p1,Active/LinkUp/800G
76461,leaf-spine,sys1-ice2-p-swi-bel38,sw37p2,Active/LinkUp/800G,sys1-ice2-p-swi-bes1,sw38p2,Active/LinkUp/800G
76462,leaf-spine,sys1-ice2-p-swi-bel38,sw38p1,Active/LinkUp/800G,sys1-ice2-p-swi-bes2,sw38p1,Active/LinkUp/800G
76463,leaf-spine,sys1-ice2-p-swi-bel38,sw38p2,Active/LinkUp/800G,sys1-ice2-p-swi-bes2,sw38p2,Active/LinkUp/800G
76464,leaf-spine,sys1-ice2-p-swi-bel38,sw39p1,Active/LinkUp/800G,sys1-ice2-p-swi-bes3,sw38p1,Active/LinkUp/800G
76465,leaf-spine,sys1-ice2-p-swi-bel38,sw39p2,Active/LinkUp/800G,sys1-ice2-p-swi-bes3,sw38p2,Active/LinkUp/800G
76466,leaf-spine,sys1-ice2-p-swi-bel38,sw40p1,Active/LinkUp/800G,sys1-ice2-p-swi-bes4,sw38p1,Active/LinkUp/800G
76467,leaf-spine,sys1-ice2-p-swi-bel38,sw40p2,Active/LinkUp/800G,sys1-ice2-p-swi-bes4,sw38p2,Active/LinkUp/800G
76468,leaf-spine,sys1-ice2-p-swi-bel38,sw41p1,Active/LinkUp/800G,sys1-ice2-p-swi-bes5,sw38p1,Active/LinkUp/800G
76469,leaf-spine,sys1-ice2-p-swi-bel38,sw41p2,Active/LinkUp/800G,sys1-ice2-p-swi-bes5,sw38p2,Active/LinkUp/800G
76470,leaf-spine,sys1-ice2-p-swi-bel38,sw42p1,Active/LinkUp/800G,sys1-ice2-p-swi-bes6,sw38p1,Active/LinkUp/800G
76471,leaf-spine,sys1-ice2-p-swi-bel38,sw42p2,Active/LinkUp/800G,sys1-ice2-p-swi-bes6,sw38p2,Active/LinkUp/800G
76472,leaf-spine,sys1-ice2-p-swi-bel38,sw43p1,Active/LinkUp/800G,sys1-ice2-p-swi-bes7,sw38p1,Active/LinkUp/800G
76473,leaf-spine,sys1-ice2-p-swi-bel38,sw43p2,Active/LinkUp/800G,sys1-ice2-p-swi-bes7,sw38p2,Active/LinkUp/800G
76474,leaf-spine,sys1-ice2-p-swi-bel38,sw44p1,Active/LinkUp/800G,sys1-ice2-p-swi-bes8,sw38p1,Active/LinkUp/800G
76475,leaf-spine,sys1-ice2-p-swi-bel38,sw44p2,Active/LinkUp/800G,sys1-ice2-p-swi-bes8,sw38p2,Active/LinkUp/800G
76476,leaf-spine,sys1-ice2-p-swi-bel38,sw45p1,Active/LinkUp/800G,sys1-ice2-p-swi-bes9,sw38p1,Active/LinkUp/800G
76477,leaf-spine,sys1-ice2-p-swi-bel38,sw45p2,Active/LinkUp/800G,sys1-ice2-p-swi-bes9,sw38p2,Active/LinkUp/800G
76478,leaf-spine,sys1-ice2-p-swi-bel38,sw46p1,Active/LinkUp/800G,sys1-ice2-p-swi-bes10,sw38p1,Active/LinkUp/800G
76479,leaf-spine,sys1-ice2-p-swi-bel38,sw46p2,Active/LinkUp/800G,sys1-ice2-p-swi-bes10,sw38p2,Active/LinkUp/800G
76480,leaf-spine,sys1-ice2-p-swi-bel38,sw47p1,Active/LinkUp/800G,sys1-ice2-p-swi-bes11,sw38p1,Active/LinkUp/800G
76481,leaf-spine,sys1-ice2-p-swi-bel38,sw47p2,Active/LinkUp/800G,sys1-ice2-p-swi-bes11,sw38p2,Active/LinkUp/800G
76482,leaf-spine,sys1-ice2-p-swi-bel38,sw48p1,Active/LinkUp/800G,sys1-ice2-p-swi-bes12,sw38p1,Active/LinkUp/800G
76483,leaf-spine,sys1-ice2-p-swi-bel38,sw48p2,Active/LinkUp/800G,sys1-ice2-p-swi-bes12,sw38p2,Active/LinkUp/800G
76484,leaf-spine,sys1-ice2-p-swi-bel38,sw49p1,Active/LinkUp/800G,sys1-ice2-p-swi-bes13,sw38p1,Active/LinkUp/800G
76485,leaf-spine,sys1-ice2-p-swi-bel38,sw49p2,Active/LinkUp/800G,sys1-ice2-p-swi-bes13,sw38p2,Active/LinkUp/800G
76486,leaf-spine,sys1-ice2-p-swi-bel38,sw50p1,Active/LinkUp/800G,sys1-ice2-p-swi-bes14,sw38p1,Active/LinkUp/800G
76487,leaf-spine,sys1-ice2-p-swi-bel38,sw50p2,Active/LinkUp/800G,sys1-ice2-p-swi-bes14,sw38p2,Active/LinkUp/800G
76488,leaf-spine,sys1-ice2-p-swi-bel38,sw51p1,Active/LinkUp/800G,sys1-ice2-p-swi-bes15,sw38p1,Active/LinkUp/800G
76489,leaf-spine,sys1-ice2-p-swi-bel38,sw51p2,Active/LinkUp/800G,sys1-ice2-p-swi-bes15,sw38p2,Active/LinkUp/800G
76490,leaf-spine,sys1-ice2-p-swi-bel38,sw52p1,Active/LinkUp/800G,sys1-ice2-p-swi-bes16,sw38p1,Active/LinkUp/800G
76491,leaf-spine,sys1-ice2-p-swi-bel38,sw52p2,Active/LinkUp/800G,sys1-ice2-p-swi-bes16,sw38p2,Active/LinkUp/800G
76492,leaf-spine,sys1-ice2-p-swi-bel38,sw53p1,Active/LinkUp/800G,sys1-ice2-p-swi-bes17,sw38p1,Active/LinkUp/800G
76493,leaf-spine,sys1-ice2-p-swi-bel38,sw53p2,Active/LinkUp/800G,sys1-ice2-p-swi-bes17,sw38p2,Active/LinkUp/800G
76494,leaf-spine,sys1-ice2-p-swi-bel38,sw54p1,Active/LinkUp/800G,sys1-ice2-p-swi-bes18,sw38p1,Active/LinkUp/800G
76495,leaf-spine,sys1-ice2-p-swi-bel38,sw54p2,Active/LinkUp/800G,sys1-ice2-p-swi-bes18,sw38p2,Active/LinkUp/800G
76496,leaf-spine,sys1-ice2-p-swi-bel38,sw55p1,Active/LinkUp/800G,sys1-ice2-p-swi-bes19,sw38p1,Active/LinkUp/800G
76497,leaf-spine,sys1-ice2-p-swi-bel38,sw55p2,Active/LinkUp/800G,sys1-ice2-p-swi-bes19,sw38p2,Active/LinkUp/800G
76498,leaf-spine,sys1-ice2-p-swi-bel38,sw56p1,Active/LinkUp/800G,sys1-ice2-p-swi-bes20,sw38p1,Active/LinkUp/800G
76499,leaf-spine,sys1-ice2-p-swi-bel38,sw56p2,Active/LinkUp/800G,sys1-ice2-p-swi-bes20,sw38p2,Active/LinkUp/800G
76500,leaf-spine,sys1-ice2-p-swi-bel38,sw57p1,Active/LinkUp/800G,sys1-ice2-p-swi-bes21,sw38p1,Active/LinkUp/800G
76501,leaf-spine,sys1-ice2-p-swi-bel38,sw57p2,Active/LinkUp/800G,sys1-ice2-p-swi-bes21,sw38p2,Active/LinkUp/800G
76502,leaf-spine,sys1-ice2-p-swi-bel38,sw58p1,Active/LinkUp/800G,sys1-ice2-p-swi-bes22,sw38p1,Active/LinkUp/800G
76503,leaf-spine,sys1-ice2-p-swi-bel38,sw58p2,Active/LinkUp/800G,sys1-ice2-p-swi-bes22,sw38p2,Active/LinkUp/800G
76504,leaf-spine,sys1-ice2-p-swi-bel38,sw59p1,Active/LinkUp/800G,sys1-ice2-p-swi-bes23,sw38p1,Active/LinkUp/800G
76505,leaf-spine,sys1-ice2-p-swi-bel38,sw59p2,Active/LinkUp/800G,sys1-ice2-p-swi-bes23,sw38p2,Active/LinkUp/800G
76506,leaf-spine,sys1-ice2-p-swi-bel38,sw60p1,Active/LinkUp/800G,sys1-ice2-p-swi-bes24,sw38p1,Active/LinkUp/800G
76507,leaf-spine,sys1-ice2-p-swi-bel38,sw60p2,Active/LinkUp/800G,sys1-ice2-p-swi-bes24,sw38p2,Active/LinkUp/800G
76508,leaf-spine,sys1-ice2-p-swi-bel38,sw61p1,Active/LinkUp/800G,sys1-ice2-p-swi-bes25,sw38p1,Active/LinkUp/800G
76509,leaf-spine,sys1-ice2-p-swi-bel38,sw61p2,Active/LinkUp/800G,sys1-ice2-p-swi-bes25,sw38p2,Active/LinkUp/800G
76510,leaf-spine,sys1-ice2-p-swi-bel38,sw62p1,Active/LinkUp/800G,sys1-ice2-p-swi-bes26,sw38p1,Active/LinkUp/800G
76511,leaf-spine,sys1-ice2-p-swi-bel38,sw62p2,Active/LinkUp/800G,sys1-ice2-p-swi-bes26,sw38p2,Active/LinkUp/800G
76512,leaf-spine,sys1-ice2-p-swi-bel38,sw63p1,Active/LinkUp/800G,sys1-ice2-p-swi-bes27,sw38p1,Active/LinkUp/800G
76513,leaf-spine,sys1-ice2-p-swi-bel38,sw63p2,Active/LinkUp/800G,sys1-ice2-p-swi-bes27,sw38p2,Active/LinkUp/800G
76514,leaf-spine,sys1-ice2-p-swi-bel38,sw64p1,Active/LinkUp/800G,sys1-ice2-p-swi-bes28,sw38p1,Active/LinkUp/800G
76515,leaf-spine,sys1-ice2-p-swi-bel38,sw64p2,Active/LinkUp/800G,sys1-ice2-p-swi-bes28,sw38p2,Active/LinkUp/800G
76516,leaf-spine,sys1-ice2-p-swi-bel38,sw65p1,Active/LinkUp/800G,sys1-ice2-p-swi-bes29,sw38p1,Active/LinkUp/800G
76517,leaf-spine,sys1-ice2-p-swi-bel38,sw65p2,Active/LinkUp/800G,sys1-ice2-p-swi-bes29,sw38p2,Active/LinkUp/800G
76518,leaf-spine,sys1-ice2-p-swi-bel38,sw66p1,Active/LinkUp/800G,sys1-ice2-p-swi-bes30,sw38p1,Active/LinkUp/800G
76519,leaf-spine,sys1-ice2-p-swi-bel38,sw66p2,Active/LinkUp/800G,sys1-ice2-p-swi-bes30,sw38p2,Active/LinkUp/800G
76520,leaf-spine,sys1-ice2-p-swi-bel38,sw67p1,Active/LinkUp/800G,sys1-ice2-p-swi-bes31,sw38p1,Active/LinkUp/800G
76521,leaf-spine,sys1-ice2-p-swi-bel38,sw67p2,Active/LinkUp/800G,sys1-ice2-p-swi-bes31,sw38p2,Active/LinkUp/800G
76522,leaf-spine,sys1-ice2-p-swi-bel38,sw68p1,Active/LinkUp/800G,sys1-ice2-p-swi-bes32,sw38p1,Active/LinkUp/800G
76523,leaf-spine,sys1-ice2-p-swi-bel38,sw68p2,Active/LinkUp/800G,sys1-ice2-p-swi-bes32,sw38p2,Active/LinkUp/800G
76524,leaf-spine,sys1-ice2-p-swi-bel38,sw69p1,Active/LinkUp/800G,sys1-ice2-p-swi-bes33,sw38p1,Active/LinkUp/800G
76525,leaf-spine,sys1-ice2-p-swi-bel38,sw69p2,Active/LinkUp/800G,sys1-ice2-p-swi-bes33,sw38p2,Active/LinkUp/800G
76526,leaf-spine,sys1-ice2-p-swi-bel38,sw70p1,Active/LinkUp/800G,sys1-ice2-p-swi-bes34,sw38p1,Active/LinkUp/800G
76527,leaf-spine,sys1-ice2-p-swi-bel38,sw70p2,Active/LinkUp/800G,sys1-ice2-p-swi-bes34,sw38p2,Active/LinkUp/800G
76528,leaf-spine,sys1-ice2-p-swi-bel38,sw71p1,Active/LinkUp/800G,sys1-ice2-p-swi-bes35,sw38p1,Active/LinkUp/800G
76529,leaf-spine,sys1-ice2-p-swi-bel38,sw71p2,Active/LinkUp/800G,sys1-ice2-p-swi-bes35,sw38p2,Active/LinkUp/800G
76530,leaf-spine,sys1-ice2-p-swi-bel38,sw72p1,Active/LinkUp/800G,sys1-ice2-p-swi-bes36,sw38p1,Active/LinkUp/800G
76531,leaf-spine,sys1-ice2-p-swi-bel38,sw72p2,Active/LinkUp/800G,sys1-ice2-p-swi-bes36,sw38p2,Active/LinkUp/800G
76532,leaf-spine,sys1-ice2-p-swi-bel39,sw37p1,Active/LinkUp/800G,sys1-ice2-p-swi-bes1,sw39p1,Active/LinkUp/800G
76533,leaf-spine,sys1-ice2-p-swi-bel39,sw37p2,Active/LinkUp/800G,sys1-ice2-p-swi-bes1,sw39p2,Active/LinkUp/800G
76534,leaf-spine,sys1-ice2-p-swi-bel39,sw38p1,Active/LinkUp/800G,sys1-ice2-p-swi-bes2,sw39p1,Active/LinkUp/800G
76535,leaf-spine,sys1-ice2-p-swi-bel39,sw38p2,Active/LinkUp/800G,sys1-ice2-p-swi-bes2,sw39p2,Active/LinkUp/800G
76536,leaf-spine,sys1-ice2-p-swi-bel39,sw39p1,Active/LinkUp/800G,sys1-ice2-p-swi-bes3,sw39p1,Active/LinkUp/800G
76537,leaf-spine,sys1-ice2-p-swi-bel39,sw39p2,Active/LinkUp/800G,sys1-ice2-p-swi-bes3,sw39p2,Active/LinkUp/800G
76538,leaf-spine,sys1-ice2-p-swi-bel39,sw40p1,Active/LinkUp/800G,sys1-ice2-p-swi-bes4,sw39p1,Active/LinkUp/800G
76539,leaf-spine,sys1-ice2-p-swi-bel39,sw40p2,Active/LinkUp/800G,sys1-ice2-p-swi-bes4,sw39p2,Active/LinkUp/800G
76540,leaf-spine,sys1-ice2-p-swi-bel39,sw41p1,Active/LinkUp/800G,sys1-ice2-p-swi-bes5,sw39p1,Active/LinkUp/800G
76541,leaf-spine,sys1-ice2-p-swi-bel39,sw41p2,Active/LinkUp/800G,sys1-ice2-p-swi-bes5,sw39p2,Active/LinkUp/800G
76542,leaf-spine,sys1-ice2-p-swi-bel39,sw42p1,Active/LinkUp/800G,sys1-ice2-p-swi-bes6,sw39p1,Active/LinkUp/800G
76543,leaf-spine,sys1-ice2-p-swi-bel39,sw42p2,Active/LinkUp/800G,sys1-ice2-p-swi-bes6,sw39p2,Active/LinkUp/800G
76544,leaf-spine,sys1-ice2-p-swi-bel39,sw43p1,Active/LinkUp/800G,sys1-ice2-p-swi-bes7,sw39p1,Active/LinkUp/800G
76545,leaf-spine,sys1-ice2-p-swi-bel39,sw43p2,Active/LinkUp/800G,sys1-ice2-p-swi-bes7,sw39p2,Active/LinkUp/800G
76546,leaf-spine,sys1-ice2-p-swi-bel39,sw44p1,Active/LinkUp/800G,sys1-ice2-p-swi-bes8,sw39p1,Active/LinkUp/800G
76547,leaf-spine,sys1-ice2-p-swi-bel39,sw44p2,Active/LinkUp/800G,sys1-ice2-p-swi-bes8,sw39p2,Active/LinkUp/800G
76548,leaf-spine,sys1-ice2-p-swi-bel39,sw45p1,Active/LinkUp/800G,sys1-ice2-p-swi-bes9,sw39p1,Active/LinkUp/800G
76549,leaf-spine,sys1-ice2-p-swi-bel39,sw45p2,Active/LinkUp/800G,sys1-ice2-p-swi-bes9,sw39p2,Active/LinkUp/800G
76550,leaf-spine,sys1-ice2-p-swi-bel39,sw46p1,Active/LinkUp/800G,sys1-ice2-p-swi-bes10,sw39p1,Active/LinkUp/800G
76551,leaf-spine,sys1-ice2-p-swi-bel39,sw46p2,Active/LinkUp/800G,sys1-ice2-p-swi-bes10,sw39p2,Active/LinkUp/800G
76552,leaf-spine,sys1-ice2-p-swi-bel39,sw47p1,Active/LinkUp/800G,sys1-ice2-p-swi-bes11,sw39p1,Active/LinkUp/800G
76553,leaf-spine,sys1-ice2-p-swi-bel39,sw47p2,Active/LinkUp/800G,sys1-ice2-p-swi-bes11,sw39p2,Active/LinkUp/800G
76554,leaf-spine,sys1-ice2-p-swi-bel39,sw48p1,Active/LinkUp/800G,sys1-ice2-p-swi-bes12,sw39p1,Active/LinkUp/800G
76555,leaf-spine,sys1-ice2-p-swi-bel39,sw48p2,Active/LinkUp/800G,sys1-ice2-p-swi-bes12,sw39p2,Active/LinkUp/800G
76556,leaf-spine,sys1-ice2-p-swi-bel39,sw49p1,Active/LinkUp/800G,sys1-ice2-p-swi-bes13,sw39p1,Active/LinkUp/800G
76557,leaf-spine,sys1-ice2-p-swi-bel39,sw49p2,Active/LinkUp/800G,sys1-ice2-p-swi-bes13,sw39p2,Active/LinkUp/800G
76558,leaf-spine,sys1-ice2-p-swi-bel39,sw50p1,Active/LinkUp/800G,sys1-ice2-p-swi-bes14,sw39p1,Active/LinkUp/800G
76559,leaf-spine,sys1-ice2-p-swi-bel39,sw50p2,Active/LinkUp/800G,sys1-ice2-p-swi-bes14,sw39p2,Active/LinkUp/800G
76560,leaf-spine,sys1-ice2-p-swi-bel39,sw51p1,Active/LinkUp/800G,sys1-ice2-p-swi-bes15,sw39p1,Active/LinkUp/800G
76561,leaf-spine,sys1-ice2-p-swi-bel39,sw51p2,Active/LinkUp/800G,sys1-ice2-p-swi-bes15,sw39p2,Active/LinkUp/800G
76562,leaf-spine,sys1-ice2-p-swi-bel39,sw52p1,Active/LinkUp/800G,sys1-ice2-p-swi-bes16,sw39p1,Active/LinkUp/800G
76563,leaf-spine,sys1-ice2-p-swi-bel39,sw52p2,Active/LinkUp/800G,sys1-ice2-p-swi-bes16,sw39p2,Active/LinkUp/800G
76564,leaf-spine,sys1-ice2-p-swi-bel39,sw53p1,Active/LinkUp/800G,sys1-ice2-p-swi-bes17,sw39p1,Active/LinkUp/800G
76565,leaf-spine,sys1-ice2-p-swi-bel39,sw53p2,Active/LinkUp/800G,sys1-ice2-p-swi-bes17,sw39p2,Active/LinkUp/800G
76566,leaf-spine,sys1-ice2-p-swi-bel39,sw54p1,Active/LinkUp/800G,sys1-ice2-p-swi-bes18,sw39p1,Active/LinkUp/800G
76567,leaf-spine,sys1-ice2-p-swi-bel39,sw54p2,Active/LinkUp/800G,sys1-ice2-p-swi-bes18,sw39p2,Active/LinkUp/800G
76568,leaf-spine,sys1-ice2-p-swi-bel39,sw55p1,Active/LinkUp/800G,sys1-ice2-p-swi-bes19,sw39p1,Active/LinkUp/800G
76569,leaf-spine,sys1-ice2-p-swi-bel39,sw55p2,Active/LinkUp/800G,sys1-ice2-p-swi-bes19,sw39p2,Active/LinkUp/800G
76570,leaf-spine,sys1-ice2-p-swi-bel39,sw56p1,Active/LinkUp/800G,sys1-ice2-p-swi-bes20,sw39p1,Active/LinkUp/800G
76571,leaf-spine,sys1-ice2-p-swi-bel39,sw56p2,Active/LinkUp/800G,sys1-ice2-p-swi-bes20,sw39p2,Active/LinkUp/800G
76572,leaf-spine,sys1-ice2-p-swi-bel39,sw57p1,Active/LinkUp/800G,sys1-ice2-p-swi-bes21,sw39p1,Active/LinkUp/800G
76573,leaf-spine,sys1-ice2-p-swi-bel39,sw57p2,Active/LinkUp/800G,sys1-ice2-p-swi-bes21,sw39p2,Active/LinkUp/800G
76574,leaf-spine,sys1-ice2-p-swi-bel39,sw58p1,Active/LinkUp/800G,sys1-ice2-p-swi-bes22,sw39p1,Active/LinkUp/800G
76575,leaf-spine,sys1-ice2-p-swi-bel39,sw58p2,Active/LinkUp/800G,sys1-ice2-p-swi-bes22,sw39p2,Active/LinkUp/800G
76576,leaf-spine,sys1-ice2-p-swi-bel39,sw59p1,Active/LinkUp/800G,sys1-ice2-p-swi-bes23,sw39p1,Active/LinkUp/800G
76577,leaf-spine,sys1-ice2-p-swi-bel39,sw59p2,Active/LinkUp/800G,sys1-ice2-p-swi-bes23,sw39p2,Active/LinkUp/800G
76578,leaf-spine,sys1-ice2-p-swi-bel39,sw60p1,Active/LinkUp/800G,sys1-ice2-p-swi-bes24,sw39p1,Active/LinkUp/800G
76579,leaf-spine,sys1-ice2-p-swi-bel39,sw60p2,Active/LinkUp/800G,sys1-ice2-p-swi-bes24,sw39p2,Active/LinkUp/800G
76580,leaf-spine,sys1-ice2-p-swi-bel39,sw61p1,Active/LinkUp/800G,sys1-ice2-p-swi-bes25,sw39p1,Active/LinkUp/800G
76581,leaf-spine,sys1-ice2-p-swi-bel39,sw61p2,Active/LinkUp/800G,sys1-ice2-p-swi-bes25,sw39p2,Active/LinkUp/800G
76582,leaf-spine,sys1-ice2-p-swi-bel39,sw62p1,Initialize/LinkUp/,sys1-ice2-p-swi-bes26,sw39p1,Initialize/LinkUp/
76583,leaf-spine,sys1-ice2-p-swi-bel39,sw62p2,Active/LinkUp/800G,sys1-ice2-p-swi-bes26,sw39p2,Active/LinkUp/800G
76584,leaf-spine,sys1-ice2-p-swi-bel39,sw63p1,Active/LinkUp/800G,sys1-ice2-p-swi-bes27,sw39p1,Active/LinkUp/800G
76585,leaf-spine,sys1-ice2-p-swi-bel39,sw63p2,Active/LinkUp/800G,sys1-ice2-p-swi-bes27,sw39p2,Active/LinkUp/800G
76586,leaf-spine,sys1-ice2-p-swi-bel39,sw64p1,Active/LinkUp/800G,sys1-ice2-p-swi-bes28,sw39p1,Active/LinkUp/800G
76587,leaf-spine,sys1-ice2-p-swi-bel39,sw64p2,Active/LinkUp/800G,sys1-ice2-p-swi-bes28,sw39p2,Active/LinkUp/800G
76588,leaf-spine,sys1-ice2-p-swi-bel39,sw65p1,Active/LinkUp/800G,sys1-ice2-p-swi-bes29,sw39p1,Active/LinkUp/800G
76589,leaf-spine,sys1-ice2-p-swi-bel39,sw65p2,Active/LinkUp/800G,sys1-ice2-p-swi-bes29,sw39p2,Active/LinkUp/800G
76590,leaf-spine,sys1-ice2-p-swi-bel39,sw66p1,Active/LinkUp/800G,sys1-ice2-p-swi-bes30,sw39p1,Active/LinkUp/800G
76591,leaf-spine,sys1-ice2-p-swi-bel39,sw66p2,Active/LinkUp/800G,sys1-ice2-p-swi-bes30,sw39p2,Active/LinkUp/800G
76592,leaf-spine,sys1-ice2-p-swi-bel39,sw67p1,Active/LinkUp/800G,sys1-ice2-p-swi-bes31,sw39p1,Active/LinkUp/800G
76593,leaf-spine,sys1-ice2-p-swi-bel39,sw67p2,Active/LinkUp/800G,sys1-ice2-p-swi-bes31,sw39p2,Active/LinkUp/800G
76594,leaf-spine,sys1-ice2-p-swi-bel39,sw68p1,Active/LinkUp/800G,sys1-ice2-p-swi-bes32,sw39p1,Active/LinkUp/800G
76595,leaf-spine,sys1-ice2-p-swi-bel39,sw68p2,Active/LinkUp/800G,sys1-ice2-p-swi-bes32,sw39p2,Active/LinkUp/800G
76596,leaf-spine,sys1-ice2-p-swi-bel39,sw69p1,Active/LinkUp/800G,sys1-ice2-p-swi-bes33,sw39p1,Active/LinkUp/800G
76597,leaf-spine,sys1-ice2-p-swi-bel39,sw69p2,Active/LinkUp/800G,sys1-ice2-p-swi-bes33,sw39p2,Active/LinkUp/800G
76598,leaf-spine,sys1-ice2-p-swi-bel39,sw70p1,Active/LinkUp/800G,sys1-ice2-p-swi-bes34,sw39p1,Active/LinkUp/800G
76599,leaf-spine,sys1-ice2-p-swi-bel39,sw70p2,Active/LinkUp/800G,sys1-ice2-p-swi-bes34,sw39p2,Active/LinkUp/800G
76600,leaf-spine,sys1-ice2-p-swi-bel39,sw71p1,Active/LinkUp/800G,sys1-ice2-p-swi-bes35,sw39p1,Active/LinkUp/800G
76601,leaf-spine,sys1-ice2-p-swi-bel39,sw71p2,Active/LinkUp/800G,sys1-ice2-p-swi-bes35,sw39p2,Active/LinkUp/800G
76602,leaf-spine,sys1-ice2-p-swi-bel39,sw72p1,Active/LinkUp/800G,sys1-ice2-p-swi-bes36,sw39p1,Active/LinkUp/800G
76603,leaf-spine,sys1-ice2-p-swi-bel39,sw72p2,Active/LinkUp/800G,sys1-ice2-p-swi-bes36,sw39p2,Active/LinkUp/800G
76604,leaf-spine,sys1-ice2-p-swi-bel40,sw37p1,Active/LinkUp/800G,sys1-ice2-p-swi-bes1,sw40p1,Active/LinkUp/800G
76605,leaf-spine,sys1-ice2-p-swi-bel40,sw37p2,Active/LinkUp/800G,sys1-ice2-p-swi-bes1,sw40p2,Active/LinkUp/800G
76606,leaf-spine,sys1-ice2-p-swi-bel40,sw38p1,Active/LinkUp/800G,sys1-ice2-p-swi-bes2,sw40p1,Active/LinkUp/800G
76607,leaf-spine,sys1-ice2-p-swi-bel40,sw38p2,Active/LinkUp/800G,sys1-ice2-p-swi-bes2,sw40p2,Active/LinkUp/800G
76608,leaf-spine,sys1-ice2-p-swi-bel40,sw39p1,Active/LinkUp/800G,sys1-ice2-p-swi-bes3,sw40p1,Active/LinkUp/800G
76609,leaf-spine,sys1-ice2-p-swi-bel40,sw39p2,Active/LinkUp/800G,sys1-ice2-p-swi-bes3,sw40p2,Active/LinkUp/800G
76610,leaf-spine,sys1-ice2-p-swi-bel40,sw40p1,Active/LinkUp/800G,sys1-ice2-p-swi-bes4,sw40p1,Active/LinkUp/800G
76611,leaf-spine,sys1-ice2-p-swi-bel40,sw40p2,Active/LinkUp/800G,sys1-ice2-p-swi-bes4,sw40p2,Active/LinkUp/800G
76612,leaf-spine,sys1-ice2-p-swi-bel40,sw41p1,Active/LinkUp/800G,sys1-ice2-p-swi-bes5,sw40p1,Active/LinkUp/800G
76613,leaf-spine,sys1-ice2-p-swi-bel40,sw41p2,Active/LinkUp/800G,sys1-ice2-p-swi-bes5,sw40p2,Active/LinkUp/800G
76614,leaf-spine,sys1-ice2-p-swi-bel40,sw42p1,Active/LinkUp/800G,sys1-ice2-p-swi-bes6,sw40p1,Active/LinkUp/800G
76615,leaf-spine,sys1-ice2-p-swi-bel40,sw42p2,Active/LinkUp/800G,sys1-ice2-p-swi-bes6,sw40p2,Active/LinkUp/800G
76616,leaf-spine,sys1-ice2-p-swi-bel40,sw43p1,Active/LinkUp/800G,sys1-ice2-p-swi-bes7,sw40p1,Active/LinkUp/800G
76617,leaf-spine,sys1-ice2-p-swi-bel40,sw43p2,Active/LinkUp/800G,sys1-ice2-p-swi-bes7,sw40p2,Active/LinkUp/800G
76618,leaf-spine,sys1-ice2-p-swi-bel40,sw44p1,Active/LinkUp/800G,sys1-ice2-p-swi-bes8,sw40p1,Active/LinkUp/800G
76619,leaf-spine,sys1-ice2-p-swi-bel40,sw44p2,Active/LinkUp/800G,sys1-ice2-p-swi-bes8,sw40p2,Active/LinkUp/800G
76620,leaf-spine,sys1-ice2-p-swi-bel40,sw45p1,Active/LinkUp/800G,sys1-ice2-p-swi-bes9,sw40p1,Active/LinkUp/800G
76621,leaf-spine,sys1-ice2-p-swi-bel40,sw45p2,Active/LinkUp/800G,sys1-ice2-p-swi-bes9,sw40p2,Active/LinkUp/800G
76622,leaf-spine,sys1-ice2-p-swi-bel40,sw46p1,Active/LinkUp/800G,sys1-ice2-p-swi-bes10,sw40p1,Active/LinkUp/800G
76623,leaf-spine,sys1-ice2-p-swi-bel40,sw46p2,Active/LinkUp/800G,sys1-ice2-p-swi-bes10,sw40p2,Active/LinkUp/800G
76624,leaf-spine,sys1-ice2-p-swi-bel40,sw47p1,Active/LinkUp/800G,sys1-ice2-p-swi-bes11,sw40p1,Active/LinkUp/800G
76625,leaf-spine,sys1-ice2-p-swi-bel40,sw47p2,Active/LinkUp/800G,sys1-ice2-p-swi-bes11,sw40p2,Active/LinkUp/800G
76626,leaf-spine,sys1-ice2-p-swi-bel40,sw48p1,Active/LinkUp/800G,sys1-ice2-p-swi-bes12,sw40p1,Active/LinkUp/800G
76627,leaf-spine,sys1-ice2-p-swi-bel40,sw48p2,Active/LinkUp/800G,sys1-ice2-p-swi-bes12,sw40p2,Active/LinkUp/800G
76628,leaf-spine,sys1-ice2-p-swi-bel40,sw49p1,Active/LinkUp/800G,sys1-ice2-p-swi-bes13,sw40p1,Active/LinkUp/800G
76629,leaf-spine,sys1-ice2-p-swi-bel40,sw49p2,Active/LinkUp/800G,sys1-ice2-p-swi-bes13,sw40p2,Active/LinkUp/800G
76630,leaf-spine,sys1-ice2-p-swi-bel40,sw50p1,Active/LinkUp/800G,sys1-ice2-p-swi-bes14,sw40p1,Active/LinkUp/800G
76631,leaf-spine,sys1-ice2-p-swi-bel40,sw50p2,Active/LinkUp/800G,sys1-ice2-p-swi-bes14,sw40p2,Active/LinkUp/800G
76632,leaf-spine,sys1-ice2-p-swi-bel40,sw51p1,Active/LinkUp/800G,sys1-ice2-p-swi-bes15,sw40p1,Active/LinkUp/800G
76633,leaf-spine,sys1-ice2-p-swi-bel40,sw51p2,Active/LinkUp/800G,sys1-ice2-p-swi-bes15,sw40p2,Active/LinkUp/800G
76634,leaf-spine,sys1-ice2-p-swi-bel40,sw52p1,Active/LinkUp/800G,sys1-ice2-p-swi-bes16,sw40p1,Active/LinkUp/800G
76635,leaf-spine,sys1-ice2-p-swi-bel40,sw52p2,Active/LinkUp/800G,sys1-ice2-p-swi-bes16,sw40p2,Active/LinkUp/800G
76636,leaf-spine,sys1-ice2-p-swi-bel40,sw53p1,Active/LinkUp/800G,sys1-ice2-p-swi-bes17,sw40p1,Active/LinkUp/800G
76637,leaf-spine,sys1-ice2-p-swi-bel40,sw53p2,Active/LinkUp/800G,sys1-ice2-p-swi-bes17,sw40p2,Active/LinkUp/800G
76638,leaf-spine,sys1-ice2-p-swi-bel40,sw54p1,Active/LinkUp/800G,sys1-ice2-p-swi-bes18,sw40p1,Active/LinkUp/800G
76639,leaf-spine,sys1-ice2-p-swi-bel40,sw54p2,Active/LinkUp/800G,sys1-ice2-p-swi-bes18,sw40p2,Active/LinkUp/800G
76640,leaf-spine,sys1-ice2-p-swi-bel40,sw55p1,Active/LinkUp/800G,sys1-ice2-p-swi-bes19,sw40p1,Active/LinkUp/800G
76641,leaf-spine,sys1-ice2-p-swi-bel40,sw55p2,Active/LinkUp/800G,sys1-ice2-p-swi-bes19,sw40p2,Active/LinkUp/800G
76642,leaf-spine,sys1-ice2-p-swi-bel40,sw56p1,Active/LinkUp/800G,sys1-ice2-p-swi-bes20,sw40p1,Active/LinkUp/800G
76643,leaf-spine,sys1-ice2-p-swi-bel40,sw56p2,Active/LinkUp/800G,sys1-ice2-p-swi-bes20,sw40p2,Active/LinkUp/800G
76644,leaf-spine,sys1-ice2-p-swi-bel40,sw57p1,Active/LinkUp/800G,sys1-ice2-p-swi-bes21,sw40p1,Active/LinkUp/800G
76645,leaf-spine,sys1-ice2-p-swi-bel40,sw57p2,Active/LinkUp/800G,sys1-ice2-p-swi-bes21,sw40p2,Active/LinkUp/800G
76646,leaf-spine,sys1-ice2-p-swi-bel40,sw58p1,Active/LinkUp/800G,sys1-ice2-p-swi-bes22,sw40p1,Active/LinkUp/800G
76647,leaf-spine,sys1-ice2-p-swi-bel40,sw58p2,Active/LinkUp/800G,sys1-ice2-p-swi-bes22,sw40p2,Active/LinkUp/800G
76648,leaf-spine,sys1-ice2-p-swi-bel40,sw59p1,Active/LinkUp/800G,sys1-ice2-p-swi-bes23,sw40p1,Active/LinkUp/800G
76649,leaf-spine,sys1-ice2-p-swi-bel40,sw59p2,Active/LinkUp/800G,sys1-ice2-p-swi-bes23,sw40p2,Active/LinkUp/800G
76650,leaf-spine,sys1-ice2-p-swi-bel40,sw60p1,Active/LinkUp/800G,sys1-ice2-p-swi-bes24,sw40p1,Active/LinkUp/800G
76651,leaf-spine,sys1-ice2-p-swi-bel40,sw60p2,Active/LinkUp/800G,sys1-ice2-p-swi-bes24,sw40p2,Active/LinkUp/800G
76652,leaf-spine,sys1-ice2-p-swi-bel40,sw61p1,Active/LinkUp/800G,sys1-ice2-p-swi-bes25,sw40p1,Active/LinkUp/800G
76653,leaf-spine,sys1-ice2-p-swi-bel40,sw61p2,Active/LinkUp/800G,sys1-ice2-p-swi-bes25,sw40p2,Active/LinkUp/800G
76654,leaf-spine,sys1-ice2-p-swi-bel40,sw62p1,Active/LinkUp/800G,sys1-ice2-p-swi-bes26,sw40p1,Active/LinkUp/800G
76655,leaf-spine,sys1-ice2-p-swi-bel40,sw62p2,Active/LinkUp/800G,sys1-ice2-p-swi-bes26,sw40p2,Active/LinkUp/800G
76656,leaf-spine,sys1-ice2-p-swi-bel40,sw63p1,Active/LinkUp/800G,sys1-ice2-p-swi-bes27,sw40p1,Active/LinkUp/800G
76657,leaf-spine,sys1-ice2-p-swi-bel40,sw63p2,Active/LinkUp/800G,sys1-ice2-p-swi-bes27,sw40p2,Active/LinkUp/800G
76658,leaf-spine,sys1-ice2-p-swi-bel40,sw64p1,Active/LinkUp/800G,sys1-ice2-p-swi-bes28,sw40p1,Active/LinkUp/800G
76659,leaf-spine,sys1-ice2-p-swi-bel40,sw64p2,Active/LinkUp/800G,sys1-ice2-p-swi-bes28,sw40p2,Active/LinkUp/800G
76660,leaf-spine,sys1-ice2-p-swi-bel40,sw65p1,Active/LinkUp/800G,sys1-ice2-p-swi-bes29,sw40p1,Active/LinkUp/800G
76661,leaf-spine,sys1-ice2-p-swi-bel40,sw65p2,Active/LinkUp/800G,sys1-ice2-p-swi-bes29,sw40p2,Active/LinkUp/800G
76662,leaf-spine,sys1-ice2-p-swi-bel40,sw66p1,Active/LinkUp/800G,sys1-ice2-p-swi-bes30,sw40p1,Active/LinkUp/800G
76663,leaf-spine,sys1-ice2-p-swi-bel40,sw66p2,Active/LinkUp/800G,sys1-ice2-p-swi-bes30,sw40p2,Active/LinkUp/800G
76664,leaf-spine,sys1-ice2-p-swi-bel40,sw67p1,Active/LinkUp/800G,sys1-ice2-p-swi-bes31,sw40p1,Active/LinkUp/800G
76665,leaf-spine,sys1-ice2-p-swi-bel40,sw67p2,Active/LinkUp/800G,sys1-ice2-p-swi-bes31,sw40p2,Active/LinkUp/800G
76666,leaf-spine,sys1-ice2-p-swi-bel40,sw68p1,Active/LinkUp/800G,sys1-ice2-p-swi-bes32,sw40p1,Active/LinkUp/800G
76667,leaf-spine,sys1-ice2-p-swi-bel40,sw68p2,Active/LinkUp/800G,sys1-ice2-p-swi-bes32,sw40p2,Active/LinkUp/800G
76668,leaf-spine,sys1-ice2-p-swi-bel40,sw69p1,Active/LinkUp/800G,sys1-ice2-p-swi-bes33,sw40p1,Active/LinkUp/800G
76669,leaf-spine,sys1-ice2-p-swi-bel40,sw69p2,Initialize/LinkUp/,sys1-ice2-p-swi-bes33,sw40p2,Initialize/LinkUp/
76670,leaf-spine,sys1-ice2-p-swi-bel40,sw70p1,Active/LinkUp/800G,sys1-ice2-p-swi-bes34,sw40p1,Active/LinkUp/800G
76671,leaf-spine,sys1-ice2-p-swi-bel40,sw70p2,Active/LinkUp/800G,sys1-ice2-p-swi-bes34,sw40p2,Active/LinkUp/800G
76672,leaf-spine,sys1-ice2-p-swi-bel40,sw71p1,Active/LinkUp/800G,sys1-ice2-p-swi-bes35,sw40p1,Active/LinkUp/800G
76673,leaf-spine,sys1-ice2-p-swi-bel40,sw71p2,Active/LinkUp/800G,sys1-ice2-p-swi-bes35,sw40p2,Active/LinkUp/800G
76674,leaf-spine,sys1-ice2-p-swi-bel40,sw72p1,Active/LinkUp/800G,sys1-ice2-p-swi-bes36,sw40p1,Active/LinkUp/800G
76675,leaf-spine,sys1-ice2-p-swi-bel40,sw72p2,Active/LinkUp/800G,sys1-ice2-p-swi-bes36,sw40p2,Active/LinkUp/800G
76676,leaf-spine,sys1-ice2-p-swi-bel41,sw37p1,Active/LinkUp/800G,sys1-ice2-p-swi-bes1,sw41p1,Active/LinkUp/800G
76677,leaf-spine,sys1-ice2-p-swi-bel41,sw37p2,Active/LinkUp/800G,sys1-ice2-p-swi-bes1,sw41p2,Active/LinkUp/800G
76678,leaf-spine,sys1-ice2-p-swi-bel41,sw38p1,Active/LinkUp/800G,sys1-ice2-p-swi-bes2,sw41p1,Active/LinkUp/800G
76679,leaf-spine,sys1-ice2-p-swi-bel41,sw38p2,Active/LinkUp/800G,sys1-ice2-p-swi-bes2,sw41p2,Active/LinkUp/800G
76680,leaf-spine,sys1-ice2-p-swi-bel41,sw39p1,Active/LinkUp/800G,sys1-ice2-p-swi-bes3,sw41p1,Active/LinkUp/800G
76681,leaf-spine,sys1-ice2-p-swi-bel41,sw39p2,Active/LinkUp/800G,sys1-ice2-p-swi-bes3,sw41p2,Active/LinkUp/800G
76682,leaf-spine,sys1-ice2-p-swi-bel41,sw40p1,Active/LinkUp/800G,sys1-ice2-p-swi-bes4,sw41p1,Active/LinkUp/800G
76683,leaf-spine,sys1-ice2-p-swi-bel41,sw40p2,Active/LinkUp/800G,sys1-ice2-p-swi-bes4,sw41p2,Active/LinkUp/800G
76684,leaf-spine,sys1-ice2-p-swi-bel41,sw41p1,Active/LinkUp/800G,sys1-ice2-p-swi-bes5,sw41p1,Active/LinkUp/800G
76685,leaf-spine,sys1-ice2-p-swi-bel41,sw41p2,Active/LinkUp/800G,sys1-ice2-p-swi-bes5,sw41p2,Active/LinkUp/800G
76686,leaf-spine,sys1-ice2-p-swi-bel41,sw42p1,Active/LinkUp/800G,sys1-ice2-p-swi-bes6,sw41p1,Active/LinkUp/800G
76687,leaf-spine,sys1-ice2-p-swi-bel41,sw42p2,Active/LinkUp/800G,sys1-ice2-p-swi-bes6,sw41p2,Active/LinkUp/800G
76688,leaf-spine,sys1-ice2-p-swi-bel41,sw43p1,Active/LinkUp/800G,sys1-ice2-p-swi-bes7,sw41p1,Active/LinkUp/800G
76689,leaf-spine,sys1-ice2-p-swi-bel41,sw43p2,Active/LinkUp/800G,sys1-ice2-p-swi-bes7,sw41p2,Active/LinkUp/800G
76690,leaf-spine,sys1-ice2-p-swi-bel41,sw44p1,Active/LinkUp/800G,sys1-ice2-p-swi-bes8,sw41p1,Active/LinkUp/800G
76691,leaf-spine,sys1-ice2-p-swi-bel41,sw44p2,Active/LinkUp/800G,sys1-ice2-p-swi-bes8,sw41p2,Active/LinkUp/800G
76692,leaf-spine,sys1-ice2-p-swi-bel41,sw45p1,Active/LinkUp/800G,sys1-ice2-p-swi-bes9,sw41p1,Active/LinkUp/800G
76693,leaf-spine,sys1-ice2-p-swi-bel41,sw45p2,Active/LinkUp/800G,sys1-ice2-p-swi-bes9,sw41p2,Active/LinkUp/800G
76694,leaf-spine,sys1-ice2-p-swi-bel41,sw46p1,Active/LinkUp/800G,sys1-ice2-p-swi-bes10,sw41p1,Active/LinkUp/800G
76695,leaf-spine,sys1-ice2-p-swi-bel41,sw46p2,Active/LinkUp/800G,sys1-ice2-p-swi-bes10,sw41p2,Active/LinkUp/800G
76696,leaf-spine,sys1-ice2-p-swi-bel41,sw47p1,Active/LinkUp/800G,sys1-ice2-p-swi-bes11,sw41p1,Active/LinkUp/800G
76697,leaf-spine,sys1-ice2-p-swi-bel41,sw47p2,Active/LinkUp/800G,sys1-ice2-p-swi-bes11,sw41p2,Active/LinkUp/800G
76698,leaf-spine,sys1-ice2-p-swi-bel41,sw48p1,Active/LinkUp/800G,sys1-ice2-p-swi-bes12,sw41p1,Active/LinkUp/800G
76699,leaf-spine,sys1-ice2-p-swi-bel41,sw48p2,Active/LinkUp/800G,sys1-ice2-p-swi-bes12,sw41p2,Active/LinkUp/800G
76700,leaf-spine,sys1-ice2-p-swi-bel41,sw49p1,Active/LinkUp/800G,sys1-ice2-p-swi-bes13,sw41p1,Active/LinkUp/800G
76701,leaf-spine,sys1-ice2-p-swi-bel41,sw49p2,Active/LinkUp/800G,sys1-ice2-p-swi-bes13,sw41p2,Active/LinkUp/800G
76702,leaf-spine,sys1-ice2-p-swi-bel41,sw50p1,Active/LinkUp/800G,sys1-ice2-p-swi-bes14,sw41p1,Active/LinkUp/800G
76703,leaf-spine,sys1-ice2-p-swi-bel41,sw50p2,Active/LinkUp/800G,sys1-ice2-p-swi-bes14,sw41p2,Active/LinkUp/800G
76704,leaf-spine,sys1-ice2-p-swi-bel41,sw51p1,Active/LinkUp/800G,sys1-ice2-p-swi-bes15,sw41p1,Active/LinkUp/800G
76705,leaf-spine,sys1-ice2-p-swi-bel41,sw51p2,Active/LinkUp/800G,sys1-ice2-p-swi-bes15,sw41p2,Active/LinkUp/800G
76706,leaf-spine,sys1-ice2-p-swi-bel41,sw52p1,Active/LinkUp/800G,sys1-ice2-p-swi-bes16,sw41p1,Active/LinkUp/800G
76707,leaf-spine,sys1-ice2-p-swi-bel41,sw52p2,Active/LinkUp/800G,sys1-ice2-p-swi-bes16,sw41p2,Active/LinkUp/800G
76708,leaf-spine,sys1-ice2-p-swi-bel41,sw53p1,Active/LinkUp/800G,sys1-ice2-p-swi-bes17,sw41p1,Active/LinkUp/800G
76709,leaf-spine,sys1-ice2-p-swi-bel41,sw53p2,Active/LinkUp/800G,sys1-ice2-p-swi-bes17,sw41p2,Active/LinkUp/800G
76710,leaf-spine,sys1-ice2-p-swi-bel41,sw54p1,Active/LinkUp/800G,sys1-ice2-p-swi-bes18,sw41p1,Active/LinkUp/800G
76711,leaf-spine,sys1-ice2-p-swi-bel41,sw54p2,Active/LinkUp/800G,sys1-ice2-p-swi-bes18,sw41p2,Active/LinkUp/800G
76712,leaf-spine,sys1-ice2-p-swi-bel41,sw55p1,Active/LinkUp/800G,sys1-ice2-p-swi-bes19,sw41p1,Active/LinkUp/800G
76713,leaf-spine,sys1-ice2-p-swi-bel41,sw55p2,Active/LinkUp/800G,sys1-ice2-p-swi-bes19,sw41p2,Active/LinkUp/800G
76714,leaf-spine,sys1-ice2-p-swi-bel41,sw56p1,Active/LinkUp/800G,sys1-ice2-p-swi-bes20,sw41p1,Active/LinkUp/800G
76715,leaf-spine,sys1-ice2-p-swi-bel41,sw56p2,Active/LinkUp/800G,sys1-ice2-p-swi-bes20,sw41p2,Active/LinkUp/800G
76716,leaf-spine,sys1-ice2-p-swi-bel41,sw57p1,Active/LinkUp/800G,sys1-ice2-p-swi-bes21,sw41p1,Active/LinkUp/800G
76717,leaf-spine,sys1-ice2-p-swi-bel41,sw57p2,Active/LinkUp/800G,sys1-ice2-p-swi-bes21,sw41p2,Active/LinkUp/800G
76718,leaf-spine,sys1-ice2-p-swi-bel41,sw58p1,Active/LinkUp/800G,sys1-ice2-p-swi-bes22,sw41p1,Active/LinkUp/800G
76719,leaf-spine,sys1-ice2-p-swi-bel41,sw58p2,Active/LinkUp/800G,sys1-ice2-p-swi-bes22,sw41p2,Active/LinkUp/800G
76720,leaf-spine,sys1-ice2-p-swi-bel41,sw59p1,Active/LinkUp/800G,sys1-ice2-p-swi-bes23,sw41p1,Active/LinkUp/800G
76721,leaf-spine,sys1-ice2-p-swi-bel41,sw59p2,Active/LinkUp/800G,sys1-ice2-p-swi-bes23,sw41p2,Active/LinkUp/800G
76722,leaf-spine,sys1-ice2-p-swi-bel41,sw60p1,Active/LinkUp/800G,sys1-ice2-p-swi-bes24,sw41p1,Active/LinkUp/800G
76723,leaf-spine,sys1-ice2-p-swi-bel41,sw60p2,Active/LinkUp/800G,sys1-ice2-p-swi-bes24,sw41p2,Active/LinkUp/800G
76724,leaf-spine,sys1-ice2-p-swi-bel41,sw61p1,Active/LinkUp/800G,sys1-ice2-p-swi-bes25,sw41p1,Active/LinkUp/800G
76725,leaf-spine,sys1-ice2-p-swi-bel41,sw61p2,Active/LinkUp/800G,sys1-ice2-p-swi-bes25,sw41p2,Active/LinkUp/800G
76726,leaf-spine,sys1-ice2-p-swi-bel41,sw62p1,Active/LinkUp/800G,sys1-ice2-p-swi-bes26,sw41p1,Active/LinkUp/800G
76727,leaf-spine,sys1-ice2-p-swi-bel41,sw62p2,Active/LinkUp/800G,sys1-ice2-p-swi-bes26,sw41p2,Active/LinkUp/800G
76728,leaf-spine,sys1-ice2-p-swi-bel41,sw63p1,Active/LinkUp/800G,sys1-ice2-p-swi-bes27,sw41p1,Active/LinkUp/800G
76729,leaf-spine,sys1-ice2-p-swi-bel41,sw63p2,Active/LinkUp/800G,sys1-ice2-p-swi-bes27,sw41p2,Active/LinkUp/800G
76730,leaf-spine,sys1-ice2-p-swi-bel41,sw64p1,Active/LinkUp/800G,sys1-ice2-p-swi-bes28,sw41p1,Active/LinkUp/800G
76731,leaf-spine,sys1-ice2-p-swi-bel41,sw64p2,Active/LinkUp/800G,sys1-ice2-p-swi-bes28,sw41p2,Active/LinkUp/800G
76732,leaf-spine,sys1-ice2-p-swi-bel41,sw65p1,Active/LinkUp/800G,sys1-ice2-p-swi-bes29,sw41p1,Active/LinkUp/800G
76733,leaf-spine,sys1-ice2-p-swi-bel41,sw65p2,Active/LinkUp/800G,sys1-ice2-p-swi-bes29,sw41p2,Active/LinkUp/800G
76734,leaf-spine,sys1-ice2-p-swi-bel41,sw66p1,Active/LinkUp/800G,sys1-ice2-p-swi-bes30,sw41p1,Active/LinkUp/800G
76735,leaf-spine,sys1-ice2-p-swi-bel41,sw66p2,Active/LinkUp/800G,sys1-ice2-p-swi-bes30,sw41p2,Active/LinkUp/800G
76736,leaf-spine,sys1-ice2-p-swi-bel41,sw67p1,Active/LinkUp/800G,sys1-ice2-p-swi-bes31,sw41p1,Active/LinkUp/800G
76737,leaf-spine,sys1-ice2-p-swi-bel41,sw67p2,Active/LinkUp/800G,sys1-ice2-p-swi-bes31,sw41p2,Active/LinkUp/800G
76738,leaf-spine,sys1-ice2-p-swi-bel41,sw68p1,Active/LinkUp/800G,sys1-ice2-p-swi-bes32,sw41p1,Active/LinkUp/800G
76739,leaf-spine,sys1-ice2-p-swi-bel41,sw68p2,Active/LinkUp/800G,sys1-ice2-p-swi-bes32,sw41p2,Active/LinkUp/800G
76740,leaf-spine,sys1-ice2-p-swi-bel41,sw69p1,Active/LinkUp/800G,sys1-ice2-p-swi-bes33,sw41p1,Active/LinkUp/800G
76741,leaf-spine,sys1-ice2-p-swi-bel41,sw69p2,Active/LinkUp/800G,sys1-ice2-p-swi-bes33,sw41p2,Active/LinkUp/800G
76742,leaf-spine,sys1-ice2-p-swi-bel41,sw70p1,Active/LinkUp/800G,sys1-ice2-p-swi-bes34,sw41p1,Active/LinkUp/800G
76743,leaf-spine,sys1-ice2-p-swi-bel41,sw70p2,Active/LinkUp/800G,sys1-ice2-p-swi-bes34,sw41p2,Active/LinkUp/800G
76744,leaf-spine,sys1-ice2-p-swi-bel41,sw71p1,Active/LinkUp/800G,sys1-ice2-p-swi-bes35,sw41p1,Active/LinkUp/800G
76745,leaf-spine,sys1-ice2-p-swi-bel41,sw71p2,Active/LinkUp/800G,sys1-ice2-p-swi-bes35,sw41p2,Active/LinkUp/800G
76746,leaf-spine,sys1-ice2-p-swi-bel41,sw72p1,Active/LinkUp/800G,sys1-ice2-p-swi-bes36,sw41p1,Active/LinkUp/800G
76747,leaf-spine,sys1-ice2-p-swi-bel41,sw72p2,Active/LinkUp/800G,sys1-ice2-p-swi-bes36,sw41p2,Active/LinkUp/800G
76748,leaf-spine,sys1-ice2-p-swi-bel42,sw37p1,Active/LinkUp/800G,sys1-ice2-p-swi-bes1,sw42p1,Active/LinkUp/800G
76749,leaf-spine,sys1-ice2-p-swi-bel42,sw37p2,Active/LinkUp/800G,sys1-ice2-p-swi-bes1,sw42p2,Active/LinkUp/800G
76750,leaf-spine,sys1-ice2-p-swi-bel42,sw38p1,Active/LinkUp/800G,sys1-ice2-p-swi-bes2,sw42p1,Active/LinkUp/800G
76751,leaf-spine,sys1-ice2-p-swi-bel42,sw38p2,Active/LinkUp/800G,sys1-ice2-p-swi-bes2,sw42p2,Active/LinkUp/800G
76752,leaf-spine,sys1-ice2-p-swi-bel42,sw39p1,Active/LinkUp/800G,sys1-ice2-p-swi-bes3,sw42p1,Active/LinkUp/800G
76753,leaf-spine,sys1-ice2-p-swi-bel42,sw39p2,Active/LinkUp/800G,sys1-ice2-p-swi-bes3,sw42p2,Active/LinkUp/800G
76754,leaf-spine,sys1-ice2-p-swi-bel42,sw40p1,Active/LinkUp/800G,sys1-ice2-p-swi-bes4,sw42p1,Active/LinkUp/800G
76755,leaf-spine,sys1-ice2-p-swi-bel42,sw40p2,Active/LinkUp/800G,sys1-ice2-p-swi-bes4,sw42p2,Active/LinkUp/800G
76756,leaf-spine,sys1-ice2-p-swi-bel42,sw41p1,Active/LinkUp/800G,sys1-ice2-p-swi-bes5,sw42p1,Active/LinkUp/800G
76757,leaf-spine,sys1-ice2-p-swi-bel42,sw41p2,Active/LinkUp/800G,sys1-ice2-p-swi-bes5,sw42p2,Active/LinkUp/800G
76758,leaf-spine,sys1-ice2-p-swi-bel42,sw42p1,Active/LinkUp/800G,sys1-ice2-p-swi-bes6,sw42p1,Active/LinkUp/800G
76759,leaf-spine,sys1-ice2-p-swi-bel42,sw42p2,Active/LinkUp/800G,sys1-ice2-p-swi-bes6,sw42p2,Active/LinkUp/800G
76760,leaf-spine,sys1-ice2-p-swi-bel42,sw43p1,Active/LinkUp/800G,sys1-ice2-p-swi-bes7,sw42p1,Active/LinkUp/800G
76761,leaf-spine,sys1-ice2-p-swi-bel42,sw43p2,Active/LinkUp/800G,sys1-ice2-p-swi-bes7,sw42p2,Active/LinkUp/800G
76762,leaf-spine,sys1-ice2-p-swi-bel42,sw44p1,Active/LinkUp/800G,sys1-ice2-p-swi-bes8,sw42p1,Active/LinkUp/800G
76763,leaf-spine,sys1-ice2-p-swi-bel42,sw44p2,Active/LinkUp/800G,sys1-ice2-p-swi-bes8,sw42p2,Active/LinkUp/800G
76764,leaf-spine,sys1-ice2-p-swi-bel42,sw45p1,Active/LinkUp/800G,sys1-ice2-p-swi-bes9,sw42p1,Active/LinkUp/800G
76765,leaf-spine,sys1-ice2-p-swi-bel42,sw45p2,Active/LinkUp/800G,sys1-ice2-p-swi-bes9,sw42p2,Active/LinkUp/800G
76766,leaf-spine,sys1-ice2-p-swi-bel42,sw46p1,Active/LinkUp/800G,sys1-ice2-p-swi-bes10,sw42p1,Active/LinkUp/800G
76767,leaf-spine,sys1-ice2-p-swi-bel42,sw46p2,Active/LinkUp/800G,sys1-ice2-p-swi-bes10,sw42p2,Active/LinkUp/800G
76768,leaf-spine,sys1-ice2-p-swi-bel42,sw47p1,Active/LinkUp/800G,sys1-ice2-p-swi-bes11,sw42p1,Active/LinkUp/800G
76769,leaf-spine,sys1-ice2-p-swi-bel42,sw47p2,Active/LinkUp/800G,sys1-ice2-p-swi-bes11,sw42p2,Active/LinkUp/800G
76770,leaf-spine,sys1-ice2-p-swi-bel42,sw48p1,Active/LinkUp/800G,sys1-ice2-p-swi-bes12,sw42p1,Active/LinkUp/800G
76771,leaf-spine,sys1-ice2-p-swi-bel42,sw48p2,Active/LinkUp/800G,sys1-ice2-p-swi-bes12,sw42p2,Active/LinkUp/800G
76772,leaf-spine,sys1-ice2-p-swi-bel42,sw49p1,Active/LinkUp/800G,sys1-ice2-p-swi-bes13,sw42p1,Active/LinkUp/800G
76773,leaf-spine,sys1-ice2-p-swi-bel42,sw49p2,Active/LinkUp/800G,sys1-ice2-p-swi-bes13,sw42p2,Active/LinkUp/800G
76774,leaf-spine,sys1-ice2-p-swi-bel42,sw50p1,Active/LinkUp/800G,sys1-ice2-p-swi-bes14,sw42p1,Active/LinkUp/800G
76775,leaf-spine,sys1-ice2-p-swi-bel42,sw50p2,Active/LinkUp/800G,sys1-ice2-p-swi-bes14,sw42p2,Active/LinkUp/800G
76776,leaf-spine,sys1-ice2-p-swi-bel42,sw51p1,Active/LinkUp/800G,sys1-ice2-p-swi-bes15,sw42p1,Active/LinkUp/800G
76777,leaf-spine,sys1-ice2-p-swi-bel42,sw51p2,Active/LinkUp/800G,sys1-ice2-p-swi-bes15,sw42p2,Active/LinkUp/800G
76778,leaf-spine,sys1-ice2-p-swi-bel42,sw52p1,Active/LinkUp/800G,sys1-ice2-p-swi-bes16,sw42p1,Active/LinkUp/800G
76779,leaf-spine,sys1-ice2-p-swi-bel42,sw52p2,Active/LinkUp/800G,sys1-ice2-p-swi-bes16,sw42p2,Active/LinkUp/800G
76780,leaf-spine,sys1-ice2-p-swi-bel42,sw53p1,Active/LinkUp/800G,sys1-ice2-p-swi-bes17,sw42p1,Active/LinkUp/800G
76781,leaf-spine,sys1-ice2-p-swi-bel42,sw53p2,Active/LinkUp/800G,sys1-ice2-p-swi-bes17,sw42p2,Active/LinkUp/800G
76782,leaf-spine,sys1-ice2-p-swi-bel42,sw54p1,Active/LinkUp/800G,sys1-ice2-p-swi-bes18,sw42p1,Active/LinkUp/800G
76783,leaf-spine,sys1-ice2-p-swi-bel42,sw54p2,Active/LinkUp/800G,sys1-ice2-p-swi-bes18,sw42p2,Active/LinkUp/800G
76784,leaf-spine,sys1-ice2-p-swi-bel42,sw55p1,Active/LinkUp/800G,sys1-ice2-p-swi-bes19,sw42p1,Active/LinkUp/800G
76785,leaf-spine,sys1-ice2-p-swi-bel42,sw55p2,Active/LinkUp/800G,sys1-ice2-p-swi-bes19,sw42p2,Active/LinkUp/800G
76786,leaf-spine,sys1-ice2-p-swi-bel42,sw56p1,Active/LinkUp/800G,sys1-ice2-p-swi-bes20,sw42p1,Active/LinkUp/800G
76787,leaf-spine,sys1-ice2-p-swi-bel42,sw56p2,Active/LinkUp/800G,sys1-ice2-p-swi-bes20,sw42p2,Active/LinkUp/800G
76788,leaf-spine,sys1-ice2-p-swi-bel42,sw57p1,Active/LinkUp/800G,sys1-ice2-p-swi-bes21,sw42p1,Active/LinkUp/800G
76789,leaf-spine,sys1-ice2-p-swi-bel42,sw57p2,Active/LinkUp/800G,sys1-ice2-p-swi-bes21,sw42p2,Active/LinkUp/800G
76790,leaf-spine,sys1-ice2-p-swi-bel42,sw58p1,Active/LinkUp/800G,sys1-ice2-p-swi-bes22,sw42p1,Active/LinkUp/800G
76791,leaf-spine,sys1-ice2-p-swi-bel42,sw58p2,Active/LinkUp/800G,sys1-ice2-p-swi-bes22,sw42p2,Active/LinkUp/800G
76792,leaf-spine,sys1-ice2-p-swi-bel42,sw59p1,Active/LinkUp/800G,sys1-ice2-p-swi-bes23,sw42p1,Active/LinkUp/800G
76793,leaf-spine,sys1-ice2-p-swi-bel42,sw59p2,Active/LinkUp/800G,sys1-ice2-p-swi-bes23,sw42p2,Active/LinkUp/800G
76794,leaf-spine,sys1-ice2-p-swi-bel42,sw60p1,Active/LinkUp/800G,sys1-ice2-p-swi-bes24,sw42p1,Active/LinkUp/800G
76795,leaf-spine,sys1-ice2-p-swi-bel42,sw60p2,Active/LinkUp/800G,sys1-ice2-p-swi-bes24,sw42p2,Active/LinkUp/800G
76796,leaf-spine,sys1-ice2-p-swi-bel42,sw61p1,Active/LinkUp/800G,sys1-ice2-p-swi-bes25,sw42p1,Active/LinkUp/800G
76797,leaf-spine,sys1-ice2-p-swi-bel42,sw61p2,Active/LinkUp/800G,sys1-ice2-p-swi-bes25,sw42p2,Active/LinkUp/800G
76798,leaf-spine,sys1-ice2-p-swi-bel42,sw62p1,Active/LinkUp/800G,sys1-ice2-p-swi-bes26,sw42p1,Active/LinkUp/800G
76799,leaf-spine,sys1-ice2-p-swi-bel42,sw62p2,Active/LinkUp/800G,sys1-ice2-p-swi-bes26,sw42p2,Active/LinkUp/800G
76800,leaf-spine,sys1-ice2-p-swi-bel42,sw63p1,Active/LinkUp/800G,sys1-ice2-p-swi-bes27,sw42p1,Active/LinkUp/800G
76801,leaf-spine,sys1-ice2-p-swi-bel42,sw63p2,Active/LinkUp/800G,sys1-ice2-p-swi-bes27,sw42p2,Active/LinkUp/800G
76802,leaf-spine,sys1-ice2-p-swi-bel42,sw64p1,Active/LinkUp/800G,sys1-ice2-p-swi-bes28,sw42p1,Active/LinkUp/800G
76803,leaf-spine,sys1-ice2-p-swi-bel42,sw64p2,Active/LinkUp/800G,sys1-ice2-p-swi-bes28,sw42p2,Active/LinkUp/800G
76804,leaf-spine,sys1-ice2-p-swi-bel42,sw65p1,Active/LinkUp/800G,sys1-ice2-p-swi-bes29,sw42p1,Active/LinkUp/800G
76805,leaf-spine,sys1-ice2-p-swi-bel42,sw65p2,Active/LinkUp/800G,sys1-ice2-p-swi-bes29,sw42p2,Active/LinkUp/800G
76806,leaf-spine,sys1-ice2-p-swi-bel42,sw66p1,Active/LinkUp/800G,sys1-ice2-p-swi-bes30,sw42p1,Active/LinkUp/800G
76807,leaf-spine,sys1-ice2-p-swi-bel42,sw66p2,Active/LinkUp/800G,sys1-ice2-p-swi-bes30,sw42p2,Active/LinkUp/800G
76808,leaf-spine,sys1-ice2-p-swi-bel42,sw67p1,Active/LinkUp/800G,sys1-ice2-p-swi-bes31,sw42p1,Active/LinkUp/800G
76809,leaf-spine,sys1-ice2-p-swi-bel42,sw67p2,Active/LinkUp/800G,sys1-ice2-p-swi-bes31,sw42p2,Active/LinkUp/800G
76810,leaf-spine,sys1-ice2-p-swi-bel42,sw68p1,Active/LinkUp/800G,sys1-ice2-p-swi-bes32,sw42p1,Active/LinkUp/800G
76811,leaf-spine,sys1-ice2-p-swi-bel42,sw68p2,Active/LinkUp/800G,sys1-ice2-p-swi-bes32,sw42p2,Active/LinkUp/800G
76812,leaf-spine,sys1-ice2-p-swi-bel42,sw69p1,Active/LinkUp/800G,sys1-ice2-p-swi-bes33,sw42p1,Active/LinkUp/800G
76813,leaf-spine,sys1-ice2-p-swi-bel42,sw69p2,Active/LinkUp/800G,sys1-ice2-p-swi-bes33,sw42p2,Active/LinkUp/800G
76814,leaf-spine,sys1-ice2-p-swi-bel42,sw70p1,Active/LinkUp/800G,sys1-ice2-p-swi-bes34,sw42p1,Active/LinkUp/800G
76815,leaf-spine,sys1-ice2-p-swi-bel42,sw70p2,Active/LinkUp/800G,sys1-ice2-p-swi-bes34,sw42p2,Active/LinkUp/800G
76816,leaf-spine,sys1-ice2-p-swi-bel42,sw71p1,Active/LinkUp/800G,sys1-ice2-p-swi-bes35,sw42p1,Active/LinkUp/800G
76817,leaf-spine,sys1-ice2-p-swi-bel42,sw71p2,Active/LinkUp/800G,sys1-ice2-p-swi-bes35,sw42p2,Active/LinkUp/800G
76818,leaf-spine,sys1-ice2-p-swi-bel42,sw72p1,Active/LinkUp/800G,sys1-ice2-p-swi-bes36,sw42p1,Active/LinkUp/800G
76819,leaf-spine,sys1-ice2-p-swi-bel42,sw72p2,Active/LinkUp/800G,sys1-ice2-p-swi-bes36,sw42p2,Active/LinkUp/800G
76820,leaf-spine,sys1-ice2-p-swi-bel43,sw37p1,Active/LinkUp/800G,sys1-ice2-p-swi-bes1,sw43p1,Active/LinkUp/800G
76821,leaf-spine,sys1-ice2-p-swi-bel43,sw37p2,Active/LinkUp/800G,sys1-ice2-p-swi-bes1,sw43p2,Active/LinkUp/800G
76822,leaf-spine,sys1-ice2-p-swi-bel43,sw38p1,Active/LinkUp/800G,sys1-ice2-p-swi-bes2,sw43p1,Active/LinkUp/800G
76823,leaf-spine,sys1-ice2-p-swi-bel43,sw38p2,Active/LinkUp/800G,sys1-ice2-p-swi-bes2,sw43p2,Active/LinkUp/800G
76824,leaf-spine,sys1-ice2-p-swi-bel43,sw39p1,Active/LinkUp/800G,sys1-ice2-p-swi-bes3,sw43p1,Active/LinkUp/800G
76825,leaf-spine,sys1-ice2-p-swi-bel43,sw39p2,Active/LinkUp/800G,sys1-ice2-p-swi-bes3,sw43p2,Active/LinkUp/800G
76826,leaf-spine,sys1-ice2-p-swi-bel43,sw40p1,Active/LinkUp/800G,sys1-ice2-p-swi-bes4,sw43p1,Active/LinkUp/800G
76827,leaf-spine,sys1-ice2-p-swi-bel43,sw40p2,Active/LinkUp/800G,sys1-ice2-p-swi-bes4,sw43p2,Active/LinkUp/800G
76828,leaf-spine,sys1-ice2-p-swi-bel43,sw41p1,Active/LinkUp/800G,sys1-ice2-p-swi-bes5,sw43p1,Active/LinkUp/800G
76829,leaf-spine,sys1-ice2-p-swi-bel43,sw41p2,Active/LinkUp/800G,sys1-ice2-p-swi-bes5,sw43p2,Active/LinkUp/800G
76830,leaf-spine,sys1-ice2-p-swi-bel43,sw42p1,Active/LinkUp/800G,sys1-ice2-p-swi-bes6,sw43p1,Active/LinkUp/800G
76831,leaf-spine,sys1-ice2-p-swi-bel43,sw42p2,Active/LinkUp/800G,sys1-ice2-p-swi-bes6,sw43p2,Active/LinkUp/800G
76832,leaf-spine,sys1-ice2-p-swi-bel43,sw43p1,Active/LinkUp/800G,sys1-ice2-p-swi-bes7,sw43p1,Active/LinkUp/800G
76833,leaf-spine,sys1-ice2-p-swi-bel43,sw43p2,Active/LinkUp/800G,sys1-ice2-p-swi-bes7,sw43p2,Active/LinkUp/800G
76834,leaf-spine,sys1-ice2-p-swi-bel43,sw44p1,Active/LinkUp/800G,sys1-ice2-p-swi-bes8,sw43p1,Active/LinkUp/800G
76835,leaf-spine,sys1-ice2-p-swi-bel43,sw44p2,Active/LinkUp/800G,sys1-ice2-p-swi-bes8,sw43p2,Active/LinkUp/800G
76836,leaf-spine,sys1-ice2-p-swi-bel43,sw45p1,Active/LinkUp/800G,sys1-ice2-p-swi-bes9,sw43p1,Active/LinkUp/800G
76837,leaf-spine,sys1-ice2-p-swi-bel43,sw45p2,Active/LinkUp/800G,sys1-ice2-p-swi-bes9,sw43p2,Active/LinkUp/800G
76838,leaf-spine,sys1-ice2-p-swi-bel43,sw46p1,Active/LinkUp/800G,sys1-ice2-p-swi-bes10,sw43p1,Active/LinkUp/800G
76839,leaf-spine,sys1-ice2-p-swi-bel43,sw46p2,Active/LinkUp/800G,sys1-ice2-p-swi-bes10,sw43p2,Active/LinkUp/800G
76840,leaf-spine,sys1-ice2-p-swi-bel43,sw47p1,Active/LinkUp/800G,sys1-ice2-p-swi-bes11,sw43p1,Active/LinkUp/800G
76841,leaf-spine,sys1-ice2-p-swi-bel43,sw47p2,Active/LinkUp/800G,sys1-ice2-p-swi-bes11,sw43p2,Active/LinkUp/800G
76842,leaf-spine,sys1-ice2-p-swi-bel43,sw48p1,Active/LinkUp/800G,sys1-ice2-p-swi-bes12,sw43p1,Active/LinkUp/800G
76843,leaf-spine,sys1-ice2-p-swi-bel43,sw48p2,Active/LinkUp/800G,sys1-ice2-p-swi-bes12,sw43p2,Active/LinkUp/800G
76844,leaf-spine,sys1-ice2-p-swi-bel43,sw49p1,Active/LinkUp/800G,sys1-ice2-p-swi-bes13,sw43p1,Active/LinkUp/800G
76845,leaf-spine,sys1-ice2-p-swi-bel43,sw49p2,Active/LinkUp/800G,sys1-ice2-p-swi-bes13,sw43p2,Active/LinkUp/800G
76846,leaf-spine,sys1-ice2-p-swi-bel43,sw50p1,Active/LinkUp/800G,sys1-ice2-p-swi-bes14,sw43p1,Active/LinkUp/800G
76847,leaf-spine,sys1-ice2-p-swi-bel43,sw50p2,Active/LinkUp/800G,sys1-ice2-p-swi-bes14,sw43p2,Active/LinkUp/800G
76848,leaf-spine,sys1-ice2-p-swi-bel43,sw51p1,Active/LinkUp/800G,sys1-ice2-p-swi-bes15,sw43p1,Active/LinkUp/800G
76849,leaf-spine,sys1-ice2-p-swi-bel43,sw51p2,Active/LinkUp/800G,sys1-ice2-p-swi-bes15,sw43p2,Active/LinkUp/800G
76850,leaf-spine,sys1-ice2-p-swi-bel43,sw52p1,Active/LinkUp/800G,sys1-ice2-p-swi-bes16,sw43p1,Active/LinkUp/800G
76851,leaf-spine,sys1-ice2-p-swi-bel43,sw52p2,Active/LinkUp/800G,sys1-ice2-p-swi-bes16,sw43p2,Active/LinkUp/800G
76852,leaf-spine,sys1-ice2-p-swi-bel43,sw53p1,Active/LinkUp/800G,sys1-ice2-p-swi-bes17,sw43p1,Active/LinkUp/800G
76853,leaf-spine,sys1-ice2-p-swi-bel43,sw53p2,Active/LinkUp/800G,sys1-ice2-p-swi-bes17,sw43p2,Active/LinkUp/800G
76854,leaf-spine,sys1-ice2-p-swi-bel43,sw54p1,Active/LinkUp/800G,sys1-ice2-p-swi-bes18,sw43p1,Active/LinkUp/800G
76855,leaf-spine,sys1-ice2-p-swi-bel43,sw54p2,Active/LinkUp/800G,sys1-ice2-p-swi-bes18,sw43p2,Active/LinkUp/800G
76856,leaf-spine,sys1-ice2-p-swi-bel43,sw55p1,Active/LinkUp/800G,sys1-ice2-p-swi-bes19,sw43p1,Active/LinkUp/800G
76857,leaf-spine,sys1-ice2-p-swi-bel43,sw55p2,Active/LinkUp/800G,sys1-ice2-p-swi-bes19,sw43p2,Active/LinkUp/800G
76858,leaf-spine,sys1-ice2-p-swi-bel43,sw56p1,Active/LinkUp/800G,sys1-ice2-p-swi-bes20,sw43p1,Active/LinkUp/800G
76859,leaf-spine,sys1-ice2-p-swi-bel43,sw56p2,Active/LinkUp/800G,sys1-ice2-p-swi-bes20,sw43p2,Active/LinkUp/800G
76860,leaf-spine,sys1-ice2-p-swi-bel43,sw57p1,Active/LinkUp/800G,sys1-ice2-p-swi-bes21,sw43p1,Active/LinkUp/800G
76861,leaf-spine,sys1-ice2-p-swi-bel43,sw57p2,Active/LinkUp/800G,sys1-ice2-p-swi-bes21,sw43p2,Active/LinkUp/800G
76862,leaf-spine,sys1-ice2-p-swi-bel43,sw58p1,Active/LinkUp/800G,sys1-ice2-p-swi-bes22,sw43p1,Active/LinkUp/800G
76863,leaf-spine,sys1-ice2-p-swi-bel43,sw58p2,Active/LinkUp/800G,sys1-ice2-p-swi-bes22,sw43p2,Active/LinkUp/800G
76864,leaf-spine,sys1-ice2-p-swi-bel43,sw59p1,Active/LinkUp/800G,sys1-ice2-p-swi-bes23,sw43p1,Active/LinkUp/800G
76865,leaf-spine,sys1-ice2-p-swi-bel43,sw59p2,Active/LinkUp/800G,sys1-ice2-p-swi-bes23,sw43p2,Active/LinkUp/800G
76866,leaf-spine,sys1-ice2-p-swi-bel43,sw60p1,Active/LinkUp/800G,sys1-ice2-p-swi-bes24,sw43p1,Active/LinkUp/800G
76867,leaf-spine,sys1-ice2-p-swi-bel43,sw60p2,Active/LinkUp/800G,sys1-ice2-p-swi-bes24,sw43p2,Active/LinkUp/800G
76868,leaf-spine,sys1-ice2-p-swi-bel43,sw61p1,Active/LinkUp/800G,sys1-ice2-p-swi-bes25,sw43p1,Active/LinkUp/800G
76869,leaf-spine,sys1-ice2-p-swi-bel43,sw61p2,Active/LinkUp/800G,sys1-ice2-p-swi-bes25,sw43p2,Active/LinkUp/800G
76870,leaf-spine,sys1-ice2-p-swi-bel43,sw62p1,Active/LinkUp/800G,sys1-ice2-p-swi-bes26,sw43p1,Active/LinkUp/800G
76871,leaf-spine,sys1-ice2-p-swi-bel43,sw62p2,Active/LinkUp/800G,sys1-ice2-p-swi-bes26,sw43p2,Active/LinkUp/800G
76872,leaf-spine,sys1-ice2-p-swi-bel43,sw63p1,Active/LinkUp/800G,sys1-ice2-p-swi-bes27,sw43p1,Active/LinkUp/800G
76873,leaf-spine,sys1-ice2-p-swi-bel43,sw63p2,Active/LinkUp/800G,sys1-ice2-p-swi-bes27,sw43p2,Active/LinkUp/800G
76874,leaf-spine,sys1-ice2-p-swi-bel43,sw64p1,Active/LinkUp/800G,sys1-ice2-p-swi-bes28,sw43p1,Active/LinkUp/800G
76875,leaf-spine,sys1-ice2-p-swi-bel43,sw64p2,Active/LinkUp/800G,sys1-ice2-p-swi-bes28,sw43p2,Active/LinkUp/800G
76876,leaf-spine,sys1-ice2-p-swi-bel43,sw65p1,Active/LinkUp/800G,sys1-ice2-p-swi-bes29,sw43p1,Active/LinkUp/800G
76877,leaf-spine,sys1-ice2-p-swi-bel43,sw65p2,Active/LinkUp/800G,sys1-ice2-p-swi-bes29,sw43p2,Active/LinkUp/800G
76878,leaf-spine,sys1-ice2-p-swi-bel43,sw66p1,Active/LinkUp/800G,sys1-ice2-p-swi-bes30,sw43p1,Active/LinkUp/800G
76879,leaf-spine,sys1-ice2-p-swi-bel43,sw66p2,Active/LinkUp/800G,sys1-ice2-p-swi-bes30,sw43p2,Active/LinkUp/800G
76880,leaf-spine,sys1-ice2-p-swi-bel43,sw67p1,Active/LinkUp/800G,sys1-ice2-p-swi-bes31,sw43p1,Active/LinkUp/800G
76881,leaf-spine,sys1-ice2-p-swi-bel43,sw67p2,Active/LinkUp/800G,sys1-ice2-p-swi-bes31,sw43p2,Active/LinkUp/800G
76882,leaf-spine,sys1-ice2-p-swi-bel43,sw68p1,Active/LinkUp/800G,sys1-ice2-p-swi-bes32,sw43p1,Active/LinkUp/800G
76883,leaf-spine,sys1-ice2-p-swi-bel43,sw68p2,Active/LinkUp/800G,sys1-ice2-p-swi-bes32,sw43p2,Active/LinkUp/800G
76884,leaf-spine,sys1-ice2-p-swi-bel43,sw69p1,Active/LinkUp/800G,sys1-ice2-p-swi-bes33,sw43p1,Active/LinkUp/800G
76885,leaf-spine,sys1-ice2-p-swi-bel43,sw69p2,Active/LinkUp/800G,sys1-ice2-p-swi-bes33,sw43p2,Active/LinkUp/800G
76886,leaf-spine,sys1-ice2-p-swi-bel43,sw70p1,Active/LinkUp/800G,sys1-ice2-p-swi-bes34,sw43p1,Active/LinkUp/800G
76887,leaf-spine,sys1-ice2-p-swi-bel43,sw70p2,Active/LinkUp/800G,sys1-ice2-p-swi-bes34,sw43p2,Active/LinkUp/800G
76888,leaf-spine,sys1-ice2-p-swi-bel43,sw71p1,Active/LinkUp/800G,sys1-ice2-p-swi-bes35,sw43p1,Active/LinkUp/800G
76889,leaf-spine,sys1-ice2-p-swi-bel43,sw71p2,Active/LinkUp/800G,sys1-ice2-p-swi-bes35,sw43p2,Active/LinkUp/800G
76890,leaf-spine,sys1-ice2-p-swi-bel43,sw72p1,Active/LinkUp/800G,sys1-ice2-p-swi-bes36,sw43p1,Active/LinkUp/800G
76891,leaf-spine,sys1-ice2-p-swi-bel43,sw72p2,Active/LinkUp/800G,sys1-ice2-p-swi-bes36,sw43p2,Active/LinkUp/800G
76892,leaf-spine,sys1-ice2-p-swi-bel44,sw37p1,Active/LinkUp/800G,sys1-ice2-p-swi-bes1,sw44p1,Active/LinkUp/800G
76893,leaf-spine,sys1-ice2-p-swi-bel44,sw37p2,Active/LinkUp/800G,sys1-ice2-p-swi-bes1,sw44p2,Active/LinkUp/800G
76894,leaf-spine,sys1-ice2-p-swi-bel44,sw38p1,Active/LinkUp/800G,sys1-ice2-p-swi-bes2,sw44p1,Active/LinkUp/800G
76895,leaf-spine,sys1-ice2-p-swi-bel44,sw38p2,Active/LinkUp/800G,sys1-ice2-p-swi-bes2,sw44p2,Active/LinkUp/800G
76896,leaf-spine,sys1-ice2-p-swi-bel44,sw39p1,Active/LinkUp/800G,sys1-ice2-p-swi-bes3,sw44p1,Active/LinkUp/800G
76897,leaf-spine,sys1-ice2-p-swi-bel44,sw39p2,Active/LinkUp/800G,sys1-ice2-p-swi-bes3,sw44p2,Active/LinkUp/800G
76898,leaf-spine,sys1-ice2-p-swi-bel44,sw40p1,Active/LinkUp/800G,sys1-ice2-p-swi-bes4,sw44p1,Active/LinkUp/800G
76899,leaf-spine,sys1-ice2-p-swi-bel44,sw40p2,Active/LinkUp/800G,sys1-ice2-p-swi-bes4,sw44p2,Active/LinkUp/800G
76900,leaf-spine,sys1-ice2-p-swi-bel44,sw41p1,Active/LinkUp/800G,sys1-ice2-p-swi-bes5,sw44p1,Active/LinkUp/800G
76901,leaf-spine,sys1-ice2-p-swi-bel44,sw41p2,Active/LinkUp/800G,sys1-ice2-p-swi-bes5,sw44p2,Active/LinkUp/800G
76902,leaf-spine,sys1-ice2-p-swi-bel44,sw42p1,Active/LinkUp/800G,sys1-ice2-p-swi-bes6,sw44p1,Active/LinkUp/800G
76903,leaf-spine,sys1-ice2-p-swi-bel44,sw42p2,Active/LinkUp/800G,sys1-ice2-p-swi-bes6,sw44p2,Active/LinkUp/800G
76904,leaf-spine,sys1-ice2-p-swi-bel44,sw43p1,Active/LinkUp/800G,sys1-ice2-p-swi-bes7,sw44p1,Active/LinkUp/800G
76905,leaf-spine,sys1-ice2-p-swi-bel44,sw43p2,Active/LinkUp/800G,sys1-ice2-p-swi-bes7,sw44p2,Active/LinkUp/800G
76906,leaf-spine,sys1-ice2-p-swi-bel44,sw44p1,Active/LinkUp/800G,sys1-ice2-p-swi-bes8,sw44p1,Active/LinkUp/800G
76907,leaf-spine,sys1-ice2-p-swi-bel44,sw44p2,Active/LinkUp/800G,sys1-ice2-p-swi-bes8,sw44p2,Active/LinkUp/800G
76908,leaf-spine,sys1-ice2-p-swi-bel44,sw45p1,Active/LinkUp/800G,sys1-ice2-p-swi-bes9,sw44p1,Active/LinkUp/800G
76909,leaf-spine,sys1-ice2-p-swi-bel44,sw45p2,Active/LinkUp/800G,sys1-ice2-p-swi-bes9,sw44p2,Active/LinkUp/800G
76910,leaf-spine,sys1-ice2-p-swi-bel44,sw46p1,Active/LinkUp/800G,sys1-ice2-p-swi-bes10,sw44p1,Active/LinkUp/800G
76911,leaf-spine,sys1-ice2-p-swi-bel44,sw46p2,Active/LinkUp/800G,sys1-ice2-p-swi-bes10,sw44p2,Active/LinkUp/800G
76912,leaf-spine,sys1-ice2-p-swi-bel44,sw47p1,Active/LinkUp/800G,sys1-ice2-p-swi-bes11,sw44p1,Active/LinkUp/800G
76913,leaf-spine,sys1-ice2-p-swi-bel44,sw47p2,Active/LinkUp/800G,sys1-ice2-p-swi-bes11,sw44p2,Active/LinkUp/800G
76914,leaf-spine,sys1-ice2-p-swi-bel44,sw48p1,Active/LinkUp/800G,sys1-ice2-p-swi-bes12,sw44p1,Active/LinkUp/800G
76915,leaf-spine,sys1-ice2-p-swi-bel44,sw48p2,Active/LinkUp/800G,sys1-ice2-p-swi-bes12,sw44p2,Active/LinkUp/800G
76916,leaf-spine,sys1-ice2-p-swi-bel44,sw49p1,Active/LinkUp/800G,sys1-ice2-p-swi-bes13,sw44p1,Active/LinkUp/800G
76917,leaf-spine,sys1-ice2-p-swi-bel44,sw49p2,Active/LinkUp/800G,sys1-ice2-p-swi-bes13,sw44p2,Active/LinkUp/800G
76918,leaf-spine,sys1-ice2-p-swi-bel44,sw50p1,Active/LinkUp/800G,sys1-ice2-p-swi-bes14,sw44p1,Active/LinkUp/800G
76919,leaf-spine,sys1-ice2-p-swi-bel44,sw50p2,Active/LinkUp/800G,sys1-ice2-p-swi-bes14,sw44p2,Active/LinkUp/800G
76920,leaf-spine,sys1-ice2-p-swi-bel44,sw51p1,Active/LinkUp/800G,sys1-ice2-p-swi-bes15,sw44p1,Active/LinkUp/800G
76921,leaf-spine,sys1-ice2-p-swi-bel44,sw51p2,Active/LinkUp/800G,sys1-ice2-p-swi-bes15,sw44p2,Active/LinkUp/800G
76922,leaf-spine,sys1-ice2-p-swi-bel44,sw52p1,Active/LinkUp/800G,sys1-ice2-p-swi-bes16,sw44p1,Active/LinkUp/800G
76923,leaf-spine,sys1-ice2-p-swi-bel44,sw52p2,Active/LinkUp/800G,sys1-ice2-p-swi-bes16,sw44p2,Active/LinkUp/800G
76924,leaf-spine,sys1-ice2-p-swi-bel44,sw53p1,Active/LinkUp/800G,sys1-ice2-p-swi-bes17,sw44p1,Active/LinkUp/800G
76925,leaf-spine,sys1-ice2-p-swi-bel44,sw53p2,Active/LinkUp/800G,sys1-ice2-p-swi-bes17,sw44p2,Active/LinkUp/800G
76926,leaf-spine,sys1-ice2-p-swi-bel44,sw54p1,Active/LinkUp/800G,sys1-ice2-p-swi-bes18,sw44p1,Active/LinkUp/800G
76927,leaf-spine,sys1-ice2-p-swi-bel44,sw54p2,Active/LinkUp/800G,sys1-ice2-p-swi-bes18,sw44p2,Active/LinkUp/800G
76928,leaf-spine,sys1-ice2-p-swi-bel44,sw55p1,Active/LinkUp/800G,sys1-ice2-p-swi-bes19,sw44p1,Active/LinkUp/800G
76929,leaf-spine,sys1-ice2-p-swi-bel44,sw55p2,Active/LinkUp/800G,sys1-ice2-p-swi-bes19,sw44p2,Active/LinkUp/800G
76930,leaf-spine,sys1-ice2-p-swi-bel44,sw56p1,Active/LinkUp/800G,sys1-ice2-p-swi-bes20,sw44p1,Active/LinkUp/800G
76931,leaf-spine,sys1-ice2-p-swi-bel44,sw56p2,Active/LinkUp/800G,sys1-ice2-p-swi-bes20,sw44p2,Active/LinkUp/800G
76932,leaf-spine,sys1-ice2-p-swi-bel44,sw57p1,Active/LinkUp/800G,sys1-ice2-p-swi-bes21,sw44p1,Active/LinkUp/800G
76933,leaf-spine,sys1-ice2-p-swi-bel44,sw57p2,Active/LinkUp/800G,sys1-ice2-p-swi-bes21,sw44p2,Active/LinkUp/800G
76934,leaf-spine,sys1-ice2-p-swi-bel44,sw58p1,Active/LinkUp/800G,sys1-ice2-p-swi-bes22,sw44p1,Active/LinkUp/800G
76935,leaf-spine,sys1-ice2-p-swi-bel44,sw58p2,Active/LinkUp/800G,sys1-ice2-p-swi-bes22,sw44p2,Active/LinkUp/800G
76936,leaf-spine,sys1-ice2-p-swi-bel44,sw59p1,Active/LinkUp/800G,sys1-ice2-p-swi-bes23,sw44p1,Active/LinkUp/800G
76937,leaf-spine,sys1-ice2-p-swi-bel44,sw59p2,Active/LinkUp/800G,sys1-ice2-p-swi-bes23,sw44p2,Active/LinkUp/800G
76938,leaf-spine,sys1-ice2-p-swi-bel44,sw60p1,Active/LinkUp/800G,sys1-ice2-p-swi-bes24,sw44p1,Active/LinkUp/800G
76939,leaf-spine,sys1-ice2-p-swi-bel44,sw60p2,Active/LinkUp/800G,sys1-ice2-p-swi-bes24,sw44p2,Active/LinkUp/800G
76940,leaf-spine,sys1-ice2-p-swi-bel44,sw61p1,Active/LinkUp/800G,sys1-ice2-p-swi-bes25,sw44p1,Active/LinkUp/800G
76941,leaf-spine,sys1-ice2-p-swi-bel44,sw61p2,Active/LinkUp/800G,sys1-ice2-p-swi-bes25,sw44p2,Active/LinkUp/800G
76942,leaf-spine,sys1-ice2-p-swi-bel44,sw62p1,Active/LinkUp/800G,sys1-ice2-p-swi-bes26,sw44p1,Active/LinkUp/800G
76943,leaf-spine,sys1-ice2-p-swi-bel44,sw62p2,Active/LinkUp/800G,sys1-ice2-p-swi-bes26,sw44p2,Active/LinkUp/800G
76944,leaf-spine,sys1-ice2-p-swi-bel44,sw63p1,Active/LinkUp/800G,sys1-ice2-p-swi-bes27,sw44p1,Active/LinkUp/800G
76945,leaf-spine,sys1-ice2-p-swi-bel44,sw63p2,Active/LinkUp/800G,sys1-ice2-p-swi-bes27,sw44p2,Active/LinkUp/800G
76946,leaf-spine,sys1-ice2-p-swi-bel44,sw64p1,Active/LinkUp/800G,sys1-ice2-p-swi-bes28,sw44p1,Active/LinkUp/800G
76947,leaf-spine,sys1-ice2-p-swi-bel44,sw64p2,Active/LinkUp/800G,sys1-ice2-p-swi-bes28,sw44p2,Active/LinkUp/800G
76948,leaf-spine,sys1-ice2-p-swi-bel44,sw65p1,Active/LinkUp/800G,sys1-ice2-p-swi-bes29,sw44p1,Active/LinkUp/800G
76949,leaf-spine,sys1-ice2-p-swi-bel44,sw65p2,Active/LinkUp/800G,sys1-ice2-p-swi-bes29,sw44p2,Active/LinkUp/800G
76950,leaf-spine,sys1-ice2-p-swi-bel44,sw66p1,Active/LinkUp/800G,sys1-ice2-p-swi-bes30,sw44p1,Active/LinkUp/800G
76951,leaf-spine,sys1-ice2-p-swi-bel44,sw66p2,Active/LinkUp/800G,sys1-ice2-p-swi-bes30,sw44p2,Active/LinkUp/800G
76952,leaf-spine,sys1-ice2-p-swi-bel44,sw67p1,Active/LinkUp/800G,sys1-ice2-p-swi-bes31,sw44p1,Active/LinkUp/800G
76953,leaf-spine,sys1-ice2-p-swi-bel44,sw67p2,Active/LinkUp/800G,sys1-ice2-p-swi-bes31,sw44p2,Active/LinkUp/800G
76954,leaf-spine,sys1-ice2-p-swi-bel44,sw68p1,Active/LinkUp/800G,sys1-ice2-p-swi-bes32,sw44p1,Active/LinkUp/800G
76955,leaf-spine,sys1-ice2-p-swi-bel44,sw68p2,Active/LinkUp/800G,sys1-ice2-p-swi-bes32,sw44p2,Active/LinkUp/800G
76956,leaf-spine,sys1-ice2-p-swi-bel44,sw69p1,Active/LinkUp/800G,sys1-ice2-p-swi-bes33,sw44p1,Active/LinkUp/800G
76957,leaf-spine,sys1-ice2-p-swi-bel44,sw69p2,Active/LinkUp/800G,sys1-ice2-p-swi-bes33,sw44p2,Active/LinkUp/800G
76958,leaf-spine,sys1-ice2-p-swi-bel44,sw70p1,Active/LinkUp/800G,sys1-ice2-p-swi-bes34,sw44p1,Active/LinkUp/800G
76959,leaf-spine,sys1-ice2-p-swi-bel44,sw70p2,Active/LinkUp/800G,sys1-ice2-p-swi-bes34,sw44p2,Active/LinkUp/800G
76960,leaf-spine,sys1-ice2-p-swi-bel44,sw71p1,Active/LinkUp/800G,sys1-ice2-p-swi-bes35,sw44p1,Active/LinkUp/800G
76961,leaf-spine,sys1-ice2-p-swi-bel44,sw71p2,Active/LinkUp/800G,sys1-ice2-p-swi-bes35,sw44p2,Active/LinkUp/800G
76962,leaf-spine,sys1-ice2-p-swi-bel44,sw72p1,Active/LinkUp/800G,sys1-ice2-p-swi-bes36,sw44p1,Active/LinkUp/800G
76963,leaf-spine,sys1-ice2-p-swi-bel44,sw72p2,Active/LinkUp/800G,sys1-ice2-p-swi-bes36,sw44p2,Active/LinkUp/800G
76964,leaf-spine,sys1-ice2-p-swi-bel45,sw37p1,Active/LinkUp/800G,sys1-ice2-p-swi-bes1,sw45p1,Active/LinkUp/800G
76965,leaf-spine,sys1-ice2-p-swi-bel45,sw37p2,Active/LinkUp/800G,sys1-ice2-p-swi-bes1,sw45p2,Active/LinkUp/800G
76966,leaf-spine,sys1-ice2-p-swi-bel45,sw38p1,Active/LinkUp/800G,sys1-ice2-p-swi-bes2,sw45p1,Active/LinkUp/800G
76967,leaf-spine,sys1-ice2-p-swi-bel45,sw38p2,Active/LinkUp/800G,sys1-ice2-p-swi-bes2,sw45p2,Active/LinkUp/800G
76968,leaf-spine,sys1-ice2-p-swi-bel45,sw39p1,Active/LinkUp/800G,sys1-ice2-p-swi-bes3,sw45p1,Active/LinkUp/800G
76969,leaf-spine,sys1-ice2-p-swi-bel45,sw39p2,Active/LinkUp/800G,sys1-ice2-p-swi-bes3,sw45p2,Active/LinkUp/800G
76970,leaf-spine,sys1-ice2-p-swi-bel45,sw40p1,Active/LinkUp/800G,sys1-ice2-p-swi-bes4,sw45p1,Active/LinkUp/800G
76971,leaf-spine,sys1-ice2-p-swi-bel45,sw40p2,Active/LinkUp/800G,sys1-ice2-p-swi-bes4,sw45p2,Active/LinkUp/800G
76972,leaf-spine,sys1-ice2-p-swi-bel45,sw41p1,Active/LinkUp/800G,sys1-ice2-p-swi-bes5,sw45p1,Active/LinkUp/800G
76973,leaf-spine,sys1-ice2-p-swi-bel45,sw41p2,Active/LinkUp/800G,sys1-ice2-p-swi-bes5,sw45p2,Active/LinkUp/800G
76974,leaf-spine,sys1-ice2-p-swi-bel45,sw42p1,Active/LinkUp/800G,sys1-ice2-p-swi-bes6,sw45p1,Active/LinkUp/800G
76975,leaf-spine,sys1-ice2-p-swi-bel45,sw42p2,Active/LinkUp/800G,sys1-ice2-p-swi-bes6,sw45p2,Active/LinkUp/800G
76976,leaf-spine,sys1-ice2-p-swi-bel45,sw43p1,Active/LinkUp/800G,sys1-ice2-p-swi-bes7,sw45p1,Active/LinkUp/800G
76977,leaf-spine,sys1-ice2-p-swi-bel45,sw43p2,Active/LinkUp/800G,sys1-ice2-p-swi-bes7,sw45p2,Active/LinkUp/800G
76978,leaf-spine,sys1-ice2-p-swi-bel45,sw44p1,Active/LinkUp/800G,sys1-ice2-p-swi-bes8,sw45p1,Active/LinkUp/800G
76979,leaf-spine,sys1-ice2-p-swi-bel45,sw44p2,Active/LinkUp/800G,sys1-ice2-p-swi-bes8,sw45p2,Active/LinkUp/800G
76980,leaf-spine,sys1-ice2-p-swi-bel45,sw45p1,Active/LinkUp/800G,sys1-ice2-p-swi-bes9,sw45p1,Active/LinkUp/800G
76981,leaf-spine,sys1-ice2-p-swi-bel45,sw45p2,Active/LinkUp/800G,sys1-ice2-p-swi-bes9,sw45p2,Active/LinkUp/800G
76982,leaf-spine,sys1-ice2-p-swi-bel45,sw46p1,Active/LinkUp/800G,sys1-ice2-p-swi-bes10,sw45p1,Active/LinkUp/800G
76983,leaf-spine,sys1-ice2-p-swi-bel45,sw46p2,Active/LinkUp/800G,sys1-ice2-p-swi-bes10,sw45p2,Active/LinkUp/800G
76984,leaf-spine,sys1-ice2-p-swi-bel45,sw47p1,Active/LinkUp/800G,sys1-ice2-p-swi-bes11,sw45p1,Active/LinkUp/800G
76985,leaf-spine,sys1-ice2-p-swi-bel45,sw47p2,Active/LinkUp/800G,sys1-ice2-p-swi-bes11,sw45p2,Active/LinkUp/800G
76986,leaf-spine,sys1-ice2-p-swi-bel45,sw48p1,Active/LinkUp/800G,sys1-ice2-p-swi-bes12,sw45p1,Active/LinkUp/800G
76987,leaf-spine,sys1-ice2-p-swi-bel45,sw48p2,Active/LinkUp/800G,sys1-ice2-p-swi-bes12,sw45p2,Active/LinkUp/800G
76988,leaf-spine,sys1-ice2-p-swi-bel45,sw49p1,Active/LinkUp/800G,sys1-ice2-p-swi-bes13,sw45p1,Active/LinkUp/800G
76989,leaf-spine,sys1-ice2-p-swi-bel45,sw49p2,Active/LinkUp/800G,sys1-ice2-p-swi-bes13,sw45p2,Active/LinkUp/800G
76990,leaf-spine,sys1-ice2-p-swi-bel45,sw50p1,Active/LinkUp/800G,sys1-ice2-p-swi-bes14,sw45p1,Active/LinkUp/800G
76991,leaf-spine,sys1-ice2-p-swi-bel45,sw50p2,Active/LinkUp/800G,sys1-ice2-p-swi-bes14,sw45p2,Active/LinkUp/800G
76992,leaf-spine,sys1-ice2-p-swi-bel45,sw51p1,Active/LinkUp/800G,sys1-ice2-p-swi-bes15,sw45p1,Active/LinkUp/800G
76993,leaf-spine,sys1-ice2-p-swi-bel45,sw51p2,Active/LinkUp/800G,sys1-ice2-p-swi-bes15,sw45p2,Active/LinkUp/800G
76994,leaf-spine,sys1-ice2-p-swi-bel45,sw52p1,Active/LinkUp/800G,sys1-ice2-p-swi-bes16,sw45p1,Active/LinkUp/800G
76995,leaf-spine,sys1-ice2-p-swi-bel45,sw52p2,Active/LinkUp/800G,sys1-ice2-p-swi-bes16,sw45p2,Active/LinkUp/800G
76996,leaf-spine,sys1-ice2-p-swi-bel45,sw53p1,Active/LinkUp/800G,sys1-ice2-p-swi-bes17,sw45p1,Active/LinkUp/800G
76997,leaf-spine,sys1-ice2-p-swi-bel45,sw53p2,Active/LinkUp/800G,sys1-ice2-p-swi-bes17,sw45p2,Active/LinkUp/800G
76998,leaf-spine,sys1-ice2-p-swi-bel45,sw54p1,Active/LinkUp/800G,sys1-ice2-p-swi-bes18,sw45p1,Active/LinkUp/800G
76999,leaf-spine,sys1-ice2-p-swi-bel45,sw54p2,Active/LinkUp/800G,sys1-ice2-p-swi-bes18,sw45p2,Active/LinkUp/800G
77000,leaf-spine,sys1-ice2-p-swi-bel45,sw55p1,Active/LinkUp/800G,sys1-ice2-p-swi-bes19,sw45p1,Active/LinkUp/800G
77001,leaf-spine,sys1-ice2-p-swi-bel45,sw55p2,Active/LinkUp/800G,sys1-ice2-p-swi-bes19,sw45p2,Active/LinkUp/800G
77002,leaf-spine,sys1-ice2-p-swi-bel45,sw56p1,Active/LinkUp/800G,sys1-ice2-p-swi-bes20,sw45p1,Active/LinkUp/800G
77003,leaf-spine,sys1-ice2-p-swi-bel45,sw56p2,Active/LinkUp/800G,sys1-ice2-p-swi-bes20,sw45p2,Active/LinkUp/800G
77004,leaf-spine,sys1-ice2-p-swi-bel45,sw57p1,Active/LinkUp/800G,sys1-ice2-p-swi-bes21,sw45p1,Active/LinkUp/800G
77005,leaf-spine,sys1-ice2-p-swi-bel45,sw57p2,Active/LinkUp/800G,sys1-ice2-p-swi-bes21,sw45p2,Active/LinkUp/800G
77006,leaf-spine,sys1-ice2-p-swi-bel45,sw58p1,Active/LinkUp/800G,sys1-ice2-p-swi-bes22,sw45p1,Active/LinkUp/800G
77007,leaf-spine,sys1-ice2-p-swi-bel45,sw58p2,Active/LinkUp/800G,sys1-ice2-p-swi-bes22,sw45p2,Active/LinkUp/800G
77008,leaf-spine,sys1-ice2-p-swi-bel45,sw59p1,Active/LinkUp/800G,sys1-ice2-p-swi-bes23,sw45p1,Active/LinkUp/800G
77009,leaf-spine,sys1-ice2-p-swi-bel45,sw59p2,Active/LinkUp/800G,sys1-ice2-p-swi-bes23,sw45p2,Active/LinkUp/800G
77010,leaf-spine,sys1-ice2-p-swi-bel45,sw60p1,Active/LinkUp/800G,sys1-ice2-p-swi-bes24,sw45p1,Active/LinkUp/800G
77011,leaf-spine,sys1-ice2-p-swi-bel45,sw60p2,Active/LinkUp/800G,sys1-ice2-p-swi-bes24,sw45p2,Active/LinkUp/800G
77012,leaf-spine,sys1-ice2-p-swi-bel45,sw61p1,Active/LinkUp/800G,sys1-ice2-p-swi-bes25,sw45p1,Active/LinkUp/800G
77013,leaf-spine,sys1-ice2-p-swi-bel45,sw61p2,Active/LinkUp/800G,sys1-ice2-p-swi-bes25,sw45p2,Active/LinkUp/800G
77014,leaf-spine,sys1-ice2-p-swi-bel45,sw62p1,Active/LinkUp/800G,sys1-ice2-p-swi-bes26,sw45p1,Active/LinkUp/800G
77015,leaf-spine,sys1-ice2-p-swi-bel45,sw62p2,Active/LinkUp/800G,sys1-ice2-p-swi-bes26,sw45p2,Active/LinkUp/800G
77016,leaf-spine,sys1-ice2-p-swi-bel45,sw63p1,Active/LinkUp/800G,sys1-ice2-p-swi-bes27,sw45p1,Active/LinkUp/800G
77017,leaf-spine,sys1-ice2-p-swi-bel45,sw63p2,Initialize/LinkUp/,sys1-ice2-p-swi-bes27,sw45p2,Initialize/LinkUp/
77018,leaf-spine,sys1-ice2-p-swi-bel45,sw64p1,Active/LinkUp/800G,sys1-ice2-p-swi-bes28,sw45p1,Active/LinkUp/800G
77019,leaf-spine,sys1-ice2-p-swi-bel45,sw64p2,Active/LinkUp/800G,sys1-ice2-p-swi-bes28,sw45p2,Active/LinkUp/800G
77020,leaf-spine,sys1-ice2-p-swi-bel45,sw65p1,Active/LinkUp/800G,sys1-ice2-p-swi-bes29,sw45p1,Active/LinkUp/800G
77021,leaf-spine,sys1-ice2-p-swi-bel45,sw65p2,Active/LinkUp/800G,sys1-ice2-p-swi-bes29,sw45p2,Active/LinkUp/800G
77022,leaf-spine,sys1-ice2-p-swi-bel45,sw66p1,Active/LinkUp/800G,sys1-ice2-p-swi-bes30,sw45p1,Active/LinkUp/800G
77023,leaf-spine,sys1-ice2-p-swi-bel45,sw66p2,Active/LinkUp/800G,sys1-ice2-p-swi-bes30,sw45p2,Active/LinkUp/800G
77024,leaf-spine,sys1-ice2-p-swi-bel45,sw67p1,Active/LinkUp/800G,sys1-ice2-p-swi-bes31,sw45p1,Active/LinkUp/800G
77025,leaf-spine,sys1-ice2-p-swi-bel45,sw67p2,Active/LinkUp/800G,sys1-ice2-p-swi-bes31,sw45p2,Active/LinkUp/800G
77026,leaf-spine,sys1-ice2-p-swi-bel45,sw68p1,Active/LinkUp/800G,sys1-ice2-p-swi-bes32,sw45p1,Active/LinkUp/800G
77027,leaf-spine,sys1-ice2-p-swi-bel45,sw68p2,Active/LinkUp/800G,sys1-ice2-p-swi-bes32,sw45p2,Active/LinkUp/800G
77028,leaf-spine,sys1-ice2-p-swi-bel45,sw69p1,Active/LinkUp/800G,sys1-ice2-p-swi-bes33,sw45p1,Active/LinkUp/800G
77029,leaf-spine,sys1-ice2-p-swi-bel45,sw69p2,Active/LinkUp/800G,sys1-ice2-p-swi-bes33,sw45p2,Active/LinkUp/800G
77030,leaf-spine,sys1-ice2-p-swi-bel45,sw70p1,Active/LinkUp/800G,sys1-ice2-p-swi-bes34,sw45p1,Active/LinkUp/800G
77031,leaf-spine,sys1-ice2-p-swi-bel45,sw70p2,Active/LinkUp/800G,sys1-ice2-p-swi-bes34,sw45p2,Active/LinkUp/800G
77032,leaf-spine,sys1-ice2-p-swi-bel45,sw71p1,Active/LinkUp/800G,sys1-ice2-p-swi-bes35,sw45p1,Active/LinkUp/800G
77033,leaf-spine,sys1-ice2-p-swi-bel45,sw71p2,Active/LinkUp/800G,sys1-ice2-p-swi-bes35,sw45p2,Active/LinkUp/800G
77034,leaf-spine,sys1-ice2-p-swi-bel45,sw72p1,Active/LinkUp/800G,sys1-ice2-p-swi-bes36,sw45p1,Active/LinkUp/800G
77035,leaf-spine,sys1-ice2-p-swi-bel45,sw72p2,Active/LinkUp/800G,sys1-ice2-p-swi-bes36,sw45p2,Active/LinkUp/800G
77036,leaf-spine,sys1-ice2-p-swi-bel46,sw37p1,Active/LinkUp/800G,sys1-ice2-p-swi-bes1,sw46p1,Active/LinkUp/800G
77037,leaf-spine,sys1-ice2-p-swi-bel46,sw37p2,Active/LinkUp/800G,sys1-ice2-p-swi-bes1,sw46p2,Active/LinkUp/800G
77038,leaf-spine,sys1-ice2-p-swi-bel46,sw38p1,Active/LinkUp/800G,sys1-ice2-p-swi-bes2,sw46p1,Active/LinkUp/800G
77039,leaf-spine,sys1-ice2-p-swi-bel46,sw38p2,Active/LinkUp/800G,sys1-ice2-p-swi-bes2,sw46p2,Active/LinkUp/800G
77040,leaf-spine,sys1-ice2-p-swi-bel46,sw39p1,Active/LinkUp/800G,sys1-ice2-p-swi-bes3,sw46p1,Active/LinkUp/800G
77041,leaf-spine,sys1-ice2-p-swi-bel46,sw39p2,Active/LinkUp/800G,sys1-ice2-p-swi-bes3,sw46p2,Active/LinkUp/800G
77042,leaf-spine,sys1-ice2-p-swi-bel46,sw40p1,Active/LinkUp/800G,sys1-ice2-p-swi-bes4,sw46p1,Active/LinkUp/800G
77043,leaf-spine,sys1-ice2-p-swi-bel46,sw40p2,Active/LinkUp/800G,sys1-ice2-p-swi-bes4,sw46p2,Active/LinkUp/800G
77044,leaf-spine,sys1-ice2-p-swi-bel46,sw41p1,Active/LinkUp/800G,sys1-ice2-p-swi-bes5,sw46p1,Active/LinkUp/800G
77045,leaf-spine,sys1-ice2-p-swi-bel46,sw41p2,Active/LinkUp/800G,sys1-ice2-p-swi-bes5,sw46p2,Active/LinkUp/800G
77046,leaf-spine,sys1-ice2-p-swi-bel46,sw42p1,Active/LinkUp/800G,sys1-ice2-p-swi-bes6,sw46p1,Active/LinkUp/800G
77047,leaf-spine,sys1-ice2-p-swi-bel46,sw42p2,Active/LinkUp/800G,sys1-ice2-p-swi-bes6,sw46p2,Active/LinkUp/800G
77048,leaf-spine,sys1-ice2-p-swi-bel46,sw43p1,Active/LinkUp/800G,sys1-ice2-p-swi-bes7,sw46p1,Active/LinkUp/800G
77049,leaf-spine,sys1-ice2-p-swi-bel46,sw43p2,Active/LinkUp/800G,sys1-ice2-p-swi-bes7,sw46p2,Active/LinkUp/800G
77050,leaf-spine,sys1-ice2-p-swi-bel46,sw44p1,Active/LinkUp/800G,sys1-ice2-p-swi-bes8,sw46p1,Active/LinkUp/800G
77051,leaf-spine,sys1-ice2-p-swi-bel46,sw44p2,Active/LinkUp/800G,sys1-ice2-p-swi-bes8,sw46p2,Active/LinkUp/800G
77052,leaf-spine,sys1-ice2-p-swi-bel46,sw45p1,Active/LinkUp/800G,sys1-ice2-p-swi-bes9,sw46p1,Active/LinkUp/800G
77053,leaf-spine,sys1-ice2-p-swi-bel46,sw45p2,Active/LinkUp/800G,sys1-ice2-p-swi-bes9,sw46p2,Active/LinkUp/800G
77054,leaf-spine,sys1-ice2-p-swi-bel46,sw46p1,Active/LinkUp/800G,sys1-ice2-p-swi-bes10,sw46p1,Active/LinkUp/800G
77055,leaf-spine,sys1-ice2-p-swi-bel46,sw46p2,Active/LinkUp/800G,sys1-ice2-p-swi-bes10,sw46p2,Active/LinkUp/800G
77056,leaf-spine,sys1-ice2-p-swi-bel46,sw47p1,Active/LinkUp/800G,sys1-ice2-p-swi-bes11,sw46p1,Active/LinkUp/800G
77057,leaf-spine,sys1-ice2-p-swi-bel46,sw47p2,Active/LinkUp/800G,sys1-ice2-p-swi-bes11,sw46p2,Active/LinkUp/800G
77058,leaf-spine,sys1-ice2-p-swi-bel46,sw48p1,Active/LinkUp/800G,sys1-ice2-p-swi-bes12,sw46p1,Active/LinkUp/800G
77059,leaf-spine,sys1-ice2-p-swi-bel46,sw48p2,Active/LinkUp/800G,sys1-ice2-p-swi-bes12,sw46p2,Active/LinkUp/800G
77060,leaf-spine,sys1-ice2-p-swi-bel46,sw49p1,Active/LinkUp/800G,sys1-ice2-p-swi-bes13,sw46p1,Active/LinkUp/800G
77061,leaf-spine,sys1-ice2-p-swi-bel46,sw49p2,Active/LinkUp/800G,sys1-ice2-p-swi-bes13,sw46p2,Active/LinkUp/800G
77062,leaf-spine,sys1-ice2-p-swi-bel46,sw50p1,Active/LinkUp/800G,sys1-ice2-p-swi-bes14,sw46p1,Active/LinkUp/800G
77063,leaf-spine,sys1-ice2-p-swi-bel46,sw50p2,Active/LinkUp/800G,sys1-ice2-p-swi-bes14,sw46p2,Active/LinkUp/800G
77064,leaf-spine,sys1-ice2-p-swi-bel46,sw51p1,Active/LinkUp/800G,sys1-ice2-p-swi-bes15,sw46p1,Active/LinkUp/800G
77065,leaf-spine,sys1-ice2-p-swi-bel46,sw51p2,Active/LinkUp/800G,sys1-ice2-p-swi-bes15,sw46p2,Active/LinkUp/800G
77066,leaf-spine,sys1-ice2-p-swi-bel46,sw52p1,Active/LinkUp/800G,sys1-ice2-p-swi-bes16,sw46p1,Active/LinkUp/800G
77067,leaf-spine,sys1-ice2-p-swi-bel46,sw52p2,Active/LinkUp/800G,sys1-ice2-p-swi-bes16,sw46p2,Active/LinkUp/800G
77068,leaf-spine,sys1-ice2-p-swi-bel46,sw53p1,Active/LinkUp/800G,sys1-ice2-p-swi-bes17,sw46p1,Active/LinkUp/800G
77069,leaf-spine,sys1-ice2-p-swi-bel46,sw53p2,Active/LinkUp/800G,sys1-ice2-p-swi-bes17,sw46p2,Active/LinkUp/800G
77070,leaf-spine,sys1-ice2-p-swi-bel46,sw54p1,Active/LinkUp/800G,sys1-ice2-p-swi-bes18,sw46p1,Active/LinkUp/800G
77071,leaf-spine,sys1-ice2-p-swi-bel46,sw54p2,Active/LinkUp/800G,sys1-ice2-p-swi-bes18,sw46p2,Active/LinkUp/800G
77072,leaf-spine,sys1-ice2-p-swi-bel46,sw55p1,Active/LinkUp/800G,sys1-ice2-p-swi-bes19,sw46p1,Active/LinkUp/800G
77073,leaf-spine,sys1-ice2-p-swi-bel46,sw55p2,Active/LinkUp/800G,sys1-ice2-p-swi-bes19,sw46p2,Active/LinkUp/800G
77074,leaf-spine,sys1-ice2-p-swi-bel46,sw56p1,Active/LinkUp/800G,sys1-ice2-p-swi-bes20,sw46p1,Active/LinkUp/800G
77075,leaf-spine,sys1-ice2-p-swi-bel46,sw56p2,Active/LinkUp/800G,sys1-ice2-p-swi-bes20,sw46p2,Active/LinkUp/800G
77076,leaf-spine,sys1-ice2-p-swi-bel46,sw57p1,Active/LinkUp/800G,sys1-ice2-p-swi-bes21,sw46p1,Active/LinkUp/800G
77077,leaf-spine,sys1-ice2-p-swi-bel46,sw57p2,Active/LinkUp/800G,sys1-ice2-p-swi-bes21,sw46p2,Active/LinkUp/800G
77078,leaf-spine,sys1-ice2-p-swi-bel46,sw58p1,Active/LinkUp/800G,sys1-ice2-p-swi-bes22,sw46p1,Active/LinkUp/800G
77079,leaf-spine,sys1-ice2-p-swi-bel46,sw58p2,Active/LinkUp/800G,sys1-ice2-p-swi-bes22,sw46p2,Active/LinkUp/800G
77080,leaf-spine,sys1-ice2-p-swi-bel46,sw59p1,Active/LinkUp/800G,sys1-ice2-p-swi-bes23,sw46p1,Active/LinkUp/800G
77081,leaf-spine,sys1-ice2-p-swi-bel46,sw59p2,Active/LinkUp/800G,sys1-ice2-p-swi-bes23,sw46p2,Active/LinkUp/800G
77082,leaf-spine,sys1-ice2-p-swi-bel46,sw60p1,Active/LinkUp/800G,sys1-ice2-p-swi-bes24,sw46p1,Active/LinkUp/800G
77083,leaf-spine,sys1-ice2-p-swi-bel46,sw60p2,Active/LinkUp/800G,sys1-ice2-p-swi-bes24,sw46p2,Active/LinkUp/800G
77084,leaf-spine,sys1-ice2-p-swi-bel46,sw61p1,Active/LinkUp/800G,sys1-ice2-p-swi-bes25,sw46p1,Active/LinkUp/800G
77085,leaf-spine,sys1-ice2-p-swi-bel46,sw61p2,Active/LinkUp/800G,sys1-ice2-p-swi-bes25,sw46p2,Active/LinkUp/800G
77086,leaf-spine,sys1-ice2-p-swi-bel46,sw62p1,Active/LinkUp/800G,sys1-ice2-p-swi-bes26,sw46p1,Active/LinkUp/800G
77087,leaf-spine,sys1-ice2-p-swi-bel46,sw62p2,Active/LinkUp/800G,sys1-ice2-p-swi-bes26,sw46p2,Active/LinkUp/800G
77088,leaf-spine,sys1-ice2-p-swi-bel46,sw63p1,Active/LinkUp/800G,sys1-ice2-p-swi-bes27,sw46p1,Active/LinkUp/800G
77089,leaf-spine,sys1-ice2-p-swi-bel46,sw63p2,Active/LinkUp/800G,sys1-ice2-p-swi-bes27,sw46p2,Active/LinkUp/800G
77090,leaf-spine,sys1-ice2-p-swi-bel46,sw64p1,Active/LinkUp/800G,sys1-ice2-p-swi-bes28,sw46p1,Active/LinkUp/800G
77091,leaf-spine,sys1-ice2-p-swi-bel46,sw64p2,Active/LinkUp/800G,sys1-ice2-p-swi-bes28,sw46p2,Active/LinkUp/800G
77092,leaf-spine,sys1-ice2-p-swi-bel46,sw65p1,Active/LinkUp/800G,sys1-ice2-p-swi-bes29,sw46p1,Active/LinkUp/800G
77093,leaf-spine,sys1-ice2-p-swi-bel46,sw65p2,Active/LinkUp/800G,sys1-ice2-p-swi-bes29,sw46p2,Active/LinkUp/800G
77094,leaf-spine,sys1-ice2-p-swi-bel46,sw66p1,Active/LinkUp/800G,sys1-ice2-p-swi-bes30,sw46p1,Active/LinkUp/800G
77095,leaf-spine,sys1-ice2-p-swi-bel46,sw66p2,Active/LinkUp/800G,sys1-ice2-p-swi-bes30,sw46p2,Active/LinkUp/800G
77096,leaf-spine,sys1-ice2-p-swi-bel46,sw67p1,Active/LinkUp/800G,sys1-ice2-p-swi-bes31,sw46p1,Active/LinkUp/800G
77097,leaf-spine,sys1-ice2-p-swi-bel46,sw67p2,Active/LinkUp/800G,sys1-ice2-p-swi-bes31,sw46p2,Active/LinkUp/800G
77098,leaf-spine,sys1-ice2-p-swi-bel46,sw68p1,Active/LinkUp/800G,sys1-ice2-p-swi-bes32,sw46p1,Active/LinkUp/800G
77099,leaf-spine,sys1-ice2-p-swi-bel46,sw68p2,Active/LinkUp/800G,sys1-ice2-p-swi-bes32,sw46p2,Active/LinkUp/800G
77100,leaf-spine,sys1-ice2-p-swi-bel46,sw69p1,Active/LinkUp/800G,sys1-ice2-p-swi-bes33,sw46p1,Active/LinkUp/800G
77101,leaf-spine,sys1-ice2-p-swi-bel46,sw69p2,Active/LinkUp/800G,sys1-ice2-p-swi-bes33,sw46p2,Active/LinkUp/800G
77102,leaf-spine,sys1-ice2-p-swi-bel46,sw70p1,Active/LinkUp/800G,sys1-ice2-p-swi-bes34,sw46p1,Active/LinkUp/800G
77103,leaf-spine,sys1-ice2-p-swi-bel46,sw70p2,Active/LinkUp/800G,sys1-ice2-p-swi-bes34,sw46p2,Active/LinkUp/800G
77104,leaf-spine,sys1-ice2-p-swi-bel46,sw71p1,Active/LinkUp/800G,sys1-ice2-p-swi-bes35,sw46p1,Active/LinkUp/800G
77105,leaf-spine,sys1-ice2-p-swi-bel46,sw71p2,Active/LinkUp/800G,sys1-ice2-p-swi-bes35,sw46p2,Active/LinkUp/800G
77106,leaf-spine,sys1-ice2-p-swi-bel46,sw72p1,Active/LinkUp/800G,sys1-ice2-p-swi-bes36,sw46p1,Active/LinkUp/800G
77107,leaf-spine,sys1-ice2-p-swi-bel46,sw72p2,Active/LinkUp/800G,sys1-ice2-p-swi-bes36,sw46p2,Active/LinkUp/800G
77108,leaf-spine,sys1-ice2-p-swi-bel47,sw37p1,Active/LinkUp/800G,sys1-ice2-p-swi-bes1,sw47p1,Active/LinkUp/800G
77109,leaf-spine,sys1-ice2-p-swi-bel47,sw37p2,Active/LinkUp/800G,sys1-ice2-p-swi-bes1,sw47p2,Active/LinkUp/800G
77110,leaf-spine,sys1-ice2-p-swi-bel47,sw38p1,Active/LinkUp/800G,sys1-ice2-p-swi-bes2,sw47p1,Active/LinkUp/800G
77111,leaf-spine,sys1-ice2-p-swi-bel47,sw38p2,Active/LinkUp/800G,sys1-ice2-p-swi-bes2,sw47p2,Active/LinkUp/800G
77112,leaf-spine,sys1-ice2-p-swi-bel47,sw39p1,Active/LinkUp/800G,sys1-ice2-p-swi-bes3,sw47p1,Active/LinkUp/800G
77113,leaf-spine,sys1-ice2-p-swi-bel47,sw39p2,Active/LinkUp/800G,sys1-ice2-p-swi-bes3,sw47p2,Active/LinkUp/800G
77114,leaf-spine,sys1-ice2-p-swi-bel47,sw40p1,Active/LinkUp/800G,sys1-ice2-p-swi-bes4,sw47p1,Active/LinkUp/800G
77115,leaf-spine,sys1-ice2-p-swi-bel47,sw40p2,Active/LinkUp/800G,sys1-ice2-p-swi-bes4,sw47p2,Active/LinkUp/800G
77116,leaf-spine,sys1-ice2-p-swi-bel47,sw41p1,Active/LinkUp/800G,sys1-ice2-p-swi-bes5,sw47p1,Active/LinkUp/800G
77117,leaf-spine,sys1-ice2-p-swi-bel47,sw41p2,Active/LinkUp/800G,sys1-ice2-p-swi-bes5,sw47p2,Active/LinkUp/800G
77118,leaf-spine,sys1-ice2-p-swi-bel47,sw42p1,Active/LinkUp/800G,sys1-ice2-p-swi-bes6,sw47p1,Active/LinkUp/800G
77119,leaf-spine,sys1-ice2-p-swi-bel47,sw42p2,Active/LinkUp/800G,sys1-ice2-p-swi-bes6,sw47p2,Active/LinkUp/800G
77120,leaf-spine,sys1-ice2-p-swi-bel47,sw43p1,Active/LinkUp/800G,sys1-ice2-p-swi-bes7,sw47p1,Active/LinkUp/800G
77121,leaf-spine,sys1-ice2-p-swi-bel47,sw43p2,Active/LinkUp/800G,sys1-ice2-p-swi-bes7,sw47p2,Active/LinkUp/800G
77122,leaf-spine,sys1-ice2-p-swi-bel47,sw44p1,Active/LinkUp/800G,sys1-ice2-p-swi-bes8,sw47p1,Active/LinkUp/800G
77123,leaf-spine,sys1-ice2-p-swi-bel47,sw44p2,Active/LinkUp/800G,sys1-ice2-p-swi-bes8,sw47p2,Active/LinkUp/800G
77124,leaf-spine,sys1-ice2-p-swi-bel47,sw45p1,Active/LinkUp/800G,sys1-ice2-p-swi-bes9,sw47p1,Active/LinkUp/800G
77125,leaf-spine,sys1-ice2-p-swi-bel47,sw45p2,Active/LinkUp/800G,sys1-ice2-p-swi-bes9,sw47p2,Active/LinkUp/800G
77126,leaf-spine,sys1-ice2-p-swi-bel47,sw46p1,Active/LinkUp/800G,sys1-ice2-p-swi-bes10,sw47p1,Active/LinkUp/800G
77127,leaf-spine,sys1-ice2-p-swi-bel47,sw46p2,Active/LinkUp/800G,sys1-ice2-p-swi-bes10,sw47p2,Active/LinkUp/800G
77128,leaf-spine,sys1-ice2-p-swi-bel47,sw47p1,Active/LinkUp/800G,sys1-ice2-p-swi-bes11,sw47p1,Active/LinkUp/800G
77129,leaf-spine,sys1-ice2-p-swi-bel47,sw47p2,Active/LinkUp/800G,sys1-ice2-p-swi-bes11,sw47p2,Active/LinkUp/800G
77130,leaf-spine,sys1-ice2-p-swi-bel47,sw48p1,Active/LinkUp/800G,sys1-ice2-p-swi-bes12,sw47p1,Active/LinkUp/800G
77131,leaf-spine,sys1-ice2-p-swi-bel47,sw48p2,Active/LinkUp/800G,sys1-ice2-p-swi-bes12,sw47p2,Active/LinkUp/800G
77132,leaf-spine,sys1-ice2-p-swi-bel47,sw49p1,Active/LinkUp/800G,sys1-ice2-p-swi-bes13,sw47p1,Active/LinkUp/800G
77133,leaf-spine,sys1-ice2-p-swi-bel47,sw49p2,Active/LinkUp/800G,sys1-ice2-p-swi-bes13,sw47p2,Active/LinkUp/800G
77134,leaf-spine,sys1-ice2-p-swi-bel47,sw50p1,Active/LinkUp/800G,sys1-ice2-p-swi-bes14,sw47p1,Active/LinkUp/800G
77135,leaf-spine,sys1-ice2-p-swi-bel47,sw50p2,Active/LinkUp/800G,sys1-ice2-p-swi-bes14,sw47p2,Active/LinkUp/800G
77136,leaf-spine,sys1-ice2-p-swi-bel47,sw51p1,Active/LinkUp/800G,sys1-ice2-p-swi-bes15,sw47p1,Active/LinkUp/800G
77137,leaf-spine,sys1-ice2-p-swi-bel47,sw51p2,Active/LinkUp/800G,sys1-ice2-p-swi-bes15,sw47p2,Active/LinkUp/800G
77138,leaf-spine,sys1-ice2-p-swi-bel47,sw52p1,Active/LinkUp/800G,sys1-ice2-p-swi-bes16,sw47p1,Active/LinkUp/800G
77139,leaf-spine,sys1-ice2-p-swi-bel47,sw52p2,Active/LinkUp/800G,sys1-ice2-p-swi-bes16,sw47p2,Active/LinkUp/800G
77140,leaf-spine,sys1-ice2-p-swi-bel47,sw53p1,Active/LinkUp/800G,sys1-ice2-p-swi-bes17,sw47p1,Active/LinkUp/800G
77141,leaf-spine,sys1-ice2-p-swi-bel47,sw53p2,Active/LinkUp/800G,sys1-ice2-p-swi-bes17,sw47p2,Active/LinkUp/800G
77142,leaf-spine,sys1-ice2-p-swi-bel47,sw54p1,Active/LinkUp/800G,sys1-ice2-p-swi-bes18,sw47p1,Active/LinkUp/800G
77143,leaf-spine,sys1-ice2-p-swi-bel47,sw54p2,Active/LinkUp/800G,sys1-ice2-p-swi-bes18,sw47p2,Active/LinkUp/800G
77144,leaf-spine,sys1-ice2-p-swi-bel47,sw55p1,Active/LinkUp/800G,sys1-ice2-p-swi-bes19,sw47p1,Active/LinkUp/800G
77145,leaf-spine,sys1-ice2-p-swi-bel47,sw55p2,Active/LinkUp/800G,sys1-ice2-p-swi-bes19,sw47p2,Active/LinkUp/800G
77146,leaf-spine,sys1-ice2-p-swi-bel47,sw56p1,Active/LinkUp/800G,sys1-ice2-p-swi-bes20,sw47p1,Active/LinkUp/800G
77147,leaf-spine,sys1-ice2-p-swi-bel47,sw56p2,Active/LinkUp/800G,sys1-ice2-p-swi-bes20,sw47p2,Active/LinkUp/800G
77148,leaf-spine,sys1-ice2-p-swi-bel47,sw57p1,Active/LinkUp/800G,sys1-ice2-p-swi-bes21,sw47p1,Active/LinkUp/800G
77149,leaf-spine,sys1-ice2-p-swi-bel47,sw57p2,Active/LinkUp/800G,sys1-ice2-p-swi-bes21,sw47p2,Active/LinkUp/800G
77150,leaf-spine,sys1-ice2-p-swi-bel47,sw58p1,Active/LinkUp/800G,sys1-ice2-p-swi-bes22,sw47p1,Active/LinkUp/800G
77151,leaf-spine,sys1-ice2-p-swi-bel47,sw58p2,Active/LinkUp/800G,sys1-ice2-p-swi-bes22,sw47p2,Active/LinkUp/800G
77152,leaf-spine,sys1-ice2-p-swi-bel47,sw59p1,Active/LinkUp/800G,sys1-ice2-p-swi-bes23,sw47p1,Active/LinkUp/800G
77153,leaf-spine,sys1-ice2-p-swi-bel47,sw59p2,Active/LinkUp/800G,sys1-ice2-p-swi-bes23,sw47p2,Active/LinkUp/800G
77154,leaf-spine,sys1-ice2-p-swi-bel47,sw60p1,Active/LinkUp/800G,sys1-ice2-p-swi-bes24,sw47p1,Active/LinkUp/800G
77155,leaf-spine,sys1-ice2-p-swi-bel47,sw60p2,Active/LinkUp/800G,sys1-ice2-p-swi-bes24,sw47p2,Active/LinkUp/800G
77156,leaf-spine,sys1-ice2-p-swi-bel47,sw61p1,Active/LinkUp/800G,sys1-ice2-p-swi-bes25,sw47p1,Active/LinkUp/800G
77157,leaf-spine,sys1-ice2-p-swi-bel47,sw61p2,Active/LinkUp/800G,sys1-ice2-p-swi-bes25,sw47p2,Active/LinkUp/800G
77158,leaf-spine,sys1-ice2-p-swi-bel47,sw62p1,Active/LinkUp/800G,sys1-ice2-p-swi-bes26,sw47p1,Active/LinkUp/800G
77159,leaf-spine,sys1-ice2-p-swi-bel47,sw62p2,Active/LinkUp/800G,sys1-ice2-p-swi-bes26,sw47p2,Active/LinkUp/800G
77160,leaf-spine,sys1-ice2-p-swi-bel47,sw63p1,Active/LinkUp/800G,sys1-ice2-p-swi-bes27,sw47p1,Active/LinkUp/800G
77161,leaf-spine,sys1-ice2-p-swi-bel47,sw63p2,Active/LinkUp/800G,sys1-ice2-p-swi-bes27,sw47p2,Active/LinkUp/800G
77162,leaf-spine,sys1-ice2-p-swi-bel47,sw64p1,Active/LinkUp/800G,sys1-ice2-p-swi-bes28,sw47p1,Active/LinkUp/800G
77163,leaf-spine,sys1-ice2-p-swi-bel47,sw64p2,Active/LinkUp/800G,sys1-ice2-p-swi-bes28,sw47p2,Active/LinkUp/800G
77164,leaf-spine,sys1-ice2-p-swi-bel47,sw65p1,Active/LinkUp/800G,sys1-ice2-p-swi-bes29,sw47p1,Active/LinkUp/800G
77165,leaf-spine,sys1-ice2-p-swi-bel47,sw65p2,Active/LinkUp/800G,sys1-ice2-p-swi-bes29,sw47p2,Active/LinkUp/800G
77166,leaf-spine,sys1-ice2-p-swi-bel47,sw66p1,Active/LinkUp/800G,sys1-ice2-p-swi-bes30,sw47p1,Active/LinkUp/800G
77167,leaf-spine,sys1-ice2-p-swi-bel47,sw66p2,Active/LinkUp/800G,sys1-ice2-p-swi-bes30,sw47p2,Active/LinkUp/800G
77168,leaf-spine,sys1-ice2-p-swi-bel47,sw67p1,Active/LinkUp/800G,sys1-ice2-p-swi-bes31,sw47p1,Active/LinkUp/800G
77169,leaf-spine,sys1-ice2-p-swi-bel47,sw67p2,Active/LinkUp/800G,sys1-ice2-p-swi-bes31,sw47p2,Active/LinkUp/800G
77170,leaf-spine,sys1-ice2-p-swi-bel47,sw68p1,Active/LinkUp/800G,sys1-ice2-p-swi-bes32,sw47p1,Active/LinkUp/800G
77171,leaf-spine,sys1-ice2-p-swi-bel47,sw68p2,Active/LinkUp/800G,sys1-ice2-p-swi-bes32,sw47p2,Active/LinkUp/800G
77172,leaf-spine,sys1-ice2-p-swi-bel47,sw69p1,Active/LinkUp/800G,sys1-ice2-p-swi-bes33,sw47p1,Active/LinkUp/800G
77173,leaf-spine,sys1-ice2-p-swi-bel47,sw69p2,Active/LinkUp/800G,sys1-ice2-p-swi-bes33,sw47p2,Active/LinkUp/800G
77174,leaf-spine,sys1-ice2-p-swi-bel47,sw70p1,Active/LinkUp/800G,sys1-ice2-p-swi-bes34,sw47p1,Active/LinkUp/800G
77175,leaf-spine,sys1-ice2-p-swi-bel47,sw70p2,Active/LinkUp/800G,sys1-ice2-p-swi-bes34,sw47p2,Active/LinkUp/800G
77176,leaf-spine,sys1-ice2-p-swi-bel47,sw71p1,Active/LinkUp/800G,sys1-ice2-p-swi-bes35,sw47p1,Active/LinkUp/800G
77177,leaf-spine,sys1-ice2-p-swi-bel47,sw71p2,Active/LinkUp/800G,sys1-ice2-p-swi-bes35,sw47p2,Active/LinkUp/800G
77178,leaf-spine,sys1-ice2-p-swi-bel47,sw72p1,Active/LinkUp/800G,sys1-ice2-p-swi-bes36,sw47p1,Active/LinkUp/800G
77179,leaf-spine,sys1-ice2-p-swi-bel47,sw72p2,Active/LinkUp/800G,sys1-ice2-p-swi-bes36,sw47p2,Active/LinkUp/800G
77180,leaf-spine,sys1-ice2-p-swi-bel48,sw37p1,Active/LinkUp/800G,sys1-ice2-p-swi-bes1,sw48p1,Active/LinkUp/800G
77181,leaf-spine,sys1-ice2-p-swi-bel48,sw37p2,Active/LinkUp/800G,sys1-ice2-p-swi-bes1,sw48p2,Active/LinkUp/800G
77182,leaf-spine,sys1-ice2-p-swi-bel48,sw38p1,Active/LinkUp/800G,sys1-ice2-p-swi-bes2,sw48p1,Active/LinkUp/800G
77183,leaf-spine,sys1-ice2-p-swi-bel48,sw38p2,Active/LinkUp/800G,sys1-ice2-p-swi-bes2,sw48p2,Active/LinkUp/800G
77184,leaf-spine,sys1-ice2-p-swi-bel48,sw39p1,Active/LinkUp/800G,sys1-ice2-p-swi-bes3,sw48p1,Active/LinkUp/800G
77185,leaf-spine,sys1-ice2-p-swi-bel48,sw39p2,Active/LinkUp/800G,sys1-ice2-p-swi-bes3,sw48p2,Active/LinkUp/800G
77186,leaf-spine,sys1-ice2-p-swi-bel48,sw40p1,Active/LinkUp/800G,sys1-ice2-p-swi-bes4,sw48p1,Active/LinkUp/800G
77187,leaf-spine,sys1-ice2-p-swi-bel48,sw40p2,Active/LinkUp/800G,sys1-ice2-p-swi-bes4,sw48p2,Active/LinkUp/800G
77188,leaf-spine,sys1-ice2-p-swi-bel48,sw41p1,Active/LinkUp/800G,sys1-ice2-p-swi-bes5,sw48p1,Active/LinkUp/800G
77189,leaf-spine,sys1-ice2-p-swi-bel48,sw41p2,Active/LinkUp/800G,sys1-ice2-p-swi-bes5,sw48p2,Active/LinkUp/800G
77190,leaf-spine,sys1-ice2-p-swi-bel48,sw42p1,Active/LinkUp/800G,sys1-ice2-p-swi-bes6,sw48p1,Active/LinkUp/800G
77191,leaf-spine,sys1-ice2-p-swi-bel48,sw42p2,Active/LinkUp/800G,sys1-ice2-p-swi-bes6,sw48p2,Active/LinkUp/800G
77192,leaf-spine,sys1-ice2-p-swi-bel48,sw43p1,Active/LinkUp/800G,sys1-ice2-p-swi-bes7,sw48p1,Active/LinkUp/800G
77193,leaf-spine,sys1-ice2-p-swi-bel48,sw43p2,Active/LinkUp/800G,sys1-ice2-p-swi-bes7,sw48p2,Active/LinkUp/800G
77194,leaf-spine,sys1-ice2-p-swi-bel48,sw44p1,Active/LinkUp/800G,sys1-ice2-p-swi-bes8,sw48p1,Active/LinkUp/800G
77195,leaf-spine,sys1-ice2-p-swi-bel48,sw44p2,Active/LinkUp/800G,sys1-ice2-p-swi-bes8,sw48p2,Active/LinkUp/800G
77196,leaf-spine,sys1-ice2-p-swi-bel48,sw45p1,Active/LinkUp/800G,sys1-ice2-p-swi-bes9,sw48p1,Active/LinkUp/800G
77197,leaf-spine,sys1-ice2-p-swi-bel48,sw45p2,Active/LinkUp/800G,sys1-ice2-p-swi-bes9,sw48p2,Active/LinkUp/800G
77198,leaf-spine,sys1-ice2-p-swi-bel48,sw46p1,Active/LinkUp/800G,sys1-ice2-p-swi-bes10,sw48p1,Active/LinkUp/800G
77199,leaf-spine,sys1-ice2-p-swi-bel48,sw46p2,Active/LinkUp/800G,sys1-ice2-p-swi-bes10,sw48p2,Active/LinkUp/800G
77200,leaf-spine,sys1-ice2-p-swi-bel48,sw47p1,Active/LinkUp/800G,sys1-ice2-p-swi-bes11,sw48p1,Active/LinkUp/800G
77201,leaf-spine,sys1-ice2-p-swi-bel48,sw47p2,Active/LinkUp/800G,sys1-ice2-p-swi-bes11,sw48p2,Active/LinkUp/800G
77202,leaf-spine,sys1-ice2-p-swi-bel48,sw48p1,Active/LinkUp/800G,sys1-ice2-p-swi-bes12,sw48p1,Active/LinkUp/800G
77203,leaf-spine,sys1-ice2-p-swi-bel48,sw48p2,Active/LinkUp/800G,sys1-ice2-p-swi-bes12,sw48p2,Active/LinkUp/800G
77204,leaf-spine,sys1-ice2-p-swi-bel48,sw49p1,Active/LinkUp/800G,sys1-ice2-p-swi-bes13,sw48p1,Active/LinkUp/800G
77205,leaf-spine,sys1-ice2-p-swi-bel48,sw49p2,Active/LinkUp/800G,sys1-ice2-p-swi-bes13,sw48p2,Active/LinkUp/800G
77206,leaf-spine,sys1-ice2-p-swi-bel48,sw50p1,Active/LinkUp/800G,sys1-ice2-p-swi-bes14,sw48p1,Active/LinkUp/800G
77207,leaf-spine,sys1-ice2-p-swi-bel48,sw50p2,Active/LinkUp/800G,sys1-ice2-p-swi-bes14,sw48p2,Active/LinkUp/800G
77208,leaf-spine,sys1-ice2-p-swi-bel48,sw51p1,Active/LinkUp/800G,sys1-ice2-p-swi-bes15,sw48p1,Active/LinkUp/800G
77209,leaf-spine,sys1-ice2-p-swi-bel48,sw51p2,Active/LinkUp/800G,sys1-ice2-p-swi-bes15,sw48p2,Active/LinkUp/800G
77210,leaf-spine,sys1-ice2-p-swi-bel48,sw52p1,Active/LinkUp/800G,sys1-ice2-p-swi-bes16,sw48p1,Active/LinkUp/800G
77211,leaf-spine,sys1-ice2-p-swi-bel48,sw52p2,Active/LinkUp/800G,sys1-ice2-p-swi-bes16,sw48p2,Active/LinkUp/800G
77212,leaf-spine,sys1-ice2-p-swi-bel48,sw53p1,Active/LinkUp/800G,sys1-ice2-p-swi-bes17,sw48p1,Active/LinkUp/800G
77213,leaf-spine,sys1-ice2-p-swi-bel48,sw53p2,Active/LinkUp/800G,sys1-ice2-p-swi-bes17,sw48p2,Active/LinkUp/800G
77214,leaf-spine,sys1-ice2-p-swi-bel48,sw54p1,Active/LinkUp/800G,sys1-ice2-p-swi-bes18,sw48p1,Active/LinkUp/800G
77215,leaf-spine,sys1-ice2-p-swi-bel48,sw54p2,Active/LinkUp/800G,sys1-ice2-p-swi-bes18,sw48p2,Active/LinkUp/800G
77216,leaf-spine,sys1-ice2-p-swi-bel48,sw55p1,Active/LinkUp/800G,sys1-ice2-p-swi-bes19,sw48p1,Active/LinkUp/800G
77217,leaf-spine,sys1-ice2-p-swi-bel48,sw55p2,Active/LinkUp/800G,sys1-ice2-p-swi-bes19,sw48p2,Active/LinkUp/800G
77218,leaf-spine,sys1-ice2-p-swi-bel48,sw56p1,Active/LinkUp/800G,sys1-ice2-p-swi-bes20,sw48p1,Active/LinkUp/800G
77219,leaf-spine,sys1-ice2-p-swi-bel48,sw56p2,Active/LinkUp/800G,sys1-ice2-p-swi-bes20,sw48p2,Active/LinkUp/800G
77220,leaf-spine,sys1-ice2-p-swi-bel48,sw57p1,Active/LinkUp/800G,sys1-ice2-p-swi-bes21,sw48p1,Active/LinkUp/800G
77221,leaf-spine,sys1-ice2-p-swi-bel48,sw57p2,Active/LinkUp/800G,sys1-ice2-p-swi-bes21,sw48p2,Active/LinkUp/800G
77222,leaf-spine,sys1-ice2-p-swi-bel48,sw58p1,Active/LinkUp/800G,sys1-ice2-p-swi-bes22,sw48p1,Active/LinkUp/800G
77223,leaf-spine,sys1-ice2-p-swi-bel48,sw58p2,Active/LinkUp/800G,sys1-ice2-p-swi-bes22,sw48p2,Active/LinkUp/800G
77224,leaf-spine,sys1-ice2-p-swi-bel48,sw59p1,Active/LinkUp/800G,sys1-ice2-p-swi-bes23,sw48p1,Active/LinkUp/800G
77225,leaf-spine,sys1-ice2-p-swi-bel48,sw59p2,Active/LinkUp/800G,sys1-ice2-p-swi-bes23,sw48p2,Active/LinkUp/800G
77226,leaf-spine,sys1-ice2-p-swi-bel48,sw60p1,Active/LinkUp/800G,sys1-ice2-p-swi-bes24,sw48p1,Active/LinkUp/800G
77227,leaf-spine,sys1-ice2-p-swi-bel48,sw60p2,Active/LinkUp/800G,sys1-ice2-p-swi-bes24,sw48p2,Active/LinkUp/800G
77228,leaf-spine,sys1-ice2-p-swi-bel48,sw61p1,Active/LinkUp/800G,sys1-ice2-p-swi-bes25,sw48p1,Active/LinkUp/800G
77229,leaf-spine,sys1-ice2-p-swi-bel48,sw61p2,Active/LinkUp/800G,sys1-ice2-p-swi-bes25,sw48p2,Active/LinkUp/800G
77230,leaf-spine,sys1-ice2-p-swi-bel48,sw62p1,Active/LinkUp/800G,sys1-ice2-p-swi-bes26,sw48p1,Active/LinkUp/800G
77231,leaf-spine,sys1-ice2-p-swi-bel48,sw62p2,Active/LinkUp/800G,sys1-ice2-p-swi-bes26,sw48p2,Active/LinkUp/800G
77232,leaf-spine,sys1-ice2-p-swi-bel48,sw63p1,Active/LinkUp/800G,sys1-ice2-p-swi-bes27,sw48p1,Active/LinkUp/800G
77233,leaf-spine,sys1-ice2-p-swi-bel48,sw63p2,Active/LinkUp/800G,sys1-ice2-p-swi-bes27,sw48p2,Active/LinkUp/800G
77234,leaf-spine,sys1-ice2-p-swi-bel48,sw64p1,Active/LinkUp/800G,sys1-ice2-p-swi-bes28,sw48p1,Active/LinkUp/800G
77235,leaf-spine,sys1-ice2-p-swi-bel48,sw64p2,Active/LinkUp/800G,sys1-ice2-p-swi-bes28,sw48p2,Active/LinkUp/800G
77236,leaf-spine,sys1-ice2-p-swi-bel48,sw65p1,Active/LinkUp/800G,sys1-ice2-p-swi-bes29,sw48p1,Active/LinkUp/800G
77237,leaf-spine,sys1-ice2-p-swi-bel48,sw65p2,Active/LinkUp/800G,sys1-ice2-p-swi-bes29,sw48p2,Active/LinkUp/800G
77238,leaf-spine,sys1-ice2-p-swi-bel48,sw66p1,Active/LinkUp/800G,sys1-ice2-p-swi-bes30,sw48p1,Active/LinkUp/800G
77239,leaf-spine,sys1-ice2-p-swi-bel48,sw66p2,Active/LinkUp/800G,sys1-ice2-p-swi-bes30,sw48p2,Active/LinkUp/800G
77240,leaf-spine,sys1-ice2-p-swi-bel48,sw67p1,Active/LinkUp/800G,sys1-ice2-p-swi-bes31,sw48p1,Active/LinkUp/800G
77241,leaf-spine,sys1-ice2-p-swi-bel48,sw67p2,Active/LinkUp/800G,sys1-ice2-p-swi-bes31,sw48p2,Active/LinkUp/800G
77242,leaf-spine,sys1-ice2-p-swi-bel48,sw68p1,Active/LinkUp/800G,sys1-ice2-p-swi-bes32,sw48p1,Active/LinkUp/800G
77243,leaf-spine,sys1-ice2-p-swi-bel48,sw68p2,Active/LinkUp/800G,sys1-ice2-p-swi-bes32,sw48p2,Active/LinkUp/800G
77244,leaf-spine,sys1-ice2-p-swi-bel48,sw69p1,Active/LinkUp/800G,sys1-ice2-p-swi-bes33,sw48p1,Active/LinkUp/800G
77245,leaf-spine,sys1-ice2-p-swi-bel48,sw69p2,Active/LinkUp/800G,sys1-ice2-p-swi-bes33,sw48p2,Active/LinkUp/800G
77246,leaf-spine,sys1-ice2-p-swi-bel48,sw70p1,Active/LinkUp/800G,sys1-ice2-p-swi-bes34,sw48p1,Active/LinkUp/800G
77247,leaf-spine,sys1-ice2-p-swi-bel48,sw70p2,Active/LinkUp/800G,sys1-ice2-p-swi-bes34,sw48p2,Active/LinkUp/800G
77248,leaf-spine,sys1-ice2-p-swi-bel48,sw71p1,Active/LinkUp/800G,sys1-ice2-p-swi-bes35,sw48p1,Active/LinkUp/800G
77249,leaf-spine,sys1-ice2-p-swi-bel48,sw71p2,Active/LinkUp/800G,sys1-ice2-p-swi-bes35,sw48p2,Active/LinkUp/800G
77250,leaf-spine,sys1-ice2-p-swi-bel48,sw72p1,Active/LinkUp/800G,sys1-ice2-p-swi-bes36,sw48p1,Active/LinkUp/800G
77251,leaf-spine,sys1-ice2-p-swi-bel48,sw72p2,Active/LinkUp/800G,sys1-ice2-p-swi-bes36,sw48p2,Active/LinkUp/800G
77252,leaf-spine,sys1-ice2-p-swi-bel49,sw37p1,Active/LinkUp/800G,sys1-ice2-p-swi-bes1,sw49p1,Active/LinkUp/800G
77253,leaf-spine,sys1-ice2-p-swi-bel49,sw37p2,Active/LinkUp/800G,sys1-ice2-p-swi-bes1,sw49p2,Active/LinkUp/800G
77254,leaf-spine,sys1-ice2-p-swi-bel49,sw38p1,Active/LinkUp/800G,sys1-ice2-p-swi-bes2,sw49p1,Active/LinkUp/800G
77255,leaf-spine,sys1-ice2-p-swi-bel49,sw38p2,Active/LinkUp/800G,sys1-ice2-p-swi-bes2,sw49p2,Active/LinkUp/800G
77256,leaf-spine,sys1-ice2-p-swi-bel49,sw39p1,Active/LinkUp/800G,sys1-ice2-p-swi-bes3,sw49p1,Active/LinkUp/800G
77257,leaf-spine,sys1-ice2-p-swi-bel49,sw39p2,Initialize/LinkUp/,sys1-ice2-p-swi-bes3,sw49p2,Initialize/LinkUp/
77258,leaf-spine,sys1-ice2-p-swi-bel49,sw40p1,Active/LinkUp/800G,sys1-ice2-p-swi-bes4,sw49p1,Active/LinkUp/800G
77259,leaf-spine,sys1-ice2-p-swi-bel49,sw40p2,Active/LinkUp/800G,sys1-ice2-p-swi-bes4,sw49p2,Active/LinkUp/800G
77260,leaf-spine,sys1-ice2-p-swi-bel49,sw41p1,Active/LinkUp/800G,sys1-ice2-p-swi-bes5,sw49p1,Active/LinkUp/800G
77261,leaf-spine,sys1-ice2-p-swi-bel49,sw41p2,Active/LinkUp/800G,sys1-ice2-p-swi-bes5,sw49p2,Active/LinkUp/800G
77262,leaf-spine,sys1-ice2-p-swi-bel49,sw42p1,Active/LinkUp/800G,sys1-ice2-p-swi-bes6,sw49p1,Active/LinkUp/800G
77263,leaf-spine,sys1-ice2-p-swi-bel49,sw42p2,Active/LinkUp/800G,sys1-ice2-p-swi-bes6,sw49p2,Active/LinkUp/800G
77264,leaf-spine,sys1-ice2-p-swi-bel49,sw43p1,Active/LinkUp/800G,sys1-ice2-p-swi-bes7,sw49p1,Active/LinkUp/800G
77265,leaf-spine,sys1-ice2-p-swi-bel49,sw43p2,Active/LinkUp/800G,sys1-ice2-p-swi-bes7,sw49p2,Active/LinkUp/800G
77266,leaf-spine,sys1-ice2-p-swi-bel49,sw44p1,Active/LinkUp/800G,sys1-ice2-p-swi-bes8,sw49p1,Active/LinkUp/800G
77267,leaf-spine,sys1-ice2-p-swi-bel49,sw44p2,Active/LinkUp/800G,sys1-ice2-p-swi-bes8,sw49p2,Active/LinkUp/800G
77268,leaf-spine,sys1-ice2-p-swi-bel49,sw45p1,Initialize/LinkUp/,sys1-ice2-p-swi-bes9,sw49p1,Initialize/LinkUp/
77269,leaf-spine,sys1-ice2-p-swi-bel49,sw45p2,Active/LinkUp/800G,sys1-ice2-p-swi-bes9,sw49p2,Active/LinkUp/800G
77270,leaf-spine,sys1-ice2-p-swi-bel49,sw46p1,Active/LinkUp/800G,sys1-ice2-p-swi-bes10,sw49p1,Active/LinkUp/800G
77271,leaf-spine,sys1-ice2-p-swi-bel49,sw46p2,Active/LinkUp/800G,sys1-ice2-p-swi-bes10,sw49p2,Active/LinkUp/800G
77272,leaf-spine,sys1-ice2-p-swi-bel49,sw47p1,Active/LinkUp/800G,sys1-ice2-p-swi-bes11,sw49p1,Active/LinkUp/800G
77273,leaf-spine,sys1-ice2-p-swi-bel49,sw47p2,Active/LinkUp/800G,sys1-ice2-p-swi-bes11,sw49p2,Active/LinkUp/800G
77274,leaf-spine,sys1-ice2-p-swi-bel49,sw48p1,Active/LinkUp/800G,sys1-ice2-p-swi-bes12,sw49p1,Active/LinkUp/800G
77275,leaf-spine,sys1-ice2-p-swi-bel49,sw48p2,Active/LinkUp/800G,sys1-ice2-p-swi-bes12,sw49p2,Active/LinkUp/800G
77276,leaf-spine,sys1-ice2-p-swi-bel49,sw49p1,Active/LinkUp/800G,sys1-ice2-p-swi-bes13,sw49p1,Active/LinkUp/800G
77277,leaf-spine,sys1-ice2-p-swi-bel49,sw49p2,Active/LinkUp/800G,sys1-ice2-p-swi-bes13,sw49p2,Active/LinkUp/800G
77278,leaf-spine,sys1-ice2-p-swi-bel49,sw50p1,Active/LinkUp/800G,sys1-ice2-p-swi-bes14,sw49p1,Active/LinkUp/800G
77279,leaf-spine,sys1-ice2-p-swi-bel49,sw50p2,Active/LinkUp/800G,sys1-ice2-p-swi-bes14,sw49p2,Active/LinkUp/800G
77280,leaf-spine,sys1-ice2-p-swi-bel49,sw51p1,Active/LinkUp/800G,sys1-ice2-p-swi-bes15,sw49p1,Active/LinkUp/800G
77281,leaf-spine,sys1-ice2-p-swi-bel49,sw51p2,Active/LinkUp/800G,sys1-ice2-p-swi-bes15,sw49p2,Active/LinkUp/800G
77282,leaf-spine,sys1-ice2-p-swi-bel49,sw52p1,Active/LinkUp/800G,sys1-ice2-p-swi-bes16,sw49p1,Active/LinkUp/800G
77283,leaf-spine,sys1-ice2-p-swi-bel49,sw52p2,Active/LinkUp/800G,sys1-ice2-p-swi-bes16,sw49p2,Active/LinkUp/800G
77284,leaf-spine,sys1-ice2-p-swi-bel49,sw53p1,Active/LinkUp/800G,sys1-ice2-p-swi-bes17,sw49p1,Active/LinkUp/800G
77285,leaf-spine,sys1-ice2-p-swi-bel49,sw53p2,Active/LinkUp/800G,sys1-ice2-p-swi-bes17,sw49p2,Active/LinkUp/800G
77286,leaf-spine,sys1-ice2-p-swi-bel49,sw54p1,Active/LinkUp/800G,sys1-ice2-p-swi-bes18,sw49p1,Active/LinkUp/800G
77287,leaf-spine,sys1-ice2-p-swi-bel49,sw54p2,Active/LinkUp/800G,sys1-ice2-p-swi-bes18,sw49p2,Active/LinkUp/800G
77288,leaf-spine,sys1-ice2-p-swi-bel49,sw55p1,Active/LinkUp/800G,sys1-ice2-p-swi-bes19,sw49p1,Active/LinkUp/800G
77289,leaf-spine,sys1-ice2-p-swi-bel49,sw55p2,Active/LinkUp/800G,sys1-ice2-p-swi-bes19,sw49p2,Active/LinkUp/800G
77290,leaf-spine,sys1-ice2-p-swi-bel49,sw56p1,Active/LinkUp/800G,sys1-ice2-p-swi-bes20,sw49p1,Active/LinkUp/800G
77291,leaf-spine,sys1-ice2-p-swi-bel49,sw56p2,Active/LinkUp/800G,sys1-ice2-p-swi-bes20,sw49p2,Active/LinkUp/800G
77292,leaf-spine,sys1-ice2-p-swi-bel49,sw57p1,Active/LinkUp/800G,sys1-ice2-p-swi-bes21,sw49p1,Active/LinkUp/800G
77293,leaf-spine,sys1-ice2-p-swi-bel49,sw57p2,Active/LinkUp/800G,sys1-ice2-p-swi-bes21,sw49p2,Active/LinkUp/800G
77294,leaf-spine,sys1-ice2-p-swi-bel49,sw58p1,Active/LinkUp/800G,sys1-ice2-p-swi-bes22,sw49p1,Active/LinkUp/800G
77295,leaf-spine,sys1-ice2-p-swi-bel49,sw58p2,Active/LinkUp/800G,sys1-ice2-p-swi-bes22,sw49p2,Active/LinkUp/800G
77296,leaf-spine,sys1-ice2-p-swi-bel49,sw59p1,Active/LinkUp/800G,sys1-ice2-p-swi-bes23,sw49p1,Active/LinkUp/800G
77297,leaf-spine,sys1-ice2-p-swi-bel49,sw59p2,Active/LinkUp/800G,sys1-ice2-p-swi-bes23,sw49p2,Active/LinkUp/800G
77298,leaf-spine,sys1-ice2-p-swi-bel49,sw60p1,Active/LinkUp/800G,sys1-ice2-p-swi-bes24,sw49p1,Active/LinkUp/800G
77299,leaf-spine,sys1-ice2-p-swi-bel49,sw60p2,Active/LinkUp/800G,sys1-ice2-p-swi-bes24,sw49p2,Active/LinkUp/800G
77300,leaf-spine,sys1-ice2-p-swi-bel49,sw61p1,Active/LinkUp/800G,sys1-ice2-p-swi-bes25,sw49p1,Active/LinkUp/800G
77301,leaf-spine,sys1-ice2-p-swi-bel49,sw61p2,Active/LinkUp/800G,sys1-ice2-p-swi-bes25,sw49p2,Active/LinkUp/800G
77302,leaf-spine,sys1-ice2-p-swi-bel49,sw62p1,Active/LinkUp/800G,sys1-ice2-p-swi-bes26,sw49p1,Active/LinkUp/800G
77303,leaf-spine,sys1-ice2-p-swi-bel49,sw62p2,Active/LinkUp/800G,sys1-ice2-p-swi-bes26,sw49p2,Active/LinkUp/800G
77304,leaf-spine,sys1-ice2-p-swi-bel49,sw63p1,Active/LinkUp/800G,sys1-ice2-p-swi-bes27,sw49p1,Active/LinkUp/800G
77305,leaf-spine,sys1-ice2-p-swi-bel49,sw63p2,Active/LinkUp/800G,sys1-ice2-p-swi-bes27,sw49p2,Active/LinkUp/800G
77306,leaf-spine,sys1-ice2-p-swi-bel49,sw64p1,Active/LinkUp/800G,sys1-ice2-p-swi-bes28,sw49p1,Active/LinkUp/800G
77307,leaf-spine,sys1-ice2-p-swi-bel49,sw64p2,Active/LinkUp/800G,sys1-ice2-p-swi-bes28,sw49p2,Active/LinkUp/800G
77308,leaf-spine,sys1-ice2-p-swi-bel49,sw65p1,Active/LinkUp/800G,sys1-ice2-p-swi-bes29,sw49p1,Active/LinkUp/800G
77309,leaf-spine,sys1-ice2-p-swi-bel49,sw65p2,Active/LinkUp/800G,sys1-ice2-p-swi-bes29,sw49p2,Active/LinkUp/800G
77310,leaf-spine,sys1-ice2-p-swi-bel49,sw66p1,Active/LinkUp/800G,sys1-ice2-p-swi-bes30,sw49p1,Active/LinkUp/800G
77311,leaf-spine,sys1-ice2-p-swi-bel49,sw66p2,Active/LinkUp/800G,sys1-ice2-p-swi-bes30,sw49p2,Active/LinkUp/800G
77312,leaf-spine,sys1-ice2-p-swi-bel49,sw67p1,Active/LinkUp/800G,sys1-ice2-p-swi-bes31,sw49p1,Active/LinkUp/800G
77313,leaf-spine,sys1-ice2-p-swi-bel49,sw67p2,Active/LinkUp/800G,sys1-ice2-p-swi-bes31,sw49p2,Active/LinkUp/800G
77314,leaf-spine,sys1-ice2-p-swi-bel49,sw68p1,Active/LinkUp/800G,sys1-ice2-p-swi-bes32,sw49p1,Active/LinkUp/800G
77315,leaf-spine,sys1-ice2-p-swi-bel49,sw68p2,Active/LinkUp/800G,sys1-ice2-p-swi-bes32,sw49p2,Active/LinkUp/800G
77316,leaf-spine,sys1-ice2-p-swi-bel49,sw69p1,Active/LinkUp/800G,sys1-ice2-p-swi-bes33,sw49p1,Active/LinkUp/800G
77317,leaf-spine,sys1-ice2-p-swi-bel49,sw69p2,Active/LinkUp/800G,sys1-ice2-p-swi-bes33,sw49p2,Active/LinkUp/800G
77318,leaf-spine,sys1-ice2-p-swi-bel49,sw70p1,Active/LinkUp/800G,sys1-ice2-p-swi-bes34,sw49p1,Active/LinkUp/800G
77319,leaf-spine,sys1-ice2-p-swi-bel49,sw70p2,Active/LinkUp/800G,sys1-ice2-p-swi-bes34,sw49p2,Active/LinkUp/800G
77320,leaf-spine,sys1-ice2-p-swi-bel49,sw71p1,Active/LinkUp/800G,sys1-ice2-p-swi-bes35,sw49p1,Active/LinkUp/800G
77321,leaf-spine,sys1-ice2-p-swi-bel49,sw71p2,Active/LinkUp/800G,sys1-ice2-p-swi-bes35,sw49p2,Active/LinkUp/800G
77322,leaf-spine,sys1-ice2-p-swi-bel49,sw72p1,Active/LinkUp/800G,sys1-ice2-p-swi-bes36,sw49p1,Active/LinkUp/800G
77323,leaf-spine,sys1-ice2-p-swi-bel49,sw72p2,Active/LinkUp/800G,sys1-ice2-p-swi-bes36,sw49p2,Active/LinkUp/800G
77324,leaf-spine,sys1-ice2-p-swi-bel50,sw37p1,Active/LinkUp/800G,sys1-ice2-p-swi-bes1,sw50p1,Active/LinkUp/800G
77325,leaf-spine,sys1-ice2-p-swi-bel50,sw37p2,Active/LinkUp/800G,sys1-ice2-p-swi-bes1,sw50p2,Active/LinkUp/800G
77326,leaf-spine,sys1-ice2-p-swi-bel50,sw38p1,Active/LinkUp/800G,sys1-ice2-p-swi-bes2,sw50p1,Active/LinkUp/800G
77327,leaf-spine,sys1-ice2-p-swi-bel50,sw38p2,Active/LinkUp/800G,sys1-ice2-p-swi-bes2,sw50p2,Active/LinkUp/800G
77328,leaf-spine,sys1-ice2-p-swi-bel50,sw39p1,Active/LinkUp/800G,sys1-ice2-p-swi-bes3,sw50p1,Active/LinkUp/800G
77329,leaf-spine,sys1-ice2-p-swi-bel50,sw39p2,Active/LinkUp/800G,sys1-ice2-p-swi-bes3,sw50p2,Active/LinkUp/800G
77330,leaf-spine,sys1-ice2-p-swi-bel50,sw40p1,Active/LinkUp/800G,sys1-ice2-p-swi-bes4,sw50p1,Active/LinkUp/800G
77331,leaf-spine,sys1-ice2-p-swi-bel50,sw40p2,Active/LinkUp/800G,sys1-ice2-p-swi-bes4,sw50p2,Active/LinkUp/800G
77332,leaf-spine,sys1-ice2-p-swi-bel50,sw41p1,Active/LinkUp/800G,sys1-ice2-p-swi-bes5,sw50p1,Active/LinkUp/800G
77333,leaf-spine,sys1-ice2-p-swi-bel50,sw41p2,Active/LinkUp/800G,sys1-ice2-p-swi-bes5,sw50p2,Active/LinkUp/800G
77334,leaf-spine,sys1-ice2-p-swi-bel50,sw42p1,Active/LinkUp/800G,sys1-ice2-p-swi-bes6,sw50p1,Active/LinkUp/800G
77335,leaf-spine,sys1-ice2-p-swi-bel50,sw42p2,Active/LinkUp/800G,sys1-ice2-p-swi-bes6,sw50p2,Active/LinkUp/800G
77336,leaf-spine,sys1-ice2-p-swi-bel50,sw43p1,Active/LinkUp/800G,sys1-ice2-p-swi-bes7,sw50p1,Active/LinkUp/800G
77337,leaf-spine,sys1-ice2-p-swi-bel50,sw43p2,Active/LinkUp/800G,sys1-ice2-p-swi-bes7,sw50p2,Active/LinkUp/800G
77338,leaf-spine,sys1-ice2-p-swi-bel50,sw44p1,Active/LinkUp/800G,sys1-ice2-p-swi-bes8,sw50p1,Active/LinkUp/800G
77339,leaf-spine,sys1-ice2-p-swi-bel50,sw44p2,Active/LinkUp/800G,sys1-ice2-p-swi-bes8,sw50p2,Active/LinkUp/800G
77340,leaf-spine,sys1-ice2-p-swi-bel50,sw45p1,Active/LinkUp/800G,sys1-ice2-p-swi-bes9,sw50p1,Active/LinkUp/800G
77341,leaf-spine,sys1-ice2-p-swi-bel50,sw45p2,Active/LinkUp/800G,sys1-ice2-p-swi-bes9,sw50p2,Active/LinkUp/800G
77342,leaf-spine,sys1-ice2-p-swi-bel50,sw46p1,Active/LinkUp/800G,sys1-ice2-p-swi-bes10,sw50p1,Active/LinkUp/800G
77343,leaf-spine,sys1-ice2-p-swi-bel50,sw46p2,Active/LinkUp/800G,sys1-ice2-p-swi-bes10,sw50p2,Active/LinkUp/800G
77344,leaf-spine,sys1-ice2-p-swi-bel50,sw47p1,Active/LinkUp/800G,sys1-ice2-p-swi-bes11,sw50p1,Active/LinkUp/800G
77345,leaf-spine,sys1-ice2-p-swi-bel50,sw47p2,Active/LinkUp/800G,sys1-ice2-p-swi-bes11,sw50p2,Active/LinkUp/800G
77346,leaf-spine,sys1-ice2-p-swi-bel50,sw48p1,Active/LinkUp/800G,sys1-ice2-p-swi-bes12,sw50p1,Active/LinkUp/800G
77347,leaf-spine,sys1-ice2-p-swi-bel50,sw48p2,Active/LinkUp/800G,sys1-ice2-p-swi-bes12,sw50p2,Active/LinkUp/800G
77348,leaf-spine,sys1-ice2-p-swi-bel50,sw49p1,Active/LinkUp/800G,sys1-ice2-p-swi-bes13,sw50p1,Active/LinkUp/800G
77349,leaf-spine,sys1-ice2-p-swi-bel50,sw49p2,Active/LinkUp/800G,sys1-ice2-p-swi-bes13,sw50p2,Active/LinkUp/800G
77350,leaf-spine,sys1-ice2-p-swi-bel50,sw50p1,Active/LinkUp/800G,sys1-ice2-p-swi-bes14,sw50p1,Active/LinkUp/800G
77351,leaf-spine,sys1-ice2-p-swi-bel50,sw50p2,Active/LinkUp/800G,sys1-ice2-p-swi-bes14,sw50p2,Active/LinkUp/800G
77352,leaf-spine,sys1-ice2-p-swi-bel50,sw51p1,Active/LinkUp/800G,sys1-ice2-p-swi-bes15,sw50p1,Active/LinkUp/800G
77353,leaf-spine,sys1-ice2-p-swi-bel50,sw51p2,Active/LinkUp/800G,sys1-ice2-p-swi-bes15,sw50p2,Active/LinkUp/800G
77354,leaf-spine,sys1-ice2-p-swi-bel50,sw52p1,Active/LinkUp/800G,sys1-ice2-p-swi-bes16,sw50p1,Active/LinkUp/800G
77355,leaf-spine,sys1-ice2-p-swi-bel50,sw52p2,Active/LinkUp/800G,sys1-ice2-p-swi-bes16,sw50p2,Active/LinkUp/800G
77356,leaf-spine,sys1-ice2-p-swi-bel50,sw53p1,Active/LinkUp/800G,sys1-ice2-p-swi-bes17,sw50p1,Active/LinkUp/800G
77357,leaf-spine,sys1-ice2-p-swi-bel50,sw53p2,Active/LinkUp/800G,sys1-ice2-p-swi-bes17,sw50p2,Active/LinkUp/800G
77358,leaf-spine,sys1-ice2-p-swi-bel50,sw54p1,Active/LinkUp/800G,sys1-ice2-p-swi-bes18,sw50p1,Active/LinkUp/800G
77359,leaf-spine,sys1-ice2-p-swi-bel50,sw54p2,Active/LinkUp/800G,sys1-ice2-p-swi-bes18,sw50p2,Active/LinkUp/800G
77360,leaf-spine,sys1-ice2-p-swi-bel50,sw55p1,Active/LinkUp/800G,sys1-ice2-p-swi-bes19,sw50p1,Active/LinkUp/800G
77361,leaf-spine,sys1-ice2-p-swi-bel50,sw55p2,Active/LinkUp/800G,sys1-ice2-p-swi-bes19,sw50p2,Active/LinkUp/800G
77362,leaf-spine,sys1-ice2-p-swi-bel50,sw56p1,Active/LinkUp/800G,sys1-ice2-p-swi-bes20,sw50p1,Active/LinkUp/800G
77363,leaf-spine,sys1-ice2-p-swi-bel50,sw56p2,Active/LinkUp/800G,sys1-ice2-p-swi-bes20,sw50p2,Active/LinkUp/800G
77364,leaf-spine,sys1-ice2-p-swi-bel50,sw57p1,Active/LinkUp/800G,sys1-ice2-p-swi-bes21,sw50p1,Active/LinkUp/800G
77365,leaf-spine,sys1-ice2-p-swi-bel50,sw57p2,Active/LinkUp/800G,sys1-ice2-p-swi-bes21,sw50p2,Active/LinkUp/800G
77366,leaf-spine,sys1-ice2-p-swi-bel50,sw58p1,Active/LinkUp/800G,sys1-ice2-p-swi-bes22,sw50p1,Active/LinkUp/800G
77367,leaf-spine,sys1-ice2-p-swi-bel50,sw58p2,Active/LinkUp/800G,sys1-ice2-p-swi-bes22,sw50p2,Active/LinkUp/800G
77368,leaf-spine,sys1-ice2-p-swi-bel50,sw59p1,Active/LinkUp/800G,sys1-ice2-p-swi-bes23,sw50p1,Active/LinkUp/800G
77369,leaf-spine,sys1-ice2-p-swi-bel50,sw59p2,Active/LinkUp/800G,sys1-ice2-p-swi-bes23,sw50p2,Active/LinkUp/800G
77370,leaf-spine,sys1-ice2-p-swi-bel50,sw60p1,Active/LinkUp/800G,sys1-ice2-p-swi-bes24,sw50p1,Active/LinkUp/800G
77371,leaf-spine,sys1-ice2-p-swi-bel50,sw60p2,Active/LinkUp/800G,sys1-ice2-p-swi-bes24,sw50p2,Active/LinkUp/800G
77372,leaf-spine,sys1-ice2-p-swi-bel50,sw61p1,Active/LinkUp/800G,sys1-ice2-p-swi-bes25,sw50p1,Active/LinkUp/800G
77373,leaf-spine,sys1-ice2-p-swi-bel50,sw61p2,Active/LinkUp/800G,sys1-ice2-p-swi-bes25,sw50p2,Active/LinkUp/800G
77374,leaf-spine,sys1-ice2-p-swi-bel50,sw62p1,Active/LinkUp/800G,sys1-ice2-p-swi-bes26,sw50p1,Active/LinkUp/800G
77375,leaf-spine,sys1-ice2-p-swi-bel50,sw62p2,Active/LinkUp/800G,sys1-ice2-p-swi-bes26,sw50p2,Active/LinkUp/800G
77376,leaf-spine,sys1-ice2-p-swi-bel50,sw63p1,Active/LinkUp/800G,sys1-ice2-p-swi-bes27,sw50p1,Active/LinkUp/800G
77377,leaf-spine,sys1-ice2-p-swi-bel50,sw63p2,Active/LinkUp/800G,sys1-ice2-p-swi-bes27,sw50p2,Active/LinkUp/800G
77378,leaf-spine,sys1-ice2-p-swi-bel50,sw64p1,Active/LinkUp/800G,sys1-ice2-p-swi-bes28,sw50p1,Active/LinkUp/800G
77379,leaf-spine,sys1-ice2-p-swi-bel50,sw64p2,Active/LinkUp/800G,sys1-ice2-p-swi-bes28,sw50p2,Active/LinkUp/800G
77380,leaf-spine,sys1-ice2-p-swi-bel50,sw65p1,Active/LinkUp/800G,sys1-ice2-p-swi-bes29,sw50p1,Active/LinkUp/800G
77381,leaf-spine,sys1-ice2-p-swi-bel50,sw65p2,Active/LinkUp/800G,sys1-ice2-p-swi-bes29,sw50p2,Active/LinkUp/800G
77382,leaf-spine,sys1-ice2-p-swi-bel50,sw66p1,Active/LinkUp/800G,sys1-ice2-p-swi-bes30,sw50p1,Active/LinkUp/800G
77383,leaf-spine,sys1-ice2-p-swi-bel50,sw66p2,Active/LinkUp/800G,sys1-ice2-p-swi-bes30,sw50p2,Active/LinkUp/800G
77384,leaf-spine,sys1-ice2-p-swi-bel50,sw67p1,Active/LinkUp/800G,sys1-ice2-p-swi-bes31,sw50p1,Active/LinkUp/800G
77385,leaf-spine,sys1-ice2-p-swi-bel50,sw67p2,Active/LinkUp/800G,sys1-ice2-p-swi-bes31,sw50p2,Active/LinkUp/800G
77386,leaf-spine,sys1-ice2-p-swi-bel50,sw68p1,Active/LinkUp/800G,sys1-ice2-p-swi-bes32,sw50p1,Active/LinkUp/800G
77387,leaf-spine,sys1-ice2-p-swi-bel50,sw68p2,Active/LinkUp/800G,sys1-ice2-p-swi-bes32,sw50p2,Active/LinkUp/800G
77388,leaf-spine,sys1-ice2-p-swi-bel50,sw69p1,Active/LinkUp/800G,sys1-ice2-p-swi-bes33,sw50p1,Active/LinkUp/800G
77389,leaf-spine,sys1-ice2-p-swi-bel50,sw69p2,Active/LinkUp/800G,sys1-ice2-p-swi-bes33,sw50p2,Active/LinkUp/800G
77390,leaf-spine,sys1-ice2-p-swi-bel50,sw70p1,Active/LinkUp/800G,sys1-ice2-p-swi-bes34,sw50p1,Active/LinkUp/800G
77391,leaf-spine,sys1-ice2-p-swi-bel50,sw70p2,Active/LinkUp/800G,sys1-ice2-p-swi-bes34,sw50p2,Active/LinkUp/800G
77392,leaf-spine,sys1-ice2-p-swi-bel50,sw71p1,Active/LinkUp/800G,sys1-ice2-p-swi-bes35,sw50p1,Active/LinkUp/800G
77393,leaf-spine,sys1-ice2-p-swi-bel50,sw71p2,Active/LinkUp/800G,sys1-ice2-p-swi-bes35,sw50p2,Active/LinkUp/800G
77394,leaf-spine,sys1-ice2-p-swi-bel50,sw72p1,Active/LinkUp/800G,sys1-ice2-p-swi-bes36,sw50p1,Active/LinkUp/800G
77395,leaf-spine,sys1-ice2-p-swi-bel50,sw72p2,Active/LinkUp/800G,sys1-ice2-p-swi-bes36,sw50p2,Active/LinkUp/800G
77396,leaf-spine,sys1-ice2-p-swi-bel51,sw37p1,Active/LinkUp/800G,sys1-ice2-p-swi-bes1,sw51p1,Active/LinkUp/800G
77397,leaf-spine,sys1-ice2-p-swi-bel51,sw37p2,Active/LinkUp/800G,sys1-ice2-p-swi-bes1,sw51p2,Active/LinkUp/800G
77398,leaf-spine,sys1-ice2-p-swi-bel51,sw38p1,Active/LinkUp/800G,sys1-ice2-p-swi-bes2,sw51p1,Active/LinkUp/800G
77399,leaf-spine,sys1-ice2-p-swi-bel51,sw38p2,Active/LinkUp/800G,sys1-ice2-p-swi-bes2,sw51p2,Active/LinkUp/800G
77400,leaf-spine,sys1-ice2-p-swi-bel51,sw39p1,Active/LinkUp/800G,sys1-ice2-p-swi-bes3,sw51p1,Active/LinkUp/800G
77401,leaf-spine,sys1-ice2-p-swi-bel51,sw39p2,Active/LinkUp/800G,sys1-ice2-p-swi-bes3,sw51p2,Active/LinkUp/800G
77402,leaf-spine,sys1-ice2-p-swi-bel51,sw40p1,Active/LinkUp/800G,sys1-ice2-p-swi-bes4,sw51p1,Active/LinkUp/800G
77403,leaf-spine,sys1-ice2-p-swi-bel51,sw40p2,Active/LinkUp/800G,sys1-ice2-p-swi-bes4,sw51p2,Active/LinkUp/800G
77404,leaf-spine,sys1-ice2-p-swi-bel51,sw41p1,Active/LinkUp/800G,sys1-ice2-p-swi-bes5,sw51p1,Active/LinkUp/800G
77405,leaf-spine,sys1-ice2-p-swi-bel51,sw41p2,Active/LinkUp/800G,sys1-ice2-p-swi-bes5,sw51p2,Active/LinkUp/800G
77406,leaf-spine,sys1-ice2-p-swi-bel51,sw42p1,Active/LinkUp/800G,sys1-ice2-p-swi-bes6,sw51p1,Active/LinkUp/800G
77407,leaf-spine,sys1-ice2-p-swi-bel51,sw42p2,Active/LinkUp/800G,sys1-ice2-p-swi-bes6,sw51p2,Active/LinkUp/800G
77408,leaf-spine,sys1-ice2-p-swi-bel51,sw43p1,Active/LinkUp/800G,sys1-ice2-p-swi-bes7,sw51p1,Active/LinkUp/800G
77409,leaf-spine,sys1-ice2-p-swi-bel51,sw43p2,Active/LinkUp/800G,sys1-ice2-p-swi-bes7,sw51p2,Active/LinkUp/800G
77410,leaf-spine,sys1-ice2-p-swi-bel51,sw44p1,Active/LinkUp/800G,sys1-ice2-p-swi-bes8,sw51p1,Active/LinkUp/800G
77411,leaf-spine,sys1-ice2-p-swi-bel51,sw44p2,Active/LinkUp/800G,sys1-ice2-p-swi-bes8,sw51p2,Active/LinkUp/800G
77412,leaf-spine,sys1-ice2-p-swi-bel51,sw45p1,Active/LinkUp/800G,sys1-ice2-p-swi-bes9,sw51p1,Active/LinkUp/800G
77413,leaf-spine,sys1-ice2-p-swi-bel51,sw45p2,Active/LinkUp/800G,sys1-ice2-p-swi-bes9,sw51p2,Active/LinkUp/800G
77414,leaf-spine,sys1-ice2-p-swi-bel51,sw46p1,Active/LinkUp/800G,sys1-ice2-p-swi-bes10,sw51p1,Active/LinkUp/800G
77415,leaf-spine,sys1-ice2-p-swi-bel51,sw46p2,Active/LinkUp/800G,sys1-ice2-p-swi-bes10,sw51p2,Active/LinkUp/800G
77416,leaf-spine,sys1-ice2-p-swi-bel51,sw47p1,Active/LinkUp/800G,sys1-ice2-p-swi-bes11,sw51p1,Active/LinkUp/800G
77417,leaf-spine,sys1-ice2-p-swi-bel51,sw47p2,Active/LinkUp/800G,sys1-ice2-p-swi-bes11,sw51p2,Active/LinkUp/800G
77418,leaf-spine,sys1-ice2-p-swi-bel51,sw48p1,Active/LinkUp/800G,sys1-ice2-p-swi-bes12,sw51p1,Active/LinkUp/800G
77419,leaf-spine,sys1-ice2-p-swi-bel51,sw48p2,Active/LinkUp/800G,sys1-ice2-p-swi-bes12,sw51p2,Active/LinkUp/800G
77420,leaf-spine,sys1-ice2-p-swi-bel51,sw49p1,Active/LinkUp/800G,sys1-ice2-p-swi-bes13,sw51p1,Active/LinkUp/800G
77421,leaf-spine,sys1-ice2-p-swi-bel51,sw49p2,Active/LinkUp/800G,sys1-ice2-p-swi-bes13,sw51p2,Active/LinkUp/800G
77422,leaf-spine,sys1-ice2-p-swi-bel51,sw50p1,Active/LinkUp/800G,sys1-ice2-p-swi-bes14,sw51p1,Active/LinkUp/800G
77423,leaf-spine,sys1-ice2-p-swi-bel51,sw50p2,Active/LinkUp/800G,sys1-ice2-p-swi-bes14,sw51p2,Active/LinkUp/800G
77424,leaf-spine,sys1-ice2-p-swi-bel51,sw51p1,Active/LinkUp/800G,sys1-ice2-p-swi-bes15,sw51p1,Active/LinkUp/800G
77425,leaf-spine,sys1-ice2-p-swi-bel51,sw51p2,Active/LinkUp/800G,sys1-ice2-p-swi-bes15,sw51p2,Active/LinkUp/800G
77426,leaf-spine,sys1-ice2-p-swi-bel51,sw52p1,Active/LinkUp/800G,sys1-ice2-p-swi-bes16,sw51p1,Active/LinkUp/800G
77427,leaf-spine,sys1-ice2-p-swi-bel51,sw52p2,Active/LinkUp/800G,sys1-ice2-p-swi-bes16,sw51p2,Active/LinkUp/800G
77428,leaf-spine,sys1-ice2-p-swi-bel51,sw53p1,Active/LinkUp/800G,sys1-ice2-p-swi-bes17,sw51p1,Active/LinkUp/800G
77429,leaf-spine,sys1-ice2-p-swi-bel51,sw53p2,Active/LinkUp/800G,sys1-ice2-p-swi-bes17,sw51p2,Active/LinkUp/800G
77430,leaf-spine,sys1-ice2-p-swi-bel51,sw54p1,Active/LinkUp/800G,sys1-ice2-p-swi-bes18,sw51p1,Active/LinkUp/800G
77431,leaf-spine,sys1-ice2-p-swi-bel51,sw54p2,Active/LinkUp/800G,sys1-ice2-p-swi-bes18,sw51p2,Active/LinkUp/800G
77432,leaf-spine,sys1-ice2-p-swi-bel51,sw55p1,Active/LinkUp/800G,sys1-ice2-p-swi-bes19,sw51p1,Active/LinkUp/800G
77433,leaf-spine,sys1-ice2-p-swi-bel51,sw55p2,Active/LinkUp/800G,sys1-ice2-p-swi-bes19,sw51p2,Active/LinkUp/800G
77434,leaf-spine,sys1-ice2-p-swi-bel51,sw56p1,Active/LinkUp/800G,sys1-ice2-p-swi-bes20,sw51p1,Active/LinkUp/800G
77435,leaf-spine,sys1-ice2-p-swi-bel51,sw56p2,Active/LinkUp/800G,sys1-ice2-p-swi-bes20,sw51p2,Active/LinkUp/800G
77436,leaf-spine,sys1-ice2-p-swi-bel51,sw57p1,Active/LinkUp/800G,sys1-ice2-p-swi-bes21,sw51p1,Active/LinkUp/800G
77437,leaf-spine,sys1-ice2-p-swi-bel51,sw57p2,Active/LinkUp/800G,sys1-ice2-p-swi-bes21,sw51p2,Active/LinkUp/800G
77438,leaf-spine,sys1-ice2-p-swi-bel51,sw58p1,Active/LinkUp/800G,sys1-ice2-p-swi-bes22,sw51p1,Active/LinkUp/800G
77439,leaf-spine,sys1-ice2-p-swi-bel51,sw58p2,Active/LinkUp/800G,sys1-ice2-p-swi-bes22,sw51p2,Active/LinkUp/800G
77440,leaf-spine,sys1-ice2-p-swi-bel51,sw59p1,Active/LinkUp/800G,sys1-ice2-p-swi-bes23,sw51p1,Active/LinkUp/800G
77441,leaf-spine,sys1-ice2-p-swi-bel51,sw59p2,Active/LinkUp/800G,sys1-ice2-p-swi-bes23,sw51p2,Active/LinkUp/800G
77442,leaf-spine,sys1-ice2-p-swi-bel51,sw60p1,Active/LinkUp/800G,sys1-ice2-p-swi-bes24,sw51p1,Active/LinkUp/800G
77443,leaf-spine,sys1-ice2-p-swi-bel51,sw60p2,Active/LinkUp/800G,sys1-ice2-p-swi-bes24,sw51p2,Active/LinkUp/800G
77444,leaf-spine,sys1-ice2-p-swi-bel51,sw61p1,Active/LinkUp/800G,sys1-ice2-p-swi-bes25,sw51p1,Active/LinkUp/800G
77445,leaf-spine,sys1-ice2-p-swi-bel51,sw61p2,Active/LinkUp/800G,sys1-ice2-p-swi-bes25,sw51p2,Active/LinkUp/800G
77446,leaf-spine,sys1-ice2-p-swi-bel51,sw62p1,Active/LinkUp/800G,sys1-ice2-p-swi-bes26,sw51p1,Active/LinkUp/800G
77447,leaf-spine,sys1-ice2-p-swi-bel51,sw62p2,Active/LinkUp/800G,sys1-ice2-p-swi-bes26,sw51p2,Active/LinkUp/800G
77448,leaf-spine,sys1-ice2-p-swi-bel51,sw63p1,Active/LinkUp/800G,sys1-ice2-p-swi-bes27,sw51p1,Active/LinkUp/800G
77449,leaf-spine,sys1-ice2-p-swi-bel51,sw63p2,Active/LinkUp/800G,sys1-ice2-p-swi-bes27,sw51p2,Active/LinkUp/800G
77450,leaf-spine,sys1-ice2-p-swi-bel51,sw64p1,Active/LinkUp/800G,sys1-ice2-p-swi-bes28,sw51p1,Active/LinkUp/800G
77451,leaf-spine,sys1-ice2-p-swi-bel51,sw64p2,Active/LinkUp/800G,sys1-ice2-p-swi-bes28,sw51p2,Active/LinkUp/800G
77452,leaf-spine,sys1-ice2-p-swi-bel51,sw65p1,Active/LinkUp/800G,sys1-ice2-p-swi-bes29,sw51p1,Active/LinkUp/800G
77453,leaf-spine,sys1-ice2-p-swi-bel51,sw65p2,Active/LinkUp/800G,sys1-ice2-p-swi-bes29,sw51p2,Active/LinkUp/800G
77454,leaf-spine,sys1-ice2-p-swi-bel51,sw66p1,Active/LinkUp/800G,sys1-ice2-p-swi-bes30,sw51p1,Active/LinkUp/800G
77455,leaf-spine,sys1-ice2-p-swi-bel51,sw66p2,Active/LinkUp/800G,sys1-ice2-p-swi-bes30,sw51p2,Active/LinkUp/800G
77456,leaf-spine,sys1-ice2-p-swi-bel51,sw67p1,Active/LinkUp/800G,sys1-ice2-p-swi-bes31,sw51p1,Active/LinkUp/800G
77457,leaf-spine,sys1-ice2-p-swi-bel51,sw67p2,Active/LinkUp/800G,sys1-ice2-p-swi-bes31,sw51p2,Active/LinkUp/800G
77458,leaf-spine,sys1-ice2-p-swi-bel51,sw68p1,Active/LinkUp/800G,sys1-ice2-p-swi-bes32,sw51p1,Active/LinkUp/800G
77459,leaf-spine,sys1-ice2-p-swi-bel51,sw68p2,Active/LinkUp/800G,sys1-ice2-p-swi-bes32,sw51p2,Active/LinkUp/800G
77460,leaf-spine,sys1-ice2-p-swi-bel51,sw69p1,Active/LinkUp/800G,sys1-ice2-p-swi-bes33,sw51p1,Active/LinkUp/800G
77461,leaf-spine,sys1-ice2-p-swi-bel51,sw69p2,Active/LinkUp/800G,sys1-ice2-p-swi-bes33,sw51p2,Active/LinkUp/800G
77462,leaf-spine,sys1-ice2-p-swi-bel51,sw70p1,Active/LinkUp/800G,sys1-ice2-p-swi-bes34,sw51p1,Active/LinkUp/800G
77463,leaf-spine,sys1-ice2-p-swi-bel51,sw70p2,Active/LinkUp/800G,sys1-ice2-p-swi-bes34,sw51p2,Active/LinkUp/800G
77464,leaf-spine,sys1-ice2-p-swi-bel51,sw71p1,Active/LinkUp/800G,sys1-ice2-p-swi-bes35,sw51p1,Active/LinkUp/800G
77465,leaf-spine,sys1-ice2-p-swi-bel51,sw71p2,Active/LinkUp/800G,sys1-ice2-p-swi-bes35,sw51p2,Active/LinkUp/800G
77466,leaf-spine,sys1-ice2-p-swi-bel51,sw72p1,Active/LinkUp/800G,sys1-ice2-p-swi-bes36,sw51p1,Active/LinkUp/800G
77467,leaf-spine,sys1-ice2-p-swi-bel51,sw72p2,Active/LinkUp/800G,sys1-ice2-p-swi-bes36,sw51p2,Active/LinkUp/800G
77468,leaf-spine,sys1-ice2-p-swi-bel52,sw37p1,Active/LinkUp/800G,sys1-ice2-p-swi-bes1,sw52p1,Active/LinkUp/800G
77469,leaf-spine,sys1-ice2-p-swi-bel52,sw37p2,Active/LinkUp/800G,sys1-ice2-p-swi-bes1,sw52p2,Active/LinkUp/800G
77470,leaf-spine,sys1-ice2-p-swi-bel52,sw38p1,Active/LinkUp/800G,sys1-ice2-p-swi-bes2,sw52p1,Active/LinkUp/800G
77471,leaf-spine,sys1-ice2-p-swi-bel52,sw38p2,Active/LinkUp/800G,sys1-ice2-p-swi-bes2,sw52p2,Active/LinkUp/800G
77472,leaf-spine,sys1-ice2-p-swi-bel52,sw39p1,Active/LinkUp/800G,sys1-ice2-p-swi-bes3,sw52p1,Active/LinkUp/800G
77473,leaf-spine,sys1-ice2-p-swi-bel52,sw39p2,Active/LinkUp/800G,sys1-ice2-p-swi-bes3,sw52p2,Active/LinkUp/800G
77474,leaf-spine,sys1-ice2-p-swi-bel52,sw40p1,Active/LinkUp/800G,sys1-ice2-p-swi-bes4,sw52p1,Active/LinkUp/800G
77475,leaf-spine,sys1-ice2-p-swi-bel52,sw40p2,Active/LinkUp/800G,sys1-ice2-p-swi-bes4,sw52p2,Active/LinkUp/800G
77476,leaf-spine,sys1-ice2-p-swi-bel52,sw41p1,Active/LinkUp/800G,sys1-ice2-p-swi-bes5,sw52p1,Active/LinkUp/800G
77477,leaf-spine,sys1-ice2-p-swi-bel52,sw41p2,Active/LinkUp/800G,sys1-ice2-p-swi-bes5,sw52p2,Active/LinkUp/800G
77478,leaf-spine,sys1-ice2-p-swi-bel52,sw42p1,Active/LinkUp/800G,sys1-ice2-p-swi-bes6,sw52p1,Active/LinkUp/800G
77479,leaf-spine,sys1-ice2-p-swi-bel52,sw42p2,Active/LinkUp/800G,sys1-ice2-p-swi-bes6,sw52p2,Active/LinkUp/800G
77480,leaf-spine,sys1-ice2-p-swi-bel52,sw43p1,Active/LinkUp/800G,sys1-ice2-p-swi-bes7,sw52p1,Active/LinkUp/800G
77481,leaf-spine,sys1-ice2-p-swi-bel52,sw43p2,Active/LinkUp/800G,sys1-ice2-p-swi-bes7,sw52p2,Active/LinkUp/800G
77482,leaf-spine,sys1-ice2-p-swi-bel52,sw44p1,Active/LinkUp/800G,sys1-ice2-p-swi-bes8,sw52p1,Active/LinkUp/800G
77483,leaf-spine,sys1-ice2-p-swi-bel52,sw44p2,Active/LinkUp/800G,sys1-ice2-p-swi-bes8,sw52p2,Active/LinkUp/800G
77484,leaf-spine,sys1-ice2-p-swi-bel52,sw45p1,Active/LinkUp/800G,sys1-ice2-p-swi-bes9,sw52p1,Active/LinkUp/800G
77485,leaf-spine,sys1-ice2-p-swi-bel52,sw45p2,Active/LinkUp/800G,sys1-ice2-p-swi-bes9,sw52p2,Active/LinkUp/800G
77486,leaf-spine,sys1-ice2-p-swi-bel52,sw46p1,Active/LinkUp/800G,sys1-ice2-p-swi-bes10,sw52p1,Active/LinkUp/800G
77487,leaf-spine,sys1-ice2-p-swi-bel52,sw46p2,Active/LinkUp/800G,sys1-ice2-p-swi-bes10,sw52p2,Active/LinkUp/800G
77488,leaf-spine,sys1-ice2-p-swi-bel52,sw47p1,Active/LinkUp/800G,sys1-ice2-p-swi-bes11,sw52p1,Active/LinkUp/800G
77489,leaf-spine,sys1-ice2-p-swi-bel52,sw47p2,Active/LinkUp/800G,sys1-ice2-p-swi-bes11,sw52p2,Active/LinkUp/800G
77490,leaf-spine,sys1-ice2-p-swi-bel52,sw48p1,Active/LinkUp/800G,sys1-ice2-p-swi-bes12,sw52p1,Active/LinkUp/800G
77491,leaf-spine,sys1-ice2-p-swi-bel52,sw48p2,Active/LinkUp/800G,sys1-ice2-p-swi-bes12,sw52p2,Active/LinkUp/800G
77492,leaf-spine,sys1-ice2-p-swi-bel52,sw49p1,Active/LinkUp/800G,sys1-ice2-p-swi-bes13,sw52p1,Active/LinkUp/800G
77493,leaf-spine,sys1-ice2-p-swi-bel52,sw49p2,Active/LinkUp/800G,sys1-ice2-p-swi-bes13,sw52p2,Active/LinkUp/800G
77494,leaf-spine,sys1-ice2-p-swi-bel52,sw50p1,Active/LinkUp/800G,sys1-ice2-p-swi-bes14,sw52p1,Active/LinkUp/800G
77495,leaf-spine,sys1-ice2-p-swi-bel52,sw50p2,Active/LinkUp/800G,sys1-ice2-p-swi-bes14,sw52p2,Active/LinkUp/800G
77496,leaf-spine,sys1-ice2-p-swi-bel52,sw51p1,Active/LinkUp/800G,sys1-ice2-p-swi-bes15,sw52p1,Active/LinkUp/800G
77497,leaf-spine,sys1-ice2-p-swi-bel52,sw51p2,Active/LinkUp/800G,sys1-ice2-p-swi-bes15,sw52p2,Active/LinkUp/800G
77498,leaf-spine,sys1-ice2-p-swi-bel52,sw52p1,Active/LinkUp/800G,sys1-ice2-p-swi-bes16,sw52p1,Active/LinkUp/800G
77499,leaf-spine,sys1-ice2-p-swi-bel52,sw52p2,Active/LinkUp/800G,sys1-ice2-p-swi-bes16,sw52p2,Active/LinkUp/800G
77500,leaf-spine,sys1-ice2-p-swi-bel52,sw53p1,Active/LinkUp/800G,sys1-ice2-p-swi-bes17,sw52p1,Active/LinkUp/800G
77501,leaf-spine,sys1-ice2-p-swi-bel52,sw53p2,Active/LinkUp/800G,sys1-ice2-p-swi-bes17,sw52p2,Active/LinkUp/800G
77502,leaf-spine,sys1-ice2-p-swi-bel52,sw54p1,Active/LinkUp/800G,sys1-ice2-p-swi-bes18,sw52p1,Active/LinkUp/800G
77503,leaf-spine,sys1-ice2-p-swi-bel52,sw54p2,Active/LinkUp/800G,sys1-ice2-p-swi-bes18,sw52p2,Active/LinkUp/800G
77504,leaf-spine,sys1-ice2-p-swi-bel52,sw55p1,Active/LinkUp/800G,sys1-ice2-p-swi-bes19,sw52p1,Active/LinkUp/800G
77505,leaf-spine,sys1-ice2-p-swi-bel52,sw55p2,Active/LinkUp/800G,sys1-ice2-p-swi-bes19,sw52p2,Active/LinkUp/800G
77506,leaf-spine,sys1-ice2-p-swi-bel52,sw56p1,Active/LinkUp/800G,sys1-ice2-p-swi-bes20,sw52p1,Active/LinkUp/800G
77507,leaf-spine,sys1-ice2-p-swi-bel52,sw56p2,Active/LinkUp/800G,sys1-ice2-p-swi-bes20,sw52p2,Active/LinkUp/800G
77508,leaf-spine,sys1-ice2-p-swi-bel52,sw57p1,Active/LinkUp/800G,sys1-ice2-p-swi-bes21,sw52p1,Active/LinkUp/800G
77509,leaf-spine,sys1-ice2-p-swi-bel52,sw57p2,Active/LinkUp/800G,sys1-ice2-p-swi-bes21,sw52p2,Active/LinkUp/800G
77510,leaf-spine,sys1-ice2-p-swi-bel52,sw58p1,Active/LinkUp/800G,sys1-ice2-p-swi-bes22,sw52p1,Active/LinkUp/800G
77511,leaf-spine,sys1-ice2-p-swi-bel52,sw58p2,Active/LinkUp/800G,sys1-ice2-p-swi-bes22,sw52p2,Active/LinkUp/800G
77512,leaf-spine,sys1-ice2-p-swi-bel52,sw59p1,Active/LinkUp/800G,sys1-ice2-p-swi-bes23,sw52p1,Active/LinkUp/800G
77513,leaf-spine,sys1-ice2-p-swi-bel52,sw59p2,Active/LinkUp/800G,sys1-ice2-p-swi-bes23,sw52p2,Active/LinkUp/800G
77514,leaf-spine,sys1-ice2-p-swi-bel52,sw60p1,Active/LinkUp/800G,sys1-ice2-p-swi-bes24,sw52p1,Active/LinkUp/800G
77515,leaf-spine,sys1-ice2-p-swi-bel52,sw60p2,Active/LinkUp/800G,sys1-ice2-p-swi-bes24,sw52p2,Active/LinkUp/800G
77516,leaf-spine,sys1-ice2-p-swi-bel52,sw61p1,Active/LinkUp/800G,sys1-ice2-p-swi-bes25,sw52p1,Active/LinkUp/800G
77517,leaf-spine,sys1-ice2-p-swi-bel52,sw61p2,Active/LinkUp/800G,sys1-ice2-p-swi-bes25,sw52p2,Active/LinkUp/800G
77518,leaf-spine,sys1-ice2-p-swi-bel52,sw62p1,Active/LinkUp/800G,sys1-ice2-p-swi-bes26,sw52p1,Active/LinkUp/800G
77519,leaf-spine,sys1-ice2-p-swi-bel52,sw62p2,Active/LinkUp/800G,sys1-ice2-p-swi-bes26,sw52p2,Active/LinkUp/800G
77520,leaf-spine,sys1-ice2-p-swi-bel52,sw63p1,Active/LinkUp/800G,sys1-ice2-p-swi-bes27,sw52p1,Active/LinkUp/800G
77521,leaf-spine,sys1-ice2-p-swi-bel52,sw63p2,Active/LinkUp/800G,sys1-ice2-p-swi-bes27,sw52p2,Active/LinkUp/800G
77522,leaf-spine,sys1-ice2-p-swi-bel52,sw64p1,Active/LinkUp/800G,sys1-ice2-p-swi-bes28,sw52p1,Active/LinkUp/800G
77523,leaf-spine,sys1-ice2-p-swi-bel52,sw64p2,Active/LinkUp/800G,sys1-ice2-p-swi-bes28,sw52p2,Active/LinkUp/800G
77524,leaf-spine,sys1-ice2-p-swi-bel52,sw65p1,Active/LinkUp/800G,sys1-ice2-p-swi-bes29,sw52p1,Active/LinkUp/800G
77525,leaf-spine,sys1-ice2-p-swi-bel52,sw65p2,Active/LinkUp/800G,sys1-ice2-p-swi-bes29,sw52p2,Active/LinkUp/800G
77526,leaf-spine,sys1-ice2-p-swi-bel52,sw66p1,Active/LinkUp/800G,sys1-ice2-p-swi-bes30,sw52p1,Active/LinkUp/800G
77527,leaf-spine,sys1-ice2-p-swi-bel52,sw66p2,Active/LinkUp/800G,sys1-ice2-p-swi-bes30,sw52p2,Active/LinkUp/800G
77528,leaf-spine,sys1-ice2-p-swi-bel52,sw67p1,Active/LinkUp/800G,sys1-ice2-p-swi-bes31,sw52p1,Active/LinkUp/800G
77529,leaf-spine,sys1-ice2-p-swi-bel52,sw67p2,Active/LinkUp/800G,sys1-ice2-p-swi-bes31,sw52p2,Active/LinkUp/800G
77530,leaf-spine,sys1-ice2-p-swi-bel52,sw68p1,Active/LinkUp/800G,sys1-ice2-p-swi-bes32,sw52p1,Active/LinkUp/800G
77531,leaf-spine,sys1-ice2-p-swi-bel52,sw68p2,Active/LinkUp/800G,sys1-ice2-p-swi-bes32,sw52p2,Active/LinkUp/800G
77532,leaf-spine,sys1-ice2-p-swi-bel52,sw69p1,Active/LinkUp/800G,sys1-ice2-p-swi-bes33,sw52p1,Active/LinkUp/800G
77533,leaf-spine,sys1-ice2-p-swi-bel52,sw69p2,Active/LinkUp/800G,sys1-ice2-p-swi-bes33,sw52p2,Active/LinkUp/800G
77534,leaf-spine,sys1-ice2-p-swi-bel52,sw70p1,Active/LinkUp/800G,sys1-ice2-p-swi-bes34,sw52p1,Active/LinkUp/800G
77535,leaf-spine,sys1-ice2-p-swi-bel52,sw70p2,Active/LinkUp/800G,sys1-ice2-p-swi-bes34,sw52p2,Active/LinkUp/800G
77536,leaf-spine,sys1-ice2-p-swi-bel52,sw71p1,Active/LinkUp/800G,sys1-ice2-p-swi-bes35,sw52p1,Active/LinkUp/800G
77537,leaf-spine,sys1-ice2-p-swi-bel52,sw71p2,Active/LinkUp/800G,sys1-ice2-p-swi-bes35,sw52p2,Active/LinkUp/800G
77538,leaf-spine,sys1-ice2-p-swi-bel52,sw72p1,Active/LinkUp/800G,sys1-ice2-p-swi-bes36,sw52p1,Active/LinkUp/800G
77539,leaf-spine,sys1-ice2-p-swi-bel52,sw72p2,Active/LinkUp/800G,sys1-ice2-p-swi-bes36,sw52p2,Active/LinkUp/800G
77540,leaf-spine,sys1-ice2-p-swi-bel53,sw37p1,Active/LinkUp/800G,sys1-ice2-p-swi-bes1,sw53p1,Active/LinkUp/800G
77541,leaf-spine,sys1-ice2-p-swi-bel53,sw37p2,Active/LinkUp/800G,sys1-ice2-p-swi-bes1,sw53p2,Active/LinkUp/800G
77542,leaf-spine,sys1-ice2-p-swi-bel53,sw38p1,Active/LinkUp/800G,sys1-ice2-p-swi-bes2,sw53p1,Active/LinkUp/800G
77543,leaf-spine,sys1-ice2-p-swi-bel53,sw38p2,Active/LinkUp/800G,sys1-ice2-p-swi-bes2,sw53p2,Active/LinkUp/800G
77544,leaf-spine,sys1-ice2-p-swi-bel53,sw39p1,Active/LinkUp/800G,sys1-ice2-p-swi-bes3,sw53p1,Active/LinkUp/800G
77545,leaf-spine,sys1-ice2-p-swi-bel53,sw39p2,Active/LinkUp/800G,sys1-ice2-p-swi-bes3,sw53p2,Active/LinkUp/800G
77546,leaf-spine,sys1-ice2-p-swi-bel53,sw40p1,Active/LinkUp/800G,sys1-ice2-p-swi-bes4,sw53p1,Active/LinkUp/800G
77547,leaf-spine,sys1-ice2-p-swi-bel53,sw40p2,Active/LinkUp/800G,sys1-ice2-p-swi-bes4,sw53p2,Active/LinkUp/800G
77548,leaf-spine,sys1-ice2-p-swi-bel53,sw41p1,Active/LinkUp/800G,sys1-ice2-p-swi-bes5,sw53p1,Active/LinkUp/800G
77549,leaf-spine,sys1-ice2-p-swi-bel53,sw41p2,Active/LinkUp/800G,sys1-ice2-p-swi-bes5,sw53p2,Active/LinkUp/800G
77550,leaf-spine,sys1-ice2-p-swi-bel53,sw42p1,Active/LinkUp/800G,sys1-ice2-p-swi-bes6,sw53p1,Active/LinkUp/800G
77551,leaf-spine,sys1-ice2-p-swi-bel53,sw42p2,Active/LinkUp/800G,sys1-ice2-p-swi-bes6,sw53p2,Active/LinkUp/800G
77552,leaf-spine,sys1-ice2-p-swi-bel53,sw43p1,Active/LinkUp/800G,sys1-ice2-p-swi-bes7,sw53p1,Active/LinkUp/800G
77553,leaf-spine,sys1-ice2-p-swi-bel53,sw43p2,Active/LinkUp/800G,sys1-ice2-p-swi-bes7,sw53p2,Active/LinkUp/800G
77554,leaf-spine,sys1-ice2-p-swi-bel53,sw44p1,Active/LinkUp/800G,sys1-ice2-p-swi-bes8,sw53p1,Active/LinkUp/800G
77555,leaf-spine,sys1-ice2-p-swi-bel53,sw44p2,Active/LinkUp/800G,sys1-ice2-p-swi-bes8,sw53p2,Active/LinkUp/800G
77556,leaf-spine,sys1-ice2-p-swi-bel53,sw45p1,Active/LinkUp/800G,sys1-ice2-p-swi-bes9,sw53p1,Active/LinkUp/800G
77557,leaf-spine,sys1-ice2-p-swi-bel53,sw45p2,Active/LinkUp/800G,sys1-ice2-p-swi-bes9,sw53p2,Active/LinkUp/800G
77558,leaf-spine,sys1-ice2-p-swi-bel53,sw46p1,Active/LinkUp/800G,sys1-ice2-p-swi-bes10,sw53p1,Active/LinkUp/800G
77559,leaf-spine,sys1-ice2-p-swi-bel53,sw46p2,Active/LinkUp/800G,sys1-ice2-p-swi-bes10,sw53p2,Active/LinkUp/800G
77560,leaf-spine,sys1-ice2-p-swi-bel53,sw47p1,Active/LinkUp/800G,sys1-ice2-p-swi-bes11,sw53p1,Active/LinkUp/800G
77561,leaf-spine,sys1-ice2-p-swi-bel53,sw47p2,Active/LinkUp/800G,sys1-ice2-p-swi-bes11,sw53p2,Active/LinkUp/800G
77562,leaf-spine,sys1-ice2-p-swi-bel53,sw48p1,Active/LinkUp/800G,sys1-ice2-p-swi-bes12,sw53p1,Active/LinkUp/800G
77563,leaf-spine,sys1-ice2-p-swi-bel53,sw48p2,Active/LinkUp/800G,sys1-ice2-p-swi-bes12,sw53p2,Active/LinkUp/800G
77564,leaf-spine,sys1-ice2-p-swi-bel53,sw49p1,Active/LinkUp/800G,sys1-ice2-p-swi-bes13,sw53p1,Active/LinkUp/800G
77565,leaf-spine,sys1-ice2-p-swi-bel53,sw49p2,Active/LinkUp/800G,sys1-ice2-p-swi-bes13,sw53p2,Active/LinkUp/800G
77566,leaf-spine,sys1-ice2-p-swi-bel53,sw50p1,Active/LinkUp/800G,sys1-ice2-p-swi-bes14,sw53p1,Active/LinkUp/800G
77567,leaf-spine,sys1-ice2-p-swi-bel53,sw50p2,Active/LinkUp/800G,sys1-ice2-p-swi-bes14,sw53p2,Active/LinkUp/800G
77568,leaf-spine,sys1-ice2-p-swi-bel53,sw51p1,Active/LinkUp/800G,sys1-ice2-p-swi-bes15,sw53p1,Active/LinkUp/800G
77569,leaf-spine,sys1-ice2-p-swi-bel53,sw51p2,Active/LinkUp/800G,sys1-ice2-p-swi-bes15,sw53p2,Active/LinkUp/800G
77570,leaf-spine,sys1-ice2-p-swi-bel53,sw52p1,Active/LinkUp/800G,sys1-ice2-p-swi-bes16,sw53p1,Active/LinkUp/800G
77571,leaf-spine,sys1-ice2-p-swi-bel53,sw52p2,Active/LinkUp/800G,sys1-ice2-p-swi-bes16,sw53p2,Active/LinkUp/800G
77572,leaf-spine,sys1-ice2-p-swi-bel53,sw53p1,Active/LinkUp/800G,sys1-ice2-p-swi-bes17,sw53p1,Active/LinkUp/800G
77573,leaf-spine,sys1-ice2-p-swi-bel53,sw53p2,Active/LinkUp/800G,sys1-ice2-p-swi-bes17,sw53p2,Active/LinkUp/800G
77574,leaf-spine,sys1-ice2-p-swi-bel53,sw54p1,Active/LinkUp/800G,sys1-ice2-p-swi-bes18,sw53p1,Active/LinkUp/800G
77575,leaf-spine,sys1-ice2-p-swi-bel53,sw54p2,Active/LinkUp/800G,sys1-ice2-p-swi-bes18,sw53p2,Active/LinkUp/800G
77576,leaf-spine,sys1-ice2-p-swi-bel53,sw55p1,Active/LinkUp/800G,sys1-ice2-p-swi-bes19,sw53p1,Active/LinkUp/800G
77577,leaf-spine,sys1-ice2-p-swi-bel53,sw55p2,Active/LinkUp/800G,sys1-ice2-p-swi-bes19,sw53p2,Active/LinkUp/800G
77578,leaf-spine,sys1-ice2-p-swi-bel53,sw56p1,Active/LinkUp/800G,sys1-ice2-p-swi-bes20,sw53p1,Active/LinkUp/800G
77579,leaf-spine,sys1-ice2-p-swi-bel53,sw56p2,Active/LinkUp/800G,sys1-ice2-p-swi-bes20,sw53p2,Active/LinkUp/800G
77580,leaf-spine,sys1-ice2-p-swi-bel53,sw57p1,Active/LinkUp/800G,sys1-ice2-p-swi-bes21,sw53p1,Active/LinkUp/800G
77581,leaf-spine,sys1-ice2-p-swi-bel53,sw57p2,Active/LinkUp/800G,sys1-ice2-p-swi-bes21,sw53p2,Active/LinkUp/800G
77582,leaf-spine,sys1-ice2-p-swi-bel53,sw58p1,Active/LinkUp/800G,sys1-ice2-p-swi-bes22,sw53p1,Active/LinkUp/800G
77583,leaf-spine,sys1-ice2-p-swi-bel53,sw58p2,Active/LinkUp/800G,sys1-ice2-p-swi-bes22,sw53p2,Active/LinkUp/800G
77584,leaf-spine,sys1-ice2-p-swi-bel53,sw59p1,Active/LinkUp/800G,sys1-ice2-p-swi-bes23,sw53p1,Active/LinkUp/800G
77585,leaf-spine,sys1-ice2-p-swi-bel53,sw59p2,Active/LinkUp/800G,sys1-ice2-p-swi-bes23,sw53p2,Active/LinkUp/800G
77586,leaf-spine,sys1-ice2-p-swi-bel53,sw60p1,Active/LinkUp/800G,sys1-ice2-p-swi-bes24,sw53p1,Active/LinkUp/800G
77587,leaf-spine,sys1-ice2-p-swi-bel53,sw60p2,Active/LinkUp/800G,sys1-ice2-p-swi-bes24,sw53p2,Active/LinkUp/800G
77588,leaf-spine,sys1-ice2-p-swi-bel53,sw61p1,Active/LinkUp/800G,sys1-ice2-p-swi-bes25,sw53p1,Active/LinkUp/800G
77589,leaf-spine,sys1-ice2-p-swi-bel53,sw61p2,Active/LinkUp/800G,sys1-ice2-p-swi-bes25,sw53p2,Active/LinkUp/800G
77590,leaf-spine,sys1-ice2-p-swi-bel53,sw62p1,Active/LinkUp/800G,sys1-ice2-p-swi-bes26,sw53p1,Active/LinkUp/800G
77591,leaf-spine,sys1-ice2-p-swi-bel53,sw62p2,Active/LinkUp/800G,sys1-ice2-p-swi-bes26,sw53p2,Active/LinkUp/800G
77592,leaf-spine,sys1-ice2-p-swi-bel53,sw63p1,Active/LinkUp/800G,sys1-ice2-p-swi-bes27,sw53p1,Active/LinkUp/800G
77593,leaf-spine,sys1-ice2-p-swi-bel53,sw63p2,Active/LinkUp/800G,sys1-ice2-p-swi-bes27,sw53p2,Active/LinkUp/800G
77594,leaf-spine,sys1-ice2-p-swi-bel53,sw64p1,Active/LinkUp/800G,sys1-ice2-p-swi-bes28,sw53p1,Active/LinkUp/800G
77595,leaf-spine,sys1-ice2-p-swi-bel53,sw64p2,Active/LinkUp/800G,sys1-ice2-p-swi-bes28,sw53p2,Active/LinkUp/800G
77596,leaf-spine,sys1-ice2-p-swi-bel53,sw65p1,Active/LinkUp/800G,sys1-ice2-p-swi-bes29,sw53p1,Active/LinkUp/800G
77597,leaf-spine,sys1-ice2-p-swi-bel53,sw65p2,Active/LinkUp/800G,sys1-ice2-p-swi-bes29,sw53p2,Active/LinkUp/800G
77598,leaf-spine,sys1-ice2-p-swi-bel53,sw66p1,Active/LinkUp/800G,sys1-ice2-p-swi-bes30,sw53p1,Active/LinkUp/800G
77599,leaf-spine,sys1-ice2-p-swi-bel53,sw66p2,Active/LinkUp/800G,sys1-ice2-p-swi-bes30,sw53p2,Active/LinkUp/800G
77600,leaf-spine,sys1-ice2-p-swi-bel53,sw67p1,Active/LinkUp/800G,sys1-ice2-p-swi-bes31,sw53p1,Active/LinkUp/800G
77601,leaf-spine,sys1-ice2-p-swi-bel53,sw67p2,Active/LinkUp/800G,sys1-ice2-p-swi-bes31,sw53p2,Active/LinkUp/800G
77602,leaf-spine,sys1-ice2-p-swi-bel53,sw68p1,Active/LinkUp/800G,sys1-ice2-p-swi-bes32,sw53p1,Active/LinkUp/800G
77603,leaf-spine,sys1-ice2-p-swi-bel53,sw68p2,Active/LinkUp/800G,sys1-ice2-p-swi-bes32,sw53p2,Active/LinkUp/800G
77604,leaf-spine,sys1-ice2-p-swi-bel53,sw69p1,Active/LinkUp/800G,sys1-ice2-p-swi-bes33,sw53p1,Active/LinkUp/800G
77605,leaf-spine,sys1-ice2-p-swi-bel53,sw69p2,Active/LinkUp/800G,sys1-ice2-p-swi-bes33,sw53p2,Active/LinkUp/800G
77606,leaf-spine,sys1-ice2-p-swi-bel53,sw70p1,Active/LinkUp/800G,sys1-ice2-p-swi-bes34,sw53p1,Active/LinkUp/800G
77607,leaf-spine,sys1-ice2-p-swi-bel53,sw70p2,Active/LinkUp/800G,sys1-ice2-p-swi-bes34,sw53p2,Active/LinkUp/800G
77608,leaf-spine,sys1-ice2-p-swi-bel53,sw71p1,Active/LinkUp/800G,sys1-ice2-p-swi-bes35,sw53p1,Active/LinkUp/800G
77609,leaf-spine,sys1-ice2-p-swi-bel53,sw71p2,Initialize/LinkUp/,sys1-ice2-p-swi-bes35,sw53p2,Initialize/LinkUp/
77610,leaf-spine,sys1-ice2-p-swi-bel53,sw72p1,Active/LinkUp/800G,sys1-ice2-p-swi-bes36,sw53p1,Active/LinkUp/800G
77611,leaf-spine,sys1-ice2-p-swi-bel53,sw72p2,Active/LinkUp/800G,sys1-ice2-p-swi-bes36,sw53p2,Active/LinkUp/800G
77612,leaf-spine,sys1-ice2-p-swi-bel54,sw37p1,Active/LinkUp/800G,sys1-ice2-p-swi-bes1,sw54p1,Active/LinkUp/800G
77613,leaf-spine,sys1-ice2-p-swi-bel54,sw37p2,Active/LinkUp/800G,sys1-ice2-p-swi-bes1,sw54p2,Active/LinkUp/800G
77614,leaf-spine,sys1-ice2-p-swi-bel54,sw38p1,Active/LinkUp/800G,sys1-ice2-p-swi-bes2,sw54p1,Active/LinkUp/800G
77615,leaf-spine,sys1-ice2-p-swi-bel54,sw38p2,Active/LinkUp/800G,sys1-ice2-p-swi-bes2,sw54p2,Active/LinkUp/800G
77616,leaf-spine,sys1-ice2-p-swi-bel54,sw39p1,Active/LinkUp/800G,sys1-ice2-p-swi-bes3,sw54p1,Active/LinkUp/800G
77617,leaf-spine,sys1-ice2-p-swi-bel54,sw39p2,Active/LinkUp/800G,sys1-ice2-p-swi-bes3,sw54p2,Active/LinkUp/800G
77618,leaf-spine,sys1-ice2-p-swi-bel54,sw40p1,Active/LinkUp/800G,sys1-ice2-p-swi-bes4,sw54p1,Active/LinkUp/800G
77619,leaf-spine,sys1-ice2-p-swi-bel54,sw40p2,Active/LinkUp/800G,sys1-ice2-p-swi-bes4,sw54p2,Active/LinkUp/800G
77620,leaf-spine,sys1-ice2-p-swi-bel54,sw41p1,Active/LinkUp/800G,sys1-ice2-p-swi-bes5,sw54p1,Active/LinkUp/800G
77621,leaf-spine,sys1-ice2-p-swi-bel54,sw41p2,Active/LinkUp/800G,sys1-ice2-p-swi-bes5,sw54p2,Active/LinkUp/800G
77622,leaf-spine,sys1-ice2-p-swi-bel54,sw42p1,Active/LinkUp/800G,sys1-ice2-p-swi-bes6,sw54p1,Active/LinkUp/800G
77623,leaf-spine,sys1-ice2-p-swi-bel54,sw42p2,Active/LinkUp/800G,sys1-ice2-p-swi-bes6,sw54p2,Active/LinkUp/800G
77624,leaf-spine,sys1-ice2-p-swi-bel54,sw43p1,Active/LinkUp/800G,sys1-ice2-p-swi-bes7,sw54p1,Active/LinkUp/800G
77625,leaf-spine,sys1-ice2-p-swi-bel54,sw43p2,Active/LinkUp/800G,sys1-ice2-p-swi-bes7,sw54p2,Active/LinkUp/800G
77626,leaf-spine,sys1-ice2-p-swi-bel54,sw44p1,Active/LinkUp/800G,sys1-ice2-p-swi-bes8,sw54p1,Active/LinkUp/800G
77627,leaf-spine,sys1-ice2-p-swi-bel54,sw44p2,Active/LinkUp/800G,sys1-ice2-p-swi-bes8,sw54p2,Active/LinkUp/800G
77628,leaf-spine,sys1-ice2-p-swi-bel54,sw45p1,Active/LinkUp/800G,sys1-ice2-p-swi-bes9,sw54p1,Active/LinkUp/800G
77629,leaf-spine,sys1-ice2-p-swi-bel54,sw45p2,Active/LinkUp/800G,sys1-ice2-p-swi-bes9,sw54p2,Active/LinkUp/800G
77630,leaf-spine,sys1-ice2-p-swi-bel54,sw46p1,Active/LinkUp/800G,sys1-ice2-p-swi-bes10,sw54p1,Active/LinkUp/800G
77631,leaf-spine,sys1-ice2-p-swi-bel54,sw46p2,Active/LinkUp/800G,sys1-ice2-p-swi-bes10,sw54p2,Active/LinkUp/800G
77632,leaf-spine,sys1-ice2-p-swi-bel54,sw47p1,Active/LinkUp/800G,sys1-ice2-p-swi-bes11,sw54p1,Active/LinkUp/800G
77633,leaf-spine,sys1-ice2-p-swi-bel54,sw47p2,Active/LinkUp/800G,sys1-ice2-p-swi-bes11,sw54p2,Active/LinkUp/800G
77634,leaf-spine,sys1-ice2-p-swi-bel54,sw48p1,Active/LinkUp/800G,sys1-ice2-p-swi-bes12,sw54p1,Active/LinkUp/800G
77635,leaf-spine,sys1-ice2-p-swi-bel54,sw48p2,Active/LinkUp/800G,sys1-ice2-p-swi-bes12,sw54p2,Active/LinkUp/800G
77636,leaf-spine,sys1-ice2-p-swi-bel54,sw49p1,Active/LinkUp/800G,sys1-ice2-p-swi-bes13,sw54p1,Active/LinkUp/800G
77637,leaf-spine,sys1-ice2-p-swi-bel54,sw49p2,Active/LinkUp/800G,sys1-ice2-p-swi-bes13,sw54p2,Active/LinkUp/800G
77638,leaf-spine,sys1-ice2-p-swi-bel54,sw50p1,Active/LinkUp/800G,sys1-ice2-p-swi-bes14,sw54p1,Active/LinkUp/800G
77639,leaf-spine,sys1-ice2-p-swi-bel54,sw50p2,Active/LinkUp/800G,sys1-ice2-p-swi-bes14,sw54p2,Active/LinkUp/800G
77640,leaf-spine,sys1-ice2-p-swi-bel54,sw51p1,Active/LinkUp/800G,sys1-ice2-p-swi-bes15,sw54p1,Active/LinkUp/800G
77641,leaf-spine,sys1-ice2-p-swi-bel54,sw51p2,Active/LinkUp/800G,sys1-ice2-p-swi-bes15,sw54p2,Active/LinkUp/800G
77642,leaf-spine,sys1-ice2-p-swi-bel54,sw52p1,Active/LinkUp/800G,sys1-ice2-p-swi-bes16,sw54p1,Active/LinkUp/800G
77643,leaf-spine,sys1-ice2-p-swi-bel54,sw52p2,Active/LinkUp/800G,sys1-ice2-p-swi-bes16,sw54p2,Active/LinkUp/800G
77644,leaf-spine,sys1-ice2-p-swi-bel54,sw53p1,Active/LinkUp/800G,sys1-ice2-p-swi-bes17,sw54p1,Active/LinkUp/800G
77645,leaf-spine,sys1-ice2-p-swi-bel54,sw53p2,Active/LinkUp/800G,sys1-ice2-p-swi-bes17,sw54p2,Active/LinkUp/800G
77646,leaf-spine,sys1-ice2-p-swi-bel54,sw54p1,Active/LinkUp/800G,sys1-ice2-p-swi-bes18,sw54p1,Active/LinkUp/800G
77647,leaf-spine,sys1-ice2-p-swi-bel54,sw54p2,Active/LinkUp/800G,sys1-ice2-p-swi-bes18,sw54p2,Active/LinkUp/800G
77648,leaf-spine,sys1-ice2-p-swi-bel54,sw55p1,Active/LinkUp/800G,sys1-ice2-p-swi-bes19,sw54p1,Active/LinkUp/800G
77649,leaf-spine,sys1-ice2-p-swi-bel54,sw55p2,Active/LinkUp/800G,sys1-ice2-p-swi-bes19,sw54p2,Active/LinkUp/800G
77650,leaf-spine,sys1-ice2-p-swi-bel54,sw56p1,Active/LinkUp/800G,sys1-ice2-p-swi-bes20,sw54p1,Active/LinkUp/800G
77651,leaf-spine,sys1-ice2-p-swi-bel54,sw56p2,Active/LinkUp/800G,sys1-ice2-p-swi-bes20,sw54p2,Active/LinkUp/800G
77652,leaf-spine,sys1-ice2-p-swi-bel54,sw57p1,Active/LinkUp/800G,sys1-ice2-p-swi-bes21,sw54p1,Active/LinkUp/800G
77653,leaf-spine,sys1-ice2-p-swi-bel54,sw57p2,Active/LinkUp/800G,sys1-ice2-p-swi-bes21,sw54p2,Active/LinkUp/800G
77654,leaf-spine,sys1-ice2-p-swi-bel54,sw58p1,Active/LinkUp/800G,sys1-ice2-p-swi-bes22,sw54p1,Active/LinkUp/800G
77655,leaf-spine,sys1-ice2-p-swi-bel54,sw58p2,Active/LinkUp/800G,sys1-ice2-p-swi-bes22,sw54p2,Active/LinkUp/800G
77656,leaf-spine,sys1-ice2-p-swi-bel54,sw59p1,Active/LinkUp/800G,sys1-ice2-p-swi-bes23,sw54p1,Active/LinkUp/800G
77657,leaf-spine,sys1-ice2-p-swi-bel54,sw59p2,Active/LinkUp/800G,sys1-ice2-p-swi-bes23,sw54p2,Active/LinkUp/800G
77658,leaf-spine,sys1-ice2-p-swi-bel54,sw60p1,Active/LinkUp/800G,sys1-ice2-p-swi-bes24,sw54p1,Active/LinkUp/800G
77659,leaf-spine,sys1-ice2-p-swi-bel54,sw60p2,Active/LinkUp/800G,sys1-ice2-p-swi-bes24,sw54p2,Active/LinkUp/800G
77660,leaf-spine,sys1-ice2-p-swi-bel54,sw61p1,Active/LinkUp/800G,sys1-ice2-p-swi-bes25,sw54p1,Active/LinkUp/800G
77661,leaf-spine,sys1-ice2-p-swi-bel54,sw61p2,Active/LinkUp/800G,sys1-ice2-p-swi-bes25,sw54p2,Active/LinkUp/800G
77662,leaf-spine,sys1-ice2-p-swi-bel54,sw62p1,Active/LinkUp/800G,sys1-ice2-p-swi-bes26,sw54p1,Active/LinkUp/800G
77663,leaf-spine,sys1-ice2-p-swi-bel54,sw62p2,Active/LinkUp/800G,sys1-ice2-p-swi-bes26,sw54p2,Active/LinkUp/800G
77664,leaf-spine,sys1-ice2-p-swi-bel54,sw63p1,Active/LinkUp/800G,sys1-ice2-p-swi-bes27,sw54p1,Active/LinkUp/800G
77665,leaf-spine,sys1-ice2-p-swi-bel54,sw63p2,Active/LinkUp/800G,sys1-ice2-p-swi-bes27,sw54p2,Active/LinkUp/800G
77666,leaf-spine,sys1-ice2-p-swi-bel54,sw64p1,Active/LinkUp/800G,sys1-ice2-p-swi-bes28,sw54p1,Active/LinkUp/800G
77667,leaf-spine,sys1-ice2-p-swi-bel54,sw64p2,Active/LinkUp/800G,sys1-ice2-p-swi-bes28,sw54p2,Active/LinkUp/800G
77668,leaf-spine,sys1-ice2-p-swi-bel54,sw65p1,Active/LinkUp/800G,sys1-ice2-p-swi-bes29,sw54p1,Active/LinkUp/800G
77669,leaf-spine,sys1-ice2-p-swi-bel54,sw65p2,Active/LinkUp/800G,sys1-ice2-p-swi-bes29,sw54p2,Active/LinkUp/800G
77670,leaf-spine,sys1-ice2-p-swi-bel54,sw66p1,Active/LinkUp/800G,sys1-ice2-p-swi-bes30,sw54p1,Active/LinkUp/800G
77671,leaf-spine,sys1-ice2-p-swi-bel54,sw66p2,Active/LinkUp/800G,sys1-ice2-p-swi-bes30,sw54p2,Active/LinkUp/800G
77672,leaf-spine,sys1-ice2-p-swi-bel54,sw67p1,Active/LinkUp/800G,sys1-ice2-p-swi-bes31,sw54p1,Active/LinkUp/800G
77673,leaf-spine,sys1-ice2-p-swi-bel54,sw67p2,Active/LinkUp/800G,sys1-ice2-p-swi-bes31,sw54p2,Active/LinkUp/800G
77674,leaf-spine,sys1-ice2-p-swi-bel54,sw68p1,Active/LinkUp/800G,sys1-ice2-p-swi-bes32,sw54p1,Active/LinkUp/800G
77675,leaf-spine,sys1-ice2-p-swi-bel54,sw68p2,Active/LinkUp/800G,sys1-ice2-p-swi-bes32,sw54p2,Active/LinkUp/800G
77676,leaf-spine,sys1-ice2-p-swi-bel54,sw69p1,Active/LinkUp/800G,sys1-ice2-p-swi-bes33,sw54p1,Active/LinkUp/800G
77677,leaf-spine,sys1-ice2-p-swi-bel54,sw69p2,Active/LinkUp/800G,sys1-ice2-p-swi-bes33,sw54p2,Active/LinkUp/800G
77678,leaf-spine,sys1-ice2-p-swi-bel54,sw70p1,Active/LinkUp/800G,sys1-ice2-p-swi-bes34,sw54p1,Active/LinkUp/800G
77679,leaf-spine,sys1-ice2-p-swi-bel54,sw70p2,Active/LinkUp/800G,sys1-ice2-p-swi-bes34,sw54p2,Active/LinkUp/800G
77680,leaf-spine,sys1-ice2-p-swi-bel54,sw71p1,Active/LinkUp/800G,sys1-ice2-p-swi-bes35,sw54p1,Active/LinkUp/800G
77681,leaf-spine,sys1-ice2-p-swi-bel54,sw71p2,Active/LinkUp/800G,sys1-ice2-p-swi-bes35,sw54p2,Active/LinkUp/800G
77682,leaf-spine,sys1-ice2-p-swi-bel54,sw72p1,Active/LinkUp/800G,sys1-ice2-p-swi-bes36,sw54p1,Active/LinkUp/800G
77683,leaf-spine,sys1-ice2-p-swi-bel54,sw72p2,Active/LinkUp/800G,sys1-ice2-p-swi-bes36,sw54p2,Active/LinkUp/800G
77684,leaf-spine,sys1-ice2-p-swi-bel55,sw37p1,Active/LinkUp/800G,sys1-ice2-p-swi-bes1,sw55p1,Active/LinkUp/800G
77685,leaf-spine,sys1-ice2-p-swi-bel55,sw37p2,Active/LinkUp/800G,sys1-ice2-p-swi-bes1,sw55p2,Active/LinkUp/800G
77686,leaf-spine,sys1-ice2-p-swi-bel55,sw38p1,Active/LinkUp/800G,sys1-ice2-p-swi-bes2,sw55p1,Active/LinkUp/800G
77687,leaf-spine,sys1-ice2-p-swi-bel55,sw38p2,Active/LinkUp/800G,sys1-ice2-p-swi-bes2,sw55p2,Active/LinkUp/800G
77688,leaf-spine,sys1-ice2-p-swi-bel55,sw39p1,Active/LinkUp/800G,sys1-ice2-p-swi-bes3,sw55p1,Active/LinkUp/800G
77689,leaf-spine,sys1-ice2-p-swi-bel55,sw39p2,Active/LinkUp/800G,sys1-ice2-p-swi-bes3,sw55p2,Active/LinkUp/800G
77690,leaf-spine,sys1-ice2-p-swi-bel55,sw40p1,Active/LinkUp/800G,sys1-ice2-p-swi-bes4,sw55p1,Active/LinkUp/800G
77691,leaf-spine,sys1-ice2-p-swi-bel55,sw40p2,Active/LinkUp/800G,sys1-ice2-p-swi-bes4,sw55p2,Active/LinkUp/800G
77692,leaf-spine,sys1-ice2-p-swi-bel55,sw41p1,Active/LinkUp/800G,sys1-ice2-p-swi-bes5,sw55p1,Active/LinkUp/800G
77693,leaf-spine,sys1-ice2-p-swi-bel55,sw41p2,Active/LinkUp/800G,sys1-ice2-p-swi-bes5,sw55p2,Active/LinkUp/800G
77694,leaf-spine,sys1-ice2-p-swi-bel55,sw42p1,Active/LinkUp/800G,sys1-ice2-p-swi-bes6,sw55p1,Active/LinkUp/800G
77695,leaf-spine,sys1-ice2-p-swi-bel55,sw42p2,Active/LinkUp/800G,sys1-ice2-p-swi-bes6,sw55p2,Active/LinkUp/800G
77696,leaf-spine,sys1-ice2-p-swi-bel55,sw43p1,Active/LinkUp/800G,sys1-ice2-p-swi-bes7,sw55p1,Active/LinkUp/800G
77697,leaf-spine,sys1-ice2-p-swi-bel55,sw43p2,Active/LinkUp/800G,sys1-ice2-p-swi-bes7,sw55p2,Active/LinkUp/800G
77698,leaf-spine,sys1-ice2-p-swi-bel55,sw44p1,Active/LinkUp/800G,sys1-ice2-p-swi-bes8,sw55p1,Active/LinkUp/800G
77699,leaf-spine,sys1-ice2-p-swi-bel55,sw44p2,Active/LinkUp/800G,sys1-ice2-p-swi-bes8,sw55p2,Active/LinkUp/800G
77700,leaf-spine,sys1-ice2-p-swi-bel55,sw45p1,Active/LinkUp/800G,sys1-ice2-p-swi-bes9,sw55p1,Active/LinkUp/800G
77701,leaf-spine,sys1-ice2-p-swi-bel55,sw45p2,Active/LinkUp/800G,sys1-ice2-p-swi-bes9,sw55p2,Active/LinkUp/800G
77702,leaf-spine,sys1-ice2-p-swi-bel55,sw46p1,Active/LinkUp/800G,sys1-ice2-p-swi-bes10,sw55p1,Active/LinkUp/800G
77703,leaf-spine,sys1-ice2-p-swi-bel55,sw46p2,Active/LinkUp/800G,sys1-ice2-p-swi-bes10,sw55p2,Active/LinkUp/800G
77704,leaf-spine,sys1-ice2-p-swi-bel55,sw47p1,Active/LinkUp/800G,sys1-ice2-p-swi-bes11,sw55p1,Active/LinkUp/800G
77705,leaf-spine,sys1-ice2-p-swi-bel55,sw47p2,Active/LinkUp/800G,sys1-ice2-p-swi-bes11,sw55p2,Active/LinkUp/800G
77706,leaf-spine,sys1-ice2-p-swi-bel55,sw48p1,Active/LinkUp/800G,sys1-ice2-p-swi-bes12,sw55p1,Active/LinkUp/800G
77707,leaf-spine,sys1-ice2-p-swi-bel55,sw48p2,Active/LinkUp/800G,sys1-ice2-p-swi-bes12,sw55p2,Active/LinkUp/800G
77708,leaf-spine,sys1-ice2-p-swi-bel55,sw49p1,Active/LinkUp/800G,sys1-ice2-p-swi-bes13,sw55p1,Active/LinkUp/800G
77709,leaf-spine,sys1-ice2-p-swi-bel55,sw49p2,Active/LinkUp/800G,sys1-ice2-p-swi-bes13,sw55p2,Active/LinkUp/800G
77710,leaf-spine,sys1-ice2-p-swi-bel55,sw50p1,Active/LinkUp/800G,sys1-ice2-p-swi-bes14,sw55p1,Active/LinkUp/800G
77711,leaf-spine,sys1-ice2-p-swi-bel55,sw50p2,Active/LinkUp/800G,sys1-ice2-p-swi-bes14,sw55p2,Active/LinkUp/800G
77712,leaf-spine,sys1-ice2-p-swi-bel55,sw51p1,Active/LinkUp/800G,sys1-ice2-p-swi-bes15,sw55p1,Active/LinkUp/800G
77713,leaf-spine,sys1-ice2-p-swi-bel55,sw51p2,Active/LinkUp/800G,sys1-ice2-p-swi-bes15,sw55p2,Active/LinkUp/800G
77714,leaf-spine,sys1-ice2-p-swi-bel55,sw52p1,Active/LinkUp/800G,sys1-ice2-p-swi-bes16,sw55p1,Active/LinkUp/800G
77715,leaf-spine,sys1-ice2-p-swi-bel55,sw52p2,Active/LinkUp/800G,sys1-ice2-p-swi-bes16,sw55p2,Active/LinkUp/800G
77716,leaf-spine,sys1-ice2-p-swi-bel55,sw53p1,Active/LinkUp/800G,sys1-ice2-p-swi-bes17,sw55p1,Active/LinkUp/800G
77717,leaf-spine,sys1-ice2-p-swi-bel55,sw53p2,Active/LinkUp/800G,sys1-ice2-p-swi-bes17,sw55p2,Active/LinkUp/800G
77718,leaf-spine,sys1-ice2-p-swi-bel55,sw54p1,Active/LinkUp/800G,sys1-ice2-p-swi-bes18,sw55p1,Active/LinkUp/800G
77719,leaf-spine,sys1-ice2-p-swi-bel55,sw54p2,Active/LinkUp/800G,sys1-ice2-p-swi-bes18,sw55p2,Active/LinkUp/800G
77720,leaf-spine,sys1-ice2-p-swi-bel55,sw55p1,Active/LinkUp/800G,sys1-ice2-p-swi-bes19,sw55p1,Active/LinkUp/800G
77721,leaf-spine,sys1-ice2-p-swi-bel55,sw55p2,Active/LinkUp/800G,sys1-ice2-p-swi-bes19,sw55p2,Active/LinkUp/800G
77722,leaf-spine,sys1-ice2-p-swi-bel55,sw56p1,Active/LinkUp/800G,sys1-ice2-p-swi-bes20,sw55p1,Active/LinkUp/800G
77723,leaf-spine,sys1-ice2-p-swi-bel55,sw56p2,Active/LinkUp/800G,sys1-ice2-p-swi-bes20,sw55p2,Active/LinkUp/800G
77724,leaf-spine,sys1-ice2-p-swi-bel55,sw57p1,Active/LinkUp/800G,sys1-ice2-p-swi-bes21,sw55p1,Active/LinkUp/800G
77725,leaf-spine,sys1-ice2-p-swi-bel55,sw57p2,Active/LinkUp/800G,sys1-ice2-p-swi-bes21,sw55p2,Active/LinkUp/800G
77726,leaf-spine,sys1-ice2-p-swi-bel55,sw58p1,Active/LinkUp/800G,sys1-ice2-p-swi-bes22,sw55p1,Active/LinkUp/800G
77727,leaf-spine,sys1-ice2-p-swi-bel55,sw58p2,Active/LinkUp/800G,sys1-ice2-p-swi-bes22,sw55p2,Active/LinkUp/800G
77728,leaf-spine,sys1-ice2-p-swi-bel55,sw59p1,Active/LinkUp/800G,sys1-ice2-p-swi-bes23,sw55p1,Active/LinkUp/800G
77729,leaf-spine,sys1-ice2-p-swi-bel55,sw59p2,Active/LinkUp/800G,sys1-ice2-p-swi-bes23,sw55p2,Active/LinkUp/800G
77730,leaf-spine,sys1-ice2-p-swi-bel55,sw60p1,Active/LinkUp/800G,sys1-ice2-p-swi-bes24,sw55p1,Active/LinkUp/800G
77731,leaf-spine,sys1-ice2-p-swi-bel55,sw60p2,Active/LinkUp/800G,sys1-ice2-p-swi-bes24,sw55p2,Active/LinkUp/800G
77732,leaf-spine,sys1-ice2-p-swi-bel55,sw61p1,Active/LinkUp/800G,sys1-ice2-p-swi-bes25,sw55p1,Active/LinkUp/800G
77733,leaf-spine,sys1-ice2-p-swi-bel55,sw61p2,Active/LinkUp/800G,sys1-ice2-p-swi-bes25,sw55p2,Active/LinkUp/800G
77734,leaf-spine,sys1-ice2-p-swi-bel55,sw62p1,Active/LinkUp/800G,sys1-ice2-p-swi-bes26,sw55p1,Active/LinkUp/800G
77735,leaf-spine,sys1-ice2-p-swi-bel55,sw62p2,Active/LinkUp/800G,sys1-ice2-p-swi-bes26,sw55p2,Active/LinkUp/800G
77736,leaf-spine,sys1-ice2-p-swi-bel55,sw63p1,Active/LinkUp/800G,sys1-ice2-p-swi-bes27,sw55p1,Active/LinkUp/800G
77737,leaf-spine,sys1-ice2-p-swi-bel55,sw63p2,Active/LinkUp/800G,sys1-ice2-p-swi-bes27,sw55p2,Active/LinkUp/800G
77738,leaf-spine,sys1-ice2-p-swi-bel55,sw64p1,Active/LinkUp/800G,sys1-ice2-p-swi-bes28,sw55p1,Active/LinkUp/800G
77739,leaf-spine,sys1-ice2-p-swi-bel55,sw64p2,Active/LinkUp/800G,sys1-ice2-p-swi-bes28,sw55p2,Active/LinkUp/800G
77740,leaf-spine,sys1-ice2-p-swi-bel55,sw65p1,Active/LinkUp/800G,sys1-ice2-p-swi-bes29,sw55p1,Active/LinkUp/800G
77741,leaf-spine,sys1-ice2-p-swi-bel55,sw65p2,Active/LinkUp/800G,sys1-ice2-p-swi-bes29,sw55p2,Active/LinkUp/800G
77742,leaf-spine,sys1-ice2-p-swi-bel55,sw66p1,Active/LinkUp/800G,sys1-ice2-p-swi-bes30,sw55p1,Active/LinkUp/800G
77743,leaf-spine,sys1-ice2-p-swi-bel55,sw66p2,Active/LinkUp/800G,sys1-ice2-p-swi-bes30,sw55p2,Active/LinkUp/800G
77744,leaf-spine,sys1-ice2-p-swi-bel55,sw67p1,Active/LinkUp/800G,sys1-ice2-p-swi-bes31,sw55p1,Active/LinkUp/800G
77745,leaf-spine,sys1-ice2-p-swi-bel55,sw67p2,Active/LinkUp/800G,sys1-ice2-p-swi-bes31,sw55p2,Active/LinkUp/800G
77746,leaf-spine,sys1-ice2-p-swi-bel55,sw68p1,Active/LinkUp/800G,sys1-ice2-p-swi-bes32,sw55p1,Active/LinkUp/800G
77747,leaf-spine,sys1-ice2-p-swi-bel55,sw68p2,Active/LinkUp/800G,sys1-ice2-p-swi-bes32,sw55p2,Active/LinkUp/800G
77748,leaf-spine,sys1-ice2-p-swi-bel55,sw69p1,Active/LinkUp/800G,sys1-ice2-p-swi-bes33,sw55p1,Active/LinkUp/800G
77749,leaf-spine,sys1-ice2-p-swi-bel55,sw69p2,Active/LinkUp/800G,sys1-ice2-p-swi-bes33,sw55p2,Active/LinkUp/800G
77750,leaf-spine,sys1-ice2-p-swi-bel55,sw70p1,Active/LinkUp/800G,sys1-ice2-p-swi-bes34,sw55p1,Active/LinkUp/800G
77751,leaf-spine,sys1-ice2-p-swi-bel55,sw70p2,Active/LinkUp/800G,sys1-ice2-p-swi-bes34,sw55p2,Active/LinkUp/800G
77752,leaf-spine,sys1-ice2-p-swi-bel55,sw71p1,Active/LinkUp/800G,sys1-ice2-p-swi-bes35,sw55p1,Active/LinkUp/800G
77753,leaf-spine,sys1-ice2-p-swi-bel55,sw71p2,Active/LinkUp/800G,sys1-ice2-p-swi-bes35,sw55p2,Active/LinkUp/800G
77754,leaf-spine,sys1-ice2-p-swi-bel55,sw72p1,Active/LinkUp/800G,sys1-ice2-p-swi-bes36,sw55p1,Active/LinkUp/800G
77755,leaf-spine,sys1-ice2-p-swi-bel55,sw72p2,Active/LinkUp/800G,sys1-ice2-p-swi-bes36,sw55p2,Active/LinkUp/800G
77756,leaf-spine,sys1-ice2-p-swi-bel56,sw37p1,Active/LinkUp/800G,sys1-ice2-p-swi-bes1,sw56p1,Active/LinkUp/800G
77757,leaf-spine,sys1-ice2-p-swi-bel56,sw37p2,Active/LinkUp/800G,sys1-ice2-p-swi-bes1,sw56p2,Active/LinkUp/800G
77758,leaf-spine,sys1-ice2-p-swi-bel56,sw38p1,Active/LinkUp/800G,sys1-ice2-p-swi-bes2,sw56p1,Active/LinkUp/800G
77759,leaf-spine,sys1-ice2-p-swi-bel56,sw38p2,Active/LinkUp/800G,sys1-ice2-p-swi-bes2,sw56p2,Active/LinkUp/800G
77760,leaf-spine,sys1-ice2-p-swi-bel56,sw39p1,Active/LinkUp/800G,sys1-ice2-p-swi-bes3,sw56p1,Active/LinkUp/800G
77761,leaf-spine,sys1-ice2-p-swi-bel56,sw39p2,Active/LinkUp/800G,sys1-ice2-p-swi-bes3,sw56p2,Active/LinkUp/800G
77762,leaf-spine,sys1-ice2-p-swi-bel56,sw40p1,Active/LinkUp/800G,sys1-ice2-p-swi-bes4,sw56p1,Active/LinkUp/800G
77763,leaf-spine,sys1-ice2-p-swi-bel56,sw40p2,Active/LinkUp/800G,sys1-ice2-p-swi-bes4,sw56p2,Active/LinkUp/800G
77764,leaf-spine,sys1-ice2-p-swi-bel56,sw41p1,Active/LinkUp/800G,sys1-ice2-p-swi-bes5,sw56p1,Active/LinkUp/800G
77765,leaf-spine,sys1-ice2-p-swi-bel56,sw41p2,Active/LinkUp/800G,sys1-ice2-p-swi-bes5,sw56p2,Active/LinkUp/800G
77766,leaf-spine,sys1-ice2-p-swi-bel56,sw42p1,Active/LinkUp/800G,sys1-ice2-p-swi-bes6,sw56p1,Active/LinkUp/800G
77767,leaf-spine,sys1-ice2-p-swi-bel56,sw42p2,Active/LinkUp/800G,sys1-ice2-p-swi-bes6,sw56p2,Active/LinkUp/800G
77768,leaf-spine,sys1-ice2-p-swi-bel56,sw43p1,Active/LinkUp/800G,sys1-ice2-p-swi-bes7,sw56p1,Active/LinkUp/800G
77769,leaf-spine,sys1-ice2-p-swi-bel56,sw43p2,Active/LinkUp/800G,sys1-ice2-p-swi-bes7,sw56p2,Active/LinkUp/800G
77770,leaf-spine,sys1-ice2-p-swi-bel56,sw44p1,Active/LinkUp/800G,sys1-ice2-p-swi-bes8,sw56p1,Active/LinkUp/800G
77771,leaf-spine,sys1-ice2-p-swi-bel56,sw44p2,Active/LinkUp/800G,sys1-ice2-p-swi-bes8,sw56p2,Active/LinkUp/800G
77772,leaf-spine,sys1-ice2-p-swi-bel56,sw45p1,Active/LinkUp/800G,sys1-ice2-p-swi-bes9,sw56p1,Active/LinkUp/800G
77773,leaf-spine,sys1-ice2-p-swi-bel56,sw45p2,Active/LinkUp/800G,sys1-ice2-p-swi-bes9,sw56p2,Active/LinkUp/800G
77774,leaf-spine,sys1-ice2-p-swi-bel56,sw46p1,Active/LinkUp/800G,sys1-ice2-p-swi-bes10,sw56p1,Active/LinkUp/800G
77775,leaf-spine,sys1-ice2-p-swi-bel56,sw46p2,Active/LinkUp/800G,sys1-ice2-p-swi-bes10,sw56p2,Active/LinkUp/800G
77776,leaf-spine,sys1-ice2-p-swi-bel56,sw47p1,Active/LinkUp/800G,sys1-ice2-p-swi-bes11,sw56p1,Active/LinkUp/800G
77777,leaf-spine,sys1-ice2-p-swi-bel56,sw47p2,Active/LinkUp/800G,sys1-ice2-p-swi-bes11,sw56p2,Active/LinkUp/800G
77778,leaf-spine,sys1-ice2-p-swi-bel56,sw48p1,Active/LinkUp/800G,sys1-ice2-p-swi-bes12,sw56p1,Active/LinkUp/800G
77779,leaf-spine,sys1-ice2-p-swi-bel56,sw48p2,Active/LinkUp/800G,sys1-ice2-p-swi-bes12,sw56p2,Active/LinkUp/800G
77780,leaf-spine,sys1-ice2-p-swi-bel56,sw49p1,Active/LinkUp/800G,sys1-ice2-p-swi-bes13,sw56p1,Active/LinkUp/800G
77781,leaf-spine,sys1-ice2-p-swi-bel56,sw49p2,Active/LinkUp/800G,sys1-ice2-p-swi-bes13,sw56p2,Active/LinkUp/800G
77782,leaf-spine,sys1-ice2-p-swi-bel56,sw50p1,Active/LinkUp/800G,sys1-ice2-p-swi-bes14,sw56p1,Active/LinkUp/800G
77783,leaf-spine,sys1-ice2-p-swi-bel56,sw50p2,Active/LinkUp/800G,sys1-ice2-p-swi-bes14,sw56p2,Active/LinkUp/800G
77784,leaf-spine,sys1-ice2-p-swi-bel56,sw51p1,Active/LinkUp/800G,sys1-ice2-p-swi-bes15,sw56p1,Active/LinkUp/800G
77785,leaf-spine,sys1-ice2-p-swi-bel56,sw51p2,Active/LinkUp/800G,sys1-ice2-p-swi-bes15,sw56p2,Active/LinkUp/800G
77786,leaf-spine,sys1-ice2-p-swi-bel56,sw52p1,Active/LinkUp/800G,sys1-ice2-p-swi-bes16,sw56p1,Active/LinkUp/800G
77787,leaf-spine,sys1-ice2-p-swi-bel56,sw52p2,Active/LinkUp/800G,sys1-ice2-p-swi-bes16,sw56p2,Active/LinkUp/800G
77788,leaf-spine,sys1-ice2-p-swi-bel56,sw53p1,Active/LinkUp/800G,sys1-ice2-p-swi-bes17,sw56p1,Active/LinkUp/800G
77789,leaf-spine,sys1-ice2-p-swi-bel56,sw53p2,Active/LinkUp/800G,sys1-ice2-p-swi-bes17,sw56p2,Active/LinkUp/800G
77790,leaf-spine,sys1-ice2-p-swi-bel56,sw54p1,Active/LinkUp/800G,sys1-ice2-p-swi-bes18,sw56p1,Active/LinkUp/800G
77791,leaf-spine,sys1-ice2-p-swi-bel56,sw54p2,Active/LinkUp/800G,sys1-ice2-p-swi-bes18,sw56p2,Active/LinkUp/800G
77792,leaf-spine,sys1-ice2-p-swi-bel56,sw55p1,Active/LinkUp/800G,sys1-ice2-p-swi-bes19,sw56p1,Active/LinkUp/800G
77793,leaf-spine,sys1-ice2-p-swi-bel56,sw55p2,Active/LinkUp/800G,sys1-ice2-p-swi-bes19,sw56p2,Active/LinkUp/800G
77794,leaf-spine,sys1-ice2-p-swi-bel56,sw56p1,Active/LinkUp/800G,sys1-ice2-p-swi-bes20,sw56p1,Active/LinkUp/800G
77795,leaf-spine,sys1-ice2-p-swi-bel56,sw56p2,Active/LinkUp/800G,sys1-ice2-p-swi-bes20,sw56p2,Active/LinkUp/800G
77796,leaf-spine,sys1-ice2-p-swi-bel56,sw57p1,Active/LinkUp/800G,sys1-ice2-p-swi-bes21,sw56p1,Active/LinkUp/800G
77797,leaf-spine,sys1-ice2-p-swi-bel56,sw57p2,Active/LinkUp/800G,sys1-ice2-p-swi-bes21,sw56p2,Active/LinkUp/800G
77798,leaf-spine,sys1-ice2-p-swi-bel56,sw58p1,Active/LinkUp/800G,sys1-ice2-p-swi-bes22,sw56p1,Active/LinkUp/800G
77799,leaf-spine,sys1-ice2-p-swi-bel56,sw58p2,Active/LinkUp/800G,sys1-ice2-p-swi-bes22,sw56p2,Active/LinkUp/800G
77800,leaf-spine,sys1-ice2-p-swi-bel56,sw59p1,Active/LinkUp/800G,sys1-ice2-p-swi-bes23,sw56p1,Active/LinkUp/800G
77801,leaf-spine,sys1-ice2-p-swi-bel56,sw59p2,Active/LinkUp/800G,sys1-ice2-p-swi-bes23,sw56p2,Active/LinkUp/800G
77802,leaf-spine,sys1-ice2-p-swi-bel56,sw60p1,Active/LinkUp/800G,sys1-ice2-p-swi-bes24,sw56p1,Active/LinkUp/800G
77803,leaf-spine,sys1-ice2-p-swi-bel56,sw60p2,Active/LinkUp/800G,sys1-ice2-p-swi-bes24,sw56p2,Active/LinkUp/800G
77804,leaf-spine,sys1-ice2-p-swi-bel56,sw61p1,Active/LinkUp/800G,sys1-ice2-p-swi-bes25,sw56p1,Active/LinkUp/800G
77805,leaf-spine,sys1-ice2-p-swi-bel56,sw61p2,Active/LinkUp/800G,sys1-ice2-p-swi-bes25,sw56p2,Active/LinkUp/800G
77806,leaf-spine,sys1-ice2-p-swi-bel56,sw62p1,Active/LinkUp/800G,sys1-ice2-p-swi-bes26,sw56p1,Active/LinkUp/800G
77807,leaf-spine,sys1-ice2-p-swi-bel56,sw62p2,Active/LinkUp/800G,sys1-ice2-p-swi-bes26,sw56p2,Active/LinkUp/800G
77808,leaf-spine,sys1-ice2-p-swi-bel56,sw63p1,Active/LinkUp/800G,sys1-ice2-p-swi-bes27,sw56p1,Active/LinkUp/800G
77809,leaf-spine,sys1-ice2-p-swi-bel56,sw63p2,Active/LinkUp/800G,sys1-ice2-p-swi-bes27,sw56p2,Active/LinkUp/800G
77810,leaf-spine,sys1-ice2-p-swi-bel56,sw64p1,Active/LinkUp/800G,sys1-ice2-p-swi-bes28,sw56p1,Active/LinkUp/800G
77811,leaf-spine,sys1-ice2-p-swi-bel56,sw64p2,Active/LinkUp/800G,sys1-ice2-p-swi-bes28,sw56p2,Active/LinkUp/800G
77812,leaf-spine,sys1-ice2-p-swi-bel56,sw65p1,Active/LinkUp/800G,sys1-ice2-p-swi-bes29,sw56p1,Active/LinkUp/800G
77813,leaf-spine,sys1-ice2-p-swi-bel56,sw65p2,Active/LinkUp/800G,sys1-ice2-p-swi-bes29,sw56p2,Active/LinkUp/800G
77814,leaf-spine,sys1-ice2-p-swi-bel56,sw66p1,Active/LinkUp/800G,sys1-ice2-p-swi-bes30,sw56p1,Active/LinkUp/800G
77815,leaf-spine,sys1-ice2-p-swi-bel56,sw66p2,Active/LinkUp/800G,sys1-ice2-p-swi-bes30,sw56p2,Active/LinkUp/800G
77816,leaf-spine,sys1-ice2-p-swi-bel56,sw67p1,Active/LinkUp/800G,sys1-ice2-p-swi-bes31,sw56p1,Active/LinkUp/800G
77817,leaf-spine,sys1-ice2-p-swi-bel56,sw67p2,Active/LinkUp/800G,sys1-ice2-p-swi-bes31,sw56p2,Active/LinkUp/800G
77818,leaf-spine,sys1-ice2-p-swi-bel56,sw68p1,Active/LinkUp/800G,sys1-ice2-p-swi-bes32,sw56p1,Active/LinkUp/800G
77819,leaf-spine,sys1-ice2-p-swi-bel56,sw68p2,Active/LinkUp/800G,sys1-ice2-p-swi-bes32,sw56p2,Active/LinkUp/800G
77820,leaf-spine,sys1-ice2-p-swi-bel56,sw69p1,Active/LinkUp/800G,sys1-ice2-p-swi-bes33,sw56p1,Active/LinkUp/800G
77821,leaf-spine,sys1-ice2-p-swi-bel56,sw69p2,Active/LinkUp/800G,sys1-ice2-p-swi-bes33,sw56p2,Active/LinkUp/800G
77822,leaf-spine,sys1-ice2-p-swi-bel56,sw70p1,Active/LinkUp/800G,sys1-ice2-p-swi-bes34,sw56p1,Active/LinkUp/800G
77823,leaf-spine,sys1-ice2-p-swi-bel56,sw70p2,Active/LinkUp/800G,sys1-ice2-p-swi-bes34,sw56p2,Active/LinkUp/800G
77824,leaf-spine,sys1-ice2-p-swi-bel56,sw71p1,Active/LinkUp/800G,sys1-ice2-p-swi-bes35,sw56p1,Active/LinkUp/800G
77825,leaf-spine,sys1-ice2-p-swi-bel56,sw71p2,Active/LinkUp/800G,sys1-ice2-p-swi-bes35,sw56p2,Active/LinkUp/800G
77826,leaf-spine,sys1-ice2-p-swi-bel56,sw72p1,Active/LinkUp/800G,sys1-ice2-p-swi-bes36,sw56p1,Active/LinkUp/800G
77827,leaf-spine,sys1-ice2-p-swi-bel56,sw72p2,Active/LinkUp/800G,sys1-ice2-p-swi-bes36,sw56p2,Active/LinkUp/800G
77828,leaf-spine,sys1-ice2-p-swi-bel57,sw37p1,Active/LinkUp/800G,sys1-ice2-p-swi-bes1,sw57p1,Active/LinkUp/800G
77829,leaf-spine,sys1-ice2-p-swi-bel57,sw37p2,Active/LinkUp/800G,sys1-ice2-p-swi-bes1,sw57p2,Active/LinkUp/800G
77830,leaf-spine,sys1-ice2-p-swi-bel57,sw38p1,Active/LinkUp/800G,sys1-ice2-p-swi-bes2,sw57p1,Active/LinkUp/800G
77831,leaf-spine,sys1-ice2-p-swi-bel57,sw38p2,Active/LinkUp/800G,sys1-ice2-p-swi-bes2,sw57p2,Active/LinkUp/800G
77832,leaf-spine,sys1-ice2-p-swi-bel57,sw39p1,Active/LinkUp/800G,sys1-ice2-p-swi-bes3,sw57p1,Active/LinkUp/800G
77833,leaf-spine,sys1-ice2-p-swi-bel57,sw39p2,Active/LinkUp/800G,sys1-ice2-p-swi-bes3,sw57p2,Active/LinkUp/800G
77834,leaf-spine,sys1-ice2-p-swi-bel57,sw40p1,Active/LinkUp/800G,sys1-ice2-p-swi-bes4,sw57p1,Active/LinkUp/800G
77835,leaf-spine,sys1-ice2-p-swi-bel57,sw40p2,Active/LinkUp/800G,sys1-ice2-p-swi-bes4,sw57p2,Active/LinkUp/800G
77836,leaf-spine,sys1-ice2-p-swi-bel57,sw41p1,Active/LinkUp/800G,sys1-ice2-p-swi-bes5,sw57p1,Active/LinkUp/800G
77837,leaf-spine,sys1-ice2-p-swi-bel57,sw41p2,Active/LinkUp/800G,sys1-ice2-p-swi-bes5,sw57p2,Active/LinkUp/800G
77838,leaf-spine,sys1-ice2-p-swi-bel57,sw42p1,Active/LinkUp/800G,sys1-ice2-p-swi-bes6,sw57p1,Active/LinkUp/800G
77839,leaf-spine,sys1-ice2-p-swi-bel57,sw42p2,Active/LinkUp/800G,sys1-ice2-p-swi-bes6,sw57p2,Active/LinkUp/800G
77840,leaf-spine,sys1-ice2-p-swi-bel57,sw43p1,Active/LinkUp/800G,sys1-ice2-p-swi-bes7,sw57p1,Active/LinkUp/800G
77841,leaf-spine,sys1-ice2-p-swi-bel57,sw43p2,Active/LinkUp/800G,sys1-ice2-p-swi-bes7,sw57p2,Active/LinkUp/800G
77842,leaf-spine,sys1-ice2-p-swi-bel57,sw44p1,Active/LinkUp/800G,sys1-ice2-p-swi-bes8,sw57p1,Active/LinkUp/800G
77843,leaf-spine,sys1-ice2-p-swi-bel57,sw44p2,Active/LinkUp/800G,sys1-ice2-p-swi-bes8,sw57p2,Active/LinkUp/800G
77844,leaf-spine,sys1-ice2-p-swi-bel57,sw45p1,Active/LinkUp/800G,sys1-ice2-p-swi-bes9,sw57p1,Active/LinkUp/800G
77845,leaf-spine,sys1-ice2-p-swi-bel57,sw45p2,Active/LinkUp/800G,sys1-ice2-p-swi-bes9,sw57p2,Active/LinkUp/800G
77846,leaf-spine,sys1-ice2-p-swi-bel57,sw46p1,Active/LinkUp/800G,sys1-ice2-p-swi-bes10,sw57p1,Active/LinkUp/800G
77847,leaf-spine,sys1-ice2-p-swi-bel57,sw46p2,Active/LinkUp/800G,sys1-ice2-p-swi-bes10,sw57p2,Active/LinkUp/800G
77848,leaf-spine,sys1-ice2-p-swi-bel57,sw47p1,Active/LinkUp/800G,sys1-ice2-p-swi-bes11,sw57p1,Active/LinkUp/800G
77849,leaf-spine,sys1-ice2-p-swi-bel57,sw47p2,Active/LinkUp/800G,sys1-ice2-p-swi-bes11,sw57p2,Active/LinkUp/800G
77850,leaf-spine,sys1-ice2-p-swi-bel57,sw48p1,Active/LinkUp/800G,sys1-ice2-p-swi-bes12,sw57p1,Active/LinkUp/800G
77851,leaf-spine,sys1-ice2-p-swi-bel57,sw48p2,Active/LinkUp/800G,sys1-ice2-p-swi-bes12,sw57p2,Active/LinkUp/800G
77852,leaf-spine,sys1-ice2-p-swi-bel57,sw49p1,Active/LinkUp/800G,sys1-ice2-p-swi-bes13,sw57p1,Active/LinkUp/800G
77853,leaf-spine,sys1-ice2-p-swi-bel57,sw49p2,Active/LinkUp/800G,sys1-ice2-p-swi-bes13,sw57p2,Active/LinkUp/800G
77854,leaf-spine,sys1-ice2-p-swi-bel57,sw50p1,Active/LinkUp/800G,sys1-ice2-p-swi-bes14,sw57p1,Active/LinkUp/800G
77855,leaf-spine,sys1-ice2-p-swi-bel57,sw50p2,Active/LinkUp/800G,sys1-ice2-p-swi-bes14,sw57p2,Active/LinkUp/800G
77856,leaf-spine,sys1-ice2-p-swi-bel57,sw51p1,Active/LinkUp/800G,sys1-ice2-p-swi-bes15,sw57p1,Active/LinkUp/800G
77857,leaf-spine,sys1-ice2-p-swi-bel57,sw51p2,Active/LinkUp/800G,sys1-ice2-p-swi-bes15,sw57p2,Active/LinkUp/800G
77858,leaf-spine,sys1-ice2-p-swi-bel57,sw52p1,Active/LinkUp/800G,sys1-ice2-p-swi-bes16,sw57p1,Active/LinkUp/800G
77859,leaf-spine,sys1-ice2-p-swi-bel57,sw52p2,Active/LinkUp/800G,sys1-ice2-p-swi-bes16,sw57p2,Active/LinkUp/800G
77860,leaf-spine,sys1-ice2-p-swi-bel57,sw53p1,Active/LinkUp/800G,sys1-ice2-p-swi-bes17,sw57p1,Active/LinkUp/800G
77861,leaf-spine,sys1-ice2-p-swi-bel57,sw53p2,Active/LinkUp/800G,sys1-ice2-p-swi-bes17,sw57p2,Active/LinkUp/800G
77862,leaf-spine,sys1-ice2-p-swi-bel57,sw54p1,Active/LinkUp/800G,sys1-ice2-p-swi-bes18,sw57p1,Active/LinkUp/800G
77863,leaf-spine,sys1-ice2-p-swi-bel57,sw54p2,Active/LinkUp/800G,sys1-ice2-p-swi-bes18,sw57p2,Active/LinkUp/800G
77864,leaf-spine,sys1-ice2-p-swi-bel57,sw55p1,Active/LinkUp/800G,sys1-ice2-p-swi-bes19,sw57p1,Active/LinkUp/800G
77865,leaf-spine,sys1-ice2-p-swi-bel57,sw55p2,Active/LinkUp/800G,sys1-ice2-p-swi-bes19,sw57p2,Active/LinkUp/800G
77866,leaf-spine,sys1-ice2-p-swi-bel57,sw56p1,Active/LinkUp/800G,sys1-ice2-p-swi-bes20,sw57p1,Active/LinkUp/800G
77867,leaf-spine,sys1-ice2-p-swi-bel57,sw56p2,Active/LinkUp/800G,sys1-ice2-p-swi-bes20,sw57p2,Active/LinkUp/800G
77868,leaf-spine,sys1-ice2-p-swi-bel57,sw57p1,Active/LinkUp/800G,sys1-ice2-p-swi-bes21,sw57p1,Active/LinkUp/800G
77869,leaf-spine,sys1-ice2-p-swi-bel57,sw57p2,Active/LinkUp/800G,sys1-ice2-p-swi-bes21,sw57p2,Active/LinkUp/800G
77870,leaf-spine,sys1-ice2-p-swi-bel57,sw58p1,Active/LinkUp/800G,sys1-ice2-p-swi-bes22,sw57p1,Active/LinkUp/800G
77871,leaf-spine,sys1-ice2-p-swi-bel57,sw58p2,Active/LinkUp/800G,sys1-ice2-p-swi-bes22,sw57p2,Active/LinkUp/800G
77872,leaf-spine,sys1-ice2-p-swi-bel57,sw59p1,Active/LinkUp/800G,sys1-ice2-p-swi-bes23,sw57p1,Active/LinkUp/800G
77873,leaf-spine,sys1-ice2-p-swi-bel57,sw59p2,Active/LinkUp/800G,sys1-ice2-p-swi-bes23,sw57p2,Active/LinkUp/800G
77874,leaf-spine,sys1-ice2-p-swi-bel57,sw60p1,Active/LinkUp/800G,sys1-ice2-p-swi-bes24,sw57p1,Active/LinkUp/800G
77875,leaf-spine,sys1-ice2-p-swi-bel57,sw60p2,Active/LinkUp/800G,sys1-ice2-p-swi-bes24,sw57p2,Active/LinkUp/800G
77876,leaf-spine,sys1-ice2-p-swi-bel57,sw61p1,Active/LinkUp/800G,sys1-ice2-p-swi-bes25,sw57p1,Active/LinkUp/800G
77877,leaf-spine,sys1-ice2-p-swi-bel57,sw61p2,Active/LinkUp/800G,sys1-ice2-p-swi-bes25,sw57p2,Active/LinkUp/800G
77878,leaf-spine,sys1-ice2-p-swi-bel57,sw62p1,Active/LinkUp/800G,sys1-ice2-p-swi-bes26,sw57p1,Active/LinkUp/800G
77879,leaf-spine,sys1-ice2-p-swi-bel57,sw62p2,Active/LinkUp/800G,sys1-ice2-p-swi-bes26,sw57p2,Active/LinkUp/800G
77880,leaf-spine,sys1-ice2-p-swi-bel57,sw63p1,Active/LinkUp/800G,sys1-ice2-p-swi-bes27,sw57p1,Active/LinkUp/800G
77881,leaf-spine,sys1-ice2-p-swi-bel57,sw63p2,Active/LinkUp/800G,sys1-ice2-p-swi-bes27,sw57p2,Active/LinkUp/800G
77882,leaf-spine,sys1-ice2-p-swi-bel57,sw64p1,Active/LinkUp/800G,sys1-ice2-p-swi-bes28,sw57p1,Active/LinkUp/800G
77883,leaf-spine,sys1-ice2-p-swi-bel57,sw64p2,Active/LinkUp/800G,sys1-ice2-p-swi-bes28,sw57p2,Active/LinkUp/800G
77884,leaf-spine,sys1-ice2-p-swi-bel57,sw65p1,Active/LinkUp/800G,sys1-ice2-p-swi-bes29,sw57p1,Active/LinkUp/800G
77885,leaf-spine,sys1-ice2-p-swi-bel57,sw65p2,Active/LinkUp/800G,sys1-ice2-p-swi-bes29,sw57p2,Active/LinkUp/800G
77886,leaf-spine,sys1-ice2-p-swi-bel57,sw66p1,Active/LinkUp/800G,sys1-ice2-p-swi-bes30,sw57p1,Active/LinkUp/800G
77887,leaf-spine,sys1-ice2-p-swi-bel57,sw66p2,Active/LinkUp/800G,sys1-ice2-p-swi-bes30,sw57p2,Active/LinkUp/800G
77888,leaf-spine,sys1-ice2-p-swi-bel57,sw67p1,Active/LinkUp/800G,sys1-ice2-p-swi-bes31,sw57p1,Active/LinkUp/800G
77889,leaf-spine,sys1-ice2-p-swi-bel57,sw67p2,Active/LinkUp/800G,sys1-ice2-p-swi-bes31,sw57p2,Active/LinkUp/800G
77890,leaf-spine,sys1-ice2-p-swi-bel57,sw68p1,Active/LinkUp/800G,sys1-ice2-p-swi-bes32,sw57p1,Active/LinkUp/800G
77891,leaf-spine,sys1-ice2-p-swi-bel57,sw68p2,Active/LinkUp/800G,sys1-ice2-p-swi-bes32,sw57p2,Active/LinkUp/800G
77892,leaf-spine,sys1-ice2-p-swi-bel57,sw69p1,Active/LinkUp/800G,sys1-ice2-p-swi-bes33,sw57p1,Active/LinkUp/800G
77893,leaf-spine,sys1-ice2-p-swi-bel57,sw69p2,Active/LinkUp/800G,sys1-ice2-p-swi-bes33,sw57p2,Active/LinkUp/800G
77894,leaf-spine,sys1-ice2-p-swi-bel57,sw70p1,Active/LinkUp/800G,sys1-ice2-p-swi-bes34,sw57p1,Active/LinkUp/800G
77895,leaf-spine,sys1-ice2-p-swi-bel57,sw70p2,Active/LinkUp/800G,sys1-ice2-p-swi-bes34,sw57p2,Active/LinkUp/800G
77896,leaf-spine,sys1-ice2-p-swi-bel57,sw71p1,Active/LinkUp/800G,sys1-ice2-p-swi-bes35,sw57p1,Active/LinkUp/800G
77897,leaf-spine,sys1-ice2-p-swi-bel57,sw71p2,Active/LinkUp/800G,sys1-ice2-p-swi-bes35,sw57p2,Active/LinkUp/800G
77898,leaf-spine,sys1-ice2-p-swi-bel57,sw72p1,Active/LinkUp/800G,sys1-ice2-p-swi-bes36,sw57p1,Active/LinkUp/800G
77899,leaf-spine,sys1-ice2-p-swi-bel57,sw72p2,Active/LinkUp/800G,sys1-ice2-p-swi-bes36,sw57p2,Active/LinkUp/800G
77900,leaf-spine,sys1-ice2-p-swi-bel58,sw37p1,Active/LinkUp/800G,sys1-ice2-p-swi-bes1,sw58p1,Active/LinkUp/800G
77901,leaf-spine,sys1-ice2-p-swi-bel58,sw37p2,Active/LinkUp/800G,sys1-ice2-p-swi-bes1,sw58p2,Active/LinkUp/800G
77902,leaf-spine,sys1-ice2-p-swi-bel58,sw38p1,Active/LinkUp/800G,sys1-ice2-p-swi-bes2,sw58p1,Active/LinkUp/800G
77903,leaf-spine,sys1-ice2-p-swi-bel58,sw38p2,Active/LinkUp/800G,sys1-ice2-p-swi-bes2,sw58p2,Active/LinkUp/800G
77904,leaf-spine,sys1-ice2-p-swi-bel58,sw39p1,Active/LinkUp/800G,sys1-ice2-p-swi-bes3,sw58p1,Active/LinkUp/800G
77905,leaf-spine,sys1-ice2-p-swi-bel58,sw39p2,Active/LinkUp/800G,sys1-ice2-p-swi-bes3,sw58p2,Active/LinkUp/800G
77906,leaf-spine,sys1-ice2-p-swi-bel58,sw40p1,Active/LinkUp/800G,sys1-ice2-p-swi-bes4,sw58p1,Active/LinkUp/800G
77907,leaf-spine,sys1-ice2-p-swi-bel58,sw40p2,Active/LinkUp/800G,sys1-ice2-p-swi-bes4,sw58p2,Active/LinkUp/800G
77908,leaf-spine,sys1-ice2-p-swi-bel58,sw41p1,Active/LinkUp/800G,sys1-ice2-p-swi-bes5,sw58p1,Active/LinkUp/800G
77909,leaf-spine,sys1-ice2-p-swi-bel58,sw41p2,Active/LinkUp/800G,sys1-ice2-p-swi-bes5,sw58p2,Active/LinkUp/800G
77910,leaf-spine,sys1-ice2-p-swi-bel58,sw42p1,Active/LinkUp/800G,sys1-ice2-p-swi-bes6,sw58p1,Active/LinkUp/800G
77911,leaf-spine,sys1-ice2-p-swi-bel58,sw42p2,Active/LinkUp/800G,sys1-ice2-p-swi-bes6,sw58p2,Active/LinkUp/800G
77912,leaf-spine,sys1-ice2-p-swi-bel58,sw43p1,Active/LinkUp/800G,sys1-ice2-p-swi-bes7,sw58p1,Active/LinkUp/800G
77913,leaf-spine,sys1-ice2-p-swi-bel58,sw43p2,Active/LinkUp/800G,sys1-ice2-p-swi-bes7,sw58p2,Active/LinkUp/800G
77914,leaf-spine,sys1-ice2-p-swi-bel58,sw44p1,Active/LinkUp/800G,sys1-ice2-p-swi-bes8,sw58p1,Active/LinkUp/800G
77915,leaf-spine,sys1-ice2-p-swi-bel58,sw44p2,Active/LinkUp/800G,sys1-ice2-p-swi-bes8,sw58p2,Active/LinkUp/800G
77916,leaf-spine,sys1-ice2-p-swi-bel58,sw45p1,Active/LinkUp/800G,sys1-ice2-p-swi-bes9,sw58p1,Active/LinkUp/800G
77917,leaf-spine,sys1-ice2-p-swi-bel58,sw45p2,Active/LinkUp/800G,sys1-ice2-p-swi-bes9,sw58p2,Active/LinkUp/800G
77918,leaf-spine,sys1-ice2-p-swi-bel58,sw46p1,Active/LinkUp/800G,sys1-ice2-p-swi-bes10,sw58p1,Active/LinkUp/800G
77919,leaf-spine,sys1-ice2-p-swi-bel58,sw46p2,Active/LinkUp/800G,sys1-ice2-p-swi-bes10,sw58p2,Active/LinkUp/800G
77920,leaf-spine,sys1-ice2-p-swi-bel58,sw47p1,Active/LinkUp/800G,sys1-ice2-p-swi-bes11,sw58p1,Active/LinkUp/800G
77921,leaf-spine,sys1-ice2-p-swi-bel58,sw47p2,Active/LinkUp/800G,sys1-ice2-p-swi-bes11,sw58p2,Active/LinkUp/800G
77922,leaf-spine,sys1-ice2-p-swi-bel58,sw48p1,Active/LinkUp/800G,sys1-ice2-p-swi-bes12,sw58p1,Active/LinkUp/800G
77923,leaf-spine,sys1-ice2-p-swi-bel58,sw48p2,Active/LinkUp/800G,sys1-ice2-p-swi-bes12,sw58p2,Active/LinkUp/800G
77924,leaf-spine,sys1-ice2-p-swi-bel58,sw49p1,Active/LinkUp/800G,sys1-ice2-p-swi-bes13,sw58p1,Active/LinkUp/800G
77925,leaf-spine,sys1-ice2-p-swi-bel58,sw49p2,Active/LinkUp/800G,sys1-ice2-p-swi-bes13,sw58p2,Active/LinkUp/800G
77926,leaf-spine,sys1-ice2-p-swi-bel58,sw50p1,Active/LinkUp/800G,sys1-ice2-p-swi-bes14,sw58p1,Active/LinkUp/800G
77927,leaf-spine,sys1-ice2-p-swi-bel58,sw50p2,Active/LinkUp/800G,sys1-ice2-p-swi-bes14,sw58p2,Active/LinkUp/800G
77928,leaf-spine,sys1-ice2-p-swi-bel58,sw51p1,Active/LinkUp/800G,sys1-ice2-p-swi-bes15,sw58p1,Active/LinkUp/800G
77929,leaf-spine,sys1-ice2-p-swi-bel58,sw51p2,Active/LinkUp/800G,sys1-ice2-p-swi-bes15,sw58p2,Active/LinkUp/800G
77930,leaf-spine,sys1-ice2-p-swi-bel58,sw52p1,Active/LinkUp/800G,sys1-ice2-p-swi-bes16,sw58p1,Active/LinkUp/800G
77931,leaf-spine,sys1-ice2-p-swi-bel58,sw52p2,Active/LinkUp/800G,sys1-ice2-p-swi-bes16,sw58p2,Active/LinkUp/800G
77932,leaf-spine,sys1-ice2-p-swi-bel58,sw53p1,Active/LinkUp/800G,sys1-ice2-p-swi-bes17,sw58p1,Active/LinkUp/800G
77933,leaf-spine,sys1-ice2-p-swi-bel58,sw53p2,Active/LinkUp/800G,sys1-ice2-p-swi-bes17,sw58p2,Active/LinkUp/800G
77934,leaf-spine,sys1-ice2-p-swi-bel58,sw54p1,Active/LinkUp/800G,sys1-ice2-p-swi-bes18,sw58p1,Active/LinkUp/800G
77935,leaf-spine,sys1-ice2-p-swi-bel58,sw54p2,Active/LinkUp/800G,sys1-ice2-p-swi-bes18,sw58p2,Active/LinkUp/800G
77936,leaf-spine,sys1-ice2-p-swi-bel58,sw55p1,Active/LinkUp/800G,sys1-ice2-p-swi-bes19,sw58p1,Active/LinkUp/800G
77937,leaf-spine,sys1-ice2-p-swi-bel58,sw55p2,Active/LinkUp/800G,sys1-ice2-p-swi-bes19,sw58p2,Active/LinkUp/800G
77938,leaf-spine,sys1-ice2-p-swi-bel58,sw56p1,Active/LinkUp/800G,sys1-ice2-p-swi-bes20,sw58p1,Active/LinkUp/800G
77939,leaf-spine,sys1-ice2-p-swi-bel58,sw56p2,Active/LinkUp/800G,sys1-ice2-p-swi-bes20,sw58p2,Active/LinkUp/800G
77940,leaf-spine,sys1-ice2-p-swi-bel58,sw57p1,Active/LinkUp/800G,sys1-ice2-p-swi-bes21,sw58p1,Active/LinkUp/800G
77941,leaf-spine,sys1-ice2-p-swi-bel58,sw57p2,Active/LinkUp/800G,sys1-ice2-p-swi-bes21,sw58p2,Active/LinkUp/800G
77942,leaf-spine,sys1-ice2-p-swi-bel58,sw58p1,Active/LinkUp/800G,sys1-ice2-p-swi-bes22,sw58p1,Active/LinkUp/800G
77943,leaf-spine,sys1-ice2-p-swi-bel58,sw58p2,Active/LinkUp/800G,sys1-ice2-p-swi-bes22,sw58p2,Active/LinkUp/800G
77944,leaf-spine,sys1-ice2-p-swi-bel58,sw59p1,Active/LinkUp/800G,sys1-ice2-p-swi-bes23,sw58p1,Active/LinkUp/800G
77945,leaf-spine,sys1-ice2-p-swi-bel58,sw59p2,Active/LinkUp/800G,sys1-ice2-p-swi-bes23,sw58p2,Active/LinkUp/800G
77946,leaf-spine,sys1-ice2-p-swi-bel58,sw60p1,Active/LinkUp/800G,sys1-ice2-p-swi-bes24,sw58p1,Active/LinkUp/800G
77947,leaf-spine,sys1-ice2-p-swi-bel58,sw60p2,Active/LinkUp/800G,sys1-ice2-p-swi-bes24,sw58p2,Active/LinkUp/800G
77948,leaf-spine,sys1-ice2-p-swi-bel58,sw61p1,Active/LinkUp/800G,sys1-ice2-p-swi-bes25,sw58p1,Active/LinkUp/800G
77949,leaf-spine,sys1-ice2-p-swi-bel58,sw61p2,Active/LinkUp/800G,sys1-ice2-p-swi-bes25,sw58p2,Active/LinkUp/800G
77950,leaf-spine,sys1-ice2-p-swi-bel58,sw62p1,Active/LinkUp/800G,sys1-ice2-p-swi-bes26,sw58p1,Active/LinkUp/800G
77951,leaf-spine,sys1-ice2-p-swi-bel58,sw62p2,Active/LinkUp/800G,sys1-ice2-p-swi-bes26,sw58p2,Active/LinkUp/800G
77952,leaf-spine,sys1-ice2-p-swi-bel58,sw63p1,Active/LinkUp/800G,sys1-ice2-p-swi-bes27,sw58p1,Active/LinkUp/800G
77953,leaf-spine,sys1-ice2-p-swi-bel58,sw63p2,Active/LinkUp/800G,sys1-ice2-p-swi-bes27,sw58p2,Active/LinkUp/800G
77954,leaf-spine,sys1-ice2-p-swi-bel58,sw64p1,Active/LinkUp/800G,sys1-ice2-p-swi-bes28,sw58p1,Active/LinkUp/800G
77955,leaf-spine,sys1-ice2-p-swi-bel58,sw64p2,Active/LinkUp/800G,sys1-ice2-p-swi-bes28,sw58p2,Active/LinkUp/800G
77956,leaf-spine,sys1-ice2-p-swi-bel58,sw65p1,Active/LinkUp/800G,sys1-ice2-p-swi-bes29,sw58p1,Active/LinkUp/800G
77957,leaf-spine,sys1-ice2-p-swi-bel58,sw65p2,Active/LinkUp/800G,sys1-ice2-p-swi-bes29,sw58p2,Active/LinkUp/800G
77958,leaf-spine,sys1-ice2-p-swi-bel58,sw66p1,Active/LinkUp/800G,sys1-ice2-p-swi-bes30,sw58p1,Active/LinkUp/800G
77959,leaf-spine,sys1-ice2-p-swi-bel58,sw66p2,Active/LinkUp/800G,sys1-ice2-p-swi-bes30,sw58p2,Active/LinkUp/800G
77960,leaf-spine,sys1-ice2-p-swi-bel58,sw67p1,Active/LinkUp/800G,sys1-ice2-p-swi-bes31,sw58p1,Active/LinkUp/800G
77961,leaf-spine,sys1-ice2-p-swi-bel58,sw67p2,Active/LinkUp/800G,sys1-ice2-p-swi-bes31,sw58p2,Active/LinkUp/800G
77962,leaf-spine,sys1-ice2-p-swi-bel58,sw68p1,Active/LinkUp/800G,sys1-ice2-p-swi-bes32,sw58p1,Active/LinkUp/800G
77963,leaf-spine,sys1-ice2-p-swi-bel58,sw68p2,Active/LinkUp/800G,sys1-ice2-p-swi-bes32,sw58p2,Active/LinkUp/800G
77964,leaf-spine,sys1-ice2-p-swi-bel58,sw69p1,Active/LinkUp/800G,sys1-ice2-p-swi-bes33,sw58p1,Active/LinkUp/800G
77965,leaf-spine,sys1-ice2-p-swi-bel58,sw69p2,Active/LinkUp/800G,sys1-ice2-p-swi-bes33,sw58p2,Active/LinkUp/800G
77966,leaf-spine,sys1-ice2-p-swi-bel58,sw70p1,Active/LinkUp/800G,sys1-ice2-p-swi-bes34,sw58p1,Active/LinkUp/800G
77967,leaf-spine,sys1-ice2-p-swi-bel58,sw70p2,Active/LinkUp/800G,sys1-ice2-p-swi-bes34,sw58p2,Active/LinkUp/800G
77968,leaf-spine,sys1-ice2-p-swi-bel58,sw71p1,Active/LinkUp/800G,sys1-ice2-p-swi-bes35,sw58p1,Active/LinkUp/800G
77969,leaf-spine,sys1-ice2-p-swi-bel58,sw71p2,Active/LinkUp/800G,sys1-ice2-p-swi-bes35,sw58p2,Active/LinkUp/800G
77970,leaf-spine,sys1-ice2-p-swi-bel58,sw72p1,Active/LinkUp/800G,sys1-ice2-p-swi-bes36,sw58p1,Active/LinkUp/800G
77971,leaf-spine,sys1-ice2-p-swi-bel58,sw72p2,Active/LinkUp/800G,sys1-ice2-p-swi-bes36,sw58p2,Active/LinkUp/800G
77972,leaf-spine,sys1-ice2-p-swi-bel59,sw37p1,Active/LinkUp/800G,sys1-ice2-p-swi-bes1,sw59p1,Active/LinkUp/800G
77973,leaf-spine,sys1-ice2-p-swi-bel59,sw37p2,Active/LinkUp/800G,sys1-ice2-p-swi-bes1,sw59p2,Active/LinkUp/800G
77974,leaf-spine,sys1-ice2-p-swi-bel59,sw38p1,Active/LinkUp/800G,sys1-ice2-p-swi-bes2,sw59p1,Active/LinkUp/800G
77975,leaf-spine,sys1-ice2-p-swi-bel59,sw38p2,Active/LinkUp/800G,sys1-ice2-p-swi-bes2,sw59p2,Active/LinkUp/800G
77976,leaf-spine,sys1-ice2-p-swi-bel59,sw39p1,Active/LinkUp/800G,sys1-ice2-p-swi-bes3,sw59p1,Active/LinkUp/800G
77977,leaf-spine,sys1-ice2-p-swi-bel59,sw39p2,Active/LinkUp/800G,sys1-ice2-p-swi-bes3,sw59p2,Active/LinkUp/800G
77978,leaf-spine,sys1-ice2-p-swi-bel59,sw40p1,Active/LinkUp/800G,sys1-ice2-p-swi-bes4,sw59p1,Active/LinkUp/800G
77979,leaf-spine,sys1-ice2-p-swi-bel59,sw40p2,Active/LinkUp/800G,sys1-ice2-p-swi-bes4,sw59p2,Active/LinkUp/800G
77980,leaf-spine,sys1-ice2-p-swi-bel59,sw41p1,Active/LinkUp/800G,sys1-ice2-p-swi-bes5,sw59p1,Active/LinkUp/800G
77981,leaf-spine,sys1-ice2-p-swi-bel59,sw41p2,Active/LinkUp/800G,sys1-ice2-p-swi-bes5,sw59p2,Active/LinkUp/800G
77982,leaf-spine,sys1-ice2-p-swi-bel59,sw42p1,Active/LinkUp/800G,sys1-ice2-p-swi-bes6,sw59p1,Active/LinkUp/800G
77983,leaf-spine,sys1-ice2-p-swi-bel59,sw42p2,Active/LinkUp/800G,sys1-ice2-p-swi-bes6,sw59p2,Active/LinkUp/800G
77984,leaf-spine,sys1-ice2-p-swi-bel59,sw43p1,Active/LinkUp/800G,sys1-ice2-p-swi-bes7,sw59p1,Active/LinkUp/800G
77985,leaf-spine,sys1-ice2-p-swi-bel59,sw43p2,Active/LinkUp/800G,sys1-ice2-p-swi-bes7,sw59p2,Active/LinkUp/800G
77986,leaf-spine,sys1-ice2-p-swi-bel59,sw44p1,Active/LinkUp/800G,sys1-ice2-p-swi-bes8,sw59p1,Active/LinkUp/800G
77987,leaf-spine,sys1-ice2-p-swi-bel59,sw44p2,Active/LinkUp/800G,sys1-ice2-p-swi-bes8,sw59p2,Active/LinkUp/800G
77988,leaf-spine,sys1-ice2-p-swi-bel59,sw45p1,Active/LinkUp/800G,sys1-ice2-p-swi-bes9,sw59p1,Active/LinkUp/800G
77989,leaf-spine,sys1-ice2-p-swi-bel59,sw45p2,Active/LinkUp/800G,sys1-ice2-p-swi-bes9,sw59p2,Active/LinkUp/800G
77990,leaf-spine,sys1-ice2-p-swi-bel59,sw46p1,Active/LinkUp/800G,sys1-ice2-p-swi-bes10,sw59p1,Active/LinkUp/800G
77991,leaf-spine,sys1-ice2-p-swi-bel59,sw46p2,Active/LinkUp/800G,sys1-ice2-p-swi-bes10,sw59p2,Active/LinkUp/800G
77992,leaf-spine,sys1-ice2-p-swi-bel59,sw47p1,Active/LinkUp/800G,sys1-ice2-p-swi-bes11,sw59p1,Active/LinkUp/800G
77993,leaf-spine,sys1-ice2-p-swi-bel59,sw47p2,Active/LinkUp/800G,sys1-ice2-p-swi-bes11,sw59p2,Active/LinkUp/800G
77994,leaf-spine,sys1-ice2-p-swi-bel59,sw48p1,Active/LinkUp/800G,sys1-ice2-p-swi-bes12,sw59p1,Active/LinkUp/800G
77995,leaf-spine,sys1-ice2-p-swi-bel59,sw48p2,Active/LinkUp/800G,sys1-ice2-p-swi-bes12,sw59p2,Active/LinkUp/800G
77996,leaf-spine,sys1-ice2-p-swi-bel59,sw49p1,Active/LinkUp/800G,sys1-ice2-p-swi-bes13,sw59p1,Active/LinkUp/800G
77997,leaf-spine,sys1-ice2-p-swi-bel59,sw49p2,Active/LinkUp/800G,sys1-ice2-p-swi-bes13,sw59p2,Active/LinkUp/800G
77998,leaf-spine,sys1-ice2-p-swi-bel59,sw50p1,Active/LinkUp/800G,sys1-ice2-p-swi-bes14,sw59p1,Active/LinkUp/800G
77999,leaf-spine,sys1-ice2-p-swi-bel59,sw50p2,Active/LinkUp/800G,sys1-ice2-p-swi-bes14,sw59p2,Active/LinkUp/800G
78000,leaf-spine,sys1-ice2-p-swi-bel59,sw51p1,Active/LinkUp/800G,sys1-ice2-p-swi-bes15,sw59p1,Active/LinkUp/800G
78001,leaf-spine,sys1-ice2-p-swi-bel59,sw51p2,Active/LinkUp/800G,sys1-ice2-p-swi-bes15,sw59p2,Active/LinkUp/800G
78002,leaf-spine,sys1-ice2-p-swi-bel59,sw52p1,Active/LinkUp/800G,sys1-ice2-p-swi-bes16,sw59p1,Active/LinkUp/800G
78003,leaf-spine,sys1-ice2-p-swi-bel59,sw52p2,Active/LinkUp/800G,sys1-ice2-p-swi-bes16,sw59p2,Active/LinkUp/800G
78004,leaf-spine,sys1-ice2-p-swi-bel59,sw53p1,Active/LinkUp/800G,sys1-ice2-p-swi-bes17,sw59p1,Active/LinkUp/800G
78005,leaf-spine,sys1-ice2-p-swi-bel59,sw53p2,Active/LinkUp/800G,sys1-ice2-p-swi-bes17,sw59p2,Active/LinkUp/800G
78006,leaf-spine,sys1-ice2-p-swi-bel59,sw54p1,Active/LinkUp/800G,sys1-ice2-p-swi-bes18,sw59p1,Active/LinkUp/800G
78007,leaf-spine,sys1-ice2-p-swi-bel59,sw54p2,Active/LinkUp/800G,sys1-ice2-p-swi-bes18,sw59p2,Active/LinkUp/800G
78008,leaf-spine,sys1-ice2-p-swi-bel59,sw55p1,Active/LinkUp/800G,sys1-ice2-p-swi-bes19,sw59p1,Active/LinkUp/800G
78009,leaf-spine,sys1-ice2-p-swi-bel59,sw55p2,Active/LinkUp/800G,sys1-ice2-p-swi-bes19,sw59p2,Active/LinkUp/800G
78010,leaf-spine,sys1-ice2-p-swi-bel59,sw56p1,Active/LinkUp/800G,sys1-ice2-p-swi-bes20,sw59p1,Active/LinkUp/800G
78011,leaf-spine,sys1-ice2-p-swi-bel59,sw56p2,Active/LinkUp/800G,sys1-ice2-p-swi-bes20,sw59p2,Active/LinkUp/800G
78012,leaf-spine,sys1-ice2-p-swi-bel59,sw57p1,Active/LinkUp/800G,sys1-ice2-p-swi-bes21,sw59p1,Active/LinkUp/800G
78013,leaf-spine,sys1-ice2-p-swi-bel59,sw57p2,Active/LinkUp/800G,sys1-ice2-p-swi-bes21,sw59p2,Active/LinkUp/800G
78014,leaf-spine,sys1-ice2-p-swi-bel59,sw58p1,Active/LinkUp/800G,sys1-ice2-p-swi-bes22,sw59p1,Active/LinkUp/800G
78015,leaf-spine,sys1-ice2-p-swi-bel59,sw58p2,Active/LinkUp/800G,sys1-ice2-p-swi-bes22,sw59p2,Active/LinkUp/800G
78016,leaf-spine,sys1-ice2-p-swi-bel59,sw59p1,Active/LinkUp/800G,sys1-ice2-p-swi-bes23,sw59p1,Active/LinkUp/800G
78017,leaf-spine,sys1-ice2-p-swi-bel59,sw59p2,Active/LinkUp/800G,sys1-ice2-p-swi-bes23,sw59p2,Active/LinkUp/800G
78018,leaf-spine,sys1-ice2-p-swi-bel59,sw60p1,Active/LinkUp/800G,sys1-ice2-p-swi-bes24,sw59p1,Active/LinkUp/800G
78019,leaf-spine,sys1-ice2-p-swi-bel59,sw60p2,Active/LinkUp/800G,sys1-ice2-p-swi-bes24,sw59p2,Active/LinkUp/800G
78020,leaf-spine,sys1-ice2-p-swi-bel59,sw61p1,Active/LinkUp/800G,sys1-ice2-p-swi-bes25,sw59p1,Active/LinkUp/800G
78021,leaf-spine,sys1-ice2-p-swi-bel59,sw61p2,Active/LinkUp/800G,sys1-ice2-p-swi-bes25,sw59p2,Active/LinkUp/800G
78022,leaf-spine,sys1-ice2-p-swi-bel59,sw62p1,Active/LinkUp/800G,sys1-ice2-p-swi-bes26,sw59p1,Active/LinkUp/800G
78023,leaf-spine,sys1-ice2-p-swi-bel59,sw62p2,Active/LinkUp/800G,sys1-ice2-p-swi-bes26,sw59p2,Active/LinkUp/800G
78024,leaf-spine,sys1-ice2-p-swi-bel59,sw63p1,Active/LinkUp/800G,sys1-ice2-p-swi-bes27,sw59p1,Active/LinkUp/800G
78025,leaf-spine,sys1-ice2-p-swi-bel59,sw63p2,Active/LinkUp/800G,sys1-ice2-p-swi-bes27,sw59p2,Active/LinkUp/800G
78026,leaf-spine,sys1-ice2-p-swi-bel59,sw64p1,Active/LinkUp/800G,sys1-ice2-p-swi-bes28,sw59p1,Active/LinkUp/800G
78027,leaf-spine,sys1-ice2-p-swi-bel59,sw64p2,Active/LinkUp/800G,sys1-ice2-p-swi-bes28,sw59p2,Active/LinkUp/800G
78028,leaf-spine,sys1-ice2-p-swi-bel59,sw65p1,Active/LinkUp/800G,sys1-ice2-p-swi-bes29,sw59p1,Active/LinkUp/800G
78029,leaf-spine,sys1-ice2-p-swi-bel59,sw65p2,Active/LinkUp/800G,sys1-ice2-p-swi-bes29,sw59p2,Active/LinkUp/800G
78030,leaf-spine,sys1-ice2-p-swi-bel59,sw66p1,Active/LinkUp/800G,sys1-ice2-p-swi-bes30,sw59p1,Active/LinkUp/800G
78031,leaf-spine,sys1-ice2-p-swi-bel59,sw66p2,Active/LinkUp/800G,sys1-ice2-p-swi-bes30,sw59p2,Active/LinkUp/800G
78032,leaf-spine,sys1-ice2-p-swi-bel59,sw67p1,Active/LinkUp/800G,sys1-ice2-p-swi-bes31,sw59p1,Active/LinkUp/800G
78033,leaf-spine,sys1-ice2-p-swi-bel59,sw67p2,Active/LinkUp/800G,sys1-ice2-p-swi-bes31,sw59p2,Active/LinkUp/800G
78034,leaf-spine,sys1-ice2-p-swi-bel59,sw68p1,Active/LinkUp/800G,sys1-ice2-p-swi-bes32,sw59p1,Active/LinkUp/800G
78035,leaf-spine,sys1-ice2-p-swi-bel59,sw68p2,Active/LinkUp/800G,sys1-ice2-p-swi-bes32,sw59p2,Active/LinkUp/800G
78036,leaf-spine,sys1-ice2-p-swi-bel59,sw69p1,Active/LinkUp/800G,sys1-ice2-p-swi-bes33,sw59p1,Active/LinkUp/800G
78037,leaf-spine,sys1-ice2-p-swi-bel59,sw69p2,Active/LinkUp/800G,sys1-ice2-p-swi-bes33,sw59p2,Active/LinkUp/800G
78038,leaf-spine,sys1-ice2-p-swi-bel59,sw70p1,Active/LinkUp/800G,sys1-ice2-p-swi-bes34,sw59p1,Active/LinkUp/800G
78039,leaf-spine,sys1-ice2-p-swi-bel59,sw70p2,Active/LinkUp/800G,sys1-ice2-p-swi-bes34,sw59p2,Active/LinkUp/800G
78040,leaf-spine,sys1-ice2-p-swi-bel59,sw71p1,Active/LinkUp/800G,sys1-ice2-p-swi-bes35,sw59p1,Active/LinkUp/800G
78041,leaf-spine,sys1-ice2-p-swi-bel59,sw71p2,Active/LinkUp/800G,sys1-ice2-p-swi-bes35,sw59p2,Active/LinkUp/800G
78042,leaf-spine,sys1-ice2-p-swi-bel59,sw72p1,Active/LinkUp/800G,sys1-ice2-p-swi-bes36,sw59p1,Active/LinkUp/800G
78043,leaf-spine,sys1-ice2-p-swi-bel59,sw72p2,Active/LinkUp/800G,sys1-ice2-p-swi-bes36,sw59p2,Active/LinkUp/800G
78044,leaf-spine,sys1-ice2-p-swi-bel60,sw37p1,Active/LinkUp/800G,sys1-ice2-p-swi-bes1,sw60p1,Active/LinkUp/800G
78045,leaf-spine,sys1-ice2-p-swi-bel60,sw37p2,Active/LinkUp/800G,sys1-ice2-p-swi-bes1,sw60p2,Active/LinkUp/800G
78046,leaf-spine,sys1-ice2-p-swi-bel60,sw38p1,Active/LinkUp/800G,sys1-ice2-p-swi-bes2,sw60p1,Active/LinkUp/800G
78047,leaf-spine,sys1-ice2-p-swi-bel60,sw38p2,Active/LinkUp/800G,sys1-ice2-p-swi-bes2,sw60p2,Active/LinkUp/800G
78048,leaf-spine,sys1-ice2-p-swi-bel60,sw39p1,Active/LinkUp/800G,sys1-ice2-p-swi-bes3,sw60p1,Active/LinkUp/800G
78049,leaf-spine,sys1-ice2-p-swi-bel60,sw39p2,Active/LinkUp/800G,sys1-ice2-p-swi-bes3,sw60p2,Active/LinkUp/800G
78050,leaf-spine,sys1-ice2-p-swi-bel60,sw40p1,Active/LinkUp/800G,sys1-ice2-p-swi-bes4,sw60p1,Active/LinkUp/800G
78051,leaf-spine,sys1-ice2-p-swi-bel60,sw40p2,Active/LinkUp/800G,sys1-ice2-p-swi-bes4,sw60p2,Active/LinkUp/800G
78052,leaf-spine,sys1-ice2-p-swi-bel60,sw41p1,Active/LinkUp/800G,sys1-ice2-p-swi-bes5,sw60p1,Active/LinkUp/800G
78053,leaf-spine,sys1-ice2-p-swi-bel60,sw41p2,Active/LinkUp/800G,sys1-ice2-p-swi-bes5,sw60p2,Active/LinkUp/800G
78054,leaf-spine,sys1-ice2-p-swi-bel60,sw42p1,Active/LinkUp/800G,sys1-ice2-p-swi-bes6,sw60p1,Active/LinkUp/800G
78055,leaf-spine,sys1-ice2-p-swi-bel60,sw42p2,Active/LinkUp/800G,sys1-ice2-p-swi-bes6,sw60p2,Active/LinkUp/800G
78056,leaf-spine,sys1-ice2-p-swi-bel60,sw43p1,Active/LinkUp/800G,sys1-ice2-p-swi-bes7,sw60p1,Active/LinkUp/800G
78057,leaf-spine,sys1-ice2-p-swi-bel60,sw43p2,Active/LinkUp/800G,sys1-ice2-p-swi-bes7,sw60p2,Active/LinkUp/800G
78058,leaf-spine,sys1-ice2-p-swi-bel60,sw44p1,Active/LinkUp/800G,sys1-ice2-p-swi-bes8,sw60p1,Active/LinkUp/800G
78059,leaf-spine,sys1-ice2-p-swi-bel60,sw44p2,Active/LinkUp/800G,sys1-ice2-p-swi-bes8,sw60p2,Active/LinkUp/800G
78060,leaf-spine,sys1-ice2-p-swi-bel60,sw45p1,Active/LinkUp/800G,sys1-ice2-p-swi-bes9,sw60p1,Active/LinkUp/800G
78061,leaf-spine,sys1-ice2-p-swi-bel60,sw45p2,Active/LinkUp/800G,sys1-ice2-p-swi-bes9,sw60p2,Active/LinkUp/800G
78062,leaf-spine,sys1-ice2-p-swi-bel60,sw46p1,Active/LinkUp/800G,sys1-ice2-p-swi-bes10,sw60p1,Active/LinkUp/800G
78063,leaf-spine,sys1-ice2-p-swi-bel60,sw46p2,Active/LinkUp/800G,sys1-ice2-p-swi-bes10,sw60p2,Active/LinkUp/800G
78064,leaf-spine,sys1-ice2-p-swi-bel60,sw47p1,Active/LinkUp/800G,sys1-ice2-p-swi-bes11,sw60p1,Active/LinkUp/800G
78065,leaf-spine,sys1-ice2-p-swi-bel60,sw47p2,Active/LinkUp/800G,sys1-ice2-p-swi-bes11,sw60p2,Active/LinkUp/800G
78066,leaf-spine,sys1-ice2-p-swi-bel60,sw48p1,Active/LinkUp/800G,sys1-ice2-p-swi-bes12,sw60p1,Active/LinkUp/800G
78067,leaf-spine,sys1-ice2-p-swi-bel60,sw48p2,Active/LinkUp/800G,sys1-ice2-p-swi-bes12,sw60p2,Active/LinkUp/800G
78068,leaf-spine,sys1-ice2-p-swi-bel60,sw49p1,Active/LinkUp/800G,sys1-ice2-p-swi-bes13,sw60p1,Active/LinkUp/800G
78069,leaf-spine,sys1-ice2-p-swi-bel60,sw49p2,Active/LinkUp/800G,sys1-ice2-p-swi-bes13,sw60p2,Active/LinkUp/800G
78070,leaf-spine,sys1-ice2-p-swi-bel60,sw50p1,Active/LinkUp/800G,sys1-ice2-p-swi-bes14,sw60p1,Active/LinkUp/800G
78071,leaf-spine,sys1-ice2-p-swi-bel60,sw50p2,Active/LinkUp/800G,sys1-ice2-p-swi-bes14,sw60p2,Active/LinkUp/800G
78072,leaf-spine,sys1-ice2-p-swi-bel60,sw51p1,Active/LinkUp/800G,sys1-ice2-p-swi-bes15,sw60p1,Active/LinkUp/800G
78073,leaf-spine,sys1-ice2-p-swi-bel60,sw51p2,Active/LinkUp/800G,sys1-ice2-p-swi-bes15,sw60p2,Active/LinkUp/800G
78074,leaf-spine,sys1-ice2-p-swi-bel60,sw52p1,Active/LinkUp/800G,sys1-ice2-p-swi-bes16,sw60p1,Active/LinkUp/800G
78075,leaf-spine,sys1-ice2-p-swi-bel60,sw52p2,Active/LinkUp/800G,sys1-ice2-p-swi-bes16,sw60p2,Active/LinkUp/800G
78076,leaf-spine,sys1-ice2-p-swi-bel60,sw53p1,Active/LinkUp/800G,sys1-ice2-p-swi-bes17,sw60p1,Active/LinkUp/800G
78077,leaf-spine,sys1-ice2-p-swi-bel60,sw53p2,Active/LinkUp/800G,sys1-ice2-p-swi-bes17,sw60p2,Active/LinkUp/800G
78078,leaf-spine,sys1-ice2-p-swi-bel60,sw54p1,Active/LinkUp/800G,sys1-ice2-p-swi-bes18,sw60p1,Active/LinkUp/800G
78079,leaf-spine,sys1-ice2-p-swi-bel60,sw54p2,Active/LinkUp/800G,sys1-ice2-p-swi-bes18,sw60p2,Active/LinkUp/800G
78080,leaf-spine,sys1-ice2-p-swi-bel60,sw55p1,Active/LinkUp/800G,sys1-ice2-p-swi-bes19,sw60p1,Active/LinkUp/800G
78081,leaf-spine,sys1-ice2-p-swi-bel60,sw55p2,Active/LinkUp/800G,sys1-ice2-p-swi-bes19,sw60p2,Active/LinkUp/800G
78082,leaf-spine,sys1-ice2-p-swi-bel60,sw56p1,Active/LinkUp/800G,sys1-ice2-p-swi-bes20,sw60p1,Active/LinkUp/800G
78083,leaf-spine,sys1-ice2-p-swi-bel60,sw56p2,Active/LinkUp/800G,sys1-ice2-p-swi-bes20,sw60p2,Active/LinkUp/800G
78084,leaf-spine,sys1-ice2-p-swi-bel60,sw57p1,Active/LinkUp/800G,sys1-ice2-p-swi-bes21,sw60p1,Active/LinkUp/800G
78085,leaf-spine,sys1-ice2-p-swi-bel60,sw57p2,Active/LinkUp/800G,sys1-ice2-p-swi-bes21,sw60p2,Active/LinkUp/800G
78086,leaf-spine,sys1-ice2-p-swi-bel60,sw58p1,Active/LinkUp/800G,sys1-ice2-p-swi-bes22,sw60p1,Active/LinkUp/800G
78087,leaf-spine,sys1-ice2-p-swi-bel60,sw58p2,Active/LinkUp/800G,sys1-ice2-p-swi-bes22,sw60p2,Active/LinkUp/800G
78088,leaf-spine,sys1-ice2-p-swi-bel60,sw59p1,Active/LinkUp/800G,sys1-ice2-p-swi-bes23,sw60p1,Active/LinkUp/800G
78089,leaf-spine,sys1-ice2-p-swi-bel60,sw59p2,Active/LinkUp/800G,sys1-ice2-p-swi-bes23,sw60p2,Active/LinkUp/800G
78090,leaf-spine,sys1-ice2-p-swi-bel60,sw60p1,Active/LinkUp/800G,sys1-ice2-p-swi-bes24,sw60p1,Active/LinkUp/800G
78091,leaf-spine,sys1-ice2-p-swi-bel60,sw60p2,Active/LinkUp/800G,sys1-ice2-p-swi-bes24,sw60p2,Active/LinkUp/800G
78092,leaf-spine,sys1-ice2-p-swi-bel60,sw61p1,Active/LinkUp/800G,sys1-ice2-p-swi-bes25,sw60p1,Active/LinkUp/800G
78093,leaf-spine,sys1-ice2-p-swi-bel60,sw61p2,Active/LinkUp/800G,sys1-ice2-p-swi-bes25,sw60p2,Active/LinkUp/800G
78094,leaf-spine,sys1-ice2-p-swi-bel60,sw62p1,Active/LinkUp/800G,sys1-ice2-p-swi-bes26,sw60p1,Active/LinkUp/800G
78095,leaf-spine,sys1-ice2-p-swi-bel60,sw62p2,Active/LinkUp/800G,sys1-ice2-p-swi-bes26,sw60p2,Active/LinkUp/800G
78096,leaf-spine,sys1-ice2-p-swi-bel60,sw63p1,Active/LinkUp/800G,sys1-ice2-p-swi-bes27,sw60p1,Active/LinkUp/800G
78097,leaf-spine,sys1-ice2-p-swi-bel60,sw63p2,Active/LinkUp/800G,sys1-ice2-p-swi-bes27,sw60p2,Active/LinkUp/800G
78098,leaf-spine,sys1-ice2-p-swi-bel60,sw64p1,Active/LinkUp/800G,sys1-ice2-p-swi-bes28,sw60p1,Active/LinkUp/800G
78099,leaf-spine,sys1-ice2-p-swi-bel60,sw64p2,Active/LinkUp/800G,sys1-ice2-p-swi-bes28,sw60p2,Active/LinkUp/800G
78100,leaf-spine,sys1-ice2-p-swi-bel60,sw65p1,Active/LinkUp/800G,sys1-ice2-p-swi-bes29,sw60p1,Active/LinkUp/800G
78101,leaf-spine,sys1-ice2-p-swi-bel60,sw65p2,Active/LinkUp/800G,sys1-ice2-p-swi-bes29,sw60p2,Active/LinkUp/800G
78102,leaf-spine,sys1-ice2-p-swi-bel60,sw66p1,Active/LinkUp/800G,sys1-ice2-p-swi-bes30,sw60p1,Active/LinkUp/800G
78103,leaf-spine,sys1-ice2-p-swi-bel60,sw66p2,Active/LinkUp/800G,sys1-ice2-p-swi-bes30,sw60p2,Active/LinkUp/800G
78104,leaf-spine,sys1-ice2-p-swi-bel60,sw67p1,Active/LinkUp/800G,sys1-ice2-p-swi-bes31,sw60p1,Active/LinkUp/800G
78105,leaf-spine,sys1-ice2-p-swi-bel60,sw67p2,Active/LinkUp/800G,sys1-ice2-p-swi-bes31,sw60p2,Active/LinkUp/800G
78106,leaf-spine,sys1-ice2-p-swi-bel60,sw68p1,Active/LinkUp/800G,sys1-ice2-p-swi-bes32,sw60p1,Active/LinkUp/800G
78107,leaf-spine,sys1-ice2-p-swi-bel60,sw68p2,Active/LinkUp/800G,sys1-ice2-p-swi-bes32,sw60p2,Active/LinkUp/800G
78108,leaf-spine,sys1-ice2-p-swi-bel60,sw69p1,Active/LinkUp/800G,sys1-ice2-p-swi-bes33,sw60p1,Active/LinkUp/800G
78109,leaf-spine,sys1-ice2-p-swi-bel60,sw69p2,Active/LinkUp/800G,sys1-ice2-p-swi-bes33,sw60p2,Active/LinkUp/800G
78110,leaf-spine,sys1-ice2-p-swi-bel60,sw70p1,Active/LinkUp/800G,sys1-ice2-p-swi-bes34,sw60p1,Active/LinkUp/800G
78111,leaf-spine,sys1-ice2-p-swi-bel60,sw70p2,Active/LinkUp/800G,sys1-ice2-p-swi-bes34,sw60p2,Active/LinkUp/800G
78112,leaf-spine,sys1-ice2-p-swi-bel60,sw71p1,Active/LinkUp/800G,sys1-ice2-p-swi-bes35,sw60p1,Active/LinkUp/800G
78113,leaf-spine,sys1-ice2-p-swi-bel60,sw71p2,Active/LinkUp/800G,sys1-ice2-p-swi-bes35,sw60p2,Active/LinkUp/800G
78114,leaf-spine,sys1-ice2-p-swi-bel60,sw72p1,Active/LinkUp/800G,sys1-ice2-p-swi-bes36,sw60p1,Active/LinkUp/800G
78115,leaf-spine,sys1-ice2-p-swi-bel60,sw72p2,Active/LinkUp/800G,sys1-ice2-p-swi-bes36,sw60p2,Active/LinkUp/800G
78116,leaf-spine,sys1-ice2-p-swi-bel61,sw37p1,Active/LinkUp/800G,sys1-ice2-p-swi-bes1,sw61p1,Active/LinkUp/800G
78117,leaf-spine,sys1-ice2-p-swi-bel61,sw37p2,Active/LinkUp/800G,sys1-ice2-p-swi-bes1,sw61p2,Active/LinkUp/800G
78118,leaf-spine,sys1-ice2-p-swi-bel61,sw38p1,Active/LinkUp/800G,sys1-ice2-p-swi-bes2,sw61p1,Active/LinkUp/800G
78119,leaf-spine,sys1-ice2-p-swi-bel61,sw38p2,Active/LinkUp/800G,sys1-ice2-p-swi-bes2,sw61p2,Active/LinkUp/800G
78120,leaf-spine,sys1-ice2-p-swi-bel61,sw39p1,Active/LinkUp/800G,sys1-ice2-p-swi-bes3,sw61p1,Active/LinkUp/800G
78121,leaf-spine,sys1-ice2-p-swi-bel61,sw39p2,Active/LinkUp/800G,sys1-ice2-p-swi-bes3,sw61p2,Active/LinkUp/800G
78122,leaf-spine,sys1-ice2-p-swi-bel61,sw40p1,Active/LinkUp/800G,sys1-ice2-p-swi-bes4,sw61p1,Active/LinkUp/800G
78123,leaf-spine,sys1-ice2-p-swi-bel61,sw40p2,Active/LinkUp/800G,sys1-ice2-p-swi-bes4,sw61p2,Active/LinkUp/800G
78124,leaf-spine,sys1-ice2-p-swi-bel61,sw41p1,Active/LinkUp/800G,sys1-ice2-p-swi-bes5,sw61p1,Active/LinkUp/800G
78125,leaf-spine,sys1-ice2-p-swi-bel61,sw41p2,Active/LinkUp/800G,sys1-ice2-p-swi-bes5,sw61p2,Active/LinkUp/800G
78126,leaf-spine,sys1-ice2-p-swi-bel61,sw42p1,Active/LinkUp/800G,sys1-ice2-p-swi-bes6,sw61p1,Active/LinkUp/800G
78127,leaf-spine,sys1-ice2-p-swi-bel61,sw42p2,Active/LinkUp/800G,sys1-ice2-p-swi-bes6,sw61p2,Active/LinkUp/800G
78128,leaf-spine,sys1-ice2-p-swi-bel61,sw43p1,Active/LinkUp/800G,sys1-ice2-p-swi-bes7,sw61p1,Active/LinkUp/800G
78129,leaf-spine,sys1-ice2-p-swi-bel61,sw43p2,Active/LinkUp/800G,sys1-ice2-p-swi-bes7,sw61p2,Active/LinkUp/800G
78130,leaf-spine,sys1-ice2-p-swi-bel61,sw44p1,Active/LinkUp/800G,sys1-ice2-p-swi-bes8,sw61p1,Active/LinkUp/800G
78131,leaf-spine,sys1-ice2-p-swi-bel61,sw44p2,Active/LinkUp/800G,sys1-ice2-p-swi-bes8,sw61p2,Active/LinkUp/800G
78132,leaf-spine,sys1-ice2-p-swi-bel61,sw45p1,Active/LinkUp/800G,sys1-ice2-p-swi-bes9,sw61p1,Active/LinkUp/800G
78133,leaf-spine,sys1-ice2-p-swi-bel61,sw45p2,Active/LinkUp/800G,sys1-ice2-p-swi-bes9,sw61p2,Active/LinkUp/800G
78134,leaf-spine,sys1-ice2-p-swi-bel61,sw46p1,Active/LinkUp/800G,sys1-ice2-p-swi-bes10,sw61p1,Active/LinkUp/800G
78135,leaf-spine,sys1-ice2-p-swi-bel61,sw46p2,Active/LinkUp/800G,sys1-ice2-p-swi-bes10,sw61p2,Active/LinkUp/800G
78136,leaf-spine,sys1-ice2-p-swi-bel61,sw47p1,Active/LinkUp/800G,sys1-ice2-p-swi-bes11,sw61p1,Active/LinkUp/800G
78137,leaf-spine,sys1-ice2-p-swi-bel61,sw47p2,Active/LinkUp/800G,sys1-ice2-p-swi-bes11,sw61p2,Active/LinkUp/800G
78138,leaf-spine,sys1-ice2-p-swi-bel61,sw48p1,Active/LinkUp/800G,sys1-ice2-p-swi-bes12,sw61p1,Active/LinkUp/800G
78139,leaf-spine,sys1-ice2-p-swi-bel61,sw48p2,Active/LinkUp/800G,sys1-ice2-p-swi-bes12,sw61p2,Active/LinkUp/800G
78140,leaf-spine,sys1-ice2-p-swi-bel61,sw49p1,Active/LinkUp/800G,sys1-ice2-p-swi-bes13,sw61p1,Active/LinkUp/800G
78141,leaf-spine,sys1-ice2-p-swi-bel61,sw49p2,Active/LinkUp/800G,sys1-ice2-p-swi-bes13,sw61p2,Active/LinkUp/800G
78142,leaf-spine,sys1-ice2-p-swi-bel61,sw50p1,Active/LinkUp/800G,sys1-ice2-p-swi-bes14,sw61p1,Active/LinkUp/800G
78143,leaf-spine,sys1-ice2-p-swi-bel61,sw50p2,Active/LinkUp/800G,sys1-ice2-p-swi-bes14,sw61p2,Active/LinkUp/800G
78144,leaf-spine,sys1-ice2-p-swi-bel61,sw51p1,Active/LinkUp/800G,sys1-ice2-p-swi-bes15,sw61p1,Active/LinkUp/800G
78145,leaf-spine,sys1-ice2-p-swi-bel61,sw51p2,Active/LinkUp/800G,sys1-ice2-p-swi-bes15,sw61p2,Active/LinkUp/800G
78146,leaf-spine,sys1-ice2-p-swi-bel61,sw52p1,Active/LinkUp/800G,sys1-ice2-p-swi-bes16,sw61p1,Active/LinkUp/800G
78147,leaf-spine,sys1-ice2-p-swi-bel61,sw52p2,Active/LinkUp/800G,sys1-ice2-p-swi-bes16,sw61p2,Active/LinkUp/800G
78148,leaf-spine,sys1-ice2-p-swi-bel61,sw53p1,Active/LinkUp/800G,sys1-ice2-p-swi-bes17,sw61p1,Active/LinkUp/800G
78149,leaf-spine,sys1-ice2-p-swi-bel61,sw53p2,Active/LinkUp/800G,sys1-ice2-p-swi-bes17,sw61p2,Active/LinkUp/800G
78150,leaf-spine,sys1-ice2-p-swi-bel61,sw54p1,Active/LinkUp/800G,sys1-ice2-p-swi-bes18,sw61p1,Active/LinkUp/800G
78151,leaf-spine,sys1-ice2-p-swi-bel61,sw54p2,Active/LinkUp/800G,sys1-ice2-p-swi-bes18,sw61p2,Active/LinkUp/800G
78152,leaf-spine,sys1-ice2-p-swi-bel61,sw55p1,Active/LinkUp/800G,sys1-ice2-p-swi-bes19,sw61p1,Active/LinkUp/800G
78153,leaf-spine,sys1-ice2-p-swi-bel61,sw55p2,Active/LinkUp/800G,sys1-ice2-p-swi-bes19,sw61p2,Active/LinkUp/800G
78154,leaf-spine,sys1-ice2-p-swi-bel61,sw56p1,Active/LinkUp/800G,sys1-ice2-p-swi-bes20,sw61p1,Active/LinkUp/800G
78155,leaf-spine,sys1-ice2-p-swi-bel61,sw56p2,Active/LinkUp/800G,sys1-ice2-p-swi-bes20,sw61p2,Active/LinkUp/800G
78156,leaf-spine,sys1-ice2-p-swi-bel61,sw57p1,Active/LinkUp/800G,sys1-ice2-p-swi-bes21,sw61p1,Active/LinkUp/800G
78157,leaf-spine,sys1-ice2-p-swi-bel61,sw57p2,Active/LinkUp/800G,sys1-ice2-p-swi-bes21,sw61p2,Active/LinkUp/800G
78158,leaf-spine,sys1-ice2-p-swi-bel61,sw58p1,Active/LinkUp/800G,sys1-ice2-p-swi-bes22,sw61p1,Active/LinkUp/800G
78159,leaf-spine,sys1-ice2-p-swi-bel61,sw58p2,Active/LinkUp/800G,sys1-ice2-p-swi-bes22,sw61p2,Active/LinkUp/800G
78160,leaf-spine,sys1-ice2-p-swi-bel61,sw59p1,Active/LinkUp/800G,sys1-ice2-p-swi-bes23,sw61p1,Active/LinkUp/800G
78161,leaf-spine,sys1-ice2-p-swi-bel61,sw59p2,Active/LinkUp/800G,sys1-ice2-p-swi-bes23,sw61p2,Active/LinkUp/800G
78162,leaf-spine,sys1-ice2-p-swi-bel61,sw60p1,Active/LinkUp/800G,sys1-ice2-p-swi-bes24,sw61p1,Active/LinkUp/800G
78163,leaf-spine,sys1-ice2-p-swi-bel61,sw60p2,Active/LinkUp/800G,sys1-ice2-p-swi-bes24,sw61p2,Active/LinkUp/800G
78164,leaf-spine,sys1-ice2-p-swi-bel61,sw61p1,Active/LinkUp/800G,sys1-ice2-p-swi-bes25,sw61p1,Active/LinkUp/800G
78165,leaf-spine,sys1-ice2-p-swi-bel61,sw61p2,Active/LinkUp/800G,sys1-ice2-p-swi-bes25,sw61p2,Active/LinkUp/800G
78166,leaf-spine,sys1-ice2-p-swi-bel61,sw62p1,Active/LinkUp/800G,sys1-ice2-p-swi-bes26,sw61p1,Active/LinkUp/800G
78167,leaf-spine,sys1-ice2-p-swi-bel61,sw62p2,Active/LinkUp/800G,sys1-ice2-p-swi-bes26,sw61p2,Active/LinkUp/800G
78168,leaf-spine,sys1-ice2-p-swi-bel61,sw63p1,Active/LinkUp/800G,sys1-ice2-p-swi-bes27,sw61p1,Active/LinkUp/800G
78169,leaf-spine,sys1-ice2-p-swi-bel61,sw63p2,Active/LinkUp/800G,sys1-ice2-p-swi-bes27,sw61p2,Active/LinkUp/800G
78170,leaf-spine,sys1-ice2-p-swi-bel61,sw64p1,Active/LinkUp/800G,sys1-ice2-p-swi-bes28,sw61p1,Active/LinkUp/800G
78171,leaf-spine,sys1-ice2-p-swi-bel61,sw64p2,Active/LinkUp/800G,sys1-ice2-p-swi-bes28,sw61p2,Active/LinkUp/800G
78172,leaf-spine,sys1-ice2-p-swi-bel61,sw65p1,Active/LinkUp/800G,sys1-ice2-p-swi-bes29,sw61p1,Active/LinkUp/800G
78173,leaf-spine,sys1-ice2-p-swi-bel61,sw65p2,Active/LinkUp/800G,sys1-ice2-p-swi-bes29,sw61p2,Active/LinkUp/800G
78174,leaf-spine,sys1-ice2-p-swi-bel61,sw66p1,Active/LinkUp/800G,sys1-ice2-p-swi-bes30,sw61p1,Active/LinkUp/800G
78175,leaf-spine,sys1-ice2-p-swi-bel61,sw66p2,Active/LinkUp/800G,sys1-ice2-p-swi-bes30,sw61p2,Active/LinkUp/800G
78176,leaf-spine,sys1-ice2-p-swi-bel61,sw67p1,Active/LinkUp/800G,sys1-ice2-p-swi-bes31,sw61p1,Active/LinkUp/800G
78177,leaf-spine,sys1-ice2-p-swi-bel61,sw67p2,Active/LinkUp/800G,sys1-ice2-p-swi-bes31,sw61p2,Active/LinkUp/800G
78178,leaf-spine,sys1-ice2-p-swi-bel61,sw68p1,Active/LinkUp/800G,sys1-ice2-p-swi-bes32,sw61p1,Active/LinkUp/800G
78179,leaf-spine,sys1-ice2-p-swi-bel61,sw68p2,Active/LinkUp/800G,sys1-ice2-p-swi-bes32,sw61p2,Active/LinkUp/800G
78180,leaf-spine,sys1-ice2-p-swi-bel61,sw69p1,Active/LinkUp/800G,sys1-ice2-p-swi-bes33,sw61p1,Active/LinkUp/800G
78181,leaf-spine,sys1-ice2-p-swi-bel61,sw69p2,Active/LinkUp/800G,sys1-ice2-p-swi-bes33,sw61p2,Active/LinkUp/800G
78182,leaf-spine,sys1-ice2-p-swi-bel61,sw70p1,Active/LinkUp/800G,sys1-ice2-p-swi-bes34,sw61p1,Active/LinkUp/800G
78183,leaf-spine,sys1-ice2-p-swi-bel61,sw70p2,Active/LinkUp/800G,sys1-ice2-p-swi-bes34,sw61p2,Active/LinkUp/800G
78184,leaf-spine,sys1-ice2-p-swi-bel61,sw71p1,Active/LinkUp/800G,sys1-ice2-p-swi-bes35,sw61p1,Active/LinkUp/800G
78185,leaf-spine,sys1-ice2-p-swi-bel61,sw71p2,Active/LinkUp/800G,sys1-ice2-p-swi-bes35,sw61p2,Active/LinkUp/800G
78186,leaf-spine,sys1-ice2-p-swi-bel61,sw72p1,Active/LinkUp/800G,sys1-ice2-p-swi-bes36,sw61p1,Active/LinkUp/800G
78187,leaf-spine,sys1-ice2-p-swi-bel61,sw72p2,Active/LinkUp/800G,sys1-ice2-p-swi-bes36,sw61p2,Active/LinkUp/800G
78188,leaf-spine,sys1-ice2-p-swi-bel62,sw37p1,Active/LinkUp/800G,sys1-ice2-p-swi-bes1,sw62p1,Active/LinkUp/800G
78189,leaf-spine,sys1-ice2-p-swi-bel62,sw37p2,Active/LinkUp/800G,sys1-ice2-p-swi-bes1,sw62p2,Active/LinkUp/800G
78190,leaf-spine,sys1-ice2-p-swi-bel62,sw38p1,Active/LinkUp/800G,sys1-ice2-p-swi-bes2,sw62p1,Active/LinkUp/800G
78191,leaf-spine,sys1-ice2-p-swi-bel62,sw38p2,Active/LinkUp/800G,sys1-ice2-p-swi-bes2,sw62p2,Active/LinkUp/800G
78192,leaf-spine,sys1-ice2-p-swi-bel62,sw39p1,Active/LinkUp/800G,sys1-ice2-p-swi-bes3,sw62p1,Active/LinkUp/800G
78193,leaf-spine,sys1-ice2-p-swi-bel62,sw39p2,Active/LinkUp/800G,sys1-ice2-p-swi-bes3,sw62p2,Active/LinkUp/800G
78194,leaf-spine,sys1-ice2-p-swi-bel62,sw40p1,Active/LinkUp/800G,sys1-ice2-p-swi-bes4,sw62p1,Active/LinkUp/800G
78195,leaf-spine,sys1-ice2-p-swi-bel62,sw40p2,Active/LinkUp/800G,sys1-ice2-p-swi-bes4,sw62p2,Active/LinkUp/800G
78196,leaf-spine,sys1-ice2-p-swi-bel62,sw41p1,Active/LinkUp/800G,sys1-ice2-p-swi-bes5,sw62p1,Active/LinkUp/800G
78197,leaf-spine,sys1-ice2-p-swi-bel62,sw41p2,Active/LinkUp/800G,sys1-ice2-p-swi-bes5,sw62p2,Active/LinkUp/800G
78198,leaf-spine,sys1-ice2-p-swi-bel62,sw42p1,Active/LinkUp/800G,sys1-ice2-p-swi-bes6,sw62p1,Active/LinkUp/800G
78199,leaf-spine,sys1-ice2-p-swi-bel62,sw42p2,Active/LinkUp/800G,sys1-ice2-p-swi-bes6,sw62p2,Active/LinkUp/800G
78200,leaf-spine,sys1-ice2-p-swi-bel62,sw43p1,Active/LinkUp/800G,sys1-ice2-p-swi-bes7,sw62p1,Active/LinkUp/800G
78201,leaf-spine,sys1-ice2-p-swi-bel62,sw43p2,Active/LinkUp/800G,sys1-ice2-p-swi-bes7,sw62p2,Active/LinkUp/800G
78202,leaf-spine,sys1-ice2-p-swi-bel62,sw44p1,Active/LinkUp/800G,sys1-ice2-p-swi-bes8,sw62p1,Active/LinkUp/800G
78203,leaf-spine,sys1-ice2-p-swi-bel62,sw44p2,Active/LinkUp/800G,sys1-ice2-p-swi-bes8,sw62p2,Active/LinkUp/800G
78204,leaf-spine,sys1-ice2-p-swi-bel62,sw45p1,Active/LinkUp/800G,sys1-ice2-p-swi-bes9,sw62p1,Active/LinkUp/800G
78205,leaf-spine,sys1-ice2-p-swi-bel62,sw45p2,Active/LinkUp/800G,sys1-ice2-p-swi-bes9,sw62p2,Active/LinkUp/800G
78206,leaf-spine,sys1-ice2-p-swi-bel62,sw46p1,Active/LinkUp/800G,sys1-ice2-p-swi-bes10,sw62p1,Active/LinkUp/800G
78207,leaf-spine,sys1-ice2-p-swi-bel62,sw46p2,Active/LinkUp/800G,sys1-ice2-p-swi-bes10,sw62p2,Active/LinkUp/800G
78208,leaf-spine,sys1-ice2-p-swi-bel62,sw47p1,Active/LinkUp/800G,sys1-ice2-p-swi-bes11,sw62p1,Active/LinkUp/800G
78209,leaf-spine,sys1-ice2-p-swi-bel62,sw47p2,Active/LinkUp/800G,sys1-ice2-p-swi-bes11,sw62p2,Active/LinkUp/800G
78210,leaf-spine,sys1-ice2-p-swi-bel62,sw48p1,Active/LinkUp/800G,sys1-ice2-p-swi-bes12,sw62p1,Active/LinkUp/800G
78211,leaf-spine,sys1-ice2-p-swi-bel62,sw48p2,Active/LinkUp/800G,sys1-ice2-p-swi-bes12,sw62p2,Active/LinkUp/800G
78212,leaf-spine,sys1-ice2-p-swi-bel62,sw49p1,Active/LinkUp/800G,sys1-ice2-p-swi-bes13,sw62p1,Active/LinkUp/800G
78213,leaf-spine,sys1-ice2-p-swi-bel62,sw49p2,Active/LinkUp/800G,sys1-ice2-p-swi-bes13,sw62p2,Active/LinkUp/800G
78214,leaf-spine,sys1-ice2-p-swi-bel62,sw50p1,Active/LinkUp/800G,sys1-ice2-p-swi-bes14,sw62p1,Active/LinkUp/800G
78215,leaf-spine,sys1-ice2-p-swi-bel62,sw50p2,Active/LinkUp/800G,sys1-ice2-p-swi-bes14,sw62p2,Active/LinkUp/800G
78216,leaf-spine,sys1-ice2-p-swi-bel62,sw51p1,Active/LinkUp/800G,sys1-ice2-p-swi-bes15,sw62p1,Active/LinkUp/800G
78217,leaf-spine,sys1-ice2-p-swi-bel62,sw51p2,Active/LinkUp/800G,sys1-ice2-p-swi-bes15,sw62p2,Active/LinkUp/800G
78218,leaf-spine,sys1-ice2-p-swi-bel62,sw52p1,Active/LinkUp/800G,sys1-ice2-p-swi-bes16,sw62p1,Active/LinkUp/800G
78219,leaf-spine,sys1-ice2-p-swi-bel62,sw52p2,Active/LinkUp/800G,sys1-ice2-p-swi-bes16,sw62p2,Active/LinkUp/800G
78220,leaf-spine,sys1-ice2-p-swi-bel62,sw53p1,Active/LinkUp/800G,sys1-ice2-p-swi-bes17,sw62p1,Active/LinkUp/800G
78221,leaf-spine,sys1-ice2-p-swi-bel62,sw53p2,Active/LinkUp/800G,sys1-ice2-p-swi-bes17,sw62p2,Active/LinkUp/800G
78222,leaf-spine,sys1-ice2-p-swi-bel62,sw54p1,Active/LinkUp/800G,sys1-ice2-p-swi-bes18,sw62p1,Active/LinkUp/800G
78223,leaf-spine,sys1-ice2-p-swi-bel62,sw54p2,Active/LinkUp/800G,sys1-ice2-p-swi-bes18,sw62p2,Active/LinkUp/800G
78224,leaf-spine,sys1-ice2-p-swi-bel62,sw55p1,Active/LinkUp/800G,sys1-ice2-p-swi-bes19,sw62p1,Active/LinkUp/800G
78225,leaf-spine,sys1-ice2-p-swi-bel62,sw55p2,Active/LinkUp/800G,sys1-ice2-p-swi-bes19,sw62p2,Active/LinkUp/800G
78226,leaf-spine,sys1-ice2-p-swi-bel62,sw56p1,Active/LinkUp/800G,sys1-ice2-p-swi-bes20,sw62p1,Active/LinkUp/800G
78227,leaf-spine,sys1-ice2-p-swi-bel62,sw56p2,Active/LinkUp/800G,sys1-ice2-p-swi-bes20,sw62p2,Active/LinkUp/800G
78228,leaf-spine,sys1-ice2-p-swi-bel62,sw57p1,Active/LinkUp/800G,sys1-ice2-p-swi-bes21,sw62p1,Active/LinkUp/800G
78229,leaf-spine,sys1-ice2-p-swi-bel62,sw57p2,Active/LinkUp/800G,sys1-ice2-p-swi-bes21,sw62p2,Active/LinkUp/800G
78230,leaf-spine,sys1-ice2-p-swi-bel62,sw58p1,Active/LinkUp/800G,sys1-ice2-p-swi-bes22,sw62p1,Active/LinkUp/800G
78231,leaf-spine,sys1-ice2-p-swi-bel62,sw58p2,Active/LinkUp/800G,sys1-ice2-p-swi-bes22,sw62p2,Active/LinkUp/800G
78232,leaf-spine,sys1-ice2-p-swi-bel62,sw59p1,Active/LinkUp/800G,sys1-ice2-p-swi-bes23,sw62p1,Active/LinkUp/800G
78233,leaf-spine,sys1-ice2-p-swi-bel62,sw59p2,Active/LinkUp/800G,sys1-ice2-p-swi-bes23,sw62p2,Active/LinkUp/800G
78234,leaf-spine,sys1-ice2-p-swi-bel62,sw60p1,Active/LinkUp/800G,sys1-ice2-p-swi-bes24,sw62p1,Active/LinkUp/800G
78235,leaf-spine,sys1-ice2-p-swi-bel62,sw60p2,Active/LinkUp/800G,sys1-ice2-p-swi-bes24,sw62p2,Active/LinkUp/800G
78236,leaf-spine,sys1-ice2-p-swi-bel62,sw61p1,Active/LinkUp/800G,sys1-ice2-p-swi-bes25,sw62p1,Active/LinkUp/800G
78237,leaf-spine,sys1-ice2-p-swi-bel62,sw61p2,Active/LinkUp/800G,sys1-ice2-p-swi-bes25,sw62p2,Active/LinkUp/800G
78238,leaf-spine,sys1-ice2-p-swi-bel62,sw62p1,Active/LinkUp/800G,sys1-ice2-p-swi-bes26,sw62p1,Active/LinkUp/800G
78239,leaf-spine,sys1-ice2-p-swi-bel62,sw62p2,Active/LinkUp/800G,sys1-ice2-p-swi-bes26,sw62p2,Active/LinkUp/800G
78240,leaf-spine,sys1-ice2-p-swi-bel62,sw63p1,Active/LinkUp/800G,sys1-ice2-p-swi-bes27,sw62p1,Active/LinkUp/800G
78241,leaf-spine,sys1-ice2-p-swi-bel62,sw63p2,Active/LinkUp/800G,sys1-ice2-p-swi-bes27,sw62p2,Active/LinkUp/800G
78242,leaf-spine,sys1-ice2-p-swi-bel62,sw64p1,Active/LinkUp/800G,sys1-ice2-p-swi-bes28,sw62p1,Active/LinkUp/800G
78243,leaf-spine,sys1-ice2-p-swi-bel62,sw64p2,Active/LinkUp/800G,sys1-ice2-p-swi-bes28,sw62p2,Active/LinkUp/800G
78244,leaf-spine,sys1-ice2-p-swi-bel62,sw65p1,Active/LinkUp/800G,sys1-ice2-p-swi-bes29,sw62p1,Active/LinkUp/800G
78245,leaf-spine,sys1-ice2-p-swi-bel62,sw65p2,Active/LinkUp/800G,sys1-ice2-p-swi-bes29,sw62p2,Active/LinkUp/800G
78246,leaf-spine,sys1-ice2-p-swi-bel62,sw66p1,Active/LinkUp/800G,sys1-ice2-p-swi-bes30,sw62p1,Active/LinkUp/800G
78247,leaf-spine,sys1-ice2-p-swi-bel62,sw66p2,Active/LinkUp/800G,sys1-ice2-p-swi-bes30,sw62p2,Active/LinkUp/800G
78248,leaf-spine,sys1-ice2-p-swi-bel62,sw67p1,Active/LinkUp/800G,sys1-ice2-p-swi-bes31,sw62p1,Active/LinkUp/800G
78249,leaf-spine,sys1-ice2-p-swi-bel62,sw67p2,Active/LinkUp/800G,sys1-ice2-p-swi-bes31,sw62p2,Active/LinkUp/800G
78250,leaf-spine,sys1-ice2-p-swi-bel62,sw68p1,Active/LinkUp/800G,sys1-ice2-p-swi-bes32,sw62p1,Active/LinkUp/800G
78251,leaf-spine,sys1-ice2-p-swi-bel62,sw68p2,Active/LinkUp/800G,sys1-ice2-p-swi-bes32,sw62p2,Active/LinkUp/800G
78252,leaf-spine,sys1-ice2-p-swi-bel62,sw69p1,Active/LinkUp/800G,sys1-ice2-p-swi-bes33,sw62p1,Active/LinkUp/800G
78253,leaf-spine,sys1-ice2-p-swi-bel62,sw69p2,Active/LinkUp/800G,sys1-ice2-p-swi-bes33,sw62p2,Active/LinkUp/800G
78254,leaf-spine,sys1-ice2-p-swi-bel62,sw70p1,Active/LinkUp/800G,sys1-ice2-p-swi-bes34,sw62p1,Active/LinkUp/800G
78255,leaf-spine,sys1-ice2-p-swi-bel62,sw70p2,Active/LinkUp/800G,sys1-ice2-p-swi-bes34,sw62p2,Active/LinkUp/800G
78256,leaf-spine,sys1-ice2-p-swi-bel62,sw71p1,Active/LinkUp/800G,sys1-ice2-p-swi-bes35,sw62p1,Active/LinkUp/800G
78257,leaf-spine,sys1-ice2-p-swi-bel62,sw71p2,Active/LinkUp/800G,sys1-ice2-p-swi-bes35,sw62p2,Active/LinkUp/800G
78258,leaf-spine,sys1-ice2-p-swi-bel62,sw72p1,Active/LinkUp/800G,sys1-ice2-p-swi-bes36,sw62p1,Active/LinkUp/800G
78259,leaf-spine,sys1-ice2-p-swi-bel62,sw72p2,Active/LinkUp/800G,sys1-ice2-p-swi-bes36,sw62p2,Active/LinkUp/800G
78260,leaf-spine,sys1-ice2-p-swi-bel63,sw37p1,Active/LinkUp/800G,sys1-ice2-p-swi-bes1,sw63p1,Active/LinkUp/800G
78261,leaf-spine,sys1-ice2-p-swi-bel63,sw37p2,Active/LinkUp/800G,sys1-ice2-p-swi-bes1,sw63p2,Active/LinkUp/800G
78262,leaf-spine,sys1-ice2-p-swi-bel63,sw38p1,Active/LinkUp/800G,sys1-ice2-p-swi-bes2,sw63p1,Active/LinkUp/800G
78263,leaf-spine,sys1-ice2-p-swi-bel63,sw38p2,Active/LinkUp/800G,sys1-ice2-p-swi-bes2,sw63p2,Active/LinkUp/800G
78264,leaf-spine,sys1-ice2-p-swi-bel63,sw39p1,Active/LinkUp/800G,sys1-ice2-p-swi-bes3,sw63p1,Active/LinkUp/800G
78265,leaf-spine,sys1-ice2-p-swi-bel63,sw39p2,Active/LinkUp/800G,sys1-ice2-p-swi-bes3,sw63p2,Active/LinkUp/800G
78266,leaf-spine,sys1-ice2-p-swi-bel63,sw40p1,Active/LinkUp/800G,sys1-ice2-p-swi-bes4,sw63p1,Active/LinkUp/800G
78267,leaf-spine,sys1-ice2-p-swi-bel63,sw40p2,Active/LinkUp/800G,sys1-ice2-p-swi-bes4,sw63p2,Active/LinkUp/800G
78268,leaf-spine,sys1-ice2-p-swi-bel63,sw41p1,Active/LinkUp/800G,sys1-ice2-p-swi-bes5,sw63p1,Active/LinkUp/800G
78269,leaf-spine,sys1-ice2-p-swi-bel63,sw41p2,Active/LinkUp/800G,sys1-ice2-p-swi-bes5,sw63p2,Active/LinkUp/800G
78270,leaf-spine,sys1-ice2-p-swi-bel63,sw42p1,Active/LinkUp/800G,sys1-ice2-p-swi-bes6,sw63p1,Active/LinkUp/800G
78271,leaf-spine,sys1-ice2-p-swi-bel63,sw42p2,Active/LinkUp/800G,sys1-ice2-p-swi-bes6,sw63p2,Active/LinkUp/800G
78272,leaf-spine,sys1-ice2-p-swi-bel63,sw43p1,Active/LinkUp/800G,sys1-ice2-p-swi-bes7,sw63p1,Active/LinkUp/800G
78273,leaf-spine,sys1-ice2-p-swi-bel63,sw43p2,Active/LinkUp/800G,sys1-ice2-p-swi-bes7,sw63p2,Active/LinkUp/800G
78274,leaf-spine,sys1-ice2-p-swi-bel63,sw44p1,Active/LinkUp/800G,sys1-ice2-p-swi-bes8,sw63p1,Active/LinkUp/800G
78275,leaf-spine,sys1-ice2-p-swi-bel63,sw44p2,Active/LinkUp/800G,sys1-ice2-p-swi-bes8,sw63p2,Active/LinkUp/800G
78276,leaf-spine,sys1-ice2-p-swi-bel63,sw45p1,Active/LinkUp/800G,sys1-ice2-p-swi-bes9,sw63p1,Active/LinkUp/800G
78277,leaf-spine,sys1-ice2-p-swi-bel63,sw45p2,Active/LinkUp/800G,sys1-ice2-p-swi-bes9,sw63p2,Active/LinkUp/800G
78278,leaf-spine,sys1-ice2-p-swi-bel63,sw46p1,Active/LinkUp/800G,sys1-ice2-p-swi-bes10,sw63p1,Active/LinkUp/800G
78279,leaf-spine,sys1-ice2-p-swi-bel63,sw46p2,Active/LinkUp/800G,sys1-ice2-p-swi-bes10,sw63p2,Active/LinkUp/800G
78280,leaf-spine,sys1-ice2-p-swi-bel63,sw47p1,Active/LinkUp/800G,sys1-ice2-p-swi-bes11,sw63p1,Active/LinkUp/800G
78281,leaf-spine,sys1-ice2-p-swi-bel63,sw47p2,Active/LinkUp/800G,sys1-ice2-p-swi-bes11,sw63p2,Active/LinkUp/800G
78282,leaf-spine,sys1-ice2-p-swi-bel63,sw48p1,Active/LinkUp/800G,sys1-ice2-p-swi-bes12,sw63p1,Active/LinkUp/800G
78283,leaf-spine,sys1-ice2-p-swi-bel63,sw48p2,Active/LinkUp/800G,sys1-ice2-p-swi-bes12,sw63p2,Active/LinkUp/800G
78284,leaf-spine,sys1-ice2-p-swi-bel63,sw49p1,Active/LinkUp/800G,sys1-ice2-p-swi-bes13,sw63p1,Active/LinkUp/800G
78285,leaf-spine,sys1-ice2-p-swi-bel63,sw49p2,Active/LinkUp/800G,sys1-ice2-p-swi-bes13,sw63p2,Active/LinkUp/800G
78286,leaf-spine,sys1-ice2-p-swi-bel63,sw50p1,Active/LinkUp/800G,sys1-ice2-p-swi-bes14,sw63p1,Active/LinkUp/800G
78287,leaf-spine,sys1-ice2-p-swi-bel63,sw50p2,Active/LinkUp/800G,sys1-ice2-p-swi-bes14,sw63p2,Active/LinkUp/800G
78288,leaf-spine,sys1-ice2-p-swi-bel63,sw51p1,Active/LinkUp/800G,sys1-ice2-p-swi-bes15,sw63p1,Active/LinkUp/800G
78289,leaf-spine,sys1-ice2-p-swi-bel63,sw51p2,Active/LinkUp/800G,sys1-ice2-p-swi-bes15,sw63p2,Active/LinkUp/800G
78290,leaf-spine,sys1-ice2-p-swi-bel63,sw52p1,Active/LinkUp/800G,sys1-ice2-p-swi-bes16,sw63p1,Active/LinkUp/800G
78291,leaf-spine,sys1-ice2-p-swi-bel63,sw52p2,Active/LinkUp/800G,sys1-ice2-p-swi-bes16,sw63p2,Active/LinkUp/800G
78292,leaf-spine,sys1-ice2-p-swi-bel63,sw53p1,Active/LinkUp/800G,sys1-ice2-p-swi-bes17,sw63p1,Active/LinkUp/800G
78293,leaf-spine,sys1-ice2-p-swi-bel63,sw53p2,Active/LinkUp/800G,sys1-ice2-p-swi-bes17,sw63p2,Active/LinkUp/800G
78294,leaf-spine,sys1-ice2-p-swi-bel63,sw54p1,Active/LinkUp/800G,sys1-ice2-p-swi-bes18,sw63p1,Active/LinkUp/800G
78295,leaf-spine,sys1-ice2-p-swi-bel63,sw54p2,Active/LinkUp/800G,sys1-ice2-p-swi-bes18,sw63p2,Active/LinkUp/800G
78296,leaf-spine,sys1-ice2-p-swi-bel63,sw55p1,Active/LinkUp/800G,sys1-ice2-p-swi-bes19,sw63p1,Active/LinkUp/800G
78297,leaf-spine,sys1-ice2-p-swi-bel63,sw55p2,Active/LinkUp/800G,sys1-ice2-p-swi-bes19,sw63p2,Active/LinkUp/800G
78298,leaf-spine,sys1-ice2-p-swi-bel63,sw56p1,Active/LinkUp/800G,sys1-ice2-p-swi-bes20,sw63p1,Active/LinkUp/800G
78299,leaf-spine,sys1-ice2-p-swi-bel63,sw56p2,Active/LinkUp/800G,sys1-ice2-p-swi-bes20,sw63p2,Active/LinkUp/800G
78300,leaf-spine,sys1-ice2-p-swi-bel63,sw57p1,Active/LinkUp/800G,sys1-ice2-p-swi-bes21,sw63p1,Active/LinkUp/800G
78301,leaf-spine,sys1-ice2-p-swi-bel63,sw57p2,Active/LinkUp/800G,sys1-ice2-p-swi-bes21,sw63p2,Active/LinkUp/800G
78302,leaf-spine,sys1-ice2-p-swi-bel63,sw58p1,Active/LinkUp/800G,sys1-ice2-p-swi-bes22,sw63p1,Active/LinkUp/800G
78303,leaf-spine,sys1-ice2-p-swi-bel63,sw58p2,Active/LinkUp/800G,sys1-ice2-p-swi-bes22,sw63p2,Active/LinkUp/800G
78304,leaf-spine,sys1-ice2-p-swi-bel63,sw59p1,Active/LinkUp/800G,sys1-ice2-p-swi-bes23,sw63p1,Active/LinkUp/800G
78305,leaf-spine,sys1-ice2-p-swi-bel63,sw59p2,Active/LinkUp/800G,sys1-ice2-p-swi-bes23,sw63p2,Active/LinkUp/800G
78306,leaf-spine,sys1-ice2-p-swi-bel63,sw60p1,Active/LinkUp/800G,sys1-ice2-p-swi-bes24,sw63p1,Active/LinkUp/800G
78307,leaf-spine,sys1-ice2-p-swi-bel63,sw60p2,Active/LinkUp/800G,sys1-ice2-p-swi-bes24,sw63p2,Active/LinkUp/800G
78308,leaf-spine,sys1-ice2-p-swi-bel63,sw61p1,Active/LinkUp/800G,sys1-ice2-p-swi-bes25,sw63p1,Active/LinkUp/800G
78309,leaf-spine,sys1-ice2-p-swi-bel63,sw61p2,Active/LinkUp/800G,sys1-ice2-p-swi-bes25,sw63p2,Active/LinkUp/800G
78310,leaf-spine,sys1-ice2-p-swi-bel63,sw62p1,Active/LinkUp/800G,sys1-ice2-p-swi-bes26,sw63p1,Active/LinkUp/800G
78311,leaf-spine,sys1-ice2-p-swi-bel63,sw62p2,Active/LinkUp/800G,sys1-ice2-p-swi-bes26,sw63p2,Active/LinkUp/800G
78312,leaf-spine,sys1-ice2-p-swi-bel63,sw63p1,Active/LinkUp/800G,sys1-ice2-p-swi-bes27,sw63p1,Active/LinkUp/800G
78313,leaf-spine,sys1-ice2-p-swi-bel63,sw63p2,Active/LinkUp/800G,sys1-ice2-p-swi-bes27,sw63p2,Active/LinkUp/800G
78314,leaf-spine,sys1-ice2-p-swi-bel63,sw64p1,Active/LinkUp/800G,sys1-ice2-p-swi-bes28,sw63p1,Active/LinkUp/800G
78315,leaf-spine,sys1-ice2-p-swi-bel63,sw64p2,Active/LinkUp/800G,sys1-ice2-p-swi-bes28,sw63p2,Active/LinkUp/800G
78316,leaf-spine,sys1-ice2-p-swi-bel63,sw65p1,Active/LinkUp/800G,sys1-ice2-p-swi-bes29,sw63p1,Active/LinkUp/800G
78317,leaf-spine,sys1-ice2-p-swi-bel63,sw65p2,Active/LinkUp/800G,sys1-ice2-p-swi-bes29,sw63p2,Active/LinkUp/800G
78318,leaf-spine,sys1-ice2-p-swi-bel63,sw66p1,Active/LinkUp/800G,sys1-ice2-p-swi-bes30,sw63p1,Active/LinkUp/800G
78319,leaf-spine,sys1-ice2-p-swi-bel63,sw66p2,Active/LinkUp/800G,sys1-ice2-p-swi-bes30,sw63p2,Active/LinkUp/800G
78320,leaf-spine,sys1-ice2-p-swi-bel63,sw67p1,Active/LinkUp/800G,sys1-ice2-p-swi-bes31,sw63p1,Active/LinkUp/800G
78321,leaf-spine,sys1-ice2-p-swi-bel63,sw67p2,Active/LinkUp/800G,sys1-ice2-p-swi-bes31,sw63p2,Active/LinkUp/800G
78322,leaf-spine,sys1-ice2-p-swi-bel63,sw68p1,Active/LinkUp/800G,sys1-ice2-p-swi-bes32,sw63p1,Active/LinkUp/800G
78323,leaf-spine,sys1-ice2-p-swi-bel63,sw68p2,Active/LinkUp/800G,sys1-ice2-p-swi-bes32,sw63p2,Active/LinkUp/800G
78324,leaf-spine,sys1-ice2-p-swi-bel63,sw69p1,Active/LinkUp/800G,sys1-ice2-p-swi-bes33,sw63p1,Active/LinkUp/800G
78325,leaf-spine,sys1-ice2-p-swi-bel63,sw69p2,Active/LinkUp/800G,sys1-ice2-p-swi-bes33,sw63p2,Active/LinkUp/800G
78326,leaf-spine,sys1-ice2-p-swi-bel63,sw70p1,Active/LinkUp/800G,sys1-ice2-p-swi-bes34,sw63p1,Active/LinkUp/800G
78327,leaf-spine,sys1-ice2-p-swi-bel63,sw70p2,Active/LinkUp/800G,sys1-ice2-p-swi-bes34,sw63p2,Active/LinkUp/800G
78328,leaf-spine,sys1-ice2-p-swi-bel63,sw71p1,Active/LinkUp/800G,sys1-ice2-p-swi-bes35,sw63p1,Active/LinkUp/800G
78329,leaf-spine,sys1-ice2-p-swi-bel63,sw71p2,Active/LinkUp/800G,sys1-ice2-p-swi-bes35,sw63p2,Active/LinkUp/800G
78330,leaf-spine,sys1-ice2-p-swi-bel63,sw72p1,Active/LinkUp/800G,sys1-ice2-p-swi-bes36,sw63p1,Active/LinkUp/800G
78331,leaf-spine,sys1-ice2-p-swi-bel63,sw72p2,Active/LinkUp/800G,sys1-ice2-p-swi-bes36,sw63p2,Active/LinkUp/800G
78332,leaf-spine,sys1-ice2-p-swi-bel64,sw37p1,Active/LinkUp/800G,sys1-ice2-p-swi-bes1,sw64p1,Active/LinkUp/800G
78333,leaf-spine,sys1-ice2-p-swi-bel64,sw37p2,Active/LinkUp/800G,sys1-ice2-p-swi-bes1,sw64p2,Active/LinkUp/800G
78334,leaf-spine,sys1-ice2-p-swi-bel64,sw38p1,Active/LinkUp/800G,sys1-ice2-p-swi-bes2,sw64p1,Active/LinkUp/800G
78335,leaf-spine,sys1-ice2-p-swi-bel64,sw38p2,Active/LinkUp/800G,sys1-ice2-p-swi-bes2,sw64p2,Active/LinkUp/800G
78336,leaf-spine,sys1-ice2-p-swi-bel64,sw39p1,Active/LinkUp/800G,sys1-ice2-p-swi-bes3,sw64p1,Active/LinkUp/800G
78337,leaf-spine,sys1-ice2-p-swi-bel64,sw39p2,Active/LinkUp/800G,sys1-ice2-p-swi-bes3,sw64p2,Active/LinkUp/800G
78338,leaf-spine,sys1-ice2-p-swi-bel64,sw40p1,Active/LinkUp/800G,sys1-ice2-p-swi-bes4,sw64p1,Active/LinkUp/800G
78339,leaf-spine,sys1-ice2-p-swi-bel64,sw40p2,Active/LinkUp/800G,sys1-ice2-p-swi-bes4,sw64p2,Active/LinkUp/800G
78340,leaf-spine,sys1-ice2-p-swi-bel64,sw41p1,Active/LinkUp/800G,sys1-ice2-p-swi-bes5,sw64p1,Active/LinkUp/800G
78341,leaf-spine,sys1-ice2-p-swi-bel64,sw41p2,Active/LinkUp/800G,sys1-ice2-p-swi-bes5,sw64p2,Active/LinkUp/800G
78342,leaf-spine,sys1-ice2-p-swi-bel64,sw42p1,Active/LinkUp/800G,sys1-ice2-p-swi-bes6,sw64p1,Active/LinkUp/800G
78343,leaf-spine,sys1-ice2-p-swi-bel64,sw42p2,Active/LinkUp/800G,sys1-ice2-p-swi-bes6,sw64p2,Active/LinkUp/800G
78344,leaf-spine,sys1-ice2-p-swi-bel64,sw43p1,Active/LinkUp/800G,sys1-ice2-p-swi-bes7,sw64p1,Active/LinkUp/800G
78345,leaf-spine,sys1-ice2-p-swi-bel64,sw43p2,Active/LinkUp/800G,sys1-ice2-p-swi-bes7,sw64p2,Active/LinkUp/800G
78346,leaf-spine,sys1-ice2-p-swi-bel64,sw44p1,Active/LinkUp/800G,sys1-ice2-p-swi-bes8,sw64p1,Active/LinkUp/800G
78347,leaf-spine,sys1-ice2-p-swi-bel64,sw44p2,Active/LinkUp/800G,sys1-ice2-p-swi-bes8,sw64p2,Active/LinkUp/800G
78348,leaf-spine,sys1-ice2-p-swi-bel64,sw45p1,Active/LinkUp/800G,sys1-ice2-p-swi-bes9,sw64p1,Active/LinkUp/800G
78349,leaf-spine,sys1-ice2-p-swi-bel64,sw45p2,Active/LinkUp/800G,sys1-ice2-p-swi-bes9,sw64p2,Active/LinkUp/800G
78350,leaf-spine,sys1-ice2-p-swi-bel64,sw46p1,Active/LinkUp/800G,sys1-ice2-p-swi-bes10,sw64p1,Active/LinkUp/800G
78351,leaf-spine,sys1-ice2-p-swi-bel64,sw46p2,Active/LinkUp/800G,sys1-ice2-p-swi-bes10,sw64p2,Active/LinkUp/800G
78352,leaf-spine,sys1-ice2-p-swi-bel64,sw47p1,Active/LinkUp/800G,sys1-ice2-p-swi-bes11,sw64p1,Active/LinkUp/800G
78353,leaf-spine,sys1-ice2-p-swi-bel64,sw47p2,Active/LinkUp/800G,sys1-ice2-p-swi-bes11,sw64p2,Active/LinkUp/800G
78354,leaf-spine,sys1-ice2-p-swi-bel64,sw48p1,Active/LinkUp/800G,sys1-ice2-p-swi-bes12,sw64p1,Active/LinkUp/800G
78355,leaf-spine,sys1-ice2-p-swi-bel64,sw48p2,Active/LinkUp/800G,sys1-ice2-p-swi-bes12,sw64p2,Active/LinkUp/800G
78356,leaf-spine,sys1-ice2-p-swi-bel64,sw49p1,Active/LinkUp/800G,sys1-ice2-p-swi-bes13,sw64p1,Active/LinkUp/800G
78357,leaf-spine,sys1-ice2-p-swi-bel64,sw49p2,Active/LinkUp/800G,sys1-ice2-p-swi-bes13,sw64p2,Active/LinkUp/800G
78358,leaf-spine,sys1-ice2-p-swi-bel64,sw50p1,Active/LinkUp/800G,sys1-ice2-p-swi-bes14,sw64p1,Active/LinkUp/800G
78359,leaf-spine,sys1-ice2-p-swi-bel64,sw50p2,Active/LinkUp/800G,sys1-ice2-p-swi-bes14,sw64p2,Active/LinkUp/800G
78360,leaf-spine,sys1-ice2-p-swi-bel64,sw51p1,Active/LinkUp/800G,sys1-ice2-p-swi-bes15,sw64p1,Active/LinkUp/800G
78361,leaf-spine,sys1-ice2-p-swi-bel64,sw51p2,Active/LinkUp/800G,sys1-ice2-p-swi-bes15,sw64p2,Active/LinkUp/800G
78362,leaf-spine,sys1-ice2-p-swi-bel64,sw52p1,Active/LinkUp/800G,sys1-ice2-p-swi-bes16,sw64p1,Active/LinkUp/800G
78363,leaf-spine,sys1-ice2-p-swi-bel64,sw52p2,Active/LinkUp/800G,sys1-ice2-p-swi-bes16,sw64p2,Active/LinkUp/800G
78364,leaf-spine,sys1-ice2-p-swi-bel64,sw53p1,Active/LinkUp/800G,sys1-ice2-p-swi-bes17,sw64p1,Active/LinkUp/800G
78365,leaf-spine,sys1-ice2-p-swi-bel64,sw53p2,Active/LinkUp/800G,sys1-ice2-p-swi-bes17,sw64p2,Active/LinkUp/800G
78366,leaf-spine,sys1-ice2-p-swi-bel64,sw54p1,Active/LinkUp/800G,sys1-ice2-p-swi-bes18,sw64p1,Active/LinkUp/800G
78367,leaf-spine,sys1-ice2-p-swi-bel64,sw54p2,Active/LinkUp/800G,sys1-ice2-p-swi-bes18,sw64p2,Active/LinkUp/800G
78368,leaf-spine,sys1-ice2-p-swi-bel64,sw55p1,Active/LinkUp/800G,sys1-ice2-p-swi-bes19,sw64p1,Active/LinkUp/800G
78369,leaf-spine,sys1-ice2-p-swi-bel64,sw55p2,Active/LinkUp/800G,sys1-ice2-p-swi-bes19,sw64p2,Active/LinkUp/800G
78370,leaf-spine,sys1-ice2-p-swi-bel64,sw56p1,Active/LinkUp/800G,sys1-ice2-p-swi-bes20,sw64p1,Active/LinkUp/800G
78371,leaf-spine,sys1-ice2-p-swi-bel64,sw56p2,Active/LinkUp/800G,sys1-ice2-p-swi-bes20,sw64p2,Active/LinkUp/800G
78372,leaf-spine,sys1-ice2-p-swi-bel64,sw57p1,Active/LinkUp/800G,sys1-ice2-p-swi-bes21,sw64p1,Active/LinkUp/800G
78373,leaf-spine,sys1-ice2-p-swi-bel64,sw57p2,Active/LinkUp/800G,sys1-ice2-p-swi-bes21,sw64p2,Active/LinkUp/800G
78374,leaf-spine,sys1-ice2-p-swi-bel64,sw58p1,Active/LinkUp/800G,sys1-ice2-p-swi-bes22,sw64p1,Active/LinkUp/800G
78375,leaf-spine,sys1-ice2-p-swi-bel64,sw58p2,Active/LinkUp/800G,sys1-ice2-p-swi-bes22,sw64p2,Active/LinkUp/800G
78376,leaf-spine,sys1-ice2-p-swi-bel64,sw59p1,Active/LinkUp/800G,sys1-ice2-p-swi-bes23,sw64p1,Active/LinkUp/800G
78377,leaf-spine,sys1-ice2-p-swi-bel64,sw59p2,Active/LinkUp/800G,sys1-ice2-p-swi-bes23,sw64p2,Active/LinkUp/800G
78378,leaf-spine,sys1-ice2-p-swi-bel64,sw60p1,Active/LinkUp/800G,sys1-ice2-p-swi-bes24,sw64p1,Active/LinkUp/800G
78379,leaf-spine,sys1-ice2-p-swi-bel64,sw60p2,Active/LinkUp/800G,sys1-ice2-p-swi-bes24,sw64p2,Active/LinkUp/800G
78380,leaf-spine,sys1-ice2-p-swi-bel64,sw61p1,Active/LinkUp/800G,sys1-ice2-p-swi-bes25,sw64p1,Active/LinkUp/800G
78381,leaf-spine,sys1-ice2-p-swi-bel64,sw61p2,Active/LinkUp/800G,sys1-ice2-p-swi-bes25,sw64p2,Active/LinkUp/800G
78382,leaf-spine,sys1-ice2-p-swi-bel64,sw62p1,Active/LinkUp/800G,sys1-ice2-p-swi-bes26,sw64p1,Active/LinkUp/800G
78383,leaf-spine,sys1-ice2-p-swi-bel64,sw62p2,Active/LinkUp/800G,sys1-ice2-p-swi-bes26,sw64p2,Active/LinkUp/800G
78384,leaf-spine,sys1-ice2-p-swi-bel64,sw63p1,Active/LinkUp/800G,sys1-ice2-p-swi-bes27,sw64p1,Active/LinkUp/800G
78385,leaf-spine,sys1-ice2-p-swi-bel64,sw63p2,Active/LinkUp/800G,sys1-ice2-p-swi-bes27,sw64p2,Active/LinkUp/800G
78386,leaf-spine,sys1-ice2-p-swi-bel64,sw64p1,Active/LinkUp/800G,sys1-ice2-p-swi-bes28,sw64p1,Active/LinkUp/800G
78387,leaf-spine,sys1-ice2-p-swi-bel64,sw64p2,Active/LinkUp/800G,sys1-ice2-p-swi-bes28,sw64p2,Active/LinkUp/800G
78388,leaf-spine,sys1-ice2-p-swi-bel64,sw65p1,Active/LinkUp/800G,sys1-ice2-p-swi-bes29,sw64p1,Active/LinkUp/800G
78389,leaf-spine,sys1-ice2-p-swi-bel64,sw65p2,Active/LinkUp/800G,sys1-ice2-p-swi-bes29,sw64p2,Active/LinkUp/800G
78390,leaf-spine,sys1-ice2-p-swi-bel64,sw66p1,Active/LinkUp/800G,sys1-ice2-p-swi-bes30,sw64p1,Active/LinkUp/800G
78391,leaf-spine,sys1-ice2-p-swi-bel64,sw66p2,Active/LinkUp/800G,sys1-ice2-p-swi-bes30,sw64p2,Active/LinkUp/800G
78392,leaf-spine,sys1-ice2-p-swi-bel64,sw67p1,Active/LinkUp/800G,sys1-ice2-p-swi-bes31,sw64p1,Active/LinkUp/800G
78393,leaf-spine,sys1-ice2-p-swi-bel64,sw67p2,Active/LinkUp/800G,sys1-ice2-p-swi-bes31,sw64p2,Active/LinkUp/800G
78394,leaf-spine,sys1-ice2-p-swi-bel64,sw68p1,Active/LinkUp/800G,sys1-ice2-p-swi-bes32,sw64p1,Active/LinkUp/800G
78395,leaf-spine,sys1-ice2-p-swi-bel64,sw68p2,Active/LinkUp/800G,sys1-ice2-p-swi-bes32,sw64p2,Active/LinkUp/800G
78396,leaf-spine,sys1-ice2-p-swi-bel64,sw69p1,Active/LinkUp/800G,sys1-ice2-p-swi-bes33,sw64p1,Active/LinkUp/800G
78397,leaf-spine,sys1-ice2-p-swi-bel64,sw69p2,Active/LinkUp/800G,sys1-ice2-p-swi-bes33,sw64p2,Active/LinkUp/800G
78398,leaf-spine,sys1-ice2-p-swi-bel64,sw70p1,Active/LinkUp/800G,sys1-ice2-p-swi-bes34,sw64p1,Active/LinkUp/800G
78399,leaf-spine,sys1-ice2-p-swi-bel64,sw70p2,Active/LinkUp/800G,sys1-ice2-p-swi-bes34,sw64p2,Active/LinkUp/800G
78400,leaf-spine,sys1-ice2-p-swi-bel64,sw71p1,Active/LinkUp/800G,sys1-ice2-p-swi-bes35,sw64p1,Active/LinkUp/800G
78401,leaf-spine,sys1-ice2-p-swi-bel64,sw71p2,Active/LinkUp/800G,sys1-ice2-p-swi-bes35,sw64p2,Active/LinkUp/800G
78402,leaf-spine,sys1-ice2-p-swi-bel64,sw72p1,Active/LinkUp/800G,sys1-ice2-p-swi-bes36,sw64p1,Active/LinkUp/800G
78403,leaf-spine,sys1-ice2-p-swi-bel64,sw72p2,Active/LinkUp/800G,sys1-ice2-p-swi-bes36,sw64p2,Active/LinkUp/800G
79002,leaf-gpu-rdma,sys1-ice2-p-phy-gpu1256,RDMA1,not-collected,sys1-ice2-p-swi-bel1,sw1p1,Active/LinkUp/800G
79003,leaf-gpu-rdma,sys1-ice2-p-phy-gpu1256,RDMA3,not-collected,sys1-ice2-p-swi-bel9,sw1p1,Active/LinkUp/800G
79004,leaf-gpu-rdma,sys1-ice2-p-phy-gpu1256,RDMA2,not-collected,sys1-ice2-p-swi-bel5,sw1p1,Active/LinkUp/800G
79005,leaf-gpu-rdma,sys1-ice2-p-phy-gpu1256,RDMA4,not-collected,sys1-ice2-p-swi-bel13,sw1p1,Active/LinkUp/800G
79014,leaf-gpu-rdma,sys1-ice2-p-swi-bel1,sw1p2,Active/LinkUp/800G,sys1-ice2-p-phy-gpu1257,RDMA1,not-collected
79015,leaf-gpu-rdma,sys1-ice2-p-swi-bel5,sw1p2,Active/LinkUp/800G,sys1-ice2-p-phy-gpu1257,RDMA2,not-collected
79016,leaf-gpu-rdma,sys1-ice2-p-swi-bel9,sw1p2,Active/LinkUp/800G,sys1-ice2-p-phy-gpu1257,RDMA3,not-collected
79017,leaf-gpu-rdma,sys1-ice2-p-swi-bel13,sw1p2,Active/LinkUp/800G,sys1-ice2-p-phy-gpu1257,RDMA4,not-collected
79018,leaf-gpu-rdma,sys1-ice2-p-swi-bel1,sw2p1,Active/LinkUp/800G,sys1-ice2-p-phy-gpu1258,RDMA1,not-collected
79019,leaf-gpu-rdma,sys1-ice2-p-swi-bel5,sw2p1,Active/LinkUp/800G,sys1-ice2-p-phy-gpu1258,RDMA2,not-collected
79020,leaf-gpu-rdma,sys1-ice2-p-swi-bel9,sw2p1,Active/LinkUp/800G,sys1-ice2-p-phy-gpu1258,RDMA3,not-collected
79021,leaf-gpu-rdma,sys1-ice2-p-swi-bel13,sw2p1,Active/LinkUp/800G,sys1-ice2-p-phy-gpu1258,RDMA4,not-collected
79022,leaf-gpu-rdma,sys1-ice2-p-swi-bel1,sw2p2,Active/LinkUp/800G,sys1-ice2-p-phy-gpu1259,RDMA1,not-collected
79023,leaf-gpu-rdma,sys1-ice2-p-swi-bel5,sw2p2,Active/LinkUp/800G,sys1-ice2-p-phy-gpu1259,RDMA2,not-collected
79024,leaf-gpu-rdma,sys1-ice2-p-swi-bel9,sw2p2,Active/LinkUp/800G,sys1-ice2-p-phy-gpu1259,RDMA3,not-collected
79025,leaf-gpu-rdma,sys1-ice2-p-swi-bel13,sw2p2,Active/LinkUp/800G,sys1-ice2-p-phy-gpu1259,RDMA4,not-collected
79026,leaf-gpu-rdma,sys1-ice2-p-swi-bel1,sw3p1,Active/LinkUp/800G,sys1-ice2-p-phy-gpu1260,RDMA1,not-collected
79027,leaf-gpu-rdma,sys1-ice2-p-swi-bel5,sw3p1,Active/LinkUp/800G,sys1-ice2-p-phy-gpu1260,RDMA2,not-collected
79028,leaf-gpu-rdma,sys1-ice2-p-swi-bel9,sw3p1,Active/LinkUp/800G,sys1-ice2-p-phy-gpu1260,RDMA3,not-collected
79029,leaf-gpu-rdma,sys1-ice2-p-swi-bel13,sw3p1,Active/LinkUp/800G,sys1-ice2-p-phy-gpu1260,RDMA4,not-collected
79030,leaf-gpu-rdma,sys1-ice2-p-swi-bel1,sw3p2,Active/LinkUp/800G,sys1-ice2-p-phy-gpu1261,RDMA1,not-collected
79031,leaf-gpu-rdma,sys1-ice2-p-swi-bel5,sw3p2,Active/LinkUp/800G,sys1-ice2-p-phy-gpu1261,RDMA2,not-collected
79032,leaf-gpu-rdma,sys1-ice2-p-swi-bel9,sw3p2,Active/LinkUp/800G,sys1-ice2-p-phy-gpu1261,RDMA3,not-collected
79033,leaf-gpu-rdma,sys1-ice2-p-swi-bel13,sw3p2,Active/LinkUp/800G,sys1-ice2-p-phy-gpu1261,RDMA4,not-collected
79034,leaf-gpu-rdma,sys1-ice2-p-swi-bel1,sw4p1,Active/LinkUp/800G,sys1-ice2-p-phy-gpu1262,RDMA1,not-collected
79035,leaf-gpu-rdma,sys1-ice2-p-swi-bel5,sw4p1,Active/LinkUp/800G,sys1-ice2-p-phy-gpu1262,RDMA2,not-collected
79036,leaf-gpu-rdma,sys1-ice2-p-swi-bel9,sw4p1,Active/LinkUp/800G,sys1-ice2-p-phy-gpu1262,RDMA3,not-collected
79037,leaf-gpu-rdma,sys1-ice2-p-swi-bel13,sw4p1,Active/LinkUp/800G,sys1-ice2-p-phy-gpu1262,RDMA4,not-collected
79038,leaf-gpu-rdma,sys1-ice2-p-swi-bel1,sw4p2,Active/LinkUp/800G,sys1-ice2-p-phy-gpu1263,RDMA1,not-collected
79039,leaf-gpu-rdma,sys1-ice2-p-swi-bel5,sw4p2,Active/LinkUp/800G,sys1-ice2-p-phy-gpu1263,RDMA2,not-collected
79040,leaf-gpu-rdma,sys1-ice2-p-swi-bel9,sw4p2,Active/LinkUp/800G,sys1-ice2-p-phy-gpu1263,RDMA3,not-collected
79041,leaf-gpu-rdma,sys1-ice2-p-swi-bel13,sw4p2,Active/LinkUp/800G,sys1-ice2-p-phy-gpu1263,RDMA4,not-collected
79042,leaf-gpu-rdma,sys1-ice2-p-swi-bel1,sw5p1,Active/LinkUp/800G,sys1-ice2-p-phy-gpu1264,RDMA1,not-collected
79043,leaf-gpu-rdma,sys1-ice2-p-swi-bel5,sw5p1,Active/LinkUp/800G,sys1-ice2-p-phy-gpu1264,RDMA2,not-collected
79044,leaf-gpu-rdma,sys1-ice2-p-swi-bel9,sw5p1,Active/LinkUp/800G,sys1-ice2-p-phy-gpu1264,RDMA3,not-collected
79045,leaf-gpu-rdma,sys1-ice2-p-swi-bel13,sw5p1,Active/LinkUp/800G,sys1-ice2-p-phy-gpu1264,RDMA4,not-collected
79046,leaf-gpu-rdma,sys1-ice2-p-swi-bel1,sw5p2,Active/LinkUp/800G,sys1-ice2-p-phy-gpu1265,RDMA1,not-collected
79047,leaf-gpu-rdma,sys1-ice2-p-swi-bel5,sw5p2,Active/LinkUp/800G,sys1-ice2-p-phy-gpu1265,RDMA2,not-collected
79048,leaf-gpu-rdma,sys1-ice2-p-swi-bel9,sw5p2,Active/LinkUp/800G,sys1-ice2-p-phy-gpu1265,RDMA3,not-collected
79049,leaf-gpu-rdma,sys1-ice2-p-swi-bel13,sw5p2,Active/LinkUp/800G,sys1-ice2-p-phy-gpu1265,RDMA4,not-collected
79050,leaf-gpu-rdma,sys1-ice2-p-swi-bel1,sw6p1,Active/LinkUp/800G,sys1-ice2-p-phy-gpu1266,RDMA1,not-collected
79051,leaf-gpu-rdma,sys1-ice2-p-swi-bel5,sw6p1,Active/LinkUp/800G,sys1-ice2-p-phy-gpu1266,RDMA2,not-collected
79052,leaf-gpu-rdma,sys1-ice2-p-swi-bel9,sw6p1,Active/LinkUp/800G,sys1-ice2-p-phy-gpu1266,RDMA3,not-collected
79053,leaf-gpu-rdma,sys1-ice2-p-swi-bel13,sw6p1,Active/LinkUp/800G,sys1-ice2-p-phy-gpu1266,RDMA4,not-collected
79054,leaf-gpu-rdma,sys1-ice2-p-swi-bel1,sw6p2,Active/LinkUp/800G,sys1-ice2-p-phy-gpu1267,RDMA1,not-collected
79055,leaf-gpu-rdma,sys1-ice2-p-swi-bel5,sw6p2,Active/LinkUp/800G,sys1-ice2-p-phy-gpu1267,RDMA2,not-collected
79056,leaf-gpu-rdma,sys1-ice2-p-swi-bel9,sw6p2,Active/LinkUp/800G,sys1-ice2-p-phy-gpu1267,RDMA3,not-collected
79057,leaf-gpu-rdma,sys1-ice2-p-swi-bel13,sw6p2,Active/LinkUp/800G,sys1-ice2-p-phy-gpu1267,RDMA4,not-collected
79058,leaf-gpu-rdma,sys1-ice2-p-swi-bel1,sw7p1,Active/LinkUp/800G,sys1-ice2-p-phy-gpu1268,RDMA1,not-collected
79059,leaf-gpu-rdma,sys1-ice2-p-swi-bel5,sw7p1,Active/LinkUp/800G,sys1-ice2-p-phy-gpu1268,RDMA2,not-collected
79060,leaf-gpu-rdma,sys1-ice2-p-swi-bel9,sw7p1,Active/LinkUp/800G,sys1-ice2-p-phy-gpu1268,RDMA3,not-collected
79061,leaf-gpu-rdma,sys1-ice2-p-swi-bel13,sw7p1,Active/LinkUp/800G,sys1-ice2-p-phy-gpu1268,RDMA4,not-collected
79062,leaf-gpu-rdma,sys1-ice2-p-swi-bel1,sw7p2,Active/LinkUp/800G,sys1-ice2-p-phy-gpu1269,RDMA1,not-collected
79063,leaf-gpu-rdma,sys1-ice2-p-swi-bel5,sw7p2,Active/LinkUp/800G,sys1-ice2-p-phy-gpu1269,RDMA2,not-collected
79064,leaf-gpu-rdma,sys1-ice2-p-swi-bel9,sw7p2,Active/LinkUp/800G,sys1-ice2-p-phy-gpu1269,RDMA3,not-collected
79065,leaf-gpu-rdma,sys1-ice2-p-swi-bel13,sw7p2,Active/LinkUp/800G,sys1-ice2-p-phy-gpu1269,RDMA4,not-collected
79066,leaf-gpu-rdma,sys1-ice2-p-swi-bel1,sw8p1,Active/LinkUp/800G,sys1-ice2-p-phy-gpu1270,RDMA1,not-collected
79067,leaf-gpu-rdma,sys1-ice2-p-swi-bel5,sw8p1,Active/LinkUp/800G,sys1-ice2-p-phy-gpu1270,RDMA2,not-collected
79068,leaf-gpu-rdma,sys1-ice2-p-swi-bel9,sw8p1,Active/LinkUp/800G,sys1-ice2-p-phy-gpu1270,RDMA3,not-collected
79069,leaf-gpu-rdma,sys1-ice2-p-swi-bel13,sw8p1,Active/LinkUp/800G,sys1-ice2-p-phy-gpu1270,RDMA4,not-collected
79070,leaf-gpu-rdma,sys1-ice2-p-swi-bel1,sw8p2,Active/LinkUp/800G,sys1-ice2-p-phy-gpu1271,RDMA1,not-collected
79071,leaf-gpu-rdma,sys1-ice2-p-swi-bel5,sw8p2,Active/LinkUp/800G,sys1-ice2-p-phy-gpu1271,RDMA2,not-collected
79072,leaf-gpu-rdma,sys1-ice2-p-swi-bel9,sw8p2,Active/LinkUp/800G,sys1-ice2-p-phy-gpu1271,RDMA3,not-collected
79073,leaf-gpu-rdma,sys1-ice2-p-swi-bel13,sw8p2,Active/LinkUp/800G,sys1-ice2-p-phy-gpu1271,RDMA4,not-collected
79074,leaf-gpu-rdma,sys1-ice2-p-swi-bel1,sw9p1,Active/LinkUp/800G,sys1-ice2-p-phy-gpu1272,RDMA1,not-collected
79075,leaf-gpu-rdma,sys1-ice2-p-swi-bel5,sw9p1,Active/LinkUp/800G,sys1-ice2-p-phy-gpu1272,RDMA2,not-collected
79076,leaf-gpu-rdma,sys1-ice2-p-swi-bel9,sw9p1,Active/LinkUp/800G,sys1-ice2-p-phy-gpu1272,RDMA3,not-collected
79077,leaf-gpu-rdma,sys1-ice2-p-swi-bel13,sw9p1,Active/LinkUp/800G,sys1-ice2-p-phy-gpu1272,RDMA4,not-collected
79078,leaf-gpu-rdma,sys1-ice2-p-swi-bel1,sw9p2,Active/LinkUp/800G,sys1-ice2-p-phy-gpu1273,RDMA1,not-collected
79079,leaf-gpu-rdma,sys1-ice2-p-swi-bel5,sw9p2,Active/LinkUp/800G,sys1-ice2-p-phy-gpu1273,RDMA2,not-collected
79080,leaf-gpu-rdma,sys1-ice2-p-swi-bel9,sw9p2,Active/LinkUp/800G,sys1-ice2-p-phy-gpu1273,RDMA3,not-collected
79081,leaf-gpu-rdma,sys1-ice2-p-swi-bel13,sw9p2,Active/LinkUp/800G,sys1-ice2-p-phy-gpu1273,RDMA4,not-collected
79082,leaf-gpu-rdma,sys1-ice2-p-swi-bel1,sw10p1,Active/LinkUp/800G,sys1-ice2-p-phy-gpu1274,RDMA1,not-collected
79083,leaf-gpu-rdma,sys1-ice2-p-swi-bel5,sw10p1,Active/LinkUp/800G,sys1-ice2-p-phy-gpu1274,RDMA2,not-collected
79084,leaf-gpu-rdma,sys1-ice2-p-swi-bel9,sw10p1,Active/LinkUp/800G,sys1-ice2-p-phy-gpu1274,RDMA3,not-collected
79085,leaf-gpu-rdma,sys1-ice2-p-swi-bel13,sw10p1,Active/LinkUp/800G,sys1-ice2-p-phy-gpu1274,RDMA4,not-collected
79086,leaf-gpu-rdma,sys1-ice2-p-swi-bel1,sw10p2,Active/LinkUp/800G,sys1-ice2-p-phy-gpu1275,RDMA1,not-collected
79087,leaf-gpu-rdma,sys1-ice2-p-swi-bel5,sw10p2,Active/LinkUp/800G,sys1-ice2-p-phy-gpu1275,RDMA2,not-collected
79088,leaf-gpu-rdma,sys1-ice2-p-swi-bel9,sw10p2,Active/LinkUp/800G,sys1-ice2-p-phy-gpu1275,RDMA3,not-collected
79089,leaf-gpu-rdma,sys1-ice2-p-swi-bel13,sw10p2,Active/LinkUp/800G,sys1-ice2-p-phy-gpu1275,RDMA4,not-collected
79090,leaf-gpu-rdma,sys1-ice2-p-swi-bel1,sw11p1,Active/LinkUp/800G,sys1-ice2-p-phy-gpu1276,RDMA1,not-collected
79091,leaf-gpu-rdma,sys1-ice2-p-swi-bel5,sw11p1,Active/LinkUp/800G,sys1-ice2-p-phy-gpu1276,RDMA2,not-collected
79092,leaf-gpu-rdma,sys1-ice2-p-swi-bel9,sw11p1,Active/LinkUp/800G,sys1-ice2-p-phy-gpu1276,RDMA3,not-collected
79093,leaf-gpu-rdma,sys1-ice2-p-swi-bel13,sw11p1,Active/LinkUp/800G,sys1-ice2-p-phy-gpu1276,RDMA4,not-collected
79094,leaf-gpu-rdma,sys1-ice2-p-swi-bel1,sw11p2,Active/LinkUp/800G,sys1-ice2-p-phy-gpu1277,RDMA1,not-collected
79095,leaf-gpu-rdma,sys1-ice2-p-swi-bel5,sw11p2,Active/LinkUp/800G,sys1-ice2-p-phy-gpu1277,RDMA2,not-collected
79096,leaf-gpu-rdma,sys1-ice2-p-swi-bel9,sw11p2,Active/LinkUp/800G,sys1-ice2-p-phy-gpu1277,RDMA3,not-collected
79097,leaf-gpu-rdma,sys1-ice2-p-swi-bel13,sw11p2,Active/LinkUp/800G,sys1-ice2-p-phy-gpu1277,RDMA4,not-collected
79098,leaf-gpu-rdma,sys1-ice2-p-swi-bel1,sw12p1,Active/LinkUp/800G,sys1-ice2-p-phy-gpu1278,RDMA1,not-collected
79099,leaf-gpu-rdma,sys1-ice2-p-swi-bel5,sw12p1,Active/LinkUp/800G,sys1-ice2-p-phy-gpu1278,RDMA2,not-collected
79100,leaf-gpu-rdma,sys1-ice2-p-swi-bel9,sw12p1,Active/LinkUp/800G,sys1-ice2-p-phy-gpu1278,RDMA3,not-collected
79101,leaf-gpu-rdma,sys1-ice2-p-swi-bel13,sw12p1,Active/LinkUp/800G,sys1-ice2-p-phy-gpu1278,RDMA4,not-collected
79102,leaf-gpu-rdma,sys1-ice2-p-swi-bel1,sw12p2,Active/LinkUp/800G,sys1-ice2-p-phy-gpu1279,RDMA1,not-collected
79103,leaf-gpu-rdma,sys1-ice2-p-swi-bel5,sw12p2,Active/LinkUp/800G,sys1-ice2-p-phy-gpu1279,RDMA2,not-collected
79104,leaf-gpu-rdma,sys1-ice2-p-swi-bel9,sw12p2,Active/LinkUp/800G,sys1-ice2-p-phy-gpu1279,RDMA3,not-collected
79105,leaf-gpu-rdma,sys1-ice2-p-swi-bel13,sw12p2,Active/LinkUp/800G,sys1-ice2-p-phy-gpu1279,RDMA4,not-collected
79106,leaf-gpu-rdma,sys1-ice2-p-swi-bel1,sw13p1,Active/LinkUp/800G,sys1-ice2-p-phy-gpu1280,RDMA1,not-collected
79107,leaf-gpu-rdma,sys1-ice2-p-swi-bel5,sw13p1,Active/LinkUp/800G,sys1-ice2-p-phy-gpu1280,RDMA2,not-collected
79108,leaf-gpu-rdma,sys1-ice2-p-swi-bel9,sw13p1,Active/LinkUp/800G,sys1-ice2-p-phy-gpu1280,RDMA3,not-collected
79109,leaf-gpu-rdma,sys1-ice2-p-swi-bel13,sw13p1,Active/LinkUp/800G,sys1-ice2-p-phy-gpu1280,RDMA4,not-collected
79110,leaf-gpu-rdma,sys1-ice2-p-swi-bel1,sw13p2,Active/LinkUp/800G,sys1-ice2-p-phy-gpu1281,RDMA1,not-collected
79111,leaf-gpu-rdma,sys1-ice2-p-swi-bel5,sw13p2,Active/LinkUp/800G,sys1-ice2-p-phy-gpu1281,RDMA2,not-collected
79112,leaf-gpu-rdma,sys1-ice2-p-swi-bel9,sw13p2,Active/LinkUp/800G,sys1-ice2-p-phy-gpu1281,RDMA3,not-collected
79113,leaf-gpu-rdma,sys1-ice2-p-swi-bel13,sw13p2,Active/LinkUp/800G,sys1-ice2-p-phy-gpu1281,RDMA4,not-collected
79114,leaf-gpu-rdma,sys1-ice2-p-swi-bel1,sw14p1,Active/LinkUp/800G,sys1-ice2-p-phy-gpu1282,RDMA1,not-collected
79115,leaf-gpu-rdma,sys1-ice2-p-swi-bel5,sw14p1,Active/LinkUp/800G,sys1-ice2-p-phy-gpu1282,RDMA2,not-collected
79116,leaf-gpu-rdma,sys1-ice2-p-swi-bel9,sw14p1,Active/LinkUp/800G,sys1-ice2-p-phy-gpu1282,RDMA3,not-collected
79117,leaf-gpu-rdma,sys1-ice2-p-swi-bel13,sw14p1,Active/LinkUp/800G,sys1-ice2-p-phy-gpu1282,RDMA4,not-collected
79118,leaf-gpu-rdma,sys1-ice2-p-swi-bel1,sw14p2,Active/LinkUp/800G,sys1-ice2-p-phy-gpu1283,RDMA1,not-collected
79119,leaf-gpu-rdma,sys1-ice2-p-swi-bel5,sw14p2,Active/LinkUp/800G,sys1-ice2-p-phy-gpu1283,RDMA2,not-collected
79120,leaf-gpu-rdma,sys1-ice2-p-swi-bel9,sw14p2,Active/LinkUp/800G,sys1-ice2-p-phy-gpu1283,RDMA3,not-collected
79121,leaf-gpu-rdma,sys1-ice2-p-swi-bel13,sw14p2,Active/LinkUp/800G,sys1-ice2-p-phy-gpu1283,RDMA4,not-collected
79122,leaf-gpu-rdma,sys1-ice2-p-swi-bel1,sw15p1,Active/LinkUp/800G,sys1-ice2-p-phy-gpu1284,RDMA1,not-collected
79123,leaf-gpu-rdma,sys1-ice2-p-swi-bel5,sw15p1,Active/LinkUp/800G,sys1-ice2-p-phy-gpu1284,RDMA2,not-collected
79124,leaf-gpu-rdma,sys1-ice2-p-swi-bel9,sw15p1,Active/LinkUp/800G,sys1-ice2-p-phy-gpu1284,RDMA3,not-collected
79125,leaf-gpu-rdma,sys1-ice2-p-swi-bel13,sw15p1,Active/LinkUp/800G,sys1-ice2-p-phy-gpu1284,RDMA4,not-collected
79126,leaf-gpu-rdma,sys1-ice2-p-swi-bel1,sw15p2,Active/LinkUp/800G,sys1-ice2-p-phy-gpu1285,RDMA1,not-collected
79127,leaf-gpu-rdma,sys1-ice2-p-swi-bel5,sw15p2,Active/LinkUp/800G,sys1-ice2-p-phy-gpu1285,RDMA2,not-collected
79128,leaf-gpu-rdma,sys1-ice2-p-swi-bel9,sw15p2,Active/LinkUp/800G,sys1-ice2-p-phy-gpu1285,RDMA3,not-collected
79129,leaf-gpu-rdma,sys1-ice2-p-swi-bel13,sw15p2,Active/LinkUp/800G,sys1-ice2-p-phy-gpu1285,RDMA4,not-collected
79130,leaf-gpu-rdma,sys1-ice2-p-swi-bel1,sw16p1,Active/LinkUp/800G,sys1-ice2-p-phy-gpu1286,RDMA1,not-collected
79131,leaf-gpu-rdma,sys1-ice2-p-swi-bel5,sw16p1,Active/LinkUp/800G,sys1-ice2-p-phy-gpu1286,RDMA2,not-collected
79132,leaf-gpu-rdma,sys1-ice2-p-swi-bel9,sw16p1,Active/LinkUp/800G,sys1-ice2-p-phy-gpu1286,RDMA3,not-collected
79133,leaf-gpu-rdma,sys1-ice2-p-swi-bel13,sw16p1,Active/LinkUp/800G,sys1-ice2-p-phy-gpu1286,RDMA4,not-collected
79134,leaf-gpu-rdma,sys1-ice2-p-swi-bel1,sw16p2,Active/LinkUp/800G,sys1-ice2-p-phy-gpu1287,RDMA1,not-collected
79135,leaf-gpu-rdma,sys1-ice2-p-swi-bel5,sw16p2,Active/LinkUp/800G,sys1-ice2-p-phy-gpu1287,RDMA2,not-collected
79136,leaf-gpu-rdma,sys1-ice2-p-swi-bel9,sw16p2,Active/LinkUp/800G,sys1-ice2-p-phy-gpu1287,RDMA3,not-collected
79137,leaf-gpu-rdma,sys1-ice2-p-swi-bel13,sw16p2,Active/LinkUp/800G,sys1-ice2-p-phy-gpu1287,RDMA4,not-collected
79138,leaf-gpu-rdma,sys1-ice2-p-swi-bel1,sw17p1,Active/LinkUp/800G,sys1-ice2-p-phy-gpu1288,RDMA1,not-collected
79139,leaf-gpu-rdma,sys1-ice2-p-swi-bel5,sw17p1,Active/LinkUp/800G,sys1-ice2-p-phy-gpu1288,RDMA2,not-collected
79140,leaf-gpu-rdma,sys1-ice2-p-swi-bel9,sw17p1,Active/LinkUp/800G,sys1-ice2-p-phy-gpu1288,RDMA3,not-collected
79141,leaf-gpu-rdma,sys1-ice2-p-swi-bel13,sw17p1,Active/LinkUp/800G,sys1-ice2-p-phy-gpu1288,RDMA4,not-collected
79142,leaf-gpu-rdma,sys1-ice2-p-swi-bel1,sw17p2,Active/LinkUp/800G,sys1-ice2-p-phy-gpu1289,RDMA1,not-collected
79143,leaf-gpu-rdma,sys1-ice2-p-swi-bel5,sw17p2,Active/LinkUp/800G,sys1-ice2-p-phy-gpu1289,RDMA2,not-collected
79144,leaf-gpu-rdma,sys1-ice2-p-swi-bel9,sw17p2,Active/LinkUp/800G,sys1-ice2-p-phy-gpu1289,RDMA3,not-collected
79145,leaf-gpu-rdma,sys1-ice2-p-swi-bel13,sw17p2,Active/LinkUp/800G,sys1-ice2-p-phy-gpu1289,RDMA4,not-collected
79146,leaf-gpu-rdma,sys1-ice2-p-swi-bel1,sw18p1,Active/LinkUp/800G,sys1-ice2-p-phy-gpu1290,RDMA1,not-collected
79147,leaf-gpu-rdma,sys1-ice2-p-swi-bel5,sw18p1,Active/LinkUp/800G,sys1-ice2-p-phy-gpu1290,RDMA2,not-collected
79148,leaf-gpu-rdma,sys1-ice2-p-swi-bel9,sw18p1,Active/LinkUp/800G,sys1-ice2-p-phy-gpu1290,RDMA3,not-collected
79149,leaf-gpu-rdma,sys1-ice2-p-swi-bel13,sw18p1,Active/LinkUp/800G,sys1-ice2-p-phy-gpu1290,RDMA4,not-collected
79150,leaf-gpu-rdma,sys1-ice2-p-swi-bel1,sw18p2,Active/LinkUp/800G,sys1-ice2-p-phy-gpu1291,RDMA1,not-collected
79151,leaf-gpu-rdma,sys1-ice2-p-swi-bel5,sw18p2,Active/LinkUp/800G,sys1-ice2-p-phy-gpu1291,RDMA2,not-collected
79152,leaf-gpu-rdma,sys1-ice2-p-swi-bel9,sw18p2,Active/LinkUp/800G,sys1-ice2-p-phy-gpu1291,RDMA3,not-collected
79153,leaf-gpu-rdma,sys1-ice2-p-swi-bel13,sw18p2,Active/LinkUp/800G,sys1-ice2-p-phy-gpu1291,RDMA4,not-collected
79154,leaf-gpu-rdma,sys1-ice2-p-swi-bel1,sw19p1,Active/LinkUp/800G,sys1-ice2-p-phy-gpu1292,RDMA1,not-collected
79155,leaf-gpu-rdma,sys1-ice2-p-swi-bel5,sw19p1,Active/LinkUp/800G,sys1-ice2-p-phy-gpu1292,RDMA2,not-collected
79156,leaf-gpu-rdma,sys1-ice2-p-swi-bel9,sw19p1,Active/LinkUp/800G,sys1-ice2-p-phy-gpu1292,RDMA3,not-collected
79157,leaf-gpu-rdma,sys1-ice2-p-swi-bel13,sw19p1,Active/LinkUp/800G,sys1-ice2-p-phy-gpu1292,RDMA4,not-collected
79158,leaf-gpu-rdma,sys1-ice2-p-swi-bel1,sw19p2,Active/LinkUp/800G,sys1-ice2-p-phy-gpu1293,RDMA1,not-collected
79159,leaf-gpu-rdma,sys1-ice2-p-swi-bel5,sw19p2,Active/LinkUp/800G,sys1-ice2-p-phy-gpu1293,RDMA2,not-collected
79160,leaf-gpu-rdma,sys1-ice2-p-swi-bel9,sw19p2,Active/LinkUp/800G,sys1-ice2-p-phy-gpu1293,RDMA3,not-collected
79161,leaf-gpu-rdma,sys1-ice2-p-swi-bel13,sw19p2,Active/LinkUp/800G,sys1-ice2-p-phy-gpu1293,RDMA4,not-collected
79162,leaf-gpu-rdma,sys1-ice2-p-swi-bel1,sw20p1,Active/LinkUp/800G,sys1-ice2-p-phy-gpu1294,RDMA1,not-collected
79163,leaf-gpu-rdma,sys1-ice2-p-swi-bel5,sw20p1,Active/LinkUp/800G,sys1-ice2-p-phy-gpu1294,RDMA2,not-collected
79164,leaf-gpu-rdma,sys1-ice2-p-swi-bel9,sw20p1,Active/LinkUp/800G,sys1-ice2-p-phy-gpu1294,RDMA3,not-collected
79165,leaf-gpu-rdma,sys1-ice2-p-swi-bel13,sw20p1,Active/LinkUp/800G,sys1-ice2-p-phy-gpu1294,RDMA4,not-collected
79166,leaf-gpu-rdma,sys1-ice2-p-swi-bel1,sw20p2,Active/LinkUp/800G,sys1-ice2-p-phy-gpu1295,RDMA1,not-collected
79167,leaf-gpu-rdma,sys1-ice2-p-swi-bel5,sw20p2,Active/LinkUp/800G,sys1-ice2-p-phy-gpu1295,RDMA2,not-collected
79168,leaf-gpu-rdma,sys1-ice2-p-swi-bel9,sw20p2,Active/LinkUp/800G,sys1-ice2-p-phy-gpu1295,RDMA3,not-collected
79169,leaf-gpu-rdma,sys1-ice2-p-swi-bel13,sw20p2,Active/LinkUp/800G,sys1-ice2-p-phy-gpu1295,RDMA4,not-collected
79170,leaf-gpu-rdma,sys1-ice2-p-swi-bel1,sw21p1,Active/LinkUp/800G,sys1-ice2-p-phy-gpu1296,RDMA1,not-collected
79171,leaf-gpu-rdma,sys1-ice2-p-swi-bel5,sw21p1,Active/LinkUp/800G,sys1-ice2-p-phy-gpu1296,RDMA2,not-collected
79172,leaf-gpu-rdma,sys1-ice2-p-swi-bel9,sw21p1,Active/LinkUp/800G,sys1-ice2-p-phy-gpu1296,RDMA3,not-collected
79173,leaf-gpu-rdma,sys1-ice2-p-swi-bel13,sw21p1,Active/LinkUp/800G,sys1-ice2-p-phy-gpu1296,RDMA4,not-collected
79174,leaf-gpu-rdma,sys1-ice2-p-swi-bel1,sw21p2,Active/LinkUp/800G,sys1-ice2-p-phy-gpu1297,RDMA1,not-collected
79175,leaf-gpu-rdma,sys1-ice2-p-swi-bel5,sw21p2,Active/LinkUp/800G,sys1-ice2-p-phy-gpu1297,RDMA2,not-collected
79176,leaf-gpu-rdma,sys1-ice2-p-swi-bel9,sw21p2,Active/LinkUp/800G,sys1-ice2-p-phy-gpu1297,RDMA3,not-collected
79177,leaf-gpu-rdma,sys1-ice2-p-swi-bel13,sw21p2,Active/LinkUp/800G,sys1-ice2-p-phy-gpu1297,RDMA4,not-collected
79178,leaf-gpu-rdma,sys1-ice2-p-swi-bel1,sw22p1,Active/LinkUp/800G,sys1-ice2-p-phy-gpu1298,RDMA1,not-collected
79179,leaf-gpu-rdma,sys1-ice2-p-swi-bel5,sw22p1,Active/LinkUp/800G,sys1-ice2-p-phy-gpu1298,RDMA2,not-collected
79180,leaf-gpu-rdma,sys1-ice2-p-swi-bel9,sw22p1,Active/LinkUp/800G,sys1-ice2-p-phy-gpu1298,RDMA3,not-collected
79181,leaf-gpu-rdma,sys1-ice2-p-swi-bel13,sw22p1,Active/LinkUp/800G,sys1-ice2-p-phy-gpu1298,RDMA4,not-collected
79182,leaf-gpu-rdma,sys1-ice2-p-swi-bel1,sw22p2,Active/LinkUp/800G,sys1-ice2-p-phy-gpu1299,RDMA1,not-collected
79183,leaf-gpu-rdma,sys1-ice2-p-swi-bel5,sw22p2,Active/LinkUp/800G,sys1-ice2-p-phy-gpu1299,RDMA2,not-collected
79184,leaf-gpu-rdma,sys1-ice2-p-swi-bel9,sw22p2,Active/LinkUp/800G,sys1-ice2-p-phy-gpu1299,RDMA3,not-collected
79185,leaf-gpu-rdma,sys1-ice2-p-swi-bel13,sw22p2,Active/LinkUp/800G,sys1-ice2-p-phy-gpu1299,RDMA4,not-collected
79186,leaf-gpu-rdma,sys1-ice2-p-swi-bel1,sw23p1,Active/LinkUp/800G,sys1-ice2-p-phy-gpu1300,RDMA1,not-collected
79187,leaf-gpu-rdma,sys1-ice2-p-swi-bel5,sw23p1,Active/LinkUp/800G,sys1-ice2-p-phy-gpu1300,RDMA2,not-collected
79188,leaf-gpu-rdma,sys1-ice2-p-swi-bel9,sw23p1,Active/LinkUp/800G,sys1-ice2-p-phy-gpu1300,RDMA3,not-collected
79189,leaf-gpu-rdma,sys1-ice2-p-swi-bel13,sw23p1,Active/LinkUp/800G,sys1-ice2-p-phy-gpu1300,RDMA4,not-collected
79190,leaf-gpu-rdma,sys1-ice2-p-swi-bel1,sw23p2,Active/LinkUp/800G,sys1-ice2-p-phy-gpu1301,RDMA1,not-collected
79191,leaf-gpu-rdma,sys1-ice2-p-swi-bel5,sw23p2,Active/LinkUp/800G,sys1-ice2-p-phy-gpu1301,RDMA2,not-collected
79192,leaf-gpu-rdma,sys1-ice2-p-swi-bel9,sw23p2,Active/LinkUp/800G,sys1-ice2-p-phy-gpu1301,RDMA3,not-collected
79193,leaf-gpu-rdma,sys1-ice2-p-swi-bel13,sw23p2,Active/LinkUp/800G,sys1-ice2-p-phy-gpu1301,RDMA4,not-collected
79194,leaf-gpu-rdma,sys1-ice2-p-swi-bel1,sw24p1,Active/LinkUp/800G,sys1-ice2-p-phy-gpu1302,RDMA1,not-collected
79195,leaf-gpu-rdma,sys1-ice2-p-swi-bel5,sw24p1,Active/LinkUp/800G,sys1-ice2-p-phy-gpu1302,RDMA2,not-collected
79196,leaf-gpu-rdma,sys1-ice2-p-swi-bel9,sw24p1,Active/LinkUp/800G,sys1-ice2-p-phy-gpu1302,RDMA3,not-collected
79197,leaf-gpu-rdma,sys1-ice2-p-swi-bel13,sw24p1,Active/LinkUp/800G,sys1-ice2-p-phy-gpu1302,RDMA4,not-collected
79198,leaf-gpu-rdma,sys1-ice2-p-swi-bel1,sw24p2,Active/LinkUp/800G,sys1-ice2-p-phy-gpu1303,RDMA1,not-collected
79199,leaf-gpu-rdma,sys1-ice2-p-swi-bel5,sw24p2,Active/LinkUp/800G,sys1-ice2-p-phy-gpu1303,RDMA2,not-collected
79200,leaf-gpu-rdma,sys1-ice2-p-swi-bel9,sw24p2,Active/LinkUp/800G,sys1-ice2-p-phy-gpu1303,RDMA3,not-collected
79201,leaf-gpu-rdma,sys1-ice2-p-swi-bel13,sw24p2,Active/LinkUp/800G,sys1-ice2-p-phy-gpu1303,RDMA4,not-collected
79202,leaf-gpu-rdma,sys1-ice2-p-swi-bel1,sw25p1,Active/LinkUp/800G,sys1-ice2-p-phy-gpu1304,RDMA1,not-collected
79203,leaf-gpu-rdma,sys1-ice2-p-swi-bel5,sw25p1,Active/LinkUp/800G,sys1-ice2-p-phy-gpu1304,RDMA2,not-collected
79204,leaf-gpu-rdma,sys1-ice2-p-swi-bel9,sw25p1,Active/LinkUp/800G,sys1-ice2-p-phy-gpu1304,RDMA3,not-collected
79205,leaf-gpu-rdma,sys1-ice2-p-swi-bel13,sw25p1,Active/LinkUp/800G,sys1-ice2-p-phy-gpu1304,RDMA4,not-collected
79206,leaf-gpu-rdma,sys1-ice2-p-swi-bel1,sw25p2,Active/LinkUp/800G,sys1-ice2-p-phy-gpu1305,RDMA1,not-collected
79207,leaf-gpu-rdma,sys1-ice2-p-swi-bel5,sw25p2,Active/LinkUp/800G,sys1-ice2-p-phy-gpu1305,RDMA2,not-collected
79208,leaf-gpu-rdma,sys1-ice2-p-swi-bel9,sw25p2,Active/LinkUp/800G,sys1-ice2-p-phy-gpu1305,RDMA3,not-collected
79209,leaf-gpu-rdma,sys1-ice2-p-swi-bel13,sw25p2,Active/LinkUp/800G,sys1-ice2-p-phy-gpu1305,RDMA4,not-collected
79210,leaf-gpu-rdma,sys1-ice2-p-swi-bel1,sw26p1,Active/LinkUp/800G,sys1-ice2-p-phy-gpu1306,RDMA1,not-collected
79211,leaf-gpu-rdma,sys1-ice2-p-swi-bel5,sw26p1,Active/LinkUp/800G,sys1-ice2-p-phy-gpu1306,RDMA2,not-collected
79212,leaf-gpu-rdma,sys1-ice2-p-swi-bel9,sw26p1,Active/LinkUp/800G,sys1-ice2-p-phy-gpu1306,RDMA3,not-collected
79213,leaf-gpu-rdma,sys1-ice2-p-swi-bel13,sw26p1,Active/LinkUp/800G,sys1-ice2-p-phy-gpu1306,RDMA4,not-collected
79214,leaf-gpu-rdma,sys1-ice2-p-swi-bel1,sw26p2,Active/LinkUp/800G,sys1-ice2-p-phy-gpu1307,RDMA1,not-collected
79215,leaf-gpu-rdma,sys1-ice2-p-swi-bel5,sw26p2,Active/LinkUp/800G,sys1-ice2-p-phy-gpu1307,RDMA2,not-collected
79216,leaf-gpu-rdma,sys1-ice2-p-swi-bel9,sw26p2,Active/LinkUp/800G,sys1-ice2-p-phy-gpu1307,RDMA3,not-collected
79217,leaf-gpu-rdma,sys1-ice2-p-swi-bel13,sw26p2,Active/LinkUp/800G,sys1-ice2-p-phy-gpu1307,RDMA4,not-collected
79218,leaf-gpu-rdma,sys1-ice2-p-swi-bel1,sw27p1,Active/LinkUp/800G,sys1-ice2-p-phy-gpu1308,RDMA1,not-collected
79219,leaf-gpu-rdma,sys1-ice2-p-swi-bel5,sw27p1,Active/LinkUp/800G,sys1-ice2-p-phy-gpu1308,RDMA2,not-collected
79220,leaf-gpu-rdma,sys1-ice2-p-swi-bel9,sw27p1,Active/LinkUp/800G,sys1-ice2-p-phy-gpu1308,RDMA3,not-collected
79221,leaf-gpu-rdma,sys1-ice2-p-swi-bel13,sw27p1,Active/LinkUp/800G,sys1-ice2-p-phy-gpu1308,RDMA4,not-collected
79222,leaf-gpu-rdma,sys1-ice2-p-swi-bel1,sw27p2,Active/LinkUp/800G,sys1-ice2-p-phy-gpu1309,RDMA1,not-collected
79223,leaf-gpu-rdma,sys1-ice2-p-swi-bel5,sw27p2,Active/LinkUp/800G,sys1-ice2-p-phy-gpu1309,RDMA2,not-collected
79224,leaf-gpu-rdma,sys1-ice2-p-swi-bel9,sw27p2,Active/LinkUp/800G,sys1-ice2-p-phy-gpu1309,RDMA3,not-collected
79225,leaf-gpu-rdma,sys1-ice2-p-swi-bel13,sw27p2,Active/LinkUp/800G,sys1-ice2-p-phy-gpu1309,RDMA4,not-collected
79226,leaf-gpu-rdma,sys1-ice2-p-swi-bel1,sw28p1,Active/LinkUp/800G,sys1-ice2-p-phy-gpu1310,RDMA1,not-collected
79227,leaf-gpu-rdma,sys1-ice2-p-swi-bel5,sw28p1,Active/LinkUp/800G,sys1-ice2-p-phy-gpu1310,RDMA2,not-collected
79228,leaf-gpu-rdma,sys1-ice2-p-swi-bel9,sw28p1,Active/LinkUp/800G,sys1-ice2-p-phy-gpu1310,RDMA3,not-collected
79229,leaf-gpu-rdma,sys1-ice2-p-swi-bel13,sw28p1,Active/LinkUp/800G,sys1-ice2-p-phy-gpu1310,RDMA4,not-collected
79230,leaf-gpu-rdma,sys1-ice2-p-swi-bel1,sw28p2,Active/LinkUp/800G,sys1-ice2-p-phy-gpu1311,RDMA1,not-collected
79231,leaf-gpu-rdma,sys1-ice2-p-swi-bel5,sw28p2,Active/LinkUp/800G,sys1-ice2-p-phy-gpu1311,RDMA2,not-collected
79232,leaf-gpu-rdma,sys1-ice2-p-swi-bel9,sw28p2,Active/LinkUp/800G,sys1-ice2-p-phy-gpu1311,RDMA3,not-collected
79233,leaf-gpu-rdma,sys1-ice2-p-swi-bel13,sw28p2,Active/LinkUp/800G,sys1-ice2-p-phy-gpu1311,RDMA4,not-collected
79234,leaf-gpu-rdma,sys1-ice2-p-swi-bel1,sw29p1,Active/LinkUp/800G,sys1-ice2-p-phy-gpu1312,RDMA1,not-collected
79235,leaf-gpu-rdma,sys1-ice2-p-swi-bel5,sw29p1,Active/LinkUp/800G,sys1-ice2-p-phy-gpu1312,RDMA2,not-collected
79236,leaf-gpu-rdma,sys1-ice2-p-swi-bel9,sw29p1,Active/LinkUp/800G,sys1-ice2-p-phy-gpu1312,RDMA3,not-collected
79237,leaf-gpu-rdma,sys1-ice2-p-swi-bel13,sw29p1,Active/LinkUp/800G,sys1-ice2-p-phy-gpu1312,RDMA4,not-collected
79238,leaf-gpu-rdma,sys1-ice2-p-swi-bel1,sw29p2,Active/LinkUp/800G,sys1-ice2-p-phy-gpu1313,RDMA1,not-collected
79239,leaf-gpu-rdma,sys1-ice2-p-swi-bel5,sw29p2,Active/LinkUp/800G,sys1-ice2-p-phy-gpu1313,RDMA2,not-collected
79240,leaf-gpu-rdma,sys1-ice2-p-swi-bel9,sw29p2,Active/LinkUp/800G,sys1-ice2-p-phy-gpu1313,RDMA3,not-collected
79241,leaf-gpu-rdma,sys1-ice2-p-swi-bel13,sw29p2,Active/LinkUp/800G,sys1-ice2-p-phy-gpu1313,RDMA4,not-collected
79242,leaf-gpu-rdma,sys1-ice2-p-swi-bel1,sw30p1,Active/LinkUp/800G,sys1-ice2-p-phy-gpu1314,RDMA1,not-collected
79243,leaf-gpu-rdma,sys1-ice2-p-swi-bel5,sw30p1,Active/LinkUp/800G,sys1-ice2-p-phy-gpu1314,RDMA2,not-collected
79244,leaf-gpu-rdma,sys1-ice2-p-swi-bel9,sw30p1,Active/LinkUp/800G,sys1-ice2-p-phy-gpu1314,RDMA3,not-collected
79245,leaf-gpu-rdma,sys1-ice2-p-swi-bel13,sw30p1,Active/LinkUp/800G,sys1-ice2-p-phy-gpu1314,RDMA4,not-collected
79246,leaf-gpu-rdma,sys1-ice2-p-swi-bel1,sw30p2,Active/LinkUp/800G,sys1-ice2-p-phy-gpu1315,RDMA1,not-collected
79247,leaf-gpu-rdma,sys1-ice2-p-swi-bel5,sw30p2,Active/LinkUp/800G,sys1-ice2-p-phy-gpu1315,RDMA2,not-collected
79248,leaf-gpu-rdma,sys1-ice2-p-swi-bel9,sw30p2,Active/LinkUp/800G,sys1-ice2-p-phy-gpu1315,RDMA3,not-collected
79249,leaf-gpu-rdma,sys1-ice2-p-swi-bel13,sw30p2,Active/LinkUp/800G,sys1-ice2-p-phy-gpu1315,RDMA4,not-collected
79250,leaf-gpu-rdma,sys1-ice2-p-swi-bel1,sw31p1,Active/LinkUp/800G,sys1-ice2-p-phy-gpu1316,RDMA1,not-collected
79251,leaf-gpu-rdma,sys1-ice2-p-swi-bel5,sw31p1,Active/LinkUp/800G,sys1-ice2-p-phy-gpu1316,RDMA2,not-collected
79252,leaf-gpu-rdma,sys1-ice2-p-swi-bel9,sw31p1,Active/LinkUp/800G,sys1-ice2-p-phy-gpu1316,RDMA3,not-collected
79253,leaf-gpu-rdma,sys1-ice2-p-swi-bel13,sw31p1,Active/LinkUp/800G,sys1-ice2-p-phy-gpu1316,RDMA4,not-collected
79254,leaf-gpu-rdma,sys1-ice2-p-swi-bel1,sw31p2,Active/LinkUp/800G,sys1-ice2-p-phy-gpu1317,RDMA1,not-collected
79255,leaf-gpu-rdma,sys1-ice2-p-swi-bel5,sw31p2,Active/LinkUp/800G,sys1-ice2-p-phy-gpu1317,RDMA2,not-collected
79256,leaf-gpu-rdma,sys1-ice2-p-swi-bel9,sw31p2,Active/LinkUp/800G,sys1-ice2-p-phy-gpu1317,RDMA3,not-collected
79257,leaf-gpu-rdma,sys1-ice2-p-swi-bel13,sw31p2,Active/LinkUp/800G,sys1-ice2-p-phy-gpu1317,RDMA4,not-collected
79258,leaf-gpu-rdma,sys1-ice2-p-swi-bel1,sw32p1,Active/LinkUp/800G,sys1-ice2-p-phy-gpu1318,RDMA1,not-collected
79259,leaf-gpu-rdma,sys1-ice2-p-swi-bel5,sw32p1,Active/LinkUp/800G,sys1-ice2-p-phy-gpu1318,RDMA2,not-collected
79260,leaf-gpu-rdma,sys1-ice2-p-swi-bel9,sw32p1,Active/LinkUp/800G,sys1-ice2-p-phy-gpu1318,RDMA3,not-collected
79261,leaf-gpu-rdma,sys1-ice2-p-swi-bel13,sw32p1,Active/LinkUp/800G,sys1-ice2-p-phy-gpu1318,RDMA4,not-collected
79262,leaf-gpu-rdma,sys1-ice2-p-swi-bel1,sw32p2,Active/LinkUp/800G,sys1-ice2-p-phy-gpu1319,RDMA1,not-collected
79263,leaf-gpu-rdma,sys1-ice2-p-swi-bel5,sw32p2,Active/LinkUp/800G,sys1-ice2-p-phy-gpu1319,RDMA2,not-collected
79264,leaf-gpu-rdma,sys1-ice2-p-swi-bel9,sw32p2,Active/LinkUp/800G,sys1-ice2-p-phy-gpu1319,RDMA3,not-collected
79265,leaf-gpu-rdma,sys1-ice2-p-swi-bel13,sw32p2,Active/LinkUp/800G,sys1-ice2-p-phy-gpu1319,RDMA4,not-collected
79266,leaf-gpu-rdma,sys1-ice2-p-swi-bel1,sw33p1,Active/LinkUp/800G,sys1-ice2-p-phy-gpu1320,RDMA1,not-collected
79267,leaf-gpu-rdma,sys1-ice2-p-swi-bel5,sw33p1,Active/LinkUp/800G,sys1-ice2-p-phy-gpu1320,RDMA2,not-collected
79268,leaf-gpu-rdma,sys1-ice2-p-swi-bel9,sw33p1,Active/LinkUp/800G,sys1-ice2-p-phy-gpu1320,RDMA3,not-collected
79269,leaf-gpu-rdma,sys1-ice2-p-swi-bel13,sw33p1,Active/LinkUp/800G,sys1-ice2-p-phy-gpu1320,RDMA4,not-collected
79270,leaf-gpu-rdma,sys1-ice2-p-swi-bel1,sw33p2,Active/LinkUp/800G,sys1-ice2-p-phy-gpu1321,RDMA1,not-collected
79271,leaf-gpu-rdma,sys1-ice2-p-swi-bel5,sw33p2,Active/LinkUp/800G,sys1-ice2-p-phy-gpu1321,RDMA2,not-collected
79272,leaf-gpu-rdma,sys1-ice2-p-swi-bel9,sw33p2,Active/LinkUp/800G,sys1-ice2-p-phy-gpu1321,RDMA3,not-collected
79273,leaf-gpu-rdma,sys1-ice2-p-swi-bel13,sw33p2,Active/LinkUp/800G,sys1-ice2-p-phy-gpu1321,RDMA4,not-collected
79274,leaf-gpu-rdma,sys1-ice2-p-swi-bel1,sw34p1,Active/LinkUp/800G,sys1-ice2-p-phy-gpu1322,RDMA1,not-collected
79275,leaf-gpu-rdma,sys1-ice2-p-swi-bel5,sw34p1,Active/LinkUp/800G,sys1-ice2-p-phy-gpu1322,RDMA2,not-collected
79276,leaf-gpu-rdma,sys1-ice2-p-swi-bel9,sw34p1,Active/LinkUp/800G,sys1-ice2-p-phy-gpu1322,RDMA3,not-collected
79277,leaf-gpu-rdma,sys1-ice2-p-swi-bel13,sw34p1,Active/LinkUp/800G,sys1-ice2-p-phy-gpu1322,RDMA4,not-collected
79278,leaf-gpu-rdma,sys1-ice2-p-swi-bel1,sw34p2,Active/LinkUp/800G,sys1-ice2-p-phy-gpu1323,RDMA1,not-collected
79279,leaf-gpu-rdma,sys1-ice2-p-swi-bel5,sw34p2,Active/LinkUp/800G,sys1-ice2-p-phy-gpu1323,RDMA2,not-collected
79280,leaf-gpu-rdma,sys1-ice2-p-swi-bel9,sw34p2,Active/LinkUp/800G,sys1-ice2-p-phy-gpu1323,RDMA3,not-collected
79281,leaf-gpu-rdma,sys1-ice2-p-swi-bel13,sw34p2,Active/LinkUp/800G,sys1-ice2-p-phy-gpu1323,RDMA4,not-collected
79282,leaf-gpu-rdma,sys1-ice2-p-swi-bel1,sw35p1,Active/LinkUp/800G,sys1-ice2-p-phy-gpu1324,RDMA1,not-collected
79283,leaf-gpu-rdma,sys1-ice2-p-swi-bel5,sw35p1,Active/LinkUp/800G,sys1-ice2-p-phy-gpu1324,RDMA2,not-collected
79284,leaf-gpu-rdma,sys1-ice2-p-swi-bel9,sw35p1,Active/LinkUp/800G,sys1-ice2-p-phy-gpu1324,RDMA3,not-collected
79285,leaf-gpu-rdma,sys1-ice2-p-swi-bel13,sw35p1,Active/LinkUp/800G,sys1-ice2-p-phy-gpu1324,RDMA4,not-collected
79286,leaf-gpu-rdma,sys1-ice2-p-swi-bel1,sw35p2,Active/LinkUp/800G,sys1-ice2-p-phy-gpu1325,RDMA1,not-collected
79287,leaf-gpu-rdma,sys1-ice2-p-swi-bel5,sw35p2,Active/LinkUp/800G,sys1-ice2-p-phy-gpu1325,RDMA2,not-collected
79288,leaf-gpu-rdma,sys1-ice2-p-swi-bel9,sw35p2,Active/LinkUp/800G,sys1-ice2-p-phy-gpu1325,RDMA3,not-collected
79289,leaf-gpu-rdma,sys1-ice2-p-swi-bel13,sw35p2,Active/LinkUp/800G,sys1-ice2-p-phy-gpu1325,RDMA4,not-collected
79290,leaf-gpu-rdma,sys1-ice2-p-swi-bel1,sw36p1,Active/LinkUp/800G,sys1-ice2-p-phy-gpu1326,RDMA1,not-collected
79291,leaf-gpu-rdma,sys1-ice2-p-swi-bel5,sw36p1,Active/LinkUp/800G,sys1-ice2-p-phy-gpu1326,RDMA2,not-collected
79292,leaf-gpu-rdma,sys1-ice2-p-swi-bel9,sw36p1,Active/LinkUp/800G,sys1-ice2-p-phy-gpu1326,RDMA3,not-collected
79293,leaf-gpu-rdma,sys1-ice2-p-swi-bel13,sw36p1,Active/LinkUp/800G,sys1-ice2-p-phy-gpu1326,RDMA4,not-collected
79294,leaf-gpu-rdma,sys1-ice2-p-swi-bel1,sw36p2,Active/LinkUp/800G,sys1-ice2-p-phy-gpu1327,RDMA1,not-collected
79295,leaf-gpu-rdma,sys1-ice2-p-swi-bel5,sw36p2,Active/LinkUp/800G,sys1-ice2-p-phy-gpu1327,RDMA2,not-collected
79296,leaf-gpu-rdma,sys1-ice2-p-swi-bel9,sw36p2,Active/LinkUp/800G,sys1-ice2-p-phy-gpu1327,RDMA3,not-collected
79297,leaf-gpu-rdma,sys1-ice2-p-swi-bel13,sw36p2,Active/LinkUp/800G,sys1-ice2-p-phy-gpu1327,RDMA4,not-collected
79314,leaf-gpu-rdma,sys1-ice2-p-swi-bel3,sw1p1,Active/LinkUp/800G,sys1-ice2-p-phy-gpu1400,RDMA1,not-collected
79315,leaf-gpu-rdma,sys1-ice2-p-swi-bel7,sw1p1,Active/LinkUp/800G,sys1-ice2-p-phy-gpu1400,RDMA2,not-collected
79316,leaf-gpu-rdma,sys1-ice2-p-swi-bel11,sw1p1,Active/LinkUp/800G,sys1-ice2-p-phy-gpu1400,RDMA3,not-collected
79317,leaf-gpu-rdma,sys1-ice2-p-swi-bel15,sw1p1,Active/LinkUp/800G,sys1-ice2-p-phy-gpu1400,RDMA4,not-collected
79318,leaf-gpu-rdma,sys1-ice2-p-swi-bel3,sw1p2,Active/LinkUp/800G,sys1-ice2-p-phy-gpu1401,RDMA1,not-collected
79319,leaf-gpu-rdma,sys1-ice2-p-swi-bel7,sw1p2,Active/LinkUp/800G,sys1-ice2-p-phy-gpu1401,RDMA2,not-collected
79320,leaf-gpu-rdma,sys1-ice2-p-swi-bel11,sw1p2,Active/LinkUp/800G,sys1-ice2-p-phy-gpu1401,RDMA3,not-collected
79321,leaf-gpu-rdma,sys1-ice2-p-swi-bel15,sw1p2,Active/LinkUp/800G,sys1-ice2-p-phy-gpu1401,RDMA4,not-collected
79322,leaf-gpu-rdma,sys1-ice2-p-swi-bel3,sw2p1,Active/LinkUp/800G,sys1-ice2-p-phy-gpu1402,RDMA1,not-collected
79323,leaf-gpu-rdma,sys1-ice2-p-swi-bel7,sw2p1,Active/LinkUp/800G,sys1-ice2-p-phy-gpu1402,RDMA2,not-collected
79324,leaf-gpu-rdma,sys1-ice2-p-swi-bel11,sw2p1,Active/LinkUp/800G,sys1-ice2-p-phy-gpu1402,RDMA3,not-collected
79325,leaf-gpu-rdma,sys1-ice2-p-swi-bel15,sw2p1,Active/LinkUp/800G,sys1-ice2-p-phy-gpu1402,RDMA4,not-collected
79326,leaf-gpu-rdma,sys1-ice2-p-swi-bel3,sw2p2,Active/LinkUp/800G,sys1-ice2-p-phy-gpu1403,RDMA1,not-collected
79327,leaf-gpu-rdma,sys1-ice2-p-swi-bel7,sw2p2,Active/LinkUp/800G,sys1-ice2-p-phy-gpu1403,RDMA2,not-collected
79328,leaf-gpu-rdma,sys1-ice2-p-swi-bel11,sw2p2,Active/LinkUp/800G,sys1-ice2-p-phy-gpu1403,RDMA3,not-collected
79329,leaf-gpu-rdma,sys1-ice2-p-swi-bel15,sw2p2,Active/LinkUp/800G,sys1-ice2-p-phy-gpu1403,RDMA4,not-collected
79330,leaf-gpu-rdma,sys1-ice2-p-swi-bel3,sw3p1,Active/LinkUp/800G,sys1-ice2-p-phy-gpu1404,RDMA1,not-collected
79331,leaf-gpu-rdma,sys1-ice2-p-swi-bel7,sw3p1,Active/LinkUp/800G,sys1-ice2-p-phy-gpu1404,RDMA2,not-collected
79332,leaf-gpu-rdma,sys1-ice2-p-swi-bel11,sw3p1,Active/LinkUp/800G,sys1-ice2-p-phy-gpu1404,RDMA3,not-collected
79333,leaf-gpu-rdma,sys1-ice2-p-swi-bel15,sw3p1,Active/LinkUp/800G,sys1-ice2-p-phy-gpu1404,RDMA4,not-collected
79334,leaf-gpu-rdma,sys1-ice2-p-swi-bel3,sw3p2,Active/LinkUp/800G,sys1-ice2-p-phy-gpu1405,RDMA1,not-collected
79335,leaf-gpu-rdma,sys1-ice2-p-swi-bel7,sw3p2,Active/LinkUp/800G,sys1-ice2-p-phy-gpu1405,RDMA2,not-collected
79336,leaf-gpu-rdma,sys1-ice2-p-swi-bel11,sw3p2,Active/LinkUp/800G,sys1-ice2-p-phy-gpu1405,RDMA3,not-collected
79337,leaf-gpu-rdma,sys1-ice2-p-swi-bel15,sw3p2,Active/LinkUp/800G,sys1-ice2-p-phy-gpu1405,RDMA4,not-collected
79338,leaf-gpu-rdma,sys1-ice2-p-swi-bel3,sw4p1,Active/LinkUp/800G,sys1-ice2-p-phy-gpu1406,RDMA1,not-collected
79339,leaf-gpu-rdma,sys1-ice2-p-swi-bel7,sw4p1,Active/LinkUp/800G,sys1-ice2-p-phy-gpu1406,RDMA2,not-collected
79340,leaf-gpu-rdma,sys1-ice2-p-swi-bel11,sw4p1,Active/LinkUp/800G,sys1-ice2-p-phy-gpu1406,RDMA3,not-collected
79341,leaf-gpu-rdma,sys1-ice2-p-swi-bel15,sw4p1,Active/LinkUp/800G,sys1-ice2-p-phy-gpu1406,RDMA4,not-collected
79342,leaf-gpu-rdma,sys1-ice2-p-swi-bel3,sw4p2,Active/LinkUp/800G,sys1-ice2-p-phy-gpu1407,RDMA1,not-collected
79343,leaf-gpu-rdma,sys1-ice2-p-swi-bel7,sw4p2,Active/LinkUp/800G,sys1-ice2-p-phy-gpu1407,RDMA2,not-collected
79344,leaf-gpu-rdma,sys1-ice2-p-swi-bel11,sw4p2,Active/LinkUp/800G,sys1-ice2-p-phy-gpu1407,RDMA3,not-collected
79345,leaf-gpu-rdma,sys1-ice2-p-swi-bel15,sw4p2,Active/LinkUp/800G,sys1-ice2-p-phy-gpu1407,RDMA4,not-collected
79346,leaf-gpu-rdma,sys1-ice2-p-swi-bel3,sw5p1,Active/LinkUp/800G,sys1-ice2-p-phy-gpu1408,RDMA1,not-collected
79347,leaf-gpu-rdma,sys1-ice2-p-swi-bel7,sw5p1,Active/LinkUp/800G,sys1-ice2-p-phy-gpu1408,RDMA2,not-collected
79348,leaf-gpu-rdma,sys1-ice2-p-swi-bel11,sw5p1,Active/LinkUp/800G,sys1-ice2-p-phy-gpu1408,RDMA3,not-collected
79349,leaf-gpu-rdma,sys1-ice2-p-swi-bel15,sw5p1,Active/LinkUp/800G,sys1-ice2-p-phy-gpu1408,RDMA4,not-collected
79350,leaf-gpu-rdma,sys1-ice2-p-swi-bel3,sw5p2,Active/LinkUp/800G,sys1-ice2-p-phy-gpu1409,RDMA1,not-collected
79351,leaf-gpu-rdma,sys1-ice2-p-swi-bel7,sw5p2,Active/LinkUp/800G,sys1-ice2-p-phy-gpu1409,RDMA2,not-collected
79352,leaf-gpu-rdma,sys1-ice2-p-swi-bel11,sw5p2,Active/LinkUp/800G,sys1-ice2-p-phy-gpu1409,RDMA3,not-collected
79353,leaf-gpu-rdma,sys1-ice2-p-swi-bel15,sw5p2,Active/LinkUp/800G,sys1-ice2-p-phy-gpu1409,RDMA4,not-collected
79354,leaf-gpu-rdma,sys1-ice2-p-swi-bel3,sw6p1,Active/LinkUp/800G,sys1-ice2-p-phy-gpu1410,RDMA1,not-collected
79355,leaf-gpu-rdma,sys1-ice2-p-swi-bel7,sw6p1,Active/LinkUp/800G,sys1-ice2-p-phy-gpu1410,RDMA2,not-collected
79356,leaf-gpu-rdma,sys1-ice2-p-swi-bel11,sw6p1,Active/LinkUp/800G,sys1-ice2-p-phy-gpu1410,RDMA3,not-collected
79357,leaf-gpu-rdma,sys1-ice2-p-swi-bel15,sw6p1,Active/LinkUp/800G,sys1-ice2-p-phy-gpu1410,RDMA4,not-collected
79358,leaf-gpu-rdma,sys1-ice2-p-swi-bel3,sw6p2,Active/LinkUp/800G,sys1-ice2-p-phy-gpu1411,RDMA1,not-collected
79359,leaf-gpu-rdma,sys1-ice2-p-swi-bel7,sw6p2,Active/LinkUp/800G,sys1-ice2-p-phy-gpu1411,RDMA2,not-collected
79360,leaf-gpu-rdma,sys1-ice2-p-swi-bel11,sw6p2,Active/LinkUp/800G,sys1-ice2-p-phy-gpu1411,RDMA3,not-collected
79361,leaf-gpu-rdma,sys1-ice2-p-swi-bel15,sw6p2,Active/LinkUp/800G,sys1-ice2-p-phy-gpu1411,RDMA4,not-collected
79362,leaf-gpu-rdma,sys1-ice2-p-swi-bel3,sw7p1,Active/LinkUp/800G,sys1-ice2-p-phy-gpu1412,RDMA1,not-collected
79363,leaf-gpu-rdma,sys1-ice2-p-swi-bel7,sw7p1,Active/LinkUp/800G,sys1-ice2-p-phy-gpu1412,RDMA2,not-collected
79364,leaf-gpu-rdma,sys1-ice2-p-swi-bel11,sw7p1,Active/LinkUp/800G,sys1-ice2-p-phy-gpu1412,RDMA3,not-collected
79365,leaf-gpu-rdma,sys1-ice2-p-swi-bel15,sw7p1,Active/LinkUp/800G,sys1-ice2-p-phy-gpu1412,RDMA4,not-collected
79366,leaf-gpu-rdma,sys1-ice2-p-swi-bel3,sw7p2,Active/LinkUp/800G,sys1-ice2-p-phy-gpu1413,RDMA1,not-collected
79367,leaf-gpu-rdma,sys1-ice2-p-swi-bel7,sw7p2,Active/LinkUp/800G,sys1-ice2-p-phy-gpu1413,RDMA2,not-collected
79368,leaf-gpu-rdma,sys1-ice2-p-swi-bel11,sw7p2,Active/LinkUp/800G,sys1-ice2-p-phy-gpu1413,RDMA3,not-collected
79369,leaf-gpu-rdma,sys1-ice2-p-swi-bel15,sw7p2,Active/LinkUp/800G,sys1-ice2-p-phy-gpu1413,RDMA4,not-collected
79370,leaf-gpu-rdma,sys1-ice2-p-swi-bel3,sw8p1,Active/LinkUp/800G,sys1-ice2-p-phy-gpu1414,RDMA1,not-collected
79371,leaf-gpu-rdma,sys1-ice2-p-swi-bel7,sw8p1,Active/LinkUp/800G,sys1-ice2-p-phy-gpu1414,RDMA2,not-collected
79372,leaf-gpu-rdma,sys1-ice2-p-swi-bel11,sw8p1,Active/LinkUp/800G,sys1-ice2-p-phy-gpu1414,RDMA3,not-collected
79373,leaf-gpu-rdma,sys1-ice2-p-swi-bel15,sw8p1,Active/LinkUp/800G,sys1-ice2-p-phy-gpu1414,RDMA4,not-collected
79374,leaf-gpu-rdma,sys1-ice2-p-swi-bel3,sw8p2,Active/LinkUp/800G,sys1-ice2-p-phy-gpu1415,RDMA1,not-collected
79375,leaf-gpu-rdma,sys1-ice2-p-swi-bel7,sw8p2,Active/LinkUp/800G,sys1-ice2-p-phy-gpu1415,RDMA2,not-collected
79376,leaf-gpu-rdma,sys1-ice2-p-swi-bel11,sw8p2,Active/LinkUp/800G,sys1-ice2-p-phy-gpu1415,RDMA3,not-collected
79377,leaf-gpu-rdma,sys1-ice2-p-swi-bel15,sw8p2,Active/LinkUp/800G,sys1-ice2-p-phy-gpu1415,RDMA4,not-collected
79378,leaf-gpu-rdma,sys1-ice2-p-swi-bel3,sw9p1,Active/LinkUp/800G,sys1-ice2-p-phy-gpu1416,RDMA1,not-collected
79379,leaf-gpu-rdma,sys1-ice2-p-swi-bel7,sw9p1,Active/LinkUp/800G,sys1-ice2-p-phy-gpu1416,RDMA2,not-collected
79380,leaf-gpu-rdma,sys1-ice2-p-swi-bel11,sw9p1,Active/LinkUp/800G,sys1-ice2-p-phy-gpu1416,RDMA3,not-collected
79381,leaf-gpu-rdma,sys1-ice2-p-swi-bel15,sw9p1,Active/LinkUp/800G,sys1-ice2-p-phy-gpu1416,RDMA4,not-collected
79382,leaf-gpu-rdma,sys1-ice2-p-swi-bel3,sw9p2,Active/LinkUp/800G,sys1-ice2-p-phy-gpu1417,RDMA1,not-collected
79383,leaf-gpu-rdma,sys1-ice2-p-swi-bel7,sw9p2,Active/LinkUp/800G,sys1-ice2-p-phy-gpu1417,RDMA2,not-collected
79384,leaf-gpu-rdma,sys1-ice2-p-swi-bel11,sw9p2,Active/LinkUp/800G,sys1-ice2-p-phy-gpu1417,RDMA3,not-collected
79385,leaf-gpu-rdma,sys1-ice2-p-swi-bel15,sw9p2,Active/LinkUp/800G,sys1-ice2-p-phy-gpu1417,RDMA4,not-collected
79386,leaf-gpu-rdma,sys1-ice2-p-swi-bel3,sw10p1,Active/LinkUp/800G,sys1-ice2-p-phy-gpu1418,RDMA1,not-collected
79387,leaf-gpu-rdma,sys1-ice2-p-swi-bel7,sw10p1,Active/LinkUp/800G,sys1-ice2-p-phy-gpu1418,RDMA2,not-collected
79388,leaf-gpu-rdma,sys1-ice2-p-swi-bel11,sw10p1,Active/LinkUp/800G,sys1-ice2-p-phy-gpu1418,RDMA3,not-collected
79389,leaf-gpu-rdma,sys1-ice2-p-swi-bel15,sw10p1,Active/LinkUp/800G,sys1-ice2-p-phy-gpu1418,RDMA4,not-collected
79390,leaf-gpu-rdma,sys1-ice2-p-swi-bel3,sw10p2,Active/LinkUp/800G,sys1-ice2-p-phy-gpu1419,RDMA1,not-collected
79391,leaf-gpu-rdma,sys1-ice2-p-swi-bel7,sw10p2,Active/LinkUp/800G,sys1-ice2-p-phy-gpu1419,RDMA2,not-collected
79392,leaf-gpu-rdma,sys1-ice2-p-swi-bel11,sw10p2,Active/LinkUp/800G,sys1-ice2-p-phy-gpu1419,RDMA3,not-collected
79393,leaf-gpu-rdma,sys1-ice2-p-swi-bel15,sw10p2,Active/LinkUp/800G,sys1-ice2-p-phy-gpu1419,RDMA4,not-collected
79394,leaf-gpu-rdma,sys1-ice2-p-swi-bel3,sw11p1,Active/LinkUp/800G,sys1-ice2-p-phy-gpu1420,RDMA1,not-collected
79395,leaf-gpu-rdma,sys1-ice2-p-swi-bel7,sw11p1,Active/LinkUp/800G,sys1-ice2-p-phy-gpu1420,RDMA2,not-collected
79396,leaf-gpu-rdma,sys1-ice2-p-swi-bel11,sw11p1,Active/LinkUp/800G,sys1-ice2-p-phy-gpu1420,RDMA3,not-collected
79397,leaf-gpu-rdma,sys1-ice2-p-swi-bel15,sw11p1,Active/LinkUp/800G,sys1-ice2-p-phy-gpu1420,RDMA4,not-collected
79398,leaf-gpu-rdma,sys1-ice2-p-swi-bel3,sw11p2,Active/LinkUp/800G,sys1-ice2-p-phy-gpu1421,RDMA1,not-collected
79399,leaf-gpu-rdma,sys1-ice2-p-swi-bel7,sw11p2,Active/LinkUp/800G,sys1-ice2-p-phy-gpu1421,RDMA2,not-collected
79400,leaf-gpu-rdma,sys1-ice2-p-swi-bel11,sw11p2,Active/LinkUp/800G,sys1-ice2-p-phy-gpu1421,RDMA3,not-collected
79401,leaf-gpu-rdma,sys1-ice2-p-swi-bel15,sw11p2,Active/LinkUp/800G,sys1-ice2-p-phy-gpu1421,RDMA4,not-collected
79402,leaf-gpu-rdma,sys1-ice2-p-swi-bel3,sw12p1,Active/LinkUp/800G,sys1-ice2-p-phy-gpu1422,RDMA1,not-collected
79403,leaf-gpu-rdma,sys1-ice2-p-swi-bel7,sw12p1,Active/LinkUp/800G,sys1-ice2-p-phy-gpu1422,RDMA2,not-collected
79404,leaf-gpu-rdma,sys1-ice2-p-swi-bel11,sw12p1,Active/LinkUp/800G,sys1-ice2-p-phy-gpu1422,RDMA3,not-collected
79405,leaf-gpu-rdma,sys1-ice2-p-swi-bel15,sw12p1,Active/LinkUp/800G,sys1-ice2-p-phy-gpu1422,RDMA4,not-collected
79406,leaf-gpu-rdma,sys1-ice2-p-swi-bel3,sw12p2,Active/LinkUp/800G,sys1-ice2-p-phy-gpu1423,RDMA1,not-collected
79407,leaf-gpu-rdma,sys1-ice2-p-swi-bel7,sw12p2,Active/LinkUp/800G,sys1-ice2-p-phy-gpu1423,RDMA2,not-collected
79408,leaf-gpu-rdma,sys1-ice2-p-swi-bel11,sw12p2,Active/LinkUp/800G,sys1-ice2-p-phy-gpu1423,RDMA3,not-collected
79409,leaf-gpu-rdma,sys1-ice2-p-swi-bel15,sw12p2,Active/LinkUp/800G,sys1-ice2-p-phy-gpu1423,RDMA4,not-collected
79410,leaf-gpu-rdma,sys1-ice2-p-swi-bel3,sw13p1,Active/LinkUp/800G,sys1-ice2-p-phy-gpu1424,RDMA1,not-collected
79411,leaf-gpu-rdma,sys1-ice2-p-swi-bel7,sw13p1,Active/LinkUp/800G,sys1-ice2-p-phy-gpu1424,RDMA2,not-collected
79412,leaf-gpu-rdma,sys1-ice2-p-swi-bel11,sw13p1,Active/LinkUp/800G,sys1-ice2-p-phy-gpu1424,RDMA3,not-collected
79413,leaf-gpu-rdma,sys1-ice2-p-swi-bel15,sw13p1,Active/LinkUp/800G,sys1-ice2-p-phy-gpu1424,RDMA4,not-collected
79414,leaf-gpu-rdma,sys1-ice2-p-swi-bel3,sw13p2,Active/LinkUp/800G,sys1-ice2-p-phy-gpu1425,RDMA1,not-collected
79415,leaf-gpu-rdma,sys1-ice2-p-swi-bel7,sw13p2,Active/LinkUp/800G,sys1-ice2-p-phy-gpu1425,RDMA2,not-collected
79416,leaf-gpu-rdma,sys1-ice2-p-swi-bel11,sw13p2,Active/LinkUp/800G,sys1-ice2-p-phy-gpu1425,RDMA3,not-collected
79417,leaf-gpu-rdma,sys1-ice2-p-swi-bel15,sw13p2,Active/LinkUp/800G,sys1-ice2-p-phy-gpu1425,RDMA4,not-collected
79418,leaf-gpu-rdma,sys1-ice2-p-swi-bel3,sw14p1,Active/LinkUp/800G,sys1-ice2-p-phy-gpu1426,RDMA1,not-collected
79419,leaf-gpu-rdma,sys1-ice2-p-swi-bel7,sw14p1,Active/LinkUp/800G,sys1-ice2-p-phy-gpu1426,RDMA2,not-collected
79420,leaf-gpu-rdma,sys1-ice2-p-swi-bel11,sw14p1,Active/LinkUp/800G,sys1-ice2-p-phy-gpu1426,RDMA3,not-collected
79421,leaf-gpu-rdma,sys1-ice2-p-swi-bel15,sw14p1,Active/LinkUp/800G,sys1-ice2-p-phy-gpu1426,RDMA4,not-collected
79422,leaf-gpu-rdma,sys1-ice2-p-swi-bel3,sw14p2,Active/LinkUp/800G,sys1-ice2-p-phy-gpu1427,RDMA1,not-collected
79423,leaf-gpu-rdma,sys1-ice2-p-swi-bel7,sw14p2,Active/LinkUp/800G,sys1-ice2-p-phy-gpu1427,RDMA2,not-collected
79424,leaf-gpu-rdma,sys1-ice2-p-swi-bel11,sw14p2,Active/LinkUp/800G,sys1-ice2-p-phy-gpu1427,RDMA3,not-collected
79425,leaf-gpu-rdma,sys1-ice2-p-swi-bel15,sw14p2,Active/LinkUp/800G,sys1-ice2-p-phy-gpu1427,RDMA4,not-collected
79426,leaf-gpu-rdma,sys1-ice2-p-swi-bel3,sw15p1,Active/LinkUp/800G,sys1-ice2-p-phy-gpu1428,RDMA1,not-collected
79427,leaf-gpu-rdma,sys1-ice2-p-swi-bel7,sw15p1,Active/LinkUp/800G,sys1-ice2-p-phy-gpu1428,RDMA2,not-collected
79428,leaf-gpu-rdma,sys1-ice2-p-swi-bel11,sw15p1,Active/LinkUp/800G,sys1-ice2-p-phy-gpu1428,RDMA3,not-collected
79429,leaf-gpu-rdma,sys1-ice2-p-swi-bel15,sw15p1,Active/LinkUp/800G,sys1-ice2-p-phy-gpu1428,RDMA4,not-collected
79430,leaf-gpu-rdma,sys1-ice2-p-swi-bel3,sw15p2,Active/LinkUp/800G,sys1-ice2-p-phy-gpu1429,RDMA1,not-collected
79431,leaf-gpu-rdma,sys1-ice2-p-swi-bel7,sw15p2,Active/LinkUp/800G,sys1-ice2-p-phy-gpu1429,RDMA2,not-collected
79432,leaf-gpu-rdma,sys1-ice2-p-swi-bel11,sw15p2,Active/LinkUp/800G,sys1-ice2-p-phy-gpu1429,RDMA3,not-collected
79433,leaf-gpu-rdma,sys1-ice2-p-swi-bel15,sw15p2,Active/LinkUp/800G,sys1-ice2-p-phy-gpu1429,RDMA4,not-collected
79434,leaf-gpu-rdma,sys1-ice2-p-swi-bel3,sw16p1,Active/LinkUp/800G,sys1-ice2-p-phy-gpu1430,RDMA1,not-collected
79435,leaf-gpu-rdma,sys1-ice2-p-swi-bel7,sw16p1,Active/LinkUp/800G,sys1-ice2-p-phy-gpu1430,RDMA2,not-collected
79436,leaf-gpu-rdma,sys1-ice2-p-swi-bel11,sw16p1,Active/LinkUp/800G,sys1-ice2-p-phy-gpu1430,RDMA3,not-collected
79437,leaf-gpu-rdma,sys1-ice2-p-swi-bel15,sw16p1,Active/LinkUp/800G,sys1-ice2-p-phy-gpu1430,RDMA4,not-collected
79438,leaf-gpu-rdma,sys1-ice2-p-swi-bel3,sw16p2,Active/LinkUp/800G,sys1-ice2-p-phy-gpu1431,RDMA1,not-collected
79439,leaf-gpu-rdma,sys1-ice2-p-swi-bel7,sw16p2,Active/LinkUp/800G,sys1-ice2-p-phy-gpu1431,RDMA2,not-collected
79440,leaf-gpu-rdma,sys1-ice2-p-swi-bel11,sw16p2,Active/LinkUp/800G,sys1-ice2-p-phy-gpu1431,RDMA3,not-collected
79441,leaf-gpu-rdma,sys1-ice2-p-swi-bel15,sw16p2,Active/LinkUp/800G,sys1-ice2-p-phy-gpu1431,RDMA4,not-collected
79442,leaf-gpu-rdma,sys1-ice2-p-swi-bel3,sw17p1,Active/LinkUp/800G,sys1-ice2-p-phy-gpu1432,RDMA1,not-collected
79443,leaf-gpu-rdma,sys1-ice2-p-swi-bel7,sw17p1,Active/LinkUp/800G,sys1-ice2-p-phy-gpu1432,RDMA2,not-collected
79444,leaf-gpu-rdma,sys1-ice2-p-swi-bel11,sw17p1,Active/LinkUp/800G,sys1-ice2-p-phy-gpu1432,RDMA3,not-collected
79445,leaf-gpu-rdma,sys1-ice2-p-swi-bel15,sw17p1,Active/LinkUp/800G,sys1-ice2-p-phy-gpu1432,RDMA4,not-collected
79446,leaf-gpu-rdma,sys1-ice2-p-swi-bel3,sw17p2,Active/LinkUp/800G,sys1-ice2-p-phy-gpu1433,RDMA1,not-collected
79447,leaf-gpu-rdma,sys1-ice2-p-swi-bel7,sw17p2,Active/LinkUp/800G,sys1-ice2-p-phy-gpu1433,RDMA2,not-collected
79448,leaf-gpu-rdma,sys1-ice2-p-swi-bel11,sw17p2,Active/LinkUp/800G,sys1-ice2-p-phy-gpu1433,RDMA3,not-collected
79449,leaf-gpu-rdma,sys1-ice2-p-swi-bel15,sw17p2,Active/LinkUp/800G,sys1-ice2-p-phy-gpu1433,RDMA4,not-collected
79450,leaf-gpu-rdma,sys1-ice2-p-swi-bel3,sw18p1,Active/LinkUp/800G,sys1-ice2-p-phy-gpu1434,RDMA1,not-collected
79451,leaf-gpu-rdma,sys1-ice2-p-swi-bel7,sw18p1,Active/LinkUp/800G,sys1-ice2-p-phy-gpu1434,RDMA2,not-collected
79452,leaf-gpu-rdma,sys1-ice2-p-swi-bel11,sw18p1,Active/LinkUp/800G,sys1-ice2-p-phy-gpu1434,RDMA3,not-collected
79453,leaf-gpu-rdma,sys1-ice2-p-swi-bel15,sw18p1,Active/LinkUp/800G,sys1-ice2-p-phy-gpu1434,RDMA4,not-collected
79454,leaf-gpu-rdma,sys1-ice2-p-swi-bel3,sw18p2,Active/LinkUp/800G,sys1-ice2-p-phy-gpu1435,RDMA1,not-collected
79455,leaf-gpu-rdma,sys1-ice2-p-swi-bel7,sw18p2,Active/LinkUp/800G,sys1-ice2-p-phy-gpu1435,RDMA2,not-collected
79456,leaf-gpu-rdma,sys1-ice2-p-swi-bel11,sw18p2,Active/LinkUp/800G,sys1-ice2-p-phy-gpu1435,RDMA3,not-collected
79457,leaf-gpu-rdma,sys1-ice2-p-swi-bel15,sw18p2,Active/LinkUp/800G,sys1-ice2-p-phy-gpu1435,RDMA4,not-collected
79458,leaf-gpu-rdma,sys1-ice2-p-swi-bel3,sw19p1,Active/LinkUp/800G,sys1-ice2-p-phy-gpu1436,RDMA1,not-collected
79459,leaf-gpu-rdma,sys1-ice2-p-swi-bel7,sw19p1,Active/LinkUp/800G,sys1-ice2-p-phy-gpu1436,RDMA2,not-collected
79460,leaf-gpu-rdma,sys1-ice2-p-swi-bel11,sw19p1,Active/LinkUp/800G,sys1-ice2-p-phy-gpu1436,RDMA3,not-collected
79461,leaf-gpu-rdma,sys1-ice2-p-swi-bel15,sw19p1,Active/LinkUp/800G,sys1-ice2-p-phy-gpu1436,RDMA4,not-collected
79462,leaf-gpu-rdma,sys1-ice2-p-swi-bel3,sw19p2,Active/LinkUp/800G,sys1-ice2-p-phy-gpu1437,RDMA1,not-collected
79463,leaf-gpu-rdma,sys1-ice2-p-swi-bel7,sw19p2,Active/LinkUp/800G,sys1-ice2-p-phy-gpu1437,RDMA2,not-collected
79464,leaf-gpu-rdma,sys1-ice2-p-swi-bel11,sw19p2,Active/LinkUp/800G,sys1-ice2-p-phy-gpu1437,RDMA3,not-collected
79465,leaf-gpu-rdma,sys1-ice2-p-swi-bel15,sw19p2,Active/LinkUp/800G,sys1-ice2-p-phy-gpu1437,RDMA4,not-collected
79466,leaf-gpu-rdma,sys1-ice2-p-swi-bel3,sw20p1,Active/LinkUp/800G,sys1-ice2-p-phy-gpu1438,RDMA1,not-collected
79467,leaf-gpu-rdma,sys1-ice2-p-swi-bel7,sw20p1,Active/LinkUp/800G,sys1-ice2-p-phy-gpu1438,RDMA2,not-collected
79468,leaf-gpu-rdma,sys1-ice2-p-swi-bel11,sw20p1,Active/LinkUp/800G,sys1-ice2-p-phy-gpu1438,RDMA3,not-collected
79469,leaf-gpu-rdma,sys1-ice2-p-swi-bel15,sw20p1,Active/LinkUp/800G,sys1-ice2-p-phy-gpu1438,RDMA4,not-collected
79470,leaf-gpu-rdma,sys1-ice2-p-swi-bel3,sw20p2,Active/LinkUp/800G,sys1-ice2-p-phy-gpu1439,RDMA1,not-collected
79471,leaf-gpu-rdma,sys1-ice2-p-swi-bel7,sw20p2,Active/LinkUp/800G,sys1-ice2-p-phy-gpu1439,RDMA2,not-collected
79472,leaf-gpu-rdma,sys1-ice2-p-swi-bel11,sw20p2,Active/LinkUp/800G,sys1-ice2-p-phy-gpu1439,RDMA3,not-collected
79473,leaf-gpu-rdma,sys1-ice2-p-swi-bel15,sw20p2,Active/LinkUp/800G,sys1-ice2-p-phy-gpu1439,RDMA4,not-collected
79474,leaf-gpu-rdma,sys1-ice2-p-swi-bel3,sw21p1,Active/LinkUp/800G,sys1-ice2-p-phy-gpu1440,RDMA1,not-collected
79475,leaf-gpu-rdma,sys1-ice2-p-swi-bel7,sw21p1,Active/LinkUp/800G,sys1-ice2-p-phy-gpu1440,RDMA2,not-collected
79476,leaf-gpu-rdma,sys1-ice2-p-swi-bel11,sw21p1,Active/LinkUp/800G,sys1-ice2-p-phy-gpu1440,RDMA3,not-collected
79477,leaf-gpu-rdma,sys1-ice2-p-swi-bel15,sw21p1,Active/LinkUp/800G,sys1-ice2-p-phy-gpu1440,RDMA4,not-collected
79478,leaf-gpu-rdma,sys1-ice2-p-swi-bel3,sw21p2,Active/LinkUp/800G,sys1-ice2-p-phy-gpu1441,RDMA1,not-collected
79479,leaf-gpu-rdma,sys1-ice2-p-swi-bel7,sw21p2,Active/LinkUp/800G,sys1-ice2-p-phy-gpu1441,RDMA2,not-collected
79480,leaf-gpu-rdma,sys1-ice2-p-swi-bel11,sw21p2,Active/LinkUp/800G,sys1-ice2-p-phy-gpu1441,RDMA3,not-collected
79481,leaf-gpu-rdma,sys1-ice2-p-swi-bel15,sw21p2,Active/LinkUp/800G,sys1-ice2-p-phy-gpu1441,RDMA4,not-collected
79482,leaf-gpu-rdma,sys1-ice2-p-swi-bel3,sw22p1,Active/LinkUp/800G,sys1-ice2-p-phy-gpu1442,RDMA1,not-collected
79483,leaf-gpu-rdma,sys1-ice2-p-swi-bel7,sw22p1,Active/LinkUp/800G,sys1-ice2-p-phy-gpu1442,RDMA2,not-collected
79484,leaf-gpu-rdma,sys1-ice2-p-swi-bel11,sw22p1,Active/LinkUp/800G,sys1-ice2-p-phy-gpu1442,RDMA3,not-collected
79485,leaf-gpu-rdma,sys1-ice2-p-swi-bel15,sw22p1,Active/LinkUp/800G,sys1-ice2-p-phy-gpu1442,RDMA4,not-collected
79486,leaf-gpu-rdma,sys1-ice2-p-swi-bel3,sw22p2,Active/LinkUp/800G,sys1-ice2-p-phy-gpu1443,RDMA1,not-collected
79487,leaf-gpu-rdma,sys1-ice2-p-swi-bel7,sw22p2,Active/LinkUp/800G,sys1-ice2-p-phy-gpu1443,RDMA2,not-collected
79488,leaf-gpu-rdma,sys1-ice2-p-swi-bel11,sw22p2,Active/LinkUp/800G,sys1-ice2-p-phy-gpu1443,RDMA3,not-collected
79489,leaf-gpu-rdma,sys1-ice2-p-swi-bel15,sw22p2,Active/LinkUp/800G,sys1-ice2-p-phy-gpu1443,RDMA4,not-collected
79490,leaf-gpu-rdma,sys1-ice2-p-swi-bel3,sw23p1,Active/LinkUp/800G,sys1-ice2-p-phy-gpu1444,RDMA1,not-collected
79491,leaf-gpu-rdma,sys1-ice2-p-swi-bel7,sw23p1,Active/LinkUp/800G,sys1-ice2-p-phy-gpu1444,RDMA2,not-collected
79492,leaf-gpu-rdma,sys1-ice2-p-swi-bel11,sw23p1,Active/LinkUp/800G,sys1-ice2-p-phy-gpu1444,RDMA3,not-collected
79493,leaf-gpu-rdma,sys1-ice2-p-swi-bel15,sw23p1,Active/LinkUp/800G,sys1-ice2-p-phy-gpu1444,RDMA4,not-collected
79494,leaf-gpu-rdma,sys1-ice2-p-swi-bel3,sw23p2,Active/LinkUp/800G,sys1-ice2-p-phy-gpu1445,RDMA1,not-collected
79495,leaf-gpu-rdma,sys1-ice2-p-swi-bel7,sw23p2,Active/LinkUp/800G,sys1-ice2-p-phy-gpu1445,RDMA2,not-collected
79496,leaf-gpu-rdma,sys1-ice2-p-swi-bel11,sw23p2,Active/LinkUp/800G,sys1-ice2-p-phy-gpu1445,RDMA3,not-collected
79497,leaf-gpu-rdma,sys1-ice2-p-swi-bel15,sw23p2,Active/LinkUp/800G,sys1-ice2-p-phy-gpu1445,RDMA4,not-collected
79498,leaf-gpu-rdma,sys1-ice2-p-swi-bel3,sw24p1,Active/LinkUp/800G,sys1-ice2-p-phy-gpu1446,RDMA1,not-collected
79499,leaf-gpu-rdma,sys1-ice2-p-swi-bel7,sw24p1,Active/LinkUp/800G,sys1-ice2-p-phy-gpu1446,RDMA2,not-collected
79500,leaf-gpu-rdma,sys1-ice2-p-swi-bel11,sw24p1,Active/LinkUp/800G,sys1-ice2-p-phy-gpu1446,RDMA3,not-collected
79501,leaf-gpu-rdma,sys1-ice2-p-swi-bel15,sw24p1,Active/LinkUp/800G,sys1-ice2-p-phy-gpu1446,RDMA4,not-collected
79502,leaf-gpu-rdma,sys1-ice2-p-swi-bel3,sw24p2,Active/LinkUp/800G,sys1-ice2-p-phy-gpu1447,RDMA1,not-collected
79503,leaf-gpu-rdma,sys1-ice2-p-swi-bel7,sw24p2,Active/LinkUp/800G,sys1-ice2-p-phy-gpu1447,RDMA2,not-collected
79504,leaf-gpu-rdma,sys1-ice2-p-swi-bel11,sw24p2,Active/LinkUp/800G,sys1-ice2-p-phy-gpu1447,RDMA3,not-collected
79505,leaf-gpu-rdma,sys1-ice2-p-swi-bel15,sw24p2,Active/LinkUp/800G,sys1-ice2-p-phy-gpu1447,RDMA4,not-collected
79506,leaf-gpu-rdma,sys1-ice2-p-swi-bel3,sw25p1,Active/LinkUp/800G,sys1-ice2-p-phy-gpu1448,RDMA1,not-collected
79507,leaf-gpu-rdma,sys1-ice2-p-swi-bel7,sw25p1,Active/LinkUp/800G,sys1-ice2-p-phy-gpu1448,RDMA2,not-collected
79508,leaf-gpu-rdma,sys1-ice2-p-swi-bel11,sw25p1,Active/LinkUp/800G,sys1-ice2-p-phy-gpu1448,RDMA3,not-collected
79509,leaf-gpu-rdma,sys1-ice2-p-swi-bel15,sw25p1,Active/LinkUp/800G,sys1-ice2-p-phy-gpu1448,RDMA4,not-collected
79510,leaf-gpu-rdma,sys1-ice2-p-swi-bel3,sw25p2,Active/LinkUp/800G,sys1-ice2-p-phy-gpu1449,RDMA1,not-collected
79511,leaf-gpu-rdma,sys1-ice2-p-swi-bel7,sw25p2,Active/LinkUp/800G,sys1-ice2-p-phy-gpu1449,RDMA2,not-collected
79512,leaf-gpu-rdma,sys1-ice2-p-swi-bel11,sw25p2,Active/LinkUp/800G,sys1-ice2-p-phy-gpu1449,RDMA3,not-collected
79513,leaf-gpu-rdma,sys1-ice2-p-swi-bel15,sw25p2,Active/LinkUp/800G,sys1-ice2-p-phy-gpu1449,RDMA4,not-collected
79514,leaf-gpu-rdma,sys1-ice2-p-swi-bel3,sw26p1,Active/LinkUp/800G,sys1-ice2-p-phy-gpu1450,RDMA1,not-collected
79515,leaf-gpu-rdma,sys1-ice2-p-swi-bel7,sw26p1,Active/LinkUp/800G,sys1-ice2-p-phy-gpu1450,RDMA2,not-collected
79516,leaf-gpu-rdma,sys1-ice2-p-swi-bel11,sw26p1,Active/LinkUp/800G,sys1-ice2-p-phy-gpu1450,RDMA3,not-collected
79517,leaf-gpu-rdma,sys1-ice2-p-swi-bel15,sw26p1,Active/LinkUp/800G,sys1-ice2-p-phy-gpu1450,RDMA4,not-collected
79518,leaf-gpu-rdma,sys1-ice2-p-swi-bel3,sw26p2,Active/LinkUp/800G,sys1-ice2-p-phy-gpu1451,RDMA1,not-collected
79519,leaf-gpu-rdma,sys1-ice2-p-swi-bel7,sw26p2,Active/LinkUp/800G,sys1-ice2-p-phy-gpu1451,RDMA2,not-collected
79520,leaf-gpu-rdma,sys1-ice2-p-swi-bel11,sw26p2,Active/LinkUp/800G,sys1-ice2-p-phy-gpu1451,RDMA3,not-collected
79521,leaf-gpu-rdma,sys1-ice2-p-swi-bel15,sw26p2,Active/LinkUp/800G,sys1-ice2-p-phy-gpu1451,RDMA4,not-collected
79522,leaf-gpu-rdma,sys1-ice2-p-swi-bel3,sw27p1,Active/LinkUp/800G,sys1-ice2-p-phy-gpu1452,RDMA1,not-collected
79523,leaf-gpu-rdma,sys1-ice2-p-swi-bel7,sw27p1,Active/LinkUp/800G,sys1-ice2-p-phy-gpu1452,RDMA2,not-collected
79524,leaf-gpu-rdma,sys1-ice2-p-swi-bel11,sw27p1,Active/LinkUp/800G,sys1-ice2-p-phy-gpu1452,RDMA3,not-collected
79525,leaf-gpu-rdma,sys1-ice2-p-swi-bel15,sw27p1,Active/LinkUp/800G,sys1-ice2-p-phy-gpu1452,RDMA4,not-collected
79526,leaf-gpu-rdma,sys1-ice2-p-swi-bel3,sw27p2,Active/LinkUp/800G,sys1-ice2-p-phy-gpu1453,RDMA1,not-collected
79527,leaf-gpu-rdma,sys1-ice2-p-swi-bel7,sw27p2,Active/LinkUp/800G,sys1-ice2-p-phy-gpu1453,RDMA2,not-collected
79528,leaf-gpu-rdma,sys1-ice2-p-swi-bel11,sw27p2,Active/LinkUp/800G,sys1-ice2-p-phy-gpu1453,RDMA3,not-collected
79529,leaf-gpu-rdma,sys1-ice2-p-swi-bel15,sw27p2,Active/LinkUp/800G,sys1-ice2-p-phy-gpu1453,RDMA4,not-collected
79530,leaf-gpu-rdma,sys1-ice2-p-swi-bel3,sw28p1,Active/LinkUp/800G,sys1-ice2-p-phy-gpu1454,RDMA1,not-collected
79531,leaf-gpu-rdma,sys1-ice2-p-swi-bel7,sw28p1,Active/LinkUp/800G,sys1-ice2-p-phy-gpu1454,RDMA2,not-collected
79532,leaf-gpu-rdma,sys1-ice2-p-swi-bel11,sw28p1,Active/LinkUp/800G,sys1-ice2-p-phy-gpu1454,RDMA3,not-collected
79533,leaf-gpu-rdma,sys1-ice2-p-swi-bel15,sw28p1,Active/LinkUp/800G,sys1-ice2-p-phy-gpu1454,RDMA4,not-collected
79534,leaf-gpu-rdma,sys1-ice2-p-swi-bel3,sw28p2,Active/LinkUp/800G,sys1-ice2-p-phy-gpu1455,RDMA1,not-collected
79535,leaf-gpu-rdma,sys1-ice2-p-swi-bel7,sw28p2,Active/LinkUp/800G,sys1-ice2-p-phy-gpu1455,RDMA2,not-collected
79536,leaf-gpu-rdma,sys1-ice2-p-swi-bel11,sw28p2,Active/LinkUp/800G,sys1-ice2-p-phy-gpu1455,RDMA3,not-collected
79537,leaf-gpu-rdma,sys1-ice2-p-swi-bel15,sw28p2,Active/LinkUp/800G,sys1-ice2-p-phy-gpu1455,RDMA4,not-collected
79538,leaf-gpu-rdma,sys1-ice2-p-swi-bel3,sw29p1,Active/LinkUp/800G,sys1-ice2-p-phy-gpu1456,RDMA1,not-collected
79539,leaf-gpu-rdma,sys1-ice2-p-swi-bel7,sw29p1,Active/LinkUp/800G,sys1-ice2-p-phy-gpu1456,RDMA2,not-collected
79540,leaf-gpu-rdma,sys1-ice2-p-swi-bel11,sw29p1,Active/LinkUp/800G,sys1-ice2-p-phy-gpu1456,RDMA3,not-collected
79541,leaf-gpu-rdma,sys1-ice2-p-swi-bel15,sw29p1,Active/LinkUp/800G,sys1-ice2-p-phy-gpu1456,RDMA4,not-collected
79542,leaf-gpu-rdma,sys1-ice2-p-swi-bel3,sw29p2,Active/LinkUp/800G,sys1-ice2-p-phy-gpu1457,RDMA1,not-collected
79543,leaf-gpu-rdma,sys1-ice2-p-swi-bel7,sw29p2,Active/LinkUp/800G,sys1-ice2-p-phy-gpu1457,RDMA2,not-collected
79544,leaf-gpu-rdma,sys1-ice2-p-swi-bel11,sw29p2,Active/LinkUp/800G,sys1-ice2-p-phy-gpu1457,RDMA3,not-collected
79545,leaf-gpu-rdma,sys1-ice2-p-swi-bel15,sw29p2,Active/LinkUp/800G,sys1-ice2-p-phy-gpu1457,RDMA4,not-collected
79546,leaf-gpu-rdma,sys1-ice2-p-swi-bel3,sw30p1,Active/LinkUp/800G,sys1-ice2-p-phy-gpu1458,RDMA1,not-collected
79547,leaf-gpu-rdma,sys1-ice2-p-swi-bel7,sw30p1,Active/LinkUp/800G,sys1-ice2-p-phy-gpu1458,RDMA2,not-collected
79548,leaf-gpu-rdma,sys1-ice2-p-swi-bel11,sw30p1,Active/LinkUp/800G,sys1-ice2-p-phy-gpu1458,RDMA3,not-collected
79549,leaf-gpu-rdma,sys1-ice2-p-swi-bel15,sw30p1,Active/LinkUp/800G,sys1-ice2-p-phy-gpu1458,RDMA4,not-collected
79550,leaf-gpu-rdma,sys1-ice2-p-swi-bel3,sw30p2,Active/LinkUp/800G,sys1-ice2-p-phy-gpu1459,RDMA1,not-collected
79551,leaf-gpu-rdma,sys1-ice2-p-swi-bel7,sw30p2,Active/LinkUp/800G,sys1-ice2-p-phy-gpu1459,RDMA2,not-collected
79552,leaf-gpu-rdma,sys1-ice2-p-swi-bel11,sw30p2,Active/LinkUp/800G,sys1-ice2-p-phy-gpu1459,RDMA3,not-collected
79553,leaf-gpu-rdma,sys1-ice2-p-swi-bel15,sw30p2,Active/LinkUp/800G,sys1-ice2-p-phy-gpu1459,RDMA4,not-collected
79554,leaf-gpu-rdma,sys1-ice2-p-swi-bel3,sw31p1,Active/LinkUp/800G,sys1-ice2-p-phy-gpu1460,RDMA1,not-collected
79555,leaf-gpu-rdma,sys1-ice2-p-swi-bel7,sw31p1,Active/LinkUp/800G,sys1-ice2-p-phy-gpu1460,RDMA2,not-collected
79556,leaf-gpu-rdma,sys1-ice2-p-swi-bel11,sw31p1,Active/LinkUp/800G,sys1-ice2-p-phy-gpu1460,RDMA3,not-collected
79557,leaf-gpu-rdma,sys1-ice2-p-swi-bel15,sw31p1,Active/LinkUp/800G,sys1-ice2-p-phy-gpu1460,RDMA4,not-collected
79558,leaf-gpu-rdma,sys1-ice2-p-swi-bel3,sw31p2,Active/LinkUp/800G,sys1-ice2-p-phy-gpu1461,RDMA1,not-collected
79559,leaf-gpu-rdma,sys1-ice2-p-swi-bel7,sw31p2,Active/LinkUp/800G,sys1-ice2-p-phy-gpu1461,RDMA2,not-collected
79560,leaf-gpu-rdma,sys1-ice2-p-swi-bel11,sw31p2,Active/LinkUp/800G,sys1-ice2-p-phy-gpu1461,RDMA3,not-collected
79561,leaf-gpu-rdma,sys1-ice2-p-swi-bel15,sw31p2,Active/LinkUp/800G,sys1-ice2-p-phy-gpu1461,RDMA4,not-collected
79562,leaf-gpu-rdma,sys1-ice2-p-swi-bel3,sw32p1,Active/LinkUp/800G,sys1-ice2-p-phy-gpu1462,RDMA1,not-collected
79563,leaf-gpu-rdma,sys1-ice2-p-swi-bel7,sw32p1,Active/LinkUp/800G,sys1-ice2-p-phy-gpu1462,RDMA2,not-collected
79564,leaf-gpu-rdma,sys1-ice2-p-swi-bel11,sw32p1,Active/LinkUp/800G,sys1-ice2-p-phy-gpu1462,RDMA3,not-collected
79565,leaf-gpu-rdma,sys1-ice2-p-swi-bel15,sw32p1,Active/LinkUp/800G,sys1-ice2-p-phy-gpu1462,RDMA4,not-collected
79566,leaf-gpu-rdma,sys1-ice2-p-swi-bel3,sw32p2,Active/LinkUp/800G,sys1-ice2-p-phy-gpu1463,RDMA1,not-collected
79567,leaf-gpu-rdma,sys1-ice2-p-swi-bel7,sw32p2,Active/LinkUp/800G,sys1-ice2-p-phy-gpu1463,RDMA2,not-collected
79568,leaf-gpu-rdma,sys1-ice2-p-swi-bel11,sw32p2,Active/LinkUp/800G,sys1-ice2-p-phy-gpu1463,RDMA3,not-collected
79569,leaf-gpu-rdma,sys1-ice2-p-swi-bel15,sw32p2,Active/LinkUp/800G,sys1-ice2-p-phy-gpu1463,RDMA4,not-collected
79570,leaf-gpu-rdma,sys1-ice2-p-swi-bel3,sw33p1,Active/LinkUp/800G,sys1-ice2-p-phy-gpu1464,RDMA1,not-collected
79571,leaf-gpu-rdma,sys1-ice2-p-swi-bel7,sw33p1,Active/LinkUp/800G,sys1-ice2-p-phy-gpu1464,RDMA2,not-collected
79572,leaf-gpu-rdma,sys1-ice2-p-swi-bel11,sw33p1,Active/LinkUp/800G,sys1-ice2-p-phy-gpu1464,RDMA3,not-collected
79573,leaf-gpu-rdma,sys1-ice2-p-swi-bel15,sw33p1,Active/LinkUp/800G,sys1-ice2-p-phy-gpu1464,RDMA4,not-collected
79574,leaf-gpu-rdma,sys1-ice2-p-swi-bel3,sw33p2,Active/LinkUp/800G,sys1-ice2-p-phy-gpu1465,RDMA1,not-collected
79575,leaf-gpu-rdma,sys1-ice2-p-swi-bel7,sw33p2,Active/LinkUp/800G,sys1-ice2-p-phy-gpu1465,RDMA2,not-collected
79576,leaf-gpu-rdma,sys1-ice2-p-swi-bel11,sw33p2,Active/LinkUp/800G,sys1-ice2-p-phy-gpu1465,RDMA3,not-collected
79577,leaf-gpu-rdma,sys1-ice2-p-swi-bel15,sw33p2,Active/LinkUp/800G,sys1-ice2-p-phy-gpu1465,RDMA4,not-collected
79578,leaf-gpu-rdma,sys1-ice2-p-swi-bel3,sw34p1,Active/LinkUp/800G,sys1-ice2-p-phy-gpu1466,RDMA1,not-collected
79579,leaf-gpu-rdma,sys1-ice2-p-swi-bel7,sw34p1,Active/LinkUp/800G,sys1-ice2-p-phy-gpu1466,RDMA2,not-collected
79580,leaf-gpu-rdma,sys1-ice2-p-swi-bel11,sw34p1,Active/LinkUp/800G,sys1-ice2-p-phy-gpu1466,RDMA3,not-collected
79581,leaf-gpu-rdma,sys1-ice2-p-swi-bel15,sw34p1,Active/LinkUp/800G,sys1-ice2-p-phy-gpu1466,RDMA4,not-collected
79582,leaf-gpu-rdma,sys1-ice2-p-swi-bel3,sw34p2,Active/LinkUp/800G,sys1-ice2-p-phy-gpu1467,RDMA1,not-collected
79583,leaf-gpu-rdma,sys1-ice2-p-swi-bel7,sw34p2,Active/LinkUp/800G,sys1-ice2-p-phy-gpu1467,RDMA2,not-collected
79584,leaf-gpu-rdma,sys1-ice2-p-swi-bel11,sw34p2,Active/LinkUp/800G,sys1-ice2-p-phy-gpu1467,RDMA3,not-collected
79585,leaf-gpu-rdma,sys1-ice2-p-swi-bel15,sw34p2,Active/LinkUp/800G,sys1-ice2-p-phy-gpu1467,RDMA4,not-collected
79586,leaf-gpu-rdma,sys1-ice2-p-swi-bel3,sw35p1,Active/LinkUp/800G,sys1-ice2-p-phy-gpu1468,RDMA1,not-collected
79587,leaf-gpu-rdma,sys1-ice2-p-swi-bel7,sw35p1,Active/LinkUp/800G,sys1-ice2-p-phy-gpu1468,RDMA2,not-collected
79588,leaf-gpu-rdma,sys1-ice2-p-swi-bel11,sw35p1,Active/LinkUp/800G,sys1-ice2-p-phy-gpu1468,RDMA3,not-collected
79589,leaf-gpu-rdma,sys1-ice2-p-swi-bel15,sw35p1,Active/LinkUp/800G,sys1-ice2-p-phy-gpu1468,RDMA4,not-collected
79590,leaf-gpu-rdma,sys1-ice2-p-swi-bel3,sw35p2,Active/LinkUp/800G,sys1-ice2-p-phy-gpu1469,RDMA1,not-collected
79591,leaf-gpu-rdma,sys1-ice2-p-swi-bel7,sw35p2,Active/LinkUp/800G,sys1-ice2-p-phy-gpu1469,RDMA2,not-collected
79592,leaf-gpu-rdma,sys1-ice2-p-swi-bel11,sw35p2,Active/LinkUp/800G,sys1-ice2-p-phy-gpu1469,RDMA3,not-collected
79593,leaf-gpu-rdma,sys1-ice2-p-swi-bel15,sw35p2,Active/LinkUp/800G,sys1-ice2-p-phy-gpu1469,RDMA4,not-collected
79594,leaf-gpu-rdma,sys1-ice2-p-swi-bel3,sw36p1,Active/LinkUp/800G,sys1-ice2-p-phy-gpu1470,RDMA1,not-collected
79595,leaf-gpu-rdma,sys1-ice2-p-swi-bel7,sw36p1,Active/LinkUp/800G,sys1-ice2-p-phy-gpu1470,RDMA2,not-collected
79596,leaf-gpu-rdma,sys1-ice2-p-swi-bel11,sw36p1,Active/LinkUp/800G,sys1-ice2-p-phy-gpu1470,RDMA3,not-collected
79597,leaf-gpu-rdma,sys1-ice2-p-swi-bel15,sw36p1,Active/LinkUp/800G,sys1-ice2-p-phy-gpu1470,RDMA4,not-collected
79598,leaf-gpu-rdma,sys1-ice2-p-swi-bel3,sw36p2,Active/LinkUp/800G,sys1-ice2-p-phy-gpu1471,RDMA1,not-collected
79599,leaf-gpu-rdma,sys1-ice2-p-swi-bel7,sw36p2,Active/LinkUp/800G,sys1-ice2-p-phy-gpu1471,RDMA2,not-collected
79600,leaf-gpu-rdma,sys1-ice2-p-swi-bel11,sw36p2,Active/LinkUp/800G,sys1-ice2-p-phy-gpu1471,RDMA3,not-collected
79601,leaf-gpu-rdma,sys1-ice2-p-swi-bel15,sw36p2,Active/LinkUp/800G,sys1-ice2-p-phy-gpu1471,RDMA4,not-collected
79602,leaf-gpu-rdma,sys1-ice2-p-swi-bel4,sw1p1,Active/LinkUp/800G,sys1-ice2-p-phy-gpu1472,RDMA1,not-collected
79603,leaf-gpu-rdma,sys1-ice2-p-swi-bel8,sw1p1,Active/LinkUp/800G,sys1-ice2-p-phy-gpu1472,RDMA2,not-collected
79604,leaf-gpu-rdma,sys1-ice2-p-swi-bel12,sw1p1,Active/LinkUp/800G,sys1-ice2-p-phy-gpu1472,RDMA3,not-collected
79605,leaf-gpu-rdma,sys1-ice2-p-swi-bel16,sw1p1,Active/LinkUp/800G,sys1-ice2-p-phy-gpu1472,RDMA4,not-collected
79606,leaf-gpu-rdma,sys1-ice2-p-swi-bel4,sw1p2,Active/LinkUp/800G,sys1-ice2-p-phy-gpu1473,RDMA1,not-collected
79607,leaf-gpu-rdma,sys1-ice2-p-swi-bel8,sw1p2,Active/LinkUp/800G,sys1-ice2-p-phy-gpu1473,RDMA2,not-collected
79608,leaf-gpu-rdma,sys1-ice2-p-swi-bel12,sw1p2,Active/LinkUp/800G,sys1-ice2-p-phy-gpu1473,RDMA3,not-collected
79609,leaf-gpu-rdma,sys1-ice2-p-swi-bel16,sw1p2,Active/LinkUp/800G,sys1-ice2-p-phy-gpu1473,RDMA4,not-collected
79610,leaf-gpu-rdma,sys1-ice2-p-swi-bel4,sw2p1,Active/LinkUp/800G,sys1-ice2-p-phy-gpu1474,RDMA1,not-collected
79611,leaf-gpu-rdma,sys1-ice2-p-swi-bel8,sw2p1,Active/LinkUp/800G,sys1-ice2-p-phy-gpu1474,RDMA2,not-collected
79612,leaf-gpu-rdma,sys1-ice2-p-swi-bel12,sw2p1,Active/LinkUp/800G,sys1-ice2-p-phy-gpu1474,RDMA3,not-collected
79613,leaf-gpu-rdma,sys1-ice2-p-swi-bel16,sw2p1,Active/LinkUp/800G,sys1-ice2-p-phy-gpu1474,RDMA4,not-collected
79614,leaf-gpu-rdma,sys1-ice2-p-swi-bel4,sw2p2,Active/LinkUp/800G,sys1-ice2-p-phy-gpu1475,RDMA1,not-collected
79615,leaf-gpu-rdma,sys1-ice2-p-swi-bel8,sw2p2,Active/LinkUp/800G,sys1-ice2-p-phy-gpu1475,RDMA2,not-collected
79616,leaf-gpu-rdma,sys1-ice2-p-swi-bel12,sw2p2,Active/LinkUp/800G,sys1-ice2-p-phy-gpu1475,RDMA3,not-collected
79617,leaf-gpu-rdma,sys1-ice2-p-swi-bel16,sw2p2,Active/LinkUp/800G,sys1-ice2-p-phy-gpu1475,RDMA4,not-collected
79618,leaf-gpu-rdma,sys1-ice2-p-swi-bel4,sw3p1,Active/LinkUp/800G,sys1-ice2-p-phy-gpu1476,RDMA1,not-collected
79619,leaf-gpu-rdma,sys1-ice2-p-swi-bel8,sw3p1,Active/LinkUp/800G,sys1-ice2-p-phy-gpu1476,RDMA2,not-collected
79620,leaf-gpu-rdma,sys1-ice2-p-swi-bel12,sw3p1,Active/LinkUp/800G,sys1-ice2-p-phy-gpu1476,RDMA3,not-collected
79621,leaf-gpu-rdma,sys1-ice2-p-swi-bel16,sw3p1,Active/LinkUp/800G,sys1-ice2-p-phy-gpu1476,RDMA4,not-collected
79622,leaf-gpu-rdma,sys1-ice2-p-swi-bel4,sw3p2,Active/LinkUp/800G,sys1-ice2-p-phy-gpu1477,RDMA1,not-collected
79623,leaf-gpu-rdma,sys1-ice2-p-swi-bel8,sw3p2,Active/LinkUp/800G,sys1-ice2-p-phy-gpu1477,RDMA2,not-collected
79624,leaf-gpu-rdma,sys1-ice2-p-swi-bel12,sw3p2,Active/LinkUp/800G,sys1-ice2-p-phy-gpu1477,RDMA3,not-collected
79625,leaf-gpu-rdma,sys1-ice2-p-swi-bel16,sw3p2,Active/LinkUp/800G,sys1-ice2-p-phy-gpu1477,RDMA4,not-collected
79626,leaf-gpu-rdma,sys1-ice2-p-swi-bel4,sw4p1,Active/LinkUp/800G,sys1-ice2-p-phy-gpu1478,RDMA1,not-collected
79627,leaf-gpu-rdma,sys1-ice2-p-swi-bel8,sw4p1,Active/LinkUp/800G,sys1-ice2-p-phy-gpu1478,RDMA2,not-collected
79628,leaf-gpu-rdma,sys1-ice2-p-swi-bel12,sw4p1,Active/LinkUp/800G,sys1-ice2-p-phy-gpu1478,RDMA3,not-collected
79629,leaf-gpu-rdma,sys1-ice2-p-swi-bel16,sw4p1,Active/LinkUp/800G,sys1-ice2-p-phy-gpu1478,RDMA4,not-collected
79630,leaf-gpu-rdma,sys1-ice2-p-swi-bel4,sw4p2,Active/LinkUp/800G,sys1-ice2-p-phy-gpu1479,RDMA1,not-collected
79631,leaf-gpu-rdma,sys1-ice2-p-swi-bel8,sw4p2,Active/LinkUp/800G,sys1-ice2-p-phy-gpu1479,RDMA2,not-collected
79632,leaf-gpu-rdma,sys1-ice2-p-swi-bel12,sw4p2,Active/LinkUp/800G,sys1-ice2-p-phy-gpu1479,RDMA3,not-collected
79633,leaf-gpu-rdma,sys1-ice2-p-swi-bel16,sw4p2,Active/LinkUp/800G,sys1-ice2-p-phy-gpu1479,RDMA4,not-collected
79634,leaf-gpu-rdma,sys1-ice2-p-swi-bel4,sw5p1,Active/LinkUp/800G,sys1-ice2-p-phy-gpu1480,RDMA1,not-collected
79635,leaf-gpu-rdma,sys1-ice2-p-swi-bel8,sw5p1,Active/LinkUp/800G,sys1-ice2-p-phy-gpu1480,RDMA2,not-collected
79636,leaf-gpu-rdma,sys1-ice2-p-swi-bel12,sw5p1,Active/LinkUp/800G,sys1-ice2-p-phy-gpu1480,RDMA3,not-collected
79637,leaf-gpu-rdma,sys1-ice2-p-swi-bel16,sw5p1,Active/LinkUp/800G,sys1-ice2-p-phy-gpu1480,RDMA4,not-collected
79638,leaf-gpu-rdma,sys1-ice2-p-swi-bel4,sw5p2,Active/LinkUp/800G,sys1-ice2-p-phy-gpu1481,RDMA1,not-collected
79639,leaf-gpu-rdma,sys1-ice2-p-swi-bel8,sw5p2,Active/LinkUp/800G,sys1-ice2-p-phy-gpu1481,RDMA2,not-collected
79640,leaf-gpu-rdma,sys1-ice2-p-swi-bel12,sw5p2,Active/LinkUp/800G,sys1-ice2-p-phy-gpu1481,RDMA3,not-collected
79641,leaf-gpu-rdma,sys1-ice2-p-swi-bel16,sw5p2,Active/LinkUp/800G,sys1-ice2-p-phy-gpu1481,RDMA4,not-collected
79642,leaf-gpu-rdma,sys1-ice2-p-swi-bel4,sw6p1,Active/LinkUp/800G,sys1-ice2-p-phy-gpu1482,RDMA1,not-collected
79643,leaf-gpu-rdma,sys1-ice2-p-swi-bel8,sw6p1,Active/LinkUp/800G,sys1-ice2-p-phy-gpu1482,RDMA2,not-collected
79644,leaf-gpu-rdma,sys1-ice2-p-swi-bel12,sw6p1,Active/LinkUp/800G,sys1-ice2-p-phy-gpu1482,RDMA3,not-collected
79645,leaf-gpu-rdma,sys1-ice2-p-swi-bel16,sw6p1,Active/LinkUp/800G,sys1-ice2-p-phy-gpu1482,RDMA4,not-collected
79646,leaf-gpu-rdma,sys1-ice2-p-swi-bel4,sw6p2,Active/LinkUp/800G,sys1-ice2-p-phy-gpu1483,RDMA1,not-collected
79647,leaf-gpu-rdma,sys1-ice2-p-swi-bel8,sw6p2,Active/LinkUp/800G,sys1-ice2-p-phy-gpu1483,RDMA2,not-collected
79648,leaf-gpu-rdma,sys1-ice2-p-swi-bel12,sw6p2,Active/LinkUp/800G,sys1-ice2-p-phy-gpu1483,RDMA3,not-collected
79649,leaf-gpu-rdma,sys1-ice2-p-swi-bel16,sw6p2,Active/LinkUp/800G,sys1-ice2-p-phy-gpu1483,RDMA4,not-collected
79650,leaf-gpu-rdma,sys1-ice2-p-swi-bel4,sw7p1,Active/LinkUp/800G,sys1-ice2-p-phy-gpu1484,RDMA1,not-collected
79651,leaf-gpu-rdma,sys1-ice2-p-swi-bel8,sw7p1,Active/LinkUp/800G,sys1-ice2-p-phy-gpu1484,RDMA2,not-collected
79652,leaf-gpu-rdma,sys1-ice2-p-swi-bel12,sw7p1,Active/LinkUp/800G,sys1-ice2-p-phy-gpu1484,RDMA3,not-collected
79653,leaf-gpu-rdma,sys1-ice2-p-swi-bel16,sw7p1,Active/LinkUp/800G,sys1-ice2-p-phy-gpu1484,RDMA4,not-collected
79654,leaf-gpu-rdma,sys1-ice2-p-swi-bel4,sw7p2,Active/LinkUp/800G,sys1-ice2-p-phy-gpu1485,RDMA1,not-collected
79655,leaf-gpu-rdma,sys1-ice2-p-swi-bel8,sw7p2,Active/LinkUp/800G,sys1-ice2-p-phy-gpu1485,RDMA2,not-collected
79656,leaf-gpu-rdma,sys1-ice2-p-swi-bel12,sw7p2,Active/LinkUp/800G,sys1-ice2-p-phy-gpu1485,RDMA3,not-collected
79657,leaf-gpu-rdma,sys1-ice2-p-swi-bel16,sw7p2,Active/LinkUp/800G,sys1-ice2-p-phy-gpu1485,RDMA4,not-collected
79658,leaf-gpu-rdma,sys1-ice2-p-swi-bel4,sw8p1,Active/LinkUp/800G,sys1-ice2-p-phy-gpu1486,RDMA1,not-collected
79659,leaf-gpu-rdma,sys1-ice2-p-swi-bel8,sw8p1,Active/LinkUp/800G,sys1-ice2-p-phy-gpu1486,RDMA2,not-collected
79660,leaf-gpu-rdma,sys1-ice2-p-swi-bel12,sw8p1,Active/LinkUp/800G,sys1-ice2-p-phy-gpu1486,RDMA3,not-collected
79661,leaf-gpu-rdma,sys1-ice2-p-swi-bel16,sw8p1,Active/LinkUp/800G,sys1-ice2-p-phy-gpu1486,RDMA4,not-collected
79662,leaf-gpu-rdma,sys1-ice2-p-swi-bel4,sw8p2,Active/LinkUp/800G,sys1-ice2-p-phy-gpu1487,RDMA1,not-collected
79663,leaf-gpu-rdma,sys1-ice2-p-swi-bel8,sw8p2,Active/LinkUp/800G,sys1-ice2-p-phy-gpu1487,RDMA2,not-collected
79664,leaf-gpu-rdma,sys1-ice2-p-swi-bel12,sw8p2,Active/LinkUp/800G,sys1-ice2-p-phy-gpu1487,RDMA3,not-collected
79665,leaf-gpu-rdma,sys1-ice2-p-swi-bel16,sw8p2,Active/LinkUp/800G,sys1-ice2-p-phy-gpu1487,RDMA4,not-collected
79666,leaf-gpu-rdma,sys1-ice2-p-swi-bel4,sw9p1,Active/LinkUp/800G,sys1-ice2-p-phy-gpu1488,RDMA1,not-collected
79667,leaf-gpu-rdma,sys1-ice2-p-swi-bel8,sw9p1,Active/LinkUp/800G,sys1-ice2-p-phy-gpu1488,RDMA2,not-collected
79668,leaf-gpu-rdma,sys1-ice2-p-swi-bel12,sw9p1,Active/LinkUp/800G,sys1-ice2-p-phy-gpu1488,RDMA3,not-collected
79669,leaf-gpu-rdma,sys1-ice2-p-swi-bel16,sw9p1,Active/LinkUp/800G,sys1-ice2-p-phy-gpu1488,RDMA4,not-collected
79670,leaf-gpu-rdma,sys1-ice2-p-swi-bel4,sw9p2,Active/LinkUp/800G,sys1-ice2-p-phy-gpu1489,RDMA1,not-collected
79671,leaf-gpu-rdma,sys1-ice2-p-swi-bel8,sw9p2,Active/LinkUp/800G,sys1-ice2-p-phy-gpu1489,RDMA2,not-collected
79672,leaf-gpu-rdma,sys1-ice2-p-swi-bel12,sw9p2,Active/LinkUp/800G,sys1-ice2-p-phy-gpu1489,RDMA3,not-collected
79673,leaf-gpu-rdma,sys1-ice2-p-swi-bel16,sw9p2,Active/LinkUp/800G,sys1-ice2-p-phy-gpu1489,RDMA4,not-collected
79674,leaf-gpu-rdma,sys1-ice2-p-swi-bel4,sw10p1,Active/LinkUp/800G,sys1-ice2-p-phy-gpu1490,RDMA1,not-collected
79675,leaf-gpu-rdma,sys1-ice2-p-swi-bel8,sw10p1,Active/LinkUp/800G,sys1-ice2-p-phy-gpu1490,RDMA2,not-collected
79676,leaf-gpu-rdma,sys1-ice2-p-swi-bel12,sw10p1,Active/LinkUp/800G,sys1-ice2-p-phy-gpu1490,RDMA3,not-collected
79677,leaf-gpu-rdma,sys1-ice2-p-swi-bel16,sw10p1,Active/LinkUp/800G,sys1-ice2-p-phy-gpu1490,RDMA4,not-collected
79678,leaf-gpu-rdma,sys1-ice2-p-swi-bel4,sw10p2,Active/LinkUp/800G,sys1-ice2-p-phy-gpu1491,RDMA1,not-collected
79679,leaf-gpu-rdma,sys1-ice2-p-swi-bel8,sw10p2,Active/LinkUp/800G,sys1-ice2-p-phy-gpu1491,RDMA2,not-collected
79680,leaf-gpu-rdma,sys1-ice2-p-swi-bel12,sw10p2,Active/LinkUp/800G,sys1-ice2-p-phy-gpu1491,RDMA3,not-collected
79681,leaf-gpu-rdma,sys1-ice2-p-swi-bel16,sw10p2,Active/LinkUp/800G,sys1-ice2-p-phy-gpu1491,RDMA4,not-collected
79682,leaf-gpu-rdma,sys1-ice2-p-swi-bel4,sw11p1,Active/LinkUp/800G,sys1-ice2-p-phy-gpu1492,RDMA1,not-collected
79683,leaf-gpu-rdma,sys1-ice2-p-swi-bel8,sw11p1,Down/Polling/,sys1-ice2-p-phy-gpu1492,RDMA2,not-collected
79684,leaf-gpu-rdma,sys1-ice2-p-swi-bel12,sw11p1,Active/LinkUp/800G,sys1-ice2-p-phy-gpu1492,RDMA3,not-collected
79685,leaf-gpu-rdma,sys1-ice2-p-swi-bel16,sw11p1,Down/Polling/,sys1-ice2-p-phy-gpu1492,RDMA4,not-collected
79686,leaf-gpu-rdma,sys1-ice2-p-swi-bel4,sw11p2,Active/LinkUp/800G,sys1-ice2-p-phy-gpu1493,RDMA1,not-collected
79687,leaf-gpu-rdma,sys1-ice2-p-swi-bel8,sw11p2,Active/LinkUp/800G,sys1-ice2-p-phy-gpu1493,RDMA2,not-collected
79688,leaf-gpu-rdma,sys1-ice2-p-swi-bel12,sw11p2,Active/LinkUp/800G,sys1-ice2-p-phy-gpu1493,RDMA3,not-collected
79689,leaf-gpu-rdma,sys1-ice2-p-swi-bel16,sw11p2,Active/LinkUp/800G,sys1-ice2-p-phy-gpu1493,RDMA4,not-collected
79690,leaf-gpu-rdma,sys1-ice2-p-swi-bel4,sw12p1,Active/LinkUp/800G,sys1-ice2-p-phy-gpu1494,RDMA1,not-collected
79691,leaf-gpu-rdma,sys1-ice2-p-swi-bel8,sw12p1,Active/LinkUp/800G,sys1-ice2-p-phy-gpu1494,RDMA2,not-collected
79692,leaf-gpu-rdma,sys1-ice2-p-swi-bel12,sw12p1,Active/LinkUp/800G,sys1-ice2-p-phy-gpu1494,RDMA3,not-collected
79693,leaf-gpu-rdma,sys1-ice2-p-swi-bel16,sw12p1,Active/LinkUp/800G,sys1-ice2-p-phy-gpu1494,RDMA4,not-collected
79694,leaf-gpu-rdma,sys1-ice2-p-swi-bel4,sw12p2,Active/LinkUp/800G,sys1-ice2-p-phy-gpu1495,RDMA1,not-collected
79695,leaf-gpu-rdma,sys1-ice2-p-swi-bel8,sw12p2,Active/LinkUp/800G,sys1-ice2-p-phy-gpu1495,RDMA2,not-collected
79696,leaf-gpu-rdma,sys1-ice2-p-swi-bel12,sw12p2,Active/LinkUp/800G,sys1-ice2-p-phy-gpu1495,RDMA3,not-collected
79697,leaf-gpu-rdma,sys1-ice2-p-swi-bel16,sw12p2,Active/LinkUp/800G,sys1-ice2-p-phy-gpu1495,RDMA4,not-collected
79698,leaf-gpu-rdma,sys1-ice2-p-swi-bel4,sw13p1,Active/LinkUp/800G,sys1-ice2-p-phy-gpu1496,RDMA1,not-collected
79699,leaf-gpu-rdma,sys1-ice2-p-swi-bel8,sw13p1,Active/LinkUp/800G,sys1-ice2-p-phy-gpu1496,RDMA2,not-collected
79700,leaf-gpu-rdma,sys1-ice2-p-swi-bel12,sw13p1,Active/LinkUp/800G,sys1-ice2-p-phy-gpu1496,RDMA3,not-collected
79701,leaf-gpu-rdma,sys1-ice2-p-swi-bel16,sw13p1,Active/LinkUp/800G,sys1-ice2-p-phy-gpu1496,RDMA4,not-collected
79702,leaf-gpu-rdma,sys1-ice2-p-swi-bel4,sw13p2,Active/LinkUp/800G,sys1-ice2-p-phy-gpu1497,RDMA1,not-collected
79703,leaf-gpu-rdma,sys1-ice2-p-swi-bel8,sw13p2,Active/LinkUp/800G,sys1-ice2-p-phy-gpu1497,RDMA2,not-collected
79704,leaf-gpu-rdma,sys1-ice2-p-swi-bel12,sw13p2,Active/LinkUp/800G,sys1-ice2-p-phy-gpu1497,RDMA3,not-collected
79705,leaf-gpu-rdma,sys1-ice2-p-swi-bel16,sw13p2,Active/LinkUp/800G,sys1-ice2-p-phy-gpu1497,RDMA4,not-collected
79706,leaf-gpu-rdma,sys1-ice2-p-swi-bel4,sw14p1,Active/LinkUp/800G,sys1-ice2-p-phy-gpu1498,RDMA1,not-collected
79707,leaf-gpu-rdma,sys1-ice2-p-swi-bel8,sw14p1,Active/LinkUp/800G,sys1-ice2-p-phy-gpu1498,RDMA2,not-collected
79708,leaf-gpu-rdma,sys1-ice2-p-swi-bel12,sw14p1,Active/LinkUp/800G,sys1-ice2-p-phy-gpu1498,RDMA3,not-collected
79709,leaf-gpu-rdma,sys1-ice2-p-swi-bel16,sw14p1,Active/LinkUp/800G,sys1-ice2-p-phy-gpu1498,RDMA4,not-collected
79710,leaf-gpu-rdma,sys1-ice2-p-swi-bel4,sw14p2,Active/LinkUp/800G,sys1-ice2-p-phy-gpu1499,RDMA1,not-collected
79711,leaf-gpu-rdma,sys1-ice2-p-swi-bel8,sw14p2,Active/LinkUp/800G,sys1-ice2-p-phy-gpu1499,RDMA2,not-collected
79712,leaf-gpu-rdma,sys1-ice2-p-swi-bel12,sw14p2,Active/LinkUp/800G,sys1-ice2-p-phy-gpu1499,RDMA3,not-collected
79713,leaf-gpu-rdma,sys1-ice2-p-swi-bel16,sw14p2,Active/LinkUp/800G,sys1-ice2-p-phy-gpu1499,RDMA4,not-collected
79714,leaf-gpu-rdma,sys1-ice2-p-swi-bel4,sw15p1,Active/LinkUp/800G,sys1-ice2-p-phy-gpu1500,RDMA1,not-collected
79715,leaf-gpu-rdma,sys1-ice2-p-swi-bel8,sw15p1,Active/LinkUp/800G,sys1-ice2-p-phy-gpu1500,RDMA2,not-collected
79716,leaf-gpu-rdma,sys1-ice2-p-swi-bel12,sw15p1,Active/LinkUp/800G,sys1-ice2-p-phy-gpu1500,RDMA3,not-collected
79717,leaf-gpu-rdma,sys1-ice2-p-swi-bel16,sw15p1,Active/LinkUp/800G,sys1-ice2-p-phy-gpu1500,RDMA4,not-collected
79718,leaf-gpu-rdma,sys1-ice2-p-swi-bel4,sw15p2,Active/LinkUp/800G,sys1-ice2-p-phy-gpu1501,RDMA1,not-collected
79719,leaf-gpu-rdma,sys1-ice2-p-swi-bel8,sw15p2,Active/LinkUp/800G,sys1-ice2-p-phy-gpu1501,RDMA2,not-collected
79720,leaf-gpu-rdma,sys1-ice2-p-swi-bel12,sw15p2,Active/LinkUp/800G,sys1-ice2-p-phy-gpu1501,RDMA3,not-collected
79721,leaf-gpu-rdma,sys1-ice2-p-swi-bel16,sw15p2,Active/LinkUp/800G,sys1-ice2-p-phy-gpu1501,RDMA4,not-collected
79722,leaf-gpu-rdma,sys1-ice2-p-swi-bel4,sw16p1,Active/LinkUp/800G,sys1-ice2-p-phy-gpu1502,RDMA1,not-collected
79723,leaf-gpu-rdma,sys1-ice2-p-swi-bel8,sw16p1,Active/LinkUp/800G,sys1-ice2-p-phy-gpu1502,RDMA2,not-collected
79724,leaf-gpu-rdma,sys1-ice2-p-swi-bel12,sw16p1,Active/LinkUp/800G,sys1-ice2-p-phy-gpu1502,RDMA3,not-collected
79725,leaf-gpu-rdma,sys1-ice2-p-swi-bel16,sw16p1,Active/LinkUp/800G,sys1-ice2-p-phy-gpu1502,RDMA4,not-collected
79726,leaf-gpu-rdma,sys1-ice2-p-swi-bel4,sw16p2,Active/LinkUp/800G,sys1-ice2-p-phy-gpu1503,RDMA1,not-collected
79727,leaf-gpu-rdma,sys1-ice2-p-swi-bel8,sw16p2,Active/LinkUp/800G,sys1-ice2-p-phy-gpu1503,RDMA2,not-collected
79728,leaf-gpu-rdma,sys1-ice2-p-swi-bel12,sw16p2,Active/LinkUp/800G,sys1-ice2-p-phy-gpu1503,RDMA3,not-collected
79729,leaf-gpu-rdma,sys1-ice2-p-swi-bel16,sw16p2,Active/LinkUp/800G,sys1-ice2-p-phy-gpu1503,RDMA4,not-collected
79730,leaf-gpu-rdma,sys1-ice2-p-swi-bel4,sw17p1,Active/LinkUp/800G,sys1-ice2-p-phy-gpu1504,RDMA1,not-collected
79731,leaf-gpu-rdma,sys1-ice2-p-swi-bel8,sw17p1,Active/LinkUp/800G,sys1-ice2-p-phy-gpu1504,RDMA2,not-collected
79732,leaf-gpu-rdma,sys1-ice2-p-swi-bel12,sw17p1,Active/LinkUp/800G,sys1-ice2-p-phy-gpu1504,RDMA3,not-collected
79733,leaf-gpu-rdma,sys1-ice2-p-swi-bel16,sw17p1,Active/LinkUp/800G,sys1-ice2-p-phy-gpu1504,RDMA4,not-collected
79734,leaf-gpu-rdma,sys1-ice2-p-swi-bel4,sw17p2,Active/LinkUp/800G,sys1-ice2-p-phy-gpu1505,RDMA1,not-collected
79735,leaf-gpu-rdma,sys1-ice2-p-swi-bel8,sw17p2,Active/LinkUp/800G,sys1-ice2-p-phy-gpu1505,RDMA2,not-collected
79736,leaf-gpu-rdma,sys1-ice2-p-swi-bel12,sw17p2,Active/LinkUp/800G,sys1-ice2-p-phy-gpu1505,RDMA3,not-collected
79737,leaf-gpu-rdma,sys1-ice2-p-swi-bel16,sw17p2,Active/LinkUp/800G,sys1-ice2-p-phy-gpu1505,RDMA4,not-collected
79738,leaf-gpu-rdma,sys1-ice2-p-swi-bel4,sw18p1,Active/LinkUp/800G,sys1-ice2-p-phy-gpu1506,RDMA1,not-collected
79739,leaf-gpu-rdma,sys1-ice2-p-swi-bel8,sw18p1,Active/LinkUp/800G,sys1-ice2-p-phy-gpu1506,RDMA2,not-collected
79740,leaf-gpu-rdma,sys1-ice2-p-swi-bel12,sw18p1,Active/LinkUp/800G,sys1-ice2-p-phy-gpu1506,RDMA3,not-collected
79741,leaf-gpu-rdma,sys1-ice2-p-swi-bel16,sw18p1,Active/LinkUp/800G,sys1-ice2-p-phy-gpu1506,RDMA4,not-collected
79742,leaf-gpu-rdma,sys1-ice2-p-swi-bel4,sw18p2,Active/LinkUp/800G,sys1-ice2-p-phy-gpu1507,RDMA1,not-collected
79743,leaf-gpu-rdma,sys1-ice2-p-swi-bel8,sw18p2,Active/LinkUp/800G,sys1-ice2-p-phy-gpu1507,RDMA2,not-collected
79744,leaf-gpu-rdma,sys1-ice2-p-swi-bel12,sw18p2,Active/LinkUp/800G,sys1-ice2-p-phy-gpu1507,RDMA3,not-collected
79745,leaf-gpu-rdma,sys1-ice2-p-swi-bel16,sw18p2,Active/LinkUp/800G,sys1-ice2-p-phy-gpu1507,RDMA4,not-collected
79746,leaf-gpu-rdma,sys1-ice2-p-swi-bel4,sw19p1,Active/LinkUp/800G,sys1-ice2-p-phy-gpu1508,RDMA1,not-collected
79747,leaf-gpu-rdma,sys1-ice2-p-swi-bel8,sw19p1,Active/LinkUp/800G,sys1-ice2-p-phy-gpu1508,RDMA2,not-collected
79748,leaf-gpu-rdma,sys1-ice2-p-swi-bel12,sw19p1,Active/LinkUp/800G,sys1-ice2-p-phy-gpu1508,RDMA3,not-collected
79749,leaf-gpu-rdma,sys1-ice2-p-swi-bel16,sw19p1,Active/LinkUp/800G,sys1-ice2-p-phy-gpu1508,RDMA4,not-collected
79750,leaf-gpu-rdma,sys1-ice2-p-swi-bel4,sw19p2,Active/LinkUp/800G,sys1-ice2-p-phy-gpu1509,RDMA1,not-collected
79751,leaf-gpu-rdma,sys1-ice2-p-swi-bel8,sw19p2,Active/LinkUp/800G,sys1-ice2-p-phy-gpu1509,RDMA2,not-collected
79752,leaf-gpu-rdma,sys1-ice2-p-swi-bel12,sw19p2,Active/LinkUp/800G,sys1-ice2-p-phy-gpu1509,RDMA3,not-collected
79753,leaf-gpu-rdma,sys1-ice2-p-swi-bel16,sw19p2,Active/LinkUp/800G,sys1-ice2-p-phy-gpu1509,RDMA4,not-collected
79754,leaf-gpu-rdma,sys1-ice2-p-swi-bel4,sw20p1,Active/LinkUp/800G,sys1-ice2-p-phy-gpu1510,RDMA1,not-collected
79755,leaf-gpu-rdma,sys1-ice2-p-swi-bel8,sw20p1,Active/LinkUp/800G,sys1-ice2-p-phy-gpu1510,RDMA2,not-collected
79756,leaf-gpu-rdma,sys1-ice2-p-swi-bel12,sw20p1,Active/LinkUp/800G,sys1-ice2-p-phy-gpu1510,RDMA3,not-collected
79757,leaf-gpu-rdma,sys1-ice2-p-swi-bel16,sw20p1,Active/LinkUp/800G,sys1-ice2-p-phy-gpu1510,RDMA4,not-collected
79758,leaf-gpu-rdma,sys1-ice2-p-swi-bel4,sw20p2,Active/LinkUp/800G,sys1-ice2-p-phy-gpu1511,RDMA1,not-collected
79759,leaf-gpu-rdma,sys1-ice2-p-swi-bel8,sw20p2,Active/LinkUp/800G,sys1-ice2-p-phy-gpu1511,RDMA2,not-collected
79760,leaf-gpu-rdma,sys1-ice2-p-swi-bel12,sw20p2,Active/LinkUp/800G,sys1-ice2-p-phy-gpu1511,RDMA3,not-collected
79761,leaf-gpu-rdma,sys1-ice2-p-swi-bel16,sw20p2,Active/LinkUp/800G,sys1-ice2-p-phy-gpu1511,RDMA4,not-collected
79762,leaf-gpu-rdma,sys1-ice2-p-swi-bel4,sw21p1,Active/LinkUp/800G,sys1-ice2-p-phy-gpu1512,RDMA1,not-collected
79763,leaf-gpu-rdma,sys1-ice2-p-swi-bel8,sw21p1,Active/LinkUp/800G,sys1-ice2-p-phy-gpu1512,RDMA2,not-collected
79764,leaf-gpu-rdma,sys1-ice2-p-swi-bel12,sw21p1,Active/LinkUp/800G,sys1-ice2-p-phy-gpu1512,RDMA3,not-collected
79765,leaf-gpu-rdma,sys1-ice2-p-swi-bel16,sw21p1,Active/LinkUp/800G,sys1-ice2-p-phy-gpu1512,RDMA4,not-collected
79766,leaf-gpu-rdma,sys1-ice2-p-swi-bel4,sw21p2,Active/LinkUp/800G,sys1-ice2-p-phy-gpu1513,RDMA1,not-collected
79767,leaf-gpu-rdma,sys1-ice2-p-swi-bel8,sw21p2,Active/LinkUp/800G,sys1-ice2-p-phy-gpu1513,RDMA2,not-collected
79768,leaf-gpu-rdma,sys1-ice2-p-swi-bel12,sw21p2,Active/LinkUp/800G,sys1-ice2-p-phy-gpu1513,RDMA3,not-collected
79769,leaf-gpu-rdma,sys1-ice2-p-swi-bel16,sw21p2,Active/LinkUp/800G,sys1-ice2-p-phy-gpu1513,RDMA4,not-collected
79770,leaf-gpu-rdma,sys1-ice2-p-swi-bel4,sw22p1,Active/LinkUp/800G,sys1-ice2-p-phy-gpu1514,RDMA1,not-collected
79771,leaf-gpu-rdma,sys1-ice2-p-swi-bel8,sw22p1,Active/LinkUp/800G,sys1-ice2-p-phy-gpu1514,RDMA2,not-collected
79772,leaf-gpu-rdma,sys1-ice2-p-swi-bel12,sw22p1,Active/LinkUp/800G,sys1-ice2-p-phy-gpu1514,RDMA3,not-collected
79773,leaf-gpu-rdma,sys1-ice2-p-swi-bel16,sw22p1,Active/LinkUp/800G,sys1-ice2-p-phy-gpu1514,RDMA4,not-collected
79774,leaf-gpu-rdma,sys1-ice2-p-swi-bel4,sw22p2,Active/LinkUp/800G,sys1-ice2-p-phy-gpu1515,RDMA1,not-collected
79775,leaf-gpu-rdma,sys1-ice2-p-swi-bel8,sw22p2,Active/LinkUp/800G,sys1-ice2-p-phy-gpu1515,RDMA2,not-collected
79776,leaf-gpu-rdma,sys1-ice2-p-swi-bel12,sw22p2,Active/LinkUp/800G,sys1-ice2-p-phy-gpu1515,RDMA3,not-collected
79777,leaf-gpu-rdma,sys1-ice2-p-swi-bel16,sw22p2,Active/LinkUp/800G,sys1-ice2-p-phy-gpu1515,RDMA4,not-collected
79778,leaf-gpu-rdma,sys1-ice2-p-swi-bel4,sw23p1,Active/LinkUp/800G,sys1-ice2-p-phy-gpu1516,RDMA1,not-collected
79779,leaf-gpu-rdma,sys1-ice2-p-swi-bel8,sw23p1,Active/LinkUp/800G,sys1-ice2-p-phy-gpu1516,RDMA2,not-collected
79780,leaf-gpu-rdma,sys1-ice2-p-swi-bel12,sw23p1,Active/LinkUp/800G,sys1-ice2-p-phy-gpu1516,RDMA3,not-collected
79781,leaf-gpu-rdma,sys1-ice2-p-swi-bel16,sw23p1,Active/LinkUp/800G,sys1-ice2-p-phy-gpu1516,RDMA4,not-collected
79782,leaf-gpu-rdma,sys1-ice2-p-swi-bel4,sw23p2,Active/LinkUp/800G,sys1-ice2-p-phy-gpu1517,RDMA1,not-collected
79783,leaf-gpu-rdma,sys1-ice2-p-swi-bel8,sw23p2,Active/LinkUp/800G,sys1-ice2-p-phy-gpu1517,RDMA2,not-collected
79784,leaf-gpu-rdma,sys1-ice2-p-swi-bel12,sw23p2,Active/LinkUp/800G,sys1-ice2-p-phy-gpu1517,RDMA3,not-collected
79785,leaf-gpu-rdma,sys1-ice2-p-swi-bel16,sw23p2,Active/LinkUp/800G,sys1-ice2-p-phy-gpu1517,RDMA4,not-collected
79786,leaf-gpu-rdma,sys1-ice2-p-swi-bel4,sw24p1,Active/LinkUp/800G,sys1-ice2-p-phy-gpu1518,RDMA1,not-collected
79787,leaf-gpu-rdma,sys1-ice2-p-swi-bel8,sw24p1,Active/LinkUp/800G,sys1-ice2-p-phy-gpu1518,RDMA2,not-collected
79788,leaf-gpu-rdma,sys1-ice2-p-swi-bel12,sw24p1,Active/LinkUp/800G,sys1-ice2-p-phy-gpu1518,RDMA3,not-collected
79789,leaf-gpu-rdma,sys1-ice2-p-swi-bel16,sw24p1,Active/LinkUp/800G,sys1-ice2-p-phy-gpu1518,RDMA4,not-collected
79790,leaf-gpu-rdma,sys1-ice2-p-swi-bel4,sw24p2,Active/LinkUp/800G,sys1-ice2-p-phy-gpu1519,RDMA1,not-collected
79791,leaf-gpu-rdma,sys1-ice2-p-swi-bel8,sw24p2,Active/LinkUp/800G,sys1-ice2-p-phy-gpu1519,RDMA2,not-collected
79792,leaf-gpu-rdma,sys1-ice2-p-swi-bel12,sw24p2,Active/LinkUp/800G,sys1-ice2-p-phy-gpu1519,RDMA3,not-collected
79793,leaf-gpu-rdma,sys1-ice2-p-swi-bel16,sw24p2,Active/LinkUp/800G,sys1-ice2-p-phy-gpu1519,RDMA4,not-collected
79794,leaf-gpu-rdma,sys1-ice2-p-swi-bel4,sw25p1,Active/LinkUp/800G,sys1-ice2-p-phy-gpu1520,RDMA1,not-collected
79795,leaf-gpu-rdma,sys1-ice2-p-swi-bel8,sw25p1,Active/LinkUp/800G,sys1-ice2-p-phy-gpu1520,RDMA2,not-collected
79796,leaf-gpu-rdma,sys1-ice2-p-swi-bel12,sw25p1,Active/LinkUp/800G,sys1-ice2-p-phy-gpu1520,RDMA3,not-collected
79797,leaf-gpu-rdma,sys1-ice2-p-swi-bel16,sw25p1,Active/LinkUp/800G,sys1-ice2-p-phy-gpu1520,RDMA4,not-collected
79798,leaf-gpu-rdma,sys1-ice2-p-swi-bel4,sw25p2,Active/LinkUp/800G,sys1-ice2-p-phy-gpu1521,RDMA1,not-collected
79799,leaf-gpu-rdma,sys1-ice2-p-swi-bel8,sw25p2,Active/LinkUp/800G,sys1-ice2-p-phy-gpu1521,RDMA2,not-collected
79800,leaf-gpu-rdma,sys1-ice2-p-swi-bel12,sw25p2,Active/LinkUp/800G,sys1-ice2-p-phy-gpu1521,RDMA3,not-collected
79801,leaf-gpu-rdma,sys1-ice2-p-swi-bel16,sw25p2,Active/LinkUp/800G,sys1-ice2-p-phy-gpu1521,RDMA4,not-collected
79802,leaf-gpu-rdma,sys1-ice2-p-swi-bel4,sw26p1,Active/LinkUp/800G,sys1-ice2-p-phy-gpu1522,RDMA1,not-collected
79803,leaf-gpu-rdma,sys1-ice2-p-swi-bel8,sw26p1,Active/LinkUp/800G,sys1-ice2-p-phy-gpu1522,RDMA2,not-collected
79804,leaf-gpu-rdma,sys1-ice2-p-swi-bel12,sw26p1,Active/LinkUp/800G,sys1-ice2-p-phy-gpu1522,RDMA3,not-collected
79805,leaf-gpu-rdma,sys1-ice2-p-swi-bel16,sw26p1,Active/LinkUp/800G,sys1-ice2-p-phy-gpu1522,RDMA4,not-collected
79806,leaf-gpu-rdma,sys1-ice2-p-swi-bel4,sw26p2,Active/LinkUp/800G,sys1-ice2-p-phy-gpu1523,RDMA1,not-collected
79807,leaf-gpu-rdma,sys1-ice2-p-swi-bel8,sw26p2,Active/LinkUp/800G,sys1-ice2-p-phy-gpu1523,RDMA2,not-collected
79808,leaf-gpu-rdma,sys1-ice2-p-swi-bel12,sw26p2,Active/LinkUp/800G,sys1-ice2-p-phy-gpu1523,RDMA3,not-collected
79809,leaf-gpu-rdma,sys1-ice2-p-swi-bel16,sw26p2,Active/LinkUp/800G,sys1-ice2-p-phy-gpu1523,RDMA4,not-collected
79810,leaf-gpu-rdma,sys1-ice2-p-swi-bel4,sw27p1,Active/LinkUp/800G,sys1-ice2-p-phy-gpu1524,RDMA1,not-collected
79811,leaf-gpu-rdma,sys1-ice2-p-swi-bel8,sw27p1,Active/LinkUp/800G,sys1-ice2-p-phy-gpu1524,RDMA2,not-collected
79812,leaf-gpu-rdma,sys1-ice2-p-swi-bel12,sw27p1,Active/LinkUp/800G,sys1-ice2-p-phy-gpu1524,RDMA3,not-collected
79813,leaf-gpu-rdma,sys1-ice2-p-swi-bel16,sw27p1,Active/LinkUp/800G,sys1-ice2-p-phy-gpu1524,RDMA4,not-collected
79814,leaf-gpu-rdma,sys1-ice2-p-swi-bel4,sw27p2,Active/LinkUp/800G,sys1-ice2-p-phy-gpu1525,RDMA1,not-collected
79815,leaf-gpu-rdma,sys1-ice2-p-swi-bel8,sw27p2,Active/LinkUp/800G,sys1-ice2-p-phy-gpu1525,RDMA2,not-collected
79816,leaf-gpu-rdma,sys1-ice2-p-swi-bel12,sw27p2,Active/LinkUp/800G,sys1-ice2-p-phy-gpu1525,RDMA3,not-collected
79817,leaf-gpu-rdma,sys1-ice2-p-swi-bel16,sw27p2,Active/LinkUp/800G,sys1-ice2-p-phy-gpu1525,RDMA4,not-collected
79818,leaf-gpu-rdma,sys1-ice2-p-swi-bel4,sw28p1,Active/LinkUp/800G,sys1-ice2-p-phy-gpu1526,RDMA1,not-collected
79819,leaf-gpu-rdma,sys1-ice2-p-swi-bel8,sw28p1,Active/LinkUp/800G,sys1-ice2-p-phy-gpu1526,RDMA2,not-collected
79820,leaf-gpu-rdma,sys1-ice2-p-swi-bel12,sw28p1,Active/LinkUp/800G,sys1-ice2-p-phy-gpu1526,RDMA3,not-collected
79821,leaf-gpu-rdma,sys1-ice2-p-swi-bel16,sw28p1,Active/LinkUp/800G,sys1-ice2-p-phy-gpu1526,RDMA4,not-collected
79822,leaf-gpu-rdma,sys1-ice2-p-swi-bel4,sw28p2,Active/LinkUp/800G,sys1-ice2-p-phy-gpu1527,RDMA1,not-collected
79823,leaf-gpu-rdma,sys1-ice2-p-swi-bel8,sw28p2,Active/LinkUp/800G,sys1-ice2-p-phy-gpu1527,RDMA2,not-collected
79824,leaf-gpu-rdma,sys1-ice2-p-swi-bel12,sw28p2,Active/LinkUp/800G,sys1-ice2-p-phy-gpu1527,RDMA3,not-collected
79825,leaf-gpu-rdma,sys1-ice2-p-swi-bel16,sw28p2,Active/LinkUp/800G,sys1-ice2-p-phy-gpu1527,RDMA4,not-collected
79826,leaf-gpu-rdma,sys1-ice2-p-swi-bel4,sw29p1,Active/LinkUp/800G,sys1-ice2-p-phy-gpu1528,RDMA1,not-collected
79827,leaf-gpu-rdma,sys1-ice2-p-swi-bel8,sw29p1,Active/LinkUp/800G,sys1-ice2-p-phy-gpu1528,RDMA2,not-collected
79828,leaf-gpu-rdma,sys1-ice2-p-swi-bel12,sw29p1,Active/LinkUp/800G,sys1-ice2-p-phy-gpu1528,RDMA3,not-collected
79829,leaf-gpu-rdma,sys1-ice2-p-swi-bel16,sw29p1,Active/LinkUp/800G,sys1-ice2-p-phy-gpu1528,RDMA4,not-collected
79830,leaf-gpu-rdma,sys1-ice2-p-swi-bel4,sw29p2,Active/LinkUp/800G,sys1-ice2-p-phy-gpu1529,RDMA1,not-collected
79831,leaf-gpu-rdma,sys1-ice2-p-swi-bel8,sw29p2,Active/LinkUp/800G,sys1-ice2-p-phy-gpu1529,RDMA2,not-collected
79832,leaf-gpu-rdma,sys1-ice2-p-swi-bel12,sw29p2,Active/LinkUp/800G,sys1-ice2-p-phy-gpu1529,RDMA3,not-collected
79833,leaf-gpu-rdma,sys1-ice2-p-swi-bel16,sw29p2,Active/LinkUp/800G,sys1-ice2-p-phy-gpu1529,RDMA4,not-collected
79834,leaf-gpu-rdma,sys1-ice2-p-swi-bel4,sw30p1,Active/LinkUp/800G,sys1-ice2-p-phy-gpu1530,RDMA1,not-collected
79835,leaf-gpu-rdma,sys1-ice2-p-swi-bel8,sw30p1,Active/LinkUp/800G,sys1-ice2-p-phy-gpu1530,RDMA2,not-collected
79836,leaf-gpu-rdma,sys1-ice2-p-swi-bel12,sw30p1,Active/LinkUp/800G,sys1-ice2-p-phy-gpu1530,RDMA3,not-collected
79837,leaf-gpu-rdma,sys1-ice2-p-swi-bel16,sw30p1,Active/LinkUp/800G,sys1-ice2-p-phy-gpu1530,RDMA4,not-collected
79838,leaf-gpu-rdma,sys1-ice2-p-swi-bel4,sw30p2,Active/LinkUp/800G,sys1-ice2-p-phy-gpu1531,RDMA1,not-collected
79839,leaf-gpu-rdma,sys1-ice2-p-swi-bel8,sw30p2,Active/LinkUp/800G,sys1-ice2-p-phy-gpu1531,RDMA2,not-collected
79840,leaf-gpu-rdma,sys1-ice2-p-swi-bel12,sw30p2,Active/LinkUp/800G,sys1-ice2-p-phy-gpu1531,RDMA3,not-collected
79841,leaf-gpu-rdma,sys1-ice2-p-swi-bel16,sw30p2,Active/LinkUp/800G,sys1-ice2-p-phy-gpu1531,RDMA4,not-collected
