# ICE2 backend fabric as designed (generated by scripts/build_expected_topology.py; rules in that file).
# leaf-gpu rows name the tray slot, not the tray: any tray may sit in a slot, but all four rails must.
link_type,a_device,a_port,b_device,b_port,rule
leaf-spine,sys1-ice2-p-swi-bel1,sw37p1,sys1-ice2-p-swi-bes1,sw1p1,L1
leaf-spine,sys1-ice2-p-swi-bel1,sw37p2,sys1-ice2-p-swi-bes1,sw1p2,L1
leaf-spine,sys1-ice2-p-swi-bel1,sw38p1,sys1-ice2-p-swi-bes2,sw1p1,L1
leaf-spine,sys1-ice2-p-swi-bel1,sw38p2,sys1-ice2-p-swi-bes2,sw1p2,L1
leaf-spine,sys1-ice2-p-swi-bel1,sw39p1,sys1-ice2-p-swi-bes3,sw1p1,L1
leaf-spine,sys1-ice2-p-swi-bel1,sw39p2,sys1-ice2-p-swi-bes3,sw1p2,L1
leaf-spine,sys1-ice2-p-swi-bel1,sw40p1,sys1-ice2-p-swi-bes4,sw1p1,L1
leaf-spine,sys1-ice2-p-swi-bel1,sw40p2,sys1-ice2-p-swi-bes4,sw1p2,L1
leaf-spine,sys1-ice2-p-swi-bel1,sw41p1,sys1-ice2-p-swi-bes5,sw1p1,L1
leaf-spine,sys1-ice2-p-swi-bel1,sw41p2,sys1-ice2-p-swi-bes5,sw1p2,L1
leaf-spine,sys1-ice2-p-swi-bel1,sw42p1,sys1-ice2-p-swi-bes6,sw1p1,L1
leaf-spine,sys1-ice2-p-swi-bel1,sw42p2,sys1-ice2-p-swi-bes6,sw1p2,L1
leaf-spine,sys1-ice2-p-swi-bel1,sw43p1,sys1-ice2-p-swi-bes7,sw1p1,L1
leaf-spine,sys1-ice2-p-swi-bel1,sw43p2,sys1-ice2-p-swi-bes7,sw1p2,L1
leaf-spine,sys1-ice2-p-swi-bel1,sw44p1,sys1-ice2-p-swi-bes8,sw1p1,L1
leaf-spine,sys1-ice2-p-swi-bel1,sw44p2,sys1-ice2-p-swi-bes8,sw1p2,L1
leaf-spine,sys1-ice2-p-swi-bel1,sw45p1,sys1-ice2-p-swi-bes9,sw1p1,L1
leaf-spine,sys1-ice2-p-swi-bel1,sw45p2,sys1-ice2-p-swi-bes9,sw1p2,L1
leaf-spine,sys1-ice2-p-swi-bel1,sw46p1,sys1-ice2-p-swi-bes10,sw1p1,L1
leaf-spine,sys1-ice2-p-swi-bel1,sw46p2,sys1-ice2-p-swi-bes10,sw1p2,L1
leaf-spine,sys1-ice2-p-swi-bel1,sw47p1,sys1-ice2-p-swi-bes11,sw1p1,L1
leaf-spine,sys1-ice2-p-swi-bel1,sw47p2,sys1-ice2-p-swi-bes11,sw1p2,L1
leaf-spine,sys1-ice2-p-swi-bel1,sw48p1,sys1-ice2-p-swi-bes12,sw1p1,L1
leaf-spine,sys1-ice2-p-swi-bel1,sw48p2,sys1-ice2-p-swi-bes12,sw1p2,L1
leaf-spine,sys1-ice2-p-swi-bel1,sw49p1,sys1-ice2-p-swi-bes13,sw1p1,L1
leaf-spine,sys1-ice2-p-swi-bel1,sw49p2,sys1-ice2-p-swi-bes13,sw1p2,L1
leaf-spine,sys1-ice2-p-swi-bel1,sw50p1,sys1-ice2-p-swi-bes14,sw1p1,L1
leaf-spine,sys1-ice2-p-swi-bel1,sw50p2,sys1-ice2-p-swi-bes14,sw1p2,L1
leaf-spine,sys1-ice2-p-swi-bel1,sw51p1,sys1-ice2-p-swi-bes15,sw1p1,L1
leaf-spine,sys1-ice2-p-swi-bel1,sw51p2,sys1-ice2-p-swi-bes15,sw1p2,L1
leaf-spine,sys1-ice2-p-swi-bel1,sw52p1,sys1-ice2-p-swi-bes16,sw1p1,L1
leaf-spine,sys1-ice2-p-swi-bel1,sw52p2,sys1-ice2-p-swi-bes16,sw1p2,L1
leaf-spine,sys1-ice2-p-swi-bel1,sw53p1,sys1-ice2-p-swi-bes17,sw1p1,L1
leaf-spine,sys1-ice2-p-swi-bel1,sw53p2,sys1-ice2-p-swi-bes17,sw1p2,L1
leaf-spine,sys1-ice2-p-swi-bel1,sw54p1,sys1-ice2-p-swi-bes18,sw1p1,L1
leaf-spine,sys1-ice2-p-swi-bel1,sw54p2,sys1-ice2-p-swi-bes18,sw1p2,L1
leaf-spine,sys1-ice2-p-swi-bel1,sw55p1,sys1-ice2-p-swi-bes19,sw1p1,L1
leaf-spine,sys1-ice2-p-swi-bel1,sw55p2,sys1-ice2-p-swi-bes19,sw1p2,L1
leaf-spine,sys1-ice2-p-swi-bel1,sw56p1,sys1-ice2-p-swi-bes20,sw1p1,L1
leaf-spine,sys1-ice2-p-swi-bel1,sw56p2,sys1-ice2-p-swi-bes20,sw1p2,L1
leaf-spine,sys1-ice2-p-swi-bel1,sw57p1,sys1-ice2-p-swi-bes21,sw1p1,L1
leaf-spine,sys1-ice2-p-swi-bel1,sw57p2,sys1-ice2-p-swi-bes21,sw1p2,L1
leaf-spine,sys1-ice2-p-swi-bel1,sw58p1,sys1-ice2-p-swi-bes22,sw1p1,L1
leaf-spine,sys1-ice2-p-swi-bel1,sw58p2,sys1-ice2-p-swi-bes22,sw1p2,L1
leaf-spine,sys1-ice2-p-swi-bel1,sw59p1,sys1-ice2-p-swi-bes23,sw1p1,L1
leaf-spine,sys1-ice2-p-swi-bel1,sw59p2,sys1-ice2-p-swi-bes23,sw1p2,L1
leaf-spine,sys1-ice2-p-swi-bel1,sw60p1,sys1-ice2-p-swi-bes24,sw1p1,L1
leaf-spine,sys1-ice2-p-swi-bel1,sw60p2,sys1-ice2-p-swi-bes24,sw1p2,L1
leaf-spine,sys1-ice2-p-swi-bel1,sw61p1,sys1-ice2-p-swi-bes25,sw1p1,L1
leaf-spine,sys1-ice2-p-swi-bel1,sw61p2,sys1-ice2-p-swi-bes25,sw1p2,L1
leaf-spine,sys1-ice2-p-swi-bel1,sw62p1,sys1-ice2-p-swi-bes26,sw1p1,L1
leaf-spine,sys1-ice2-p-swi-bel1,sw62p2,sys1-ice2-p-swi-bes26,sw1p2,L1
leaf-spine,sys1-ice2-p-swi-bel1,sw63p1,sys1-ice2-p-swi-bes27,sw1p1,L1
leaf-spine,sys1-ice2-p-swi-bel1,sw63p2,sys1-ice2-p-swi-bes27,sw1p2,L1
leaf-spine,sys1-ice2-p-swi-bel1,sw64p1,sys1-ice2-p-swi-bes28,sw1p1,L1
leaf-spine,sys1-ice2-p-swi-bel1,sw64p2,sys1-ice2-p-swi-bes28,sw1p2,L1
leaf-spine,sys1-ice2-p-swi-bel1,sw65p1,sys1-ice2-p-swi-bes29,sw1p1,L1
leaf-spine,sys1-ice2-p-swi-bel1,sw65p2,sys1-ice2-p-swi-bes29,sw1p2,L1
leaf-spine,sys1-ice2-p-swi-bel1,sw66p1,sys1-ice2-p-swi-bes30,sw1p1,L1
leaf-spine,sys1-ice2-p-swi-bel1,sw66p2,sys1-ice2-p-swi-bes30,sw1p2,L1
leaf-spine,sys1-ice2-p-swi-bel1,sw67p1,sys1-ice2-p-swi-bes31,sw1p1,L1
leaf-spine,sys1-ice2-p-swi-bel1,sw67p2,sys1-ice2-p-swi-bes31,sw1p2,L1
leaf-spine,sys1-ice2-p-swi-bel1,sw68p1,sys1-ice2-p-swi-bes32,sw1p1,L1
leaf-spine,sys1-ice2-p-swi-bel1,sw68p2,sys1-ice2-p-swi-bes32,sw1p2,L1
leaf-spine,sys1-ice2-p-swi-bel1,sw69p1,sys1-ice2-p-swi-bes33,sw1p1,L1
leaf-spine,sys1-ice2-p-swi-bel1,sw69p2,sys1-ice2-p-swi-bes33,sw1p2,L1
leaf-spine,sys1-ice2-p-swi-bel1,sw70p1,sys1-ice2-p-swi-bes34,sw1p1,L1
leaf-spine,sys1-ice2-p-swi-bel1,sw70p2,sys1-ice2-p-swi-bes34,sw1p2,L1
leaf-spine,sys1-ice2-p-swi-bel1,sw71p1,sys1-ice2-p-swi-bes35,sw1p1,L1
leaf-spine,sys1-ice2-p-swi-bel1,sw71p2,sys1-ice2-p-swi-bes35,sw1p2,L1
leaf-spine,sys1-ice2-p-swi-bel1,sw72p1,sys1-ice2-p-swi-bes36,sw1p1,L1
leaf-spine,sys1-ice2-p-swi-bel1,sw72p2,sys1-ice2-p-swi-bes36,sw1p2,L1
leaf-spine,sys1-ice2-p-swi-bel2,sw37p1,sys1-ice2-p-swi-bes1,sw2p1,L1
leaf-spine,sys1-ice2-p-swi-bel2,sw37p2,sys1-ice2-p-swi-bes1,sw2p2,L1
leaf-spine,sys1-ice2-p-swi-bel2,sw38p1,sys1-ice2-p-swi-bes2,sw2p1,L1
leaf-spine,sys1-ice2-p-swi-bel2,sw38p2,sys1-ice2-p-swi-bes2,sw2p2,L1
leaf-spine,sys1-ice2-p-swi-bel2,sw39p1,sys1-ice2-p-swi-bes3,sw2p1,L1
leaf-spine,sys1-ice2-p-swi-bel2,sw39p2,sys1-ice2-p-swi-bes3,sw2p2,L1
leaf-spine,sys1-ice2-p-swi-bel2,sw40p1,sys1-ice2-p-swi-bes4,sw2p1,L1
leaf-spine,sys1-ice2-p-swi-bel2,sw40p2,sys1-ice2-p-swi-bes4,sw2p2,L1
leaf-spine,sys1-ice2-p-swi-bel2,sw41p1,sys1-ice2-p-swi-bes5,sw2p1,L1
leaf-spine,sys1-ice2-p-swi-bel2,sw41p2,sys1-ice2-p-swi-bes5,sw2p2,L1
leaf-spine,sys1-ice2-p-swi-bel2,sw42p1,sys1-ice2-p-swi-bes6,sw2p1,L1
leaf-spine,sys1-ice2-p-swi-bel2,sw42p2,sys1-ice2-p-swi-bes6,sw2p2,L1
leaf-spine,sys1-ice2-p-swi-bel2,sw43p1,sys1-ice2-p-swi-bes7,sw2p1,L1
leaf-spine,sys1-ice2-p-swi-bel2,sw43p2,sys1-ice2-p-swi-bes7,sw2p2,L1
leaf-spine,sys1-ice2-p-swi-bel2,sw44p1,sys1-ice2-p-swi-bes8,sw2p1,L1
leaf-spine,sys1-ice2-p-swi-bel2,sw44p2,sys1-ice2-p-swi-bes8,sw2p2,L1
leaf-spine,sys1-ice2-p-swi-bel2,sw45p1,sys1-ice2-p-swi-bes9,sw2p1,L1
leaf-spine,sys1-ice2-p-swi-bel2,sw45p2,sys1-ice2-p-swi-bes9,sw2p2,L1
leaf-spine,sys1-ice2-p-swi-bel2,sw46p1,sys1-ice2-p-swi-bes10,sw2p1,L1
leaf-spine,sys1-ice2-p-swi-bel2,sw46p2,sys1-ice2-p-swi-bes10,sw2p2,L1
leaf-spine,sys1-ice2-p-swi-bel2,sw47p1,sys1-ice2-p-swi-bes11,sw2p1,L1
leaf-spine,sys1-ice2-p-swi-bel2,sw47p2,sys1-ice2-p-swi-bes11,sw2p2,L1
leaf-spine,sys1-ice2-p-swi-bel2,sw48p1,sys1-ice2-p-swi-bes12,sw2p1,L1
leaf-spine,sys1-ice2-p-swi-bel2,sw48p2,sys1-ice2-p-swi-bes12,sw2p2,L1
leaf-spine,sys1-ice2-p-swi-bel2,sw49p1,sys1-ice2-p-swi-bes13,sw2p1,L1
leaf-spine,sys1-ice2-p-swi-bel2,sw49p2,sys1-ice2-p-swi-bes13,sw2p2,L1
leaf-spine,sys1-ice2-p-swi-bel2,sw50p1,sys1-ice2-p-swi-bes14,sw2p1,L1
leaf-spine,sys1-ice2-p-swi-bel2,sw50p2,sys1-ice2-p-swi-bes14,sw2p2,L1
leaf-spine,sys1-ice2-p-swi-bel2,sw51p1,sys1-ice2-p-swi-bes15,sw2p1,L1
leaf-spine,sys1-ice2-p-swi-bel2,sw51p2,sys1-ice2-p-swi-bes15,sw2p2,L1
leaf-spine,sys1-ice2-p-swi-bel2,sw52p1,sys1-ice2-p-swi-bes16,sw2p1,L1
leaf-spine,sys1-ice2-p-swi-bel2,sw52p2,sys1-ice2-p-swi-bes16,sw2p2,L1
leaf-spine,sys1-ice2-p-swi-bel2,sw53p1,sys1-ice2-p-swi-bes17,sw2p1,L1
leaf-spine,sys1-ice2-p-swi-bel2,sw53p2,sys1-ice2-p-swi-bes17,sw2p2,L1
leaf-spine,sys1-ice2-p-swi-bel2,sw54p1,sys1-ice2-p-swi-bes18,sw2p1,L1
leaf-spine,sys1-ice2-p-swi-bel2,sw54p2,sys1-ice2-p-swi-bes18,sw2p2,L1
leaf-spine,sys1-ice2-p-swi-bel2,sw55p1,sys1-ice2-p-swi-bes19,sw2p1,L1
leaf-spine,sys1-ice2-p-swi-bel2,sw55p2,sys1-ice2-p-swi-bes19,sw2p2,L1
leaf-spine,sys1-ice2-p-swi-bel2,sw56p1,sys1-ice2-p-swi-bes20,sw2p1,L1
leaf-spine,sys1-ice2-p-swi-bel2,sw56p2,sys1-ice2-p-swi-bes20,sw2p2,L1
leaf-spine,sys1-ice2-p-swi-bel2,sw57p1,sys1-ice2-p-swi-bes21,sw2p1,L1
leaf-spine,sys1-ice2-p-swi-bel2,sw57p2,sys1-ice2-p-swi-bes21,sw2p2,L1
leaf-spine,sys1-ice2-p-swi-bel2,sw58p1,sys1-ice2-p-swi-bes22,sw2p1,L1
leaf-spine,sys1-ice2-p-swi-bel2,sw58p2,sys1-ice2-p-swi-bes22,sw2p2,L1
leaf-spine,sys1-ice2-p-swi-bel2,sw59p1,sys1-ice2-p-swi-bes23,sw2p1,L1
leaf-spine,sys1-ice2-p-swi-bel2,sw59p2,sys1-ice2-p-swi-bes23,sw2p2,L1
leaf-spine,sys1-ice2-p-swi-bel2,sw60p1,sys1-ice2-p-swi-bes24,sw2p1,L1
leaf-spine,sys1-ice2-p-swi-bel2,sw60p2,sys1-ice2-p-swi-bes24,sw2p2,L1
leaf-spine,sys1-ice2-p-swi-bel2,sw61p1,sys1-ice2-p-swi-bes25,sw2p1,L1
leaf-spine,sys1-ice2-p-swi-bel2,sw61p2,sys1-ice2-p-swi-bes25,sw2p2,L1
leaf-spine,sys1-ice2-p-swi-bel2,sw62p1,sys1-ice2-p-swi-bes26,sw2p1,L1
leaf-spine,sys1-ice2-p-swi-bel2,sw62p2,sys1-ice2-p-swi-bes26,sw2p2,L1
leaf-spine,sys1-ice2-p-swi-bel2,sw63p1,sys1-ice2-p-swi-bes27,sw2p1,L1
leaf-spine,sys1-ice2-p-swi-bel2,sw63p2,sys1-ice2-p-swi-bes27,sw2p2,L1
leaf-spine,sys1-ice2-p-swi-bel2,sw64p1,sys1-ice2-p-swi-bes28,sw2p1,L1
leaf-spine,sys1-ice2-p-swi-bel2,sw64p2,sys1-ice2-p-swi-bes28,sw2p2,L1
leaf-spine,sys1-ice2-p-swi-bel2,sw65p1,sys1-ice2-p-swi-bes29,sw2p1,L1
leaf-spine,sys1-ice2-p-swi-bel2,sw65p2,sys1-ice2-p-swi-bes29,sw2p2,L1
leaf-spine,sys1-ice2-p-swi-bel2,sw66p1,sys1-ice2-p-swi-bes30,sw2p1,L1
leaf-spine,sys1-ice2-p-swi-bel2,sw66p2,sys1-ice2-p-swi-bes30,sw2p2,L1
leaf-spine,sys1-ice2-p-swi-bel2,sw67p1,sys1-ice2-p-swi-bes31,sw2p1,L1
leaf-spine,sys1-ice2-p-swi-bel2,sw67p2,sys1-ice2-p-swi-bes31,sw2p2,L1
leaf-spine,sys1-ice2-p-swi-bel2,sw68p1,sys1-ice2-p-swi-bes32,sw2p1,L1
leaf-spine,sys1-ice2-p-swi-bel2,sw68p2,sys1-ice2-p-swi-bes32,sw2p2,L1
leaf-spine,sys1-ice2-p-swi-bel2,sw69p1,sys1-ice2-p-swi-bes33,sw2p1,L1
leaf-spine,sys1-ice2-p-swi-bel2,sw69p2,sys1-ice2-p-swi-bes33,sw2p2,L1
leaf-spine,sys1-ice2-p-swi-bel2,sw70p1,sys1-ice2-p-swi-bes34,sw2p1,L1
leaf-spine,sys1-ice2-p-swi-bel2,sw70p2,sys1-ice2-p-swi-bes34,sw2p2,L1
leaf-spine,sys1-ice2-p-swi-bel2,sw71p1,sys1-ice2-p-swi-bes35,sw2p1,L1
leaf-spine,sys1-ice2-p-swi-bel2,sw71p2,sys1-ice2-p-swi-bes35,sw2p2,L1
leaf-spine,sys1-ice2-p-swi-bel2,sw72p1,sys1-ice2-p-swi-bes36,sw2p1,L1
leaf-spine,sys1-ice2-p-swi-bel2,sw72p2,sys1-ice2-p-swi-bes36,sw2p2,L1
leaf-spine,sys1-ice2-p-swi-bel3,sw37p1,sys1-ice2-p-swi-bes1,sw3p1,L1
leaf-spine,sys1-ice2-p-swi-bel3,sw37p2,sys1-ice2-p-swi-bes1,sw3p2,L1
leaf-spine,sys1-ice2-p-swi-bel3,sw38p1,sys1-ice2-p-swi-bes2,sw3p1,L1
leaf-spine,sys1-ice2-p-swi-bel3,sw38p2,sys1-ice2-p-swi-bes2,sw3p2,L1
leaf-spine,sys1-ice2-p-swi-bel3,sw39p1,sys1-ice2-p-swi-bes3,sw3p1,L1
leaf-spine,sys1-ice2-p-swi-bel3,sw39p2,sys1-ice2-p-swi-bes3,sw3p2,L1
leaf-spine,sys1-ice2-p-swi-bel3,sw40p1,sys1-ice2-p-swi-bes4,sw3p1,L1
leaf-spine,sys1-ice2-p-swi-bel3,sw40p2,sys1-ice2-p-swi-bes4,sw3p2,L1
leaf-spine,sys1-ice2-p-swi-bel3,sw41p1,sys1-ice2-p-swi-bes5,sw3p1,L1
leaf-spine,sys1-ice2-p-swi-bel3,sw41p2,sys1-ice2-p-swi-bes5,sw3p2,L1
leaf-spine,sys1-ice2-p-swi-bel3,sw42p1,sys1-ice2-p-swi-bes6,sw3p1,L1
leaf-spine,sys1-ice2-p-swi-bel3,sw42p2,sys1-ice2-p-swi-bes6,sw3p2,L1
leaf-spine,sys1-ice2-p-swi-bel3,sw43p1,sys1-ice2-p-swi-bes7,sw3p1,L1
leaf-spine,sys1-ice2-p-swi-bel3,sw43p2,sys1-ice2-p-swi-bes7,sw3p2,L1
leaf-spine,sys1-ice2-p-swi-bel3,sw44p1,sys1-ice2-p-swi-bes8,sw3p1,L1
leaf-spine,sys1-ice2-p-swi-bel3,sw44p2,sys1-ice2-p-swi-bes8,sw3p2,L1
leaf-spine,sys1-ice2-p-swi-bel3,sw45p1,sys1-ice2-p-swi-bes9,sw3p1,L1
leaf-spine,sys1-ice2-p-swi-bel3,sw45p2,sys1-ice2-p-swi-bes9,sw3p2,L1
leaf-spine,sys1-ice2-p-swi-bel3,sw46p1,sys1-ice2-p-swi-bes10,sw3p1,L1
leaf-spine,sys1-ice2-p-swi-bel3,sw46p2,sys1-ice2-p-swi-bes10,sw3p2,L1
leaf-spine,sys1-ice2-p-swi-bel3,sw47p1,sys1-ice2-p-swi-bes11,sw3p1,L1
leaf-spine,sys1-ice2-p-swi-bel3,sw47p2,sys1-ice2-p-swi-bes11,sw3p2,L1
leaf-spine,sys1-ice2-p-swi-bel3,sw48p1,sys1-ice2-p-swi-bes12,sw3p1,L1
leaf-spine,sys1-ice2-p-swi-bel3,sw48p2,sys1-ice2-p-swi-bes12,sw3p2,L1
leaf-spine,sys1-ice2-p-swi-bel3,sw49p1,sys1-ice2-p-swi-bes13,sw3p1,L1
leaf-spine,sys1-ice2-p-swi-bel3,sw49p2,sys1-ice2-p-swi-bes13,sw3p2,L1
leaf-spine,sys1-ice2-p-swi-bel3,sw50p1,sys1-ice2-p-swi-bes14,sw3p1,L1
leaf-spine,sys1-ice2-p-swi-bel3,sw50p2,sys1-ice2-p-swi-bes14,sw3p2,L1
leaf-spine,sys1-ice2-p-swi-bel3,sw51p1,sys1-ice2-p-swi-bes15,sw3p1,L1
leaf-spine,sys1-ice2-p-swi-bel3,sw51p2,sys1-ice2-p-swi-bes15,sw3p2,L1
leaf-spine,sys1-ice2-p-swi-bel3,sw52p1,sys1-ice2-p-swi-bes16,sw3p1,L1
leaf-spine,sys1-ice2-p-swi-bel3,sw52p2,sys1-ice2-p-swi-bes16,sw3p2,L1
leaf-spine,sys1-ice2-p-swi-bel3,sw53p1,sys1-ice2-p-swi-bes17,sw3p1,L1
leaf-spine,sys1-ice2-p-swi-bel3,sw53p2,sys1-ice2-p-swi-bes17,sw3p2,L1
leaf-spine,sys1-ice2-p-swi-bel3,sw54p1,sys1-ice2-p-swi-bes18,sw3p1,L1
leaf-spine,sys1-ice2-p-swi-bel3,sw54p2,sys1-ice2-p-swi-bes18,sw3p2,L1
leaf-spine,sys1-ice2-p-swi-bel3,sw55p1,sys1-ice2-p-swi-bes19,sw3p1,L1
leaf-spine,sys1-ice2-p-swi-bel3,sw55p2,sys1-ice2-p-swi-bes19,sw3p2,L1
leaf-spine,sys1-ice2-p-swi-bel3,sw56p1,sys1-ice2-p-swi-bes20,sw3p1,L1
leaf-spine,sys1-ice2-p-swi-bel3,sw56p2,sys1-ice2-p-swi-bes20,sw3p2,L1
leaf-spine,sys1-ice2-p-swi-bel3,sw57p1,sys1-ice2-p-swi-bes21,sw3p1,L1
leaf-spine,sys1-ice2-p-swi-bel3,sw57p2,sys1-ice2-p-swi-bes21,sw3p2,L1
leaf-spine,sys1-ice2-p-swi-bel3,sw58p1,sys1-ice2-p-swi-bes22,sw3p1,L1
leaf-spine,sys1-ice2-p-swi-bel3,sw58p2,sys1-ice2-p-swi-bes22,sw3p2,L1
leaf-spine,sys1-ice2-p-swi-bel3,sw59p1,sys1-ice2-p-swi-bes23,sw3p1,L1
leaf-spine,sys1-ice2-p-swi-bel3,sw59p2,sys1-ice2-p-swi-bes23,sw3p2,L1
leaf-spine,sys1-ice2-p-swi-bel3,sw60p1,sys1-ice2-p-swi-bes24,sw3p1,L1
leaf-spine,sys1-ice2-p-swi-bel3,sw60p2,sys1-ice2-p-swi-bes24,sw3p2,L1
leaf-spine,sys1-ice2-p-swi-bel3,sw61p1,sys1-ice2-p-swi-bes25,sw3p1,L1
leaf-spine,sys1-ice2-p-swi-bel3,sw61p2,sys1-ice2-p-swi-bes25,sw3p2,L1
leaf-spine,sys1-ice2-p-swi-bel3,sw62p1,sys1-ice2-p-swi-bes26,sw3p1,L1
leaf-spine,sys1-ice2-p-swi-bel3,sw62p2,sys1-ice2-p-swi-bes26,sw3p2,L1
leaf-spine,sys1-ice2-p-swi-bel3,sw63p1,sys1-ice2-p-swi-bes27,sw3p1,L1
leaf-spine,sys1-ice2-p-swi-bel3,sw63p2,sys1-ice2-p-swi-bes27,sw3p2,L1
leaf-spine,sys1-ice2-p-swi-bel3,sw64p1,sys1-ice2-p-swi-bes28,sw3p1,L1
leaf-spine,sys1-ice2-p-swi-bel3,sw64p2,sys1-ice2-p-swi-bes28,sw3p2,L1
leaf-spine,sys1-ice2-p-swi-bel3,sw65p1,sys1-ice2-p-swi-bes29,sw3p1,L1
leaf-spine,sys1-ice2-p-swi-bel3,sw65p2,sys1-ice2-p-swi-bes29,sw3p2,L1
leaf-spine,sys1-ice2-p-swi-bel3,sw66p1,sys1-ice2-p-swi-bes30,sw3p1,L1
leaf-spine,sys1-ice2-p-swi-bel3,sw66p2,sys1-ice2-p-swi-bes30,sw3p2,L1
leaf-spine,sys1-ice2-p-swi-bel3,sw67p1,sys1-ice2-p-swi-bes31,sw3p1,L1
leaf-spine,sys1-ice2-p-swi-bel3,sw67p2,sys1-ice2-p-swi-bes31,sw3p2,L1
leaf-spine,sys1-ice2-p-swi-bel3,sw68p1,sys1-ice2-p-swi-bes32,sw3p1,L1
leaf-spine,sys1-ice2-p-swi-bel3,sw68p2,sys1-ice2-p-swi-bes32,sw3p2,L1
leaf-spine,sys1-ice2-p-swi-bel3,sw69p1,sys1-ice2-p-swi-bes33,sw3p1,L1
leaf-spine,sys1-ice2-p-swi-bel3,sw69p2,sys1-ice2-p-swi-bes33,sw3p2,L1
leaf-spine,sys1-ice2-p-swi-bel3,sw70p1,sys1-ice2-p-swi-bes34,sw3p1,L1
leaf-spine,sys1-ice2-p-swi-bel3,sw70p2,sys1-ice2-p-swi-bes34,sw3p2,L1
leaf-spine,sys1-ice2-p-swi-bel3,sw71p1,sys1-ice2-p-swi-bes35,sw3p1,L1
leaf-spine,sys1-ice2-p-swi-bel3,sw71p2,sys1-ice2-p-swi-bes35,sw3p2,L1
leaf-spine,sys1-ice2-p-swi-bel3,sw72p1,sys1-ice2-p-swi-bes36,sw3p1,L1
leaf-spine,sys1-ice2-p-swi-bel3,sw72p2,sys1-ice2-p-swi-bes36,sw3p2,L1
leaf-spine,sys1-ice2-p-swi-bel4,sw37p1,sys1-ice2-p-swi-bes1,sw4p1,L1
leaf-spine,sys1-ice2-p-swi-bel4,sw37p2,sys1-ice2-p-swi-bes1,sw4p2,L1
leaf-spine,sys1-ice2-p-swi-bel4,sw38p1,sys1-ice2-p-swi-bes2,sw4p1,L1
leaf-spine,sys1-ice2-p-swi-bel4,sw38p2,sys1-ice2-p-swi-bes2,sw4p2,L1
leaf-spine,sys1-ice2-p-swi-bel4,sw39p1,sys1-ice2-p-swi-bes3,sw4p1,L1
leaf-spine,sys1-ice2-p-swi-bel4,sw39p2,sys1-ice2-p-swi-bes3,sw4p2,L1
leaf-spine,sys1-ice2-p-swi-bel4,sw40p1,sys1-ice2-p-swi-bes4,sw4p1,L1
leaf-spine,sys1-ice2-p-swi-bel4,sw40p2,sys1-ice2-p-swi-bes4,sw4p2,L1
leaf-spine,sys1-ice2-p-swi-bel4,sw41p1,sys1-ice2-p-swi-bes5,sw4p1,L1
leaf-spine,sys1-ice2-p-swi-bel4,sw41p2,sys1-ice2-p-swi-bes5,sw4p2,L1
leaf-spine,sys1-ice2-p-swi-bel4,sw42p1,sys1-ice2-p-swi-bes6,sw4p1,L1
leaf-spine,sys1-ice2-p-swi-bel4,sw42p2,sys1-ice2-p-swi-bes6,sw4p2,L1
leaf-spine,sys1-ice2-p-swi-bel4,sw43p1,sys1-ice2-p-swi-bes7,sw4p1,L1
leaf-spine,sys1-ice2-p-swi-bel4,sw43p2,sys1-ice2-p-swi-bes7,sw4p2,L1
leaf-spine,sys1-ice2-p-swi-bel4,sw44p1,sys1-ice2-p-swi-bes8,sw4p1,L1
leaf-spine,sys1-ice2-p-swi-bel4,sw44p2,sys1-ice2-p-swi-bes8,sw4p2,L1
leaf-spine,sys1-ice2-p-swi-bel4,sw45p1,sys1-ice2-p-swi-bes9,sw4p1,L1
leaf-spine,sys1-ice2-p-swi-bel4,sw45p2,sys1-ice2-p-swi-bes9,sw4p2,L1
leaf-spine,sys1-ice2-p-swi-bel4,sw46p1,sys1-ice2-p-swi-bes10,sw4p1,L1
leaf-spine,sys1-ice2-p-swi-bel4,sw46p2,sys1-ice2-p-swi-bes10,sw4p2,L1
leaf-spine,sys1-ice2-p-swi-bel4,sw47p1,sys1-ice2-p-swi-bes11,sw4p1,L1
leaf-spine,sys1-ice2-p-swi-bel4,sw47p2,sys1-ice2-p-swi-bes11,sw4p2,L1
leaf-spine,sys1-ice2-p-swi-bel4,sw48p1,sys1-ice2-p-swi-bes12,sw4p1,L1
leaf-spine,sys1-ice2-p-swi-bel4,sw48p2,sys1-ice2-p-swi-bes12,sw4p2,L1
leaf-spine,sys1-ice2-p-swi-bel4,sw49p1,sys1-ice2-p-swi-bes13,sw4p1,L1
leaf-spine,sys1-ice2-p-swi-bel4,sw49p2,sys1-ice2-p-swi-bes13,sw4p2,L1
leaf-spine,sys1-ice2-p-swi-bel4,sw50p1,sys1-ice2-p-swi-bes14,sw4p1,L1
leaf-spine,sys1-ice2-p-swi-bel4,sw50p2,sys1-ice2-p-swi-bes14,sw4p2,L1
leaf-spine,sys1-ice2-p-swi-bel4,sw51p1,sys1-ice2-p-swi-bes15,sw4p1,L1
leaf-spine,sys1-ice2-p-swi-bel4,sw51p2,sys1-ice2-p-swi-bes15,sw4p2,L1
leaf-spine,sys1-ice2-p-swi-bel4,sw52p1,sys1-ice2-p-swi-bes16,sw4p1,L1
leaf-spine,sys1-ice2-p-swi-bel4,sw52p2,sys1-ice2-p-swi-bes16,sw4p2,L1
leaf-spine,sys1-ice2-p-swi-bel4,sw53p1,sys1-ice2-p-swi-bes17,sw4p1,L1
leaf-spine,sys1-ice2-p-swi-bel4,sw53p2,sys1-ice2-p-swi-bes17,sw4p2,L1
leaf-spine,sys1-ice2-p-swi-bel4,sw54p1,sys1-ice2-p-swi-bes18,sw4p1,L1
leaf-spine,sys1-ice2-p-swi-bel4,sw54p2,sys1-ice2-p-swi-bes18,sw4p2,L1
leaf-spine,sys1-ice2-p-swi-bel4,sw55p1,sys1-ice2-p-swi-bes19,sw4p1,L1
leaf-spine,sys1-ice2-p-swi-bel4,sw55p2,sys1-ice2-p-swi-bes19,sw4p2,L1
leaf-spine,sys1-ice2-p-swi-bel4,sw56p1,sys1-ice2-p-swi-bes20,sw4p1,L1
leaf-spine,sys1-ice2-p-swi-bel4,sw56p2,sys1-ice2-p-swi-bes20,sw4p2,L1
leaf-spine,sys1-ice2-p-swi-bel4,sw57p1,sys1-ice2-p-swi-bes21,sw4p1,L1
leaf-spine,sys1-ice2-p-swi-bel4,sw57p2,sys1-ice2-p-swi-bes21,sw4p2,L1
leaf-spine,sys1-ice2-p-swi-bel4,sw58p1,sys1-ice2-p-swi-bes22,sw4p1,L1
leaf-spine,sys1-ice2-p-swi-bel4,sw58p2,sys1-ice2-p-swi-bes22,sw4p2,L1
leaf-spine,sys1-ice2-p-swi-bel4,sw59p1,sys1-ice2-p-swi-bes23,sw4p1,L1
leaf-spine,sys1-ice2-p-swi-bel4,sw59p2,sys1-ice2-p-swi-bes23,sw4p2,L1
leaf-spine,sys1-ice2-p-swi-bel4,sw60p1,sys1-ice2-p-swi-bes24,sw4p1,L1
leaf-spine,sys1-ice2-p-swi-bel4,sw60p2,sys1-ice2-p-swi-bes24,sw4p2,L1
leaf-spine,sys1-ice2-p-swi-bel4,sw61p1,sys1-ice2-p-swi-bes25,sw4p1,L1
leaf-spine,sys1-ice2-p-swi-bel4,sw61p2,sys1-ice2-p-swi-bes25,sw4p2,L1
leaf-spine,sys1-ice2-p-swi-bel4,sw62p1,sys1-ice2-p-swi-bes26,sw4p1,L1
leaf-spine,sys1-ice2-p-swi-bel4,sw62p2,sys1-ice2-p-swi-bes26,sw4p2,L1
leaf-spine,sys1-ice2-p-swi-bel4,sw63p1,sys1-ice2-p-swi-bes27,sw4p1,L1
leaf-spine,sys1-ice2-p-swi-bel4,sw63p2,sys1-ice2-p-swi-bes27,sw4p2,L1
leaf-spine,sys1-ice2-p-swi-bel4,sw64p1,sys1-ice2-p-swi-bes28,sw4p1,L1
leaf-spine,sys1-ice2-p-swi-bel4,sw64p2,sys1-ice2-p-swi-bes28,sw4p2,L1
leaf-spine,sys1-ice2-p-swi-bel4,sw65p1,sys1-ice2-p-swi-bes29,sw4p1,L1
leaf-spine,sys1-ice2-p-swi-bel4,sw65p2,sys1-ice2-p-swi-bes29,sw4p2,L1
leaf-spine,sys1-ice2-p-swi-bel4,sw66p1,sys1-ice2-p-swi-bes30,sw4p1,L1
leaf-spine,sys1-ice2-p-swi-bel4,sw66p2,sys1-ice2-p-swi-bes30,sw4p2,L1
leaf-spine,sys1-ice2-p-swi-bel4,sw67p1,sys1-ice2-p-swi-bes31,sw4p1,L1
leaf-spine,sys1-ice2-p-swi-bel4,sw67p2,sys1-ice2-p-swi-bes31,sw4p2,L1
leaf-spine,sys1-ice2-p-swi-bel4,sw68p1,sys1-ice2-p-swi-bes32,sw4p1,L1
leaf-spine,sys1-ice2-p-swi-bel4,sw68p2,sys1-ice2-p-swi-bes32,sw4p2,L1
leaf-spine,sys1-ice2-p-swi-bel4,sw69p1,sys1-ice2-p-swi-bes33,sw4p1,L1
leaf-spine,sys1-ice2-p-swi-bel4,sw69p2,sys1-ice2-p-swi-bes33,sw4p2,L1
leaf-spine,sys1-ice2-p-swi-bel4,sw70p1,sys1-ice2-p-swi-bes34,sw4p1,L1
leaf-spine,sys1-ice2-p-swi-bel4,sw70p2,sys1-ice2-p-swi-bes34,sw4p2,L1
leaf-spine,sys1-ice2-p-swi-bel4,sw71p1,sys1-ice2-p-swi-bes35,sw4p1,L1
leaf-spine,sys1-ice2-p-swi-bel4,sw71p2,sys1-ice2-p-swi-bes35,sw4p2,L1
leaf-spine,sys1-ice2-p-swi-bel4,sw72p1,sys1-ice2-p-swi-bes36,sw4p1,L1
leaf-spine,sys1-ice2-p-swi-bel4,sw72p2,sys1-ice2-p-swi-bes36,sw4p2,L1
leaf-spine,sys1-ice2-p-swi-bel5,sw37p1,sys1-ice2-p-swi-bes1,sw5p1,L1
leaf-spine,sys1-ice2-p-swi-bel5,sw37p2,sys1-ice2-p-swi-bes1,sw5p2,L1
leaf-spine,sys1-ice2-p-swi-bel5,sw38p1,sys1-ice2-p-swi-bes2,sw5p1,L1
leaf-spine,sys1-ice2-p-swi-bel5,sw38p2,sys1-ice2-p-swi-bes2,sw5p2,L1
leaf-spine,sys1-ice2-p-swi-bel5,sw39p1,sys1-ice2-p-swi-bes3,sw5p1,L1
leaf-spine,sys1-ice2-p-swi-bel5,sw39p2,sys1-ice2-p-swi-bes3,sw5p2,L1
leaf-spine,sys1-ice2-p-swi-bel5,sw40p1,sys1-ice2-p-swi-bes4,sw5p1,L1
leaf-spine,sys1-ice2-p-swi-bel5,sw40p2,sys1-ice2-p-swi-bes4,sw5p2,L1
leaf-spine,sys1-ice2-p-swi-bel5,sw41p1,sys1-ice2-p-swi-bes5,sw5p1,L1
leaf-spine,sys1-ice2-p-swi-bel5,sw41p2,sys1-ice2-p-swi-bes5,sw5p2,L1
leaf-spine,sys1-ice2-p-swi-bel5,sw42p1,sys1-ice2-p-swi-bes6,sw5p1,L1
leaf-spine,sys1-ice2-p-swi-bel5,sw42p2,sys1-ice2-p-swi-bes6,sw5p2,L1
leaf-spine,sys1-ice2-p-swi-bel5,sw43p1,sys1-ice2-p-swi-bes7,sw5p1,L1
leaf-spine,sys1-ice2-p-swi-bel5,sw43p2,sys1-ice2-p-swi-bes7,sw5p2,L1
leaf-spine,sys1-ice2-p-swi-bel5,sw44p1,sys1-ice2-p-swi-bes8,sw5p1,L1
leaf-spine,sys1-ice2-p-swi-bel5,sw44p2,sys1-ice2-p-swi-bes8,sw5p2,L1
leaf-spine,sys1-ice2-p-swi-bel5,sw45p1,sys1-ice2-p-swi-bes9,sw5p1,L1
leaf-spine,sys1-ice2-p-swi-bel5,sw45p2,sys1-ice2-p-swi-bes9,sw5p2,L1
leaf-spine,sys1-ice2-p-swi-bel5,sw46p1,sys1-ice2-p-swi-bes10,sw5p1,L1
leaf-spine,sys1-ice2-p-swi-bel5,sw46p2,sys1-ice2-p-swi-bes10,sw5p2,L1
leaf-spine,sys1-ice2-p-swi-bel5,sw47p1,sys1-ice2-p-swi-bes11,sw5p1,L1
leaf-spine,sys1-ice2-p-swi-bel5,sw47p2,sys1-ice2-p-swi-bes11,sw5p2,L1
leaf-spine,sys1-ice2-p-swi-bel5,sw48p1,sys1-ice2-p-swi-bes12,sw5p1,L1
leaf-spine,sys1-ice2-p-swi-bel5,sw48p2,sys1-ice2-p-swi-bes12,sw5p2,L1
leaf-spine,sys1-ice2-p-swi-bel5,sw49p1,sys1-ice2-p-swi-bes13,sw5p1,L1
leaf-spine,sys1-ice2-p-swi-bel5,sw49p2,sys1-ice2-p-swi-bes13,sw5p2,L1
leaf-spine,sys1-ice2-p-swi-bel5,sw50p1,sys1-ice2-p-swi-bes14,sw5p1,L1
leaf-spine,sys1-ice2-p-swi-bel5,sw50p2,sys1-ice2-p-swi-bes14,sw5p2,L1
leaf-spine,sys1-ice2-p-swi-bel5,sw51p1,sys1-ice2-p-swi-bes15,sw5p1,L1
leaf-spine,sys1-ice2-p-swi-bel5,sw51p2,sys1-ice2-p-swi-bes15,sw5p2,L1
leaf-spine,sys1-ice2-p-swi-bel5,sw52p1,sys1-ice2-p-swi-bes16,sw5p1,L1
leaf-spine,sys1-ice2-p-swi-bel5,sw52p2,sys1-ice2-p-swi-bes16,sw5p2,L1
leaf-spine,sys1-ice2-p-swi-bel5,sw53p1,sys1-ice2-p-swi-bes17,sw5p1,L1
leaf-spine,sys1-ice2-p-swi-bel5,sw53p2,sys1-ice2-p-swi-bes17,sw5p2,L1
leaf-spine,sys1-ice2-p-swi-bel5,sw54p1,sys1-ice2-p-swi-bes18,sw5p1,L1
leaf-spine,sys1-ice2-p-swi-bel5,sw54p2,sys1-ice2-p-swi-bes18,sw5p2,L1
leaf-spine,sys1-ice2-p-swi-bel5,sw55p1,sys1-ice2-p-swi-bes19,sw5p1,L1
leaf-spine,sys1-ice2-p-swi-bel5,sw55p2,sys1-ice2-p-swi-bes19,sw5p2,L1
leaf-spine,sys1-ice2-p-swi-bel5,sw56p1,sys1-ice2-p-swi-bes20,sw5p1,L1
leaf-spine,sys1-ice2-p-swi-bel5,sw56p2,sys1-ice2-p-swi-bes20,sw5p2,L1
leaf-spine,sys1-ice2-p-swi-bel5,sw57p1,sys1-ice2-p-swi-bes21,sw5p1,L1
leaf-spine,sys1-ice2-p-swi-bel5,sw57p2,sys1-ice2-p-swi-bes21,sw5p2,L1
leaf-spine,sys1-ice2-p-swi-bel5,sw58p1,sys1-ice2-p-swi-bes22,sw5p1,L1
leaf-spine,sys1-ice2-p-swi-bel5,sw58p2,sys1-ice2-p-swi-bes22,sw5p2,L1
leaf-spine,sys1-ice2-p-swi-bel5,sw59p1,sys1-ice2-p-swi-bes23,sw5p1,L1
leaf-spine,sys1-ice2-p-swi-bel5,sw59p2,sys1-ice2-p-swi-bes23,sw5p2,L1
leaf-spine,sys1-ice2-p-swi-bel5,sw60p1,sys1-ice2-p-swi-bes24,sw5p1,L1
leaf-spine,sys1-ice2-p-swi-bel5,sw60p2,sys1-ice2-p-swi-bes24,sw5p2,L1
leaf-spine,sys1-ice2-p-swi-bel5,sw61p1,sys1-ice2-p-swi-bes25,sw5p1,L1
leaf-spine,sys1-ice2-p-swi-bel5,sw61p2,sys1-ice2-p-swi-bes25,sw5p2,L1
leaf-spine,sys1-ice2-p-swi-bel5,sw62p1,sys1-ice2-p-swi-bes26,sw5p1,L1
leaf-spine,sys1-ice2-p-swi-bel5,sw62p2,sys1-ice2-p-swi-bes26,sw5p2,L1
leaf-spine,sys1-ice2-p-swi-bel5,sw63p1,sys1-ice2-p-swi-bes27,sw5p1,L1
leaf-spine,sys1-ice2-p-swi-bel5,sw63p2,sys1-ice2-p-swi-bes27,sw5p2,L1
leaf-spine,sys1-ice2-p-swi-bel5,sw64p1,sys1-ice2-p-swi-bes28,sw5p1,L1
leaf-spine,sys1-ice2-p-swi-bel5,sw64p2,sys1-ice2-p-swi-bes28,sw5p2,L1
leaf-spine,sys1-ice2-p-swi-bel5,sw65p1,sys1-ice2-p-swi-bes29,sw5p1,L1
leaf-spine,sys1-ice2-p-swi-bel5,sw65p2,sys1-ice2-p-swi-bes29,sw5p2,L1
leaf-spine,sys1-ice2-p-swi-bel5,sw66p1,sys1-ice2-p-swi-bes30,sw5p1,L1
leaf-spine,sys1-ice2-p-swi-bel5,sw66p2,sys1-ice2-p-swi-bes30,sw5p2,L1
leaf-spine,sys1-ice2-p-swi-bel5,sw67p1,sys1-ice2-p-swi-bes31,sw5p1,L1
leaf-spine,sys1-ice2-p-swi-bel5,sw67p2,sys1-ice2-p-swi-bes31,sw5p2,L1
leaf-spine,sys1-ice2-p-swi-bel5,sw68p1,sys1-ice2-p-swi-bes32,sw5p1,L1
leaf-spine,sys1-ice2-p-swi-bel5,sw68p2,sys1-ice2-p-swi-bes32,sw5p2,L1
leaf-spine,sys1-ice2-p-swi-bel5,sw69p1,sys1-ice2-p-swi-bes33,sw5p1,L1
leaf-spine,sys1-ice2-p-swi-bel5,sw69p2,sys1-ice2-p-swi-bes33,sw5p2,L1
leaf-spine,sys1-ice2-p-swi-bel5,sw70p1,sys1-ice2-p-swi-bes34,sw5p1,L1
leaf-spine,sys1-ice2-p-swi-bel5,sw70p2,sys1-ice2-p-swi-bes34,sw5p2,L1
leaf-spine,sys1-ice2-p-swi-bel5,sw71p1,sys1-ice2-p-swi-bes35,sw5p1,L1
leaf-spine,sys1-ice2-p-swi-bel5,sw71p2,sys1-ice2-p-swi-bes35,sw5p2,L1
leaf-spine,sys1-ice2-p-swi-bel5,sw72p1,sys1-ice2-p-swi-bes36,sw5p1,L1
leaf-spine,sys1-ice2-p-swi-bel5,sw72p2,sys1-ice2-p-swi-bes36,sw5p2,L1
leaf-spine,sys1-ice2-p-swi-bel6,sw37p1,sys1-ice2-p-swi-bes1,sw6p1,L1
leaf-spine,sys1-ice2-p-swi-bel6,sw37p2,sys1-ice2-p-swi-bes1,sw6p2,L1
leaf-spine,sys1-ice2-p-swi-bel6,sw38p1,sys1-ice2-p-swi-bes2,sw6p1,L1
leaf-spine,sys1-ice2-p-swi-bel6,sw38p2,sys1-ice2-p-swi-bes2,sw6p2,L1
leaf-spine,sys1-ice2-p-swi-bel6,sw39p1,sys1-ice2-p-swi-bes3,sw6p1,L1
leaf-spine,sys1-ice2-p-swi-bel6,sw39p2,sys1-ice2-p-swi-bes3,sw6p2,L1
leaf-spine,sys1-ice2-p-swi-bel6,sw40p1,sys1-ice2-p-swi-bes4,sw6p1,L1
leaf-spine,sys1-ice2-p-swi-bel6,sw40p2,sys1-ice2-p-swi-bes4,sw6p2,L1
leaf-spine,sys1-ice2-p-swi-bel6,sw41p1,sys1-ice2-p-swi-bes5,sw6p1,L1
leaf-spine,sys1-ice2-p-swi-bel6,sw41p2,sys1-ice2-p-swi-bes5,sw6p2,L1
leaf-spine,sys1-ice2-p-swi-bel6,sw42p1,sys1-ice2-p-swi-bes6,sw6p1,L1
leaf-spine,sys1-ice2-p-swi-bel6,sw42p2,sys1-ice2-p-swi-bes6,sw6p2,L1
leaf-spine,sys1-ice2-p-swi-bel6,sw43p1,sys1-ice2-p-swi-bes7,sw6p1,L1
leaf-spine,sys1-ice2-p-swi-bel6,sw43p2,sys1-ice2-p-swi-bes7,sw6p2,L1
leaf-spine,sys1-ice2-p-swi-bel6,sw44p1,sys1-ice2-p-swi-bes8,sw6p1,L1
leaf-spine,sys1-ice2-p-swi-bel6,sw44p2,sys1-ice2-p-swi-bes8,sw6p2,L1
leaf-spine,sys1-ice2-p-swi-bel6,sw45p1,sys1-ice2-p-swi-bes9,sw6p1,L1
leaf-spine,sys1-ice2-p-swi-bel6,sw45p2,sys1-ice2-p-swi-bes9,sw6p2,L1
leaf-spine,sys1-ice2-p-swi-bel6,sw46p1,sys1-ice2-p-swi-bes10,sw6p1,L1
leaf-spine,sys1-ice2-p-swi-bel6,sw46p2,sys1-ice2-p-swi-bes10,sw6p2,L1
leaf-spine,sys1-ice2-p-swi-bel6,sw47p1,sys1-ice2-p-swi-bes11,sw6p1,L1
leaf-spine,sys1-ice2-p-swi-bel6,sw47p2,sys1-ice2-p-swi-bes11,sw6p2,L1
leaf-spine,sys1-ice2-p-swi-bel6,sw48p1,sys1-ice2-p-swi-bes12,sw6p1,L1
leaf-spine,sys1-ice2-p-swi-bel6,sw48p2,sys1-ice2-p-swi-bes12,sw6p2,L1
leaf-spine,sys1-ice2-p-swi-bel6,sw49p1,sys1-ice2-p-swi-bes13,sw6p1,L1
leaf-spine,sys1-ice2-p-swi-bel6,sw49p2,sys1-ice2-p-swi-bes13,sw6p2,L1
leaf-spine,sys1-ice2-p-swi-bel6,sw50p1,sys1-ice2-p-swi-bes14,sw6p1,L1
leaf-spine,sys1-ice2-p-swi-bel6,sw50p2,sys1-ice2-p-swi-bes14,sw6p2,L1
leaf-spine,sys1-ice2-p-swi-bel6,sw51p1,sys1-ice2-p-swi-bes15,sw6p1,L1
leaf-spine,sys1-ice2-p-swi-bel6,sw51p2,sys1-ice2-p-swi-bes15,sw6p2,L1
leaf-spine,sys1-ice2-p-swi-bel6,sw52p1,sys1-ice2-p-swi-bes16,sw6p1,L1
leaf-spine,sys1-ice2-p-swi-bel6,sw52p2,sys1-ice2-p-swi-bes16,sw6p2,L1
leaf-spine,sys1-ice2-p-swi-bel6,sw53p1,sys1-ice2-p-swi-bes17,sw6p1,L1
leaf-spine,sys1-ice2-p-swi-bel6,sw53p2,sys1-ice2-p-swi-bes17,sw6p2,L1
leaf-spine,sys1-ice2-p-swi-bel6,sw54p1,sys1-ice2-p-swi-bes18,sw6p1,L1
leaf-spine,sys1-ice2-p-swi-bel6,sw54p2,sys1-ice2-p-swi-bes18,sw6p2,L1
leaf-spine,sys1-ice2-p-swi-bel6,sw55p1,sys1-ice2-p-swi-bes19,sw6p1,L1
leaf-spine,sys1-ice2-p-swi-bel6,sw55p2,sys1-ice2-p-swi-bes19,sw6p2,L1
leaf-spine,sys1-ice2-p-swi-bel6,sw56p1,sys1-ice2-p-swi-bes20,sw6p1,L1
leaf-spine,sys1-ice2-p-swi-bel6,sw56p2,sys1-ice2-p-swi-bes20,sw6p2,L1
leaf-spine,sys1-ice2-p-swi-bel6,sw57p1,sys1-ice2-p-swi-bes21,sw6p1,L1
leaf-spine,sys1-ice2-p-swi-bel6,sw57p2,sys1-ice2-p-swi-bes21,sw6p2,L1
leaf-spine,sys1-ice2-p-swi-bel6,sw58p1,sys1-ice2-p-swi-bes22,sw6p1,L1
leaf-spine,sys1-ice2-p-swi-bel6,sw58p2,sys1-ice2-p-swi-bes22,sw6p2,L1
leaf-spine,sys1-ice2-p-swi-bel6,sw59p1,sys1-ice2-p-swi-bes23,sw6p1,L1
leaf-spine,sys1-ice2-p-swi-bel6,sw59p2,sys1-ice2-p-swi-bes23,sw6p2,L1
leaf-spine,sys1-ice2-p-swi-bel6,sw60p1,sys1-ice2-p-swi-bes24,sw6p1,L1
leaf-spine,sys1-ice2-p-swi-bel6,sw60p2,sys1-ice2-p-swi-bes24,sw6p2,L1
leaf-spine,sys1-ice2-p-swi-bel6,sw61p1,sys1-ice2-p-swi-bes25,sw6p1,L1
leaf-spine,sys1-ice2-p-swi-bel6,sw61p2,sys1-ice2-p-swi-bes25,sw6p2,L1
leaf-spine,sys1-ice2-p-swi-bel6,sw62p1,sys1-ice2-p-swi-bes26,sw6p1,L1
leaf-spine,sys1-ice2-p-swi-bel6,sw62p2,sys1-ice2-p-swi-bes26,sw6p2,L1
leaf-spine,sys1-ice2-p-swi-bel6,sw63p1,sys1-ice2-p-swi-bes27,sw6p1,L1
leaf-spine,sys1-ice2-p-swi-bel6,sw63p2,sys1-ice2-p-swi-bes27,sw6p2,L1
leaf-spine,sys1-ice2-p-swi-bel6,sw64p1,sys1-ice2-p-swi-bes28,sw6p1,L1
leaf-spine,sys1-ice2-p-swi-bel6,sw64p2,sys1-ice2-p-swi-bes28,sw6p2,L1
leaf-spine,sys1-ice2-p-swi-bel6,sw65p1,sys1-ice2-p-swi-bes29,sw6p1,L1
leaf-spine,sys1-ice2-p-swi-bel6,sw65p2,sys1-ice2-p-swi-bes29,sw6p2,L1
leaf-spine,sys1-ice2-p-swi-bel6,sw66p1,sys1-ice2-p-swi-bes30,sw6p1,L1
leaf-spine,sys1-ice2-p-swi-bel6,sw66p2,sys1-ice2-p-swi-bes30,sw6p2,L1
leaf-spine,sys1-ice2-p-swi-bel6,sw67p1,sys1-ice2-p-swi-bes31,sw6p1,L1
leaf-spine,sys1-ice2-p-swi-bel6,sw67p2,sys1-ice2-p-swi-bes31,sw6p2,L1
leaf-spine,sys1-ice2-p-swi-bel6,sw68p1,sys1-ice2-p-swi-bes32,sw6p1,L1
leaf-spine,sys1-ice2-p-swi-bel6,sw68p2,sys1-ice2-p-swi-bes32,sw6p2,L1
leaf-spine,sys1-ice2-p-swi-bel6,sw69p1,sys1-ice2-p-swi-bes33,sw6p1,L1
leaf-spine,sys1-ice2-p-swi-bel6,sw69p2,sys1-ice2-p-swi-bes33,sw6p2,L1
leaf-spine,sys1-ice2-p-swi-bel6,sw70p1,sys1-ice2-p-swi-bes34,sw6p1,L1
leaf-spine,sys1-ice2-p-swi-bel6,sw70p2,sys1-ice2-p-swi-bes34,sw6p2,L1
leaf-spine,sys1-ice2-p-swi-bel6,sw71p1,sys1-ice2-p-swi-bes35,sw6p1,L1
leaf-spine,sys1-ice2-p-swi-bel6,sw71p2,sys1-ice2-p-swi-bes35,sw6p2,L1
leaf-spine,sys1-ice2-p-swi-bel6,sw72p1,sys1-ice2-p-swi-bes36,sw6p1,L1
leaf-spine,sys1-ice2-p-swi-bel6,sw72p2,sys1-ice2-p-swi-bes36,sw6p2,L1
leaf-spine,sys1-ice2-p-swi-bel7,sw37p1,sys1-ice2-p-swi-bes1,sw7p1,L1
leaf-spine,sys1-ice2-p-swi-bel7,sw37p2,sys1-ice2-p-swi-bes1,sw7p2,L1
leaf-spine,sys1-ice2-p-swi-bel7,sw38p1,sys1-ice2-p-swi-bes2,sw7p1,L1
leaf-spine,sys1-ice2-p-swi-bel7,sw38p2,sys1-ice2-p-swi-bes2,sw7p2,L1
leaf-spine,sys1-ice2-p-swi-bel7,sw39p1,sys1-ice2-p-swi-bes3,sw7p1,L1
leaf-spine,sys1-ice2-p-swi-bel7,sw39p2,sys1-ice2-p-swi-bes3,sw7p2,L1
leaf-spine,sys1-ice2-p-swi-bel7,sw40p1,sys1-ice2-p-swi-bes4,sw7p1,L1
leaf-spine,sys1-ice2-p-swi-bel7,sw40p2,sys1-ice2-p-swi-bes4,sw7p2,L1
leaf-spine,sys1-ice2-p-swi-bel7,sw41p1,sys1-ice2-p-swi-bes5,sw7p1,L1
leaf-spine,sys1-ice2-p-swi-bel7,sw41p2,sys1-ice2-p-swi-bes5,sw7p2,L1
leaf-spine,sys1-ice2-p-swi-bel7,sw42p1,sys1-ice2-p-swi-bes6,sw7p1,L1
leaf-spine,sys1-ice2-p-swi-bel7,sw42p2,sys1-ice2-p-swi-bes6,sw7p2,L1
leaf-spine,sys1-ice2-p-swi-bel7,sw43p1,sys1-ice2-p-swi-bes7,sw7p1,L1
leaf-spine,sys1-ice2-p-swi-bel7,sw43p2,sys1-ice2-p-swi-bes7,sw7p2,L1
leaf-spine,sys1-ice2-p-swi-bel7,sw44p1,sys1-ice2-p-swi-bes8,sw7p1,L1
leaf-spine,sys1-ice2-p-swi-bel7,sw44p2,sys1-ice2-p-swi-bes8,sw7p2,L1
leaf-spine,sys1-ice2-p-swi-bel7,sw45p1,sys1-ice2-p-swi-bes9,sw7p1,L1
leaf-spine,sys1-ice2-p-swi-bel7,sw45p2,sys1-ice2-p-swi-bes9,sw7p2,L1
leaf-spine,sys1-ice2-p-swi-bel7,sw46p1,sys1-ice2-p-swi-bes10,sw7p1,L1
leaf-spine,sys1-ice2-p-swi-bel7,sw46p2,sys1-ice2-p-swi-bes10,sw7p2,L1
leaf-spine,sys1-ice2-p-swi-bel7,sw47p1,sys1-ice2-p-swi-bes11,sw7p1,L1
leaf-spine,sys1-ice2-p-swi-bel7,sw47p2,sys1-ice2-p-swi-bes11,sw7p2,L1
leaf-spine,sys1-ice2-p-swi-bel7,sw48p1,sys1-ice2-p-swi-bes12,sw7p1,L1
leaf-spine,sys1-ice2-p-swi-bel7,sw48p2,sys1-ice2-p-swi-bes12,sw7p2,L1
leaf-spine,sys1-ice2-p-swi-bel7,sw49p1,sys1-ice2-p-swi-bes13,sw7p1,L1
leaf-spine,sys1-ice2-p-swi-bel7,sw49p2,sys1-ice2-p-swi-bes13,sw7p2,L1
leaf-spine,sys1-ice2-p-swi-bel7,sw50p1,sys1-ice2-p-swi-bes14,sw7p1,L1
leaf-spine,sys1-ice2-p-swi-bel7,sw50p2,sys1-ice2-p-swi-bes14,sw7p2,L1
leaf-spine,sys1-ice2-p-swi-bel7,sw51p1,sys1-ice2-p-swi-bes15,sw7p1,L1
leaf-spine,sys1-ice2-p-swi-bel7,sw51p2,sys1-ice2-p-swi-bes15,sw7p2,L1
leaf-spine,sys1-ice2-p-swi-bel7,sw52p1,sys1-ice2-p-swi-bes16,sw7p1,L1
leaf-spine,sys1-ice2-p-swi-bel7,sw52p2,sys1-ice2-p-swi-bes16,sw7p2,L1
leaf-spine,sys1-ice2-p-swi-bel7,sw53p1,sys1-ice2-p-swi-bes17,sw7p1,L1
leaf-spine,sys1-ice2-p-swi-bel7,sw53p2,sys1-ice2-p-swi-bes17,sw7p2,L1
leaf-spine,sys1-ice2-p-swi-bel7,sw54p1,sys1-ice2-p-swi-bes18,sw7p1,L1
leaf-spine,sys1-ice2-p-swi-bel7,sw54p2,sys1-ice2-p-swi-bes18,sw7p2,L1
leaf-spine,sys1-ice2-p-swi-bel7,sw55p1,sys1-ice2-p-swi-bes19,sw7p1,L1
leaf-spine,sys1-ice2-p-swi-bel7,sw55p2,sys1-ice2-p-swi-bes19,sw7p2,L1
leaf-spine,sys1-ice2-p-swi-bel7,sw56p1,sys1-ice2-p-swi-bes20,sw7p1,L1
leaf-spine,sys1-ice2-p-swi-bel7,sw56p2,sys1-ice2-p-swi-bes20,sw7p2,L1
leaf-spine,sys1-ice2-p-swi-bel7,sw57p1,sys1-ice2-p-swi-bes21,sw7p1,L1
leaf-spine,sys1-ice2-p-swi-bel7,sw57p2,sys1-ice2-p-swi-bes21,sw7p2,L1
leaf-spine,sys1-ice2-p-swi-bel7,sw58p1,sys1-ice2-p-swi-bes22,sw7p1,L1
leaf-spine,sys1-ice2-p-swi-bel7,sw58p2,sys1-ice2-p-swi-bes22,sw7p2,L1
leaf-spine,sys1-ice2-p-swi-bel7,sw59p1,sys1-ice2-p-swi-bes23,sw7p1,L1
leaf-spine,sys1-ice2-p-swi-bel7,sw59p2,sys1-ice2-p-swi-bes23,sw7p2,L1
leaf-spine,sys1-ice2-p-swi-bel7,sw60p1,sys1-ice2-p-swi-bes24,sw7p1,L1
leaf-spine,sys1-ice2-p-swi-bel7,sw60p2,sys1-ice2-p-swi-bes24,sw7p2,L1
leaf-spine,sys1-ice2-p-swi-bel7,sw61p1,sys1-ice2-p-swi-bes25,sw7p1,L1
leaf-spine,sys1-ice2-p-swi-bel7,sw61p2,sys1-ice2-p-swi-bes25,sw7p2,L1
leaf-spine,sys1-ice2-p-swi-bel7,sw62p1,sys1-ice2-p-swi-bes26,sw7p1,L1
leaf-spine,sys1-ice2-p-swi-bel7,sw62p2,sys1-ice2-p-swi-bes26,sw7p2,L1
leaf-spine,sys1-ice2-p-swi-bel7,sw63p1,sys1-ice2-p-swi-bes27,sw7p1,L1
leaf-spine,sys1-ice2-p-swi-bel7,sw63p2,sys1-ice2-p-swi-bes27,sw7p2,L1
leaf-spine,sys1-ice2-p-swi-bel7,sw64p1,sys1-ice2-p-swi-bes28,sw7p1,L1
leaf-spine,sys1-ice2-p-swi-bel7,sw64p2,sys1-ice2-p-swi-bes28,sw7p2,L1
leaf-spine,sys1-ice2-p-swi-bel7,sw65p1,sys1-ice2-p-swi-bes29,sw7p1,L1
leaf-spine,sys1-ice2-p-swi-bel7,sw65p2,sys1-ice2-p-swi-bes29,sw7p2,L1
leaf-spine,sys1-ice2-p-swi-bel7,sw66p1,sys1-ice2-p-swi-bes30,sw7p1,L1
leaf-spine,sys1-ice2-p-swi-bel7,sw66p2,sys1-ice2-p-swi-bes30,sw7p2,L1
leaf-spine,sys1-ice2-p-swi-bel7,sw67p1,sys1-ice2-p-swi-bes31,sw7p1,L1
leaf-spine,sys1-ice2-p-swi-bel7,sw67p2,sys1-ice2-p-swi-bes31,sw7p2,L1
leaf-spine,sys1-ice2-p-swi-bel7,sw68p1,sys1-ice2-p-swi-bes32,sw7p1,L1
leaf-spine,sys1-ice2-p-swi-bel7,sw68p2,sys1-ice2-p-swi-bes32,sw7p2,L1
leaf-spine,sys1-ice2-p-swi-bel7,sw69p1,sys1-ice2-p-swi-bes33,sw7p1,L1
leaf-spine,sys1-ice2-p-swi-bel7,sw69p2,sys1-ice2-p-swi-bes33,sw7p2,L1
leaf-spine,sys1-ice2-p-swi-bel7,sw70p1,sys1-ice2-p-swi-bes34,sw7p1,L1
leaf-spine,sys1-ice2-p-swi-bel7,sw70p2,sys1-ice2-p-swi-bes34,sw7p2,L1
leaf-spine,sys1-ice2-p-swi-bel7,sw71p1,sys1-ice2-p-swi-bes35,sw7p1,L1
leaf-spine,sys1-ice2-p-swi-bel7,sw71p2,sys1-ice2-p-swi-bes35,sw7p2,L1
leaf-spine,sys1-ice2-p-swi-bel7,sw72p1,sys1-ice2-p-swi-bes36,sw7p1,L1
leaf-spine,sys1-ice2-p-swi-bel7,sw72p2,sys1-ice2-p-swi-bes36,sw7p2,L1
leaf-spine,sys1-ice2-p-swi-bel8,sw37p1,sys1-ice2-p-swi-bes1,sw8p1,L1
leaf-spine,sys1-ice2-p-swi-bel8,sw37p2,sys1-ice2-p-swi-bes1,sw8p2,L1
leaf-spine,sys1-ice2-p-swi-bel8,sw38p1,sys1-ice2-p-swi-bes2,sw8p1,L1
leaf-spine,sys1-ice2-p-swi-bel8,sw38p2,sys1-ice2-p-swi-bes2,sw8p2,L1
leaf-spine,sys1-ice2-p-swi-bel8,sw39p1,sys1-ice2-p-swi-bes3,sw8p1,L1
leaf-spine,sys1-ice2-p-swi-bel8,sw39p2,sys1-ice2-p-swi-bes3,sw8p2,L1
leaf-spine,sys1-ice2-p-swi-bel8,sw40p1,sys1-ice2-p-swi-bes4,sw8p1,L1
leaf-spine,sys1-ice2-p-swi-bel8,sw40p2,sys1-ice2-p-swi-bes4,sw8p2,L1
leaf-spine,sys1-ice2-p-swi-bel8,sw41p1,sys1-ice2-p-swi-bes5,sw8p1,L1
leaf-spine,sys1-ice2-p-swi-bel8,sw41p2,sys1-ice2-p-swi-bes5,sw8p2,L1
leaf-spine,sys1-ice2-p-swi-bel8,sw42p1,sys1-ice2-p-swi-bes6,sw8p1,L1
leaf-spine,sys1-ice2-p-swi-bel8,sw42p2,sys1-ice2-p-swi-bes6,sw8p2,L1
leaf-spine,sys1-ice2-p-swi-bel8,sw43p1,sys1-ice2-p-swi-bes7,sw8p1,L1
leaf-spine,sys1-ice2-p-swi-bel8,sw43p2,sys1-ice2-p-swi-bes7,sw8p2,L1
leaf-spine,sys1-ice2-p-swi-bel8,sw44p1,sys1-ice2-p-swi-bes8,sw8p1,L1
leaf-spine,sys1-ice2-p-swi-bel8,sw44p2,sys1-ice2-p-swi-bes8,sw8p2,L1
leaf-spine,sys1-ice2-p-swi-bel8,sw45p1,sys1-ice2-p-swi-bes9,sw8p1,L1
leaf-spine,sys1-ice2-p-swi-bel8,sw45p2,sys1-ice2-p-swi-bes9,sw8p2,L1
leaf-spine,sys1-ice2-p-swi-bel8,sw46p1,sys1-ice2-p-swi-bes10,sw8p1,L1
leaf-spine,sys1-ice2-p-swi-bel8,sw46p2,sys1-ice2-p-swi-bes10,sw8p2,L1
leaf-spine,sys1-ice2-p-swi-bel8,sw47p1,sys1-ice2-p-swi-bes11,sw8p1,L1
leaf-spine,sys1-ice2-p-swi-bel8,sw47p2,sys1-ice2-p-swi-bes11,sw8p2,L1
leaf-spine,sys1-ice2-p-swi-bel8,sw48p1,sys1-ice2-p-swi-bes12,sw8p1,L1
leaf-spine,sys1-ice2-p-swi-bel8,sw48p2,sys1-ice2-p-swi-bes12,sw8p2,L1
leaf-spine,sys1-ice2-p-swi-bel8,sw49p1,sys1-ice2-p-swi-bes13,sw8p1,L1
leaf-spine,sys1-ice2-p-swi-bel8,sw49p2,sys1-ice2-p-swi-bes13,sw8p2,L1
leaf-spine,sys1-ice2-p-swi-bel8,sw50p1,sys1-ice2-p-swi-bes14,sw8p1,L1
leaf-spine,sys1-ice2-p-swi-bel8,sw50p2,sys1-ice2-p-swi-bes14,sw8p2,L1
leaf-spine,sys1-ice2-p-swi-bel8,sw51p1,sys1-ice2-p-swi-bes15,sw8p1,L1
leaf-spine,sys1-ice2-p-swi-bel8,sw51p2,sys1-ice2-p-swi-bes15,sw8p2,L1
leaf-spine,sys1-ice2-p-swi-bel8,sw52p1,sys1-ice2-p-swi-bes16,sw8p1,L1
leaf-spine,sys1-ice2-p-swi-bel8,sw52p2,sys1-ice2-p-swi-bes16,sw8p2,L1
leaf-spine,sys1-ice2-p-swi-bel8,sw53p1,sys1-ice2-p-swi-bes17,sw8p1,L1
leaf-spine,sys1-ice2-p-swi-bel8,sw53p2,sys1-ice2-p-swi-bes17,sw8p2,L1
leaf-spine,sys1-ice2-p-swi-bel8,sw54p1,sys1-ice2-p-swi-bes18,sw8p1,L1
leaf-spine,sys1-ice2-p-swi-bel8,sw54p2,sys1-ice2-p-swi-bes18,sw8p2,L1
leaf-spine,sys1-ice2-p-swi-bel8,sw55p1,sys1-ice2-p-swi-bes19,sw8p1,L1
leaf-spine,sys1-ice2-p-swi-bel8,sw55p2,sys1-ice2-p-swi-bes19,sw8p2,L1
leaf-spine,sys1-ice2-p-swi-bel8,sw56p1,sys1-ice2-p-swi-bes20,sw8p1,L1
leaf-spine,sys1-ice2-p-swi-bel8,sw56p2,sys1-ice2-p-swi-bes20,sw8p2,L1
leaf-spine,sys1-ice2-p-swi-bel8,sw57p1,sys1-ice2-p-swi-bes21,sw8p1,L1
leaf-spine,sys1-ice2-p-swi-bel8,sw57p2,sys1-ice2-p-swi-bes21,sw8p2,L1
leaf-spine,sys1-ice2-p-swi-bel8,sw58p1,sys1-ice2-p-swi-bes22,sw8p1,L1
leaf-spine,sys1-ice2-p-swi-bel8,sw58p2,sys1-ice2-p-swi-bes22,sw8p2,L1
leaf-spine,sys1-ice2-p-swi-bel8,sw59p1,sys1-ice2-p-swi-bes23,sw8p1,L1
leaf-spine,sys1-ice2-p-swi-bel8,sw59p2,sys1-ice2-p-swi-bes23,sw8p2,L1
leaf-spine,sys1-ice2-p-swi-bel8,sw60p1,sys1-ice2-p-swi-bes24,sw8p1,L1
leaf-spine,sys1-ice2-p-swi-bel8,sw60p2,sys1-ice2-p-swi-bes24,sw8p2,L1
leaf-spine,sys1-ice2-p-swi-bel8,sw61p1,sys1-ice2-p-swi-bes25,sw8p1,L1
leaf-spine,sys1-ice2-p-swi-bel8,sw61p2,sys1-ice2-p-swi-bes25,sw8p2,L1
leaf-spine,sys1-ice2-p-swi-bel8,sw62p1,sys1-ice2-p-swi-bes26,sw8p1,L1
leaf-spine,sys1-ice2-p-swi-bel8,sw62p2,sys1-ice2-p-swi-bes26,sw8p2,L1
leaf-spine,sys1-ice2-p-swi-bel8,sw63p1,sys1-ice2-p-swi-bes27,sw8p1,L1
leaf-spine,sys1-ice2-p-swi-bel8,sw63p2,sys1-ice2-p-swi-bes27,sw8p2,L1
leaf-spine,sys1-ice2-p-swi-bel8,sw64p1,sys1-ice2-p-swi-bes28,sw8p1,L1
leaf-spine,sys1-ice2-p-swi-bel8,sw64p2,sys1-ice2-p-swi-bes28,sw8p2,L1
leaf-spine,sys1-ice2-p-swi-bel8,sw65p1,sys1-ice2-p-swi-bes29,sw8p1,L1
leaf-spine,sys1-ice2-p-swi-bel8,sw65p2,sys1-ice2-p-swi-bes29,sw8p2,L1
leaf-spine,sys1-ice2-p-swi-bel8,sw66p1,sys1-ice2-p-swi-bes30,sw8p1,L1
leaf-spine,sys1-ice2-p-swi-bel8,sw66p2,sys1-ice2-p-swi-bes30,sw8p2,L1
leaf-spine,sys1-ice2-p-swi-bel8,sw67p1,sys1-ice2-p-swi-bes31,sw8p1,L1
leaf-spine,sys1-ice2-p-swi-bel8,sw67p2,sys1-ice2-p-swi-bes31,sw8p2,L1
leaf-spine,sys1-ice2-p-swi-bel8,sw68p1,sys1-ice2-p-swi-bes32,sw8p1,L1
leaf-spine,sys1-ice2-p-swi-bel8,sw68p2,sys1-ice2-p-swi-bes32,sw8p2,L1
leaf-spine,sys1-ice2-p-swi-bel8,sw69p1,sys1-ice2-p-swi-bes33,sw8p1,L1
leaf-spine,sys1-ice2-p-swi-bel8,sw69p2,sys1-ice2-p-swi-bes33,sw8p2,L1
leaf-spine,sys1-ice2-p-swi-bel8,sw70p1,sys1-ice2-p-swi-bes34,sw8p1,L1
leaf-spine,sys1-ice2-p-swi-bel8,sw70p2,sys1-ice2-p-swi-bes34,sw8p2,L1
leaf-spine,sys1-ice2-p-swi-bel8,sw71p1,sys1-ice2-p-swi-bes35,sw8p1,L1
leaf-spine,sys1-ice2-p-swi-bel8,sw71p2,sys1-ice2-p-swi-bes35,sw8p2,L1
leaf-spine,sys1-ice2-p-swi-bel8,sw72p1,sys1-ice2-p-swi-bes36,sw8p1,L1
leaf-spine,sys1-ice2-p-swi-bel8,sw72p2,sys1-ice2-p-swi-bes36,sw8p2,L1
leaf-spine,sys1-ice2-p-swi-bel9,sw37p1,sys1-ice2-p-swi-bes1,sw9p1,L1
leaf-spine,sys1-ice2-p-swi-bel9,sw37p2,sys1-ice2-p-swi-bes1,sw9p2,L1
leaf-spine,sys1-ice2-p-swi-bel9,sw38p1,sys1-ice2-p-swi-bes2,sw9p1,L1
leaf-spine,sys1-ice2-p-swi-bel9,sw38p2,sys1-ice2-p-swi-bes2,sw9p2,L1
leaf-spine,sys1-ice2-p-swi-bel9,sw39p1,sys1-ice2-p-swi-bes3,sw9p1,L1
leaf-spine,sys1-ice2-p-swi-bel9,sw39p2,sys1-ice2-p-swi-bes3,sw9p2,L1
leaf-spine,sys1-ice2-p-swi-bel9,sw40p1,sys1-ice2-p-swi-bes4,sw9p1,L1
leaf-spine,sys1-ice2-p-swi-bel9,sw40p2,sys1-ice2-p-swi-bes4,sw9p2,L1
leaf-spine,sys1-ice2-p-swi-bel9,sw41p1,sys1-ice2-p-swi-bes5,sw9p1,L1
leaf-spine,sys1-ice2-p-swi-bel9,sw41p2,sys1-ice2-p-swi-bes5,sw9p2,L1
leaf-spine,sys1-ice2-p-swi-bel9,sw42p1,sys1-ice2-p-swi-bes6,sw9p1,L1
leaf-spine,sys1-ice2-p-swi-bel9,sw42p2,sys1-ice2-p-swi-bes6,sw9p2,L1
leaf-spine,sys1-ice2-p-swi-bel9,sw43p1,sys1-ice2-p-swi-bes7,sw9p1,L1
leaf-spine,sys1-ice2-p-swi-bel9,sw43p2,sys1-ice2-p-swi-bes7,sw9p2,L1
leaf-spine,sys1-ice2-p-swi-bel9,sw44p1,sys1-ice2-p-swi-bes8,sw9p1,L1
leaf-spine,sys1-ice2-p-swi-bel9,sw44p2,sys1-ice2-p-swi-bes8,sw9p2,L1
leaf-spine,sys1-ice2-p-swi-bel9,sw45p1,sys1-ice2-p-swi-bes9,sw9p1,L1
leaf-spine,sys1-ice2-p-swi-bel9,sw45p2,sys1-ice2-p-swi-bes9,sw9p2,L1
leaf-spine,sys1-ice2-p-swi-bel9,sw46p1,sys1-ice2-p-swi-bes10,sw9p1,L1
leaf-spine,sys1-ice2-p-swi-bel9,sw46p2,sys1-ice2-p-swi-bes10,sw9p2,L1
leaf-spine,sys1-ice2-p-swi-bel9,sw47p1,sys1-ice2-p-swi-bes11,sw9p1,L1
leaf-spine,sys1-ice2-p-swi-bel9,sw47p2,sys1-ice2-p-swi-bes11,sw9p2,L1
leaf-spine,sys1-ice2-p-swi-bel9,sw48p1,sys1-ice2-p-swi-bes12,sw9p1,L1
leaf-spine,sys1-ice2-p-swi-bel9,sw48p2,sys1-ice2-p-swi-bes12,sw9p2,L1
leaf-spine,sys1-ice2-p-swi-bel9,sw49p1,sys1-ice2-p-swi-bes13,sw9p1,L1
leaf-spine,sys1-ice2-p-swi-bel9,sw49p2,sys1-ice2-p-swi-bes13,sw9p2,L1
leaf-spine,sys1-ice2-p-swi-bel9,sw50p1,sys1-ice2-p-swi-bes14,sw9p1,L1
leaf-spine,sys1-ice2-p-swi-bel9,sw50p2,sys1-ice2-p-swi-bes14,sw9p2,L1
leaf-spine,sys1-ice2-p-swi-bel9,sw51p1,sys1-ice2-p-swi-bes15,sw9p1,L1
leaf-spine,sys1-ice2-p-swi-bel9,sw51p2,sys1-ice2-p-swi-bes15,sw9p2,L1
leaf-spine,sys1-ice2-p-swi-bel9,sw52p1,sys1-ice2-p-swi-bes16,sw9p1,L1
leaf-spine,sys1-ice2-p-swi-bel9,sw52p2,sys1-ice2-p-swi-bes16,sw9p2,L1
leaf-spine,sys1-ice2-p-swi-bel9,sw53p1,sys1-ice2-p-swi-bes17,sw9p1,L1
leaf-spine,sys1-ice2-p-swi-bel9,sw53p2,sys1-ice2-p-swi-bes17,sw9p2,L1
leaf-spine,sys1-ice2-p-swi-bel9,sw54p1,sys1-ice2-p-swi-bes18,sw9p1,L1
leaf-spine,sys1-ice2-p-swi-bel9,sw54p2,sys1-ice2-p-swi-bes18,sw9p2,L1
leaf-spine,sys1-ice2-p-swi-bel9,sw55p1,sys1-ice2-p-swi-bes19,sw9p1,L1
leaf-spine,sys1-ice2-p-swi-bel9,sw55p2,sys1-ice2-p-swi-bes19,sw9p2,L1
leaf-spine,sys1-ice2-p-swi-bel9,sw56p1,sys1-ice2-p-swi-bes20,sw9p1,L1
leaf-spine,sys1-ice2-p-swi-bel9,sw56p2,sys1-ice2-p-swi-bes20,sw9p2,L1
leaf-spine,sys1-ice2-p-swi-bel9,sw57p1,sys1-ice2-p-swi-bes21,sw9p1,L1
leaf-spine,sys1-ice2-p-swi-bel9,sw57p2,sys1-ice2-p-swi-bes21,sw9p2,L1
leaf-spine,sys1-ice2-p-swi-bel9,sw58p1,sys1-ice2-p-swi-bes22,sw9p1,L1
leaf-spine,sys1-ice2-p-swi-bel9,sw58p2,sys1-ice2-p-swi-bes22,sw9p2,L1
leaf-spine,sys1-ice2-p-swi-bel9,sw59p1,sys1-ice2-p-swi-bes23,sw9p1,L1
leaf-spine,sys1-ice2-p-swi-bel9,sw59p2,sys1-ice2-p-swi-bes23,sw9p2,L1
leaf-spine,sys1-ice2-p-swi-bel9,sw60p1,sys1-ice2-p-swi-bes24,sw9p1,L1
leaf-spine,sys1-ice2-p-swi-bel9,sw60p2,sys1-ice2-p-swi-bes24,sw9p2,L1
leaf-spine,sys1-ice2-p-swi-bel9,sw61p1,sys1-ice2-p-swi-bes25,sw9p1,L1
leaf-spine,sys1-ice2-p-swi-bel9,sw61p2,sys1-ice2-p-swi-bes25,sw9p2,L1
leaf-spine,sys1-ice2-p-swi-bel9,sw62p1,sys1-ice2-p-swi-bes26,sw9p1,L1
leaf-spine,sys1-ice2-p-swi-bel9,sw62p2,sys1-ice2-p-swi-bes26,sw9p2,L1
leaf-spine,sys1-ice2-p-swi-bel9,sw63p1,sys1-ice2-p-swi-bes27,sw9p1,L1
leaf-spine,sys1-ice2-p-swi-bel9,sw63p2,sys1-ice2-p-swi-bes27,sw9p2,L1
leaf-spine,sys1-ice2-p-swi-bel9,sw64p1,sys1-ice2-p-swi-bes28,sw9p1,L1
leaf-spine,sys1-ice2-p-swi-bel9,sw64p2,sys1-ice2-p-swi-bes28,sw9p2,L1
leaf-spine,sys1-ice2-p-swi-bel9,sw65p1,sys1-ice2-p-swi-bes29,sw9p1,L1
leaf-spine,sys1-ice2-p-swi-bel9,sw65p2,sys1-ice2-p-swi-bes29,sw9p2,L1
leaf-spine,sys1-ice2-p-swi-bel9,sw66p1,sys1-ice2-p-swi-bes30,sw9p1,L1
leaf-spine,sys1-ice2-p-swi-bel9,sw66p2,sys1-ice2-p-swi-bes30,sw9p2,L1
leaf-spine,sys1-ice2-p-swi-bel9,sw67p1,sys1-ice2-p-swi-bes31,sw9p1,L1
leaf-spine,sys1-ice2-p-swi-bel9,sw67p2,sys1-ice2-p-swi-bes31,sw9p2,L1
leaf-spine,sys1-ice2-p-swi-bel9,sw68p1,sys1-ice2-p-swi-bes32,sw9p1,L1
leaf-spine,sys1-ice2-p-swi-bel9,sw68p2,sys1-ice2-p-swi-bes32,sw9p2,L1
leaf-spine,sys1-ice2-p-swi-bel9,sw69p1,sys1-ice2-p-swi-bes33,sw9p1,L1
leaf-spine,sys1-ice2-p-swi-bel9,sw69p2,sys1-ice2-p-swi-bes33,sw9p2,L1
leaf-spine,sys1-ice2-p-swi-bel9,sw70p1,sys1-ice2-p-swi-bes34,sw9p1,L1
leaf-spine,sys1-ice2-p-swi-bel9,sw70p2,sys1-ice2-p-swi-bes34,sw9p2,L1
leaf-spine,sys1-ice2-p-swi-bel9,sw71p1,sys1-ice2-p-swi-bes35,sw9p1,L1
leaf-spine,sys1-ice2-p-swi-bel9,sw71p2,sys1-ice2-p-swi-bes35,sw9p2,L1
leaf-spine,sys1-ice2-p-swi-bel9,sw72p1,sys1-ice2-p-swi-bes36,sw9p1,L1
leaf-spine,sys1-ice2-p-swi-bel9,sw72p2,sys1-ice2-p-swi-bes36,sw9p2,L1
leaf-spine,sys1-ice2-p-swi-bel10,sw37p1,sys1-ice2-p-swi-bes1,sw10p1,L1
leaf-spine,sys1-ice2-p-swi-bel10,sw37p2,sys1-ice2-p-swi-bes1,sw10p2,L1
leaf-spine,sys1-ice2-p-swi-bel10,sw38p1,sys1-ice2-p-swi-bes2,sw10p1,L1
leaf-spine,sys1-ice2-p-swi-bel10,sw38p2,sys1-ice2-p-swi-bes2,sw10p2,L1
leaf-spine,sys1-ice2-p-swi-bel10,sw39p1,sys1-ice2-p-swi-bes3,sw10p1,L1
leaf-spine,sys1-ice2-p-swi-bel10,sw39p2,sys1-ice2-p-swi-bes3,sw10p2,L1
leaf-spine,sys1-ice2-p-swi-bel10,sw40p1,sys1-ice2-p-swi-bes4,sw10p1,L1
leaf-spine,sys1-ice2-p-swi-bel10,sw40p2,sys1-ice2-p-swi-bes4,sw10p2,L1
leaf-spine,sys1-ice2-p-swi-bel10,sw41p1,sys1-ice2-p-swi-bes5,sw10p1,L1
leaf-spine,sys1-ice2-p-swi-bel10,sw41p2,sys1-ice2-p-swi-bes5,sw10p2,L1
leaf-spine,sys1-ice2-p-swi-bel10,sw42p1,sys1-ice2-p-swi-bes6,sw10p1,L1
leaf-spine,sys1-ice2-p-swi-bel10,sw42p2,sys1-ice2-p-swi-bes6,sw10p2,L1
leaf-spine,sys1-ice2-p-swi-bel10,sw43p1,sys1-ice2-p-swi-bes7,sw10p1,L1
leaf-spine,sys1-ice2-p-swi-bel10,sw43p2,sys1-ice2-p-swi-bes7,sw10p2,L1
leaf-spine,sys1-ice2-p-swi-bel10,sw44p1,sys1-ice2-p-swi-bes8,sw10p1,L1
leaf-spine,sys1-ice2-p-swi-bel10,sw44p2,sys1-ice2-p-swi-bes8,sw10p2,L1
leaf-spine,sys1-ice2-p-swi-bel10,sw45p1,sys1-ice2-p-swi-bes9,sw10p1,L1
leaf-spine,sys1-ice2-p-swi-bel10,sw45p2,sys1-ice2-p-swi-bes9,sw10p2,L1
leaf-spine,sys1-ice2-p-swi-bel10,sw46p1,sys1-ice2-p-swi-bes10,sw10p1,L1
leaf-spine,sys1-ice2-p-swi-bel10,sw46p2,sys1-ice2-p-swi-bes10,sw10p2,L1
leaf-spine,sys1-ice2-p-swi-bel10,sw47p1,sys1-ice2-p-swi-bes11,sw10p1,L1
leaf-spine,sys1-ice2-p-swi-bel10,sw47p2,sys1-ice2-p-swi-bes11,sw10p2,L1
leaf-spine,sys1-ice2-p-swi-bel10,sw48p1,sys1-ice2-p-swi-bes12,sw10p1,L1
leaf-spine,sys1-ice2-p-swi-bel10,sw48p2,sys1-ice2-p-swi-bes12,sw10p2,L1
leaf-spine,sys1-ice2-p-swi-bel10,sw49p1,sys1-ice2-p-swi-bes13,sw10p1,L1
leaf-spine,sys1-ice2-p-swi-bel10,sw49p2,sys1-ice2-p-swi-bes13,sw10p2,L1
leaf-spine,sys1-ice2-p-swi-bel10,sw50p1,sys1-ice2-p-swi-bes14,sw10p1,L1
leaf-spine,sys1-ice2-p-swi-bel10,sw50p2,sys1-ice2-p-swi-bes14,sw10p2,L1
leaf-spine,sys1-ice2-p-swi-bel10,sw51p1,sys1-ice2-p-swi-bes15,sw10p1,L1
leaf-spine,sys1-ice2-p-swi-bel10,sw51p2,sys1-ice2-p-swi-bes15,sw10p2,L1
leaf-spine,sys1-ice2-p-swi-bel10,sw52p1,sys1-ice2-p-swi-bes16,sw10p1,L1
leaf-spine,sys1-ice2-p-swi-bel10,sw52p2,sys1-ice2-p-swi-bes16,sw10p2,L1
leaf-spine,sys1-ice2-p-swi-bel10,sw53p1,sys1-ice2-p-swi-bes17,sw10p1,L1
leaf-spine,sys1-ice2-p-swi-bel10,sw53p2,sys1-ice2-p-swi-bes17,sw10p2,L1
leaf-spine,sys1-ice2-p-swi-bel10,sw54p1,sys1-ice2-p-swi-bes18,sw10p1,L1
leaf-spine,sys1-ice2-p-swi-bel10,sw54p2,sys1-ice2-p-swi-bes18,sw10p2,L1
leaf-spine,sys1-ice2-p-swi-bel10,sw55p1,sys1-ice2-p-swi-bes19,sw10p1,L1
leaf-spine,sys1-ice2-p-swi-bel10,sw55p2,sys1-ice2-p-swi-bes19,sw10p2,L1
leaf-spine,sys1-ice2-p-swi-bel10,sw56p1,sys1-ice2-p-swi-bes20,sw10p1,L1
leaf-spine,sys1-ice2-p-swi-bel10,sw56p2,sys1-ice2-p-swi-bes20,sw10p2,L1
leaf-spine,sys1-ice2-p-swi-bel10,sw57p1,sys1-ice2-p-swi-bes21,sw10p1,L1
leaf-spine,sys1-ice2-p-swi-bel10,sw57p2,sys1-ice2-p-swi-bes21,sw10p2,L1
leaf-spine,sys1-ice2-p-swi-bel10,sw58p1,sys1-ice2-p-swi-bes22,sw10p1,L1
leaf-spine,sys1-ice2-p-swi-bel10,sw58p2,sys1-ice2-p-swi-bes22,sw10p2,L1
leaf-spine,sys1-ice2-p-swi-bel10,sw59p1,sys1-ice2-p-swi-bes23,sw10p1,L1
leaf-spine,sys1-ice2-p-swi-bel10,sw59p2,sys1-ice2-p-swi-bes23,sw10p2,L1
leaf-spine,sys1-ice2-p-swi-bel10,sw60p1,sys1-ice2-p-swi-bes24,sw10p1,L1
leaf-spine,sys1-ice2-p-swi-bel10,sw60p2,sys1-ice2-p-swi-bes24,sw10p2,L1
leaf-spine,sys1-ice2-p-swi-bel10,sw61p1,sys1-ice2-p-swi-bes25,sw10p1,L1
leaf-spine,sys1-ice2-p-swi-bel10,sw61p2,sys1-ice2-p-swi-bes25,sw10p2,L1
leaf-spine,sys1-ice2-p-swi-bel10,sw62p1,sys1-ice2-p-swi-bes26,sw10p1,L1
leaf-spine,sys1-ice2-p-swi-bel10,sw62p2,sys1-ice2-p-swi-bes26,sw10p2,L1
leaf-spine,sys1-ice2-p-swi-bel10,sw63p1,sys1-ice2-p-swi-bes27,sw10p1,L1
leaf-spine,sys1-ice2-p-swi-bel10,sw63p2,sys1-ice2-p-swi-bes27,sw10p2,L1
leaf-spine,sys1-ice2-p-swi-bel10,sw64p1,sys1-ice2-p-swi-bes28,sw10p1,L1
leaf-spine,sys1-ice2-p-swi-bel10,sw64p2,sys1-ice2-p-swi-bes28,sw10p2,L1
leaf-spine,sys1-ice2-p-swi-bel10,sw65p1,sys1-ice2-p-swi-bes29,sw10p1,L1
leaf-spine,sys1-ice2-p-swi-bel10,sw65p2,sys1-ice2-p-swi-bes29,sw10p2,L1
leaf-spine,sys1-ice2-p-swi-bel10,sw66p1,sys1-ice2-p-swi-bes30,sw10p1,L1
leaf-spine,sys1-ice2-p-swi-bel10,sw66p2,sys1-ice2-p-swi-bes30,sw10p2,L1
leaf-spine,sys1-ice2-p-swi-bel10,sw67p1,sys1-ice2-p-swi-bes31,sw10p1,L1
leaf-spine,sys1-ice2-p-swi-bel10,sw67p2,sys1-ice2-p-swi-bes31,sw10p2,L1
leaf-spine,sys1-ice2-p-swi-bel10,sw68p1,sys1-ice2-p-swi-bes32,sw10p1,L1
leaf-spine,sys1-ice2-p-swi-bel10,sw68p2,sys1-ice2-p-swi-bes32,sw10p2,L1
leaf-spine,sys1-ice2-p-swi-bel10,sw69p1,sys1-ice2-p-swi-bes33,sw10p1,L1
leaf-spine,sys1-ice2-p-swi-bel10,sw69p2,sys1-ice2-p-swi-bes33,sw10p2,L1
leaf-spine,sys1-ice2-p-swi-bel10,sw70p1,sys1-ice2-p-swi-bes34,sw10p1,L1
leaf-spine,sys1-ice2-p-swi-bel10,sw70p2,sys1-ice2-p-swi-bes34,sw10p2,L1
leaf-spine,sys1-ice2-p-swi-bel10,sw71p1,sys1-ice2-p-swi-bes35,sw10p1,L1
leaf-spine,sys1-ice2-p-swi-bel10,sw71p2,sys1-ice2-p-swi-bes35,sw10p2,L1
leaf-spine,sys1-ice2-p-swi-bel10,sw72p1,sys1-ice2-p-swi-bes36,sw10p1,L1
leaf-spine,sys1-ice2-p-swi-bel10,sw72p2,sys1-ice2-p-swi-bes36,sw10p2,L1
leaf-spine,sys1-ice2-p-swi-bel11,sw37p1,sys1-ice2-p-swi-bes1,sw11p1,L1
leaf-spine,sys1-ice2-p-swi-bel11,sw37p2,sys1-ice2-p-swi-bes1,sw11p2,L1
leaf-spine,sys1-ice2-p-swi-bel11,sw38p1,sys1-ice2-p-swi-bes2,sw11p1,L1
leaf-spine,sys1-ice2-p-swi-bel11,sw38p2,sys1-ice2-p-swi-bes2,sw11p2,L1
leaf-spine,sys1-ice2-p-swi-bel11,sw39p1,sys1-ice2-p-swi-bes3,sw11p1,L1
leaf-spine,sys1-ice2-p-swi-bel11,sw39p2,sys1-ice2-p-swi-bes3,sw11p2,L1
leaf-spine,sys1-ice2-p-swi-bel11,sw40p1,sys1-ice2-p-swi-bes4,sw11p1,L1
leaf-spine,sys1-ice2-p-swi-bel11,sw40p2,sys1-ice2-p-swi-bes4,sw11p2,L1
leaf-spine,sys1-ice2-p-swi-bel11,sw41p1,sys1-ice2-p-swi-bes5,sw11p1,L1
leaf-spine,sys1-ice2-p-swi-bel11,sw41p2,sys1-ice2-p-swi-bes5,sw11p2,L1
leaf-spine,sys1-ice2-p-swi-bel11,sw42p1,sys1-ice2-p-swi-bes6,sw11p1,L1
leaf-spine,sys1-ice2-p-swi-bel11,sw42p2,sys1-ice2-p-swi-bes6,sw11p2,L1
leaf-spine,sys1-ice2-p-swi-bel11,sw43p1,sys1-ice2-p-swi-bes7,sw11p1,L1
leaf-spine,sys1-ice2-p-swi-bel11,sw43p2,sys1-ice2-p-swi-bes7,sw11p2,L1
leaf-spine,sys1-ice2-p-swi-bel11,sw44p1,sys1-ice2-p-swi-bes8,sw11p1,L1
leaf-spine,sys1-ice2-p-swi-bel11,sw44p2,sys1-ice2-p-swi-bes8,sw11p2,L1
leaf-spine,sys1-ice2-p-swi-bel11,sw45p1,sys1-ice2-p-swi-bes9,sw11p1,L1
leaf-spine,sys1-ice2-p-swi-bel11,sw45p2,sys1-ice2-p-swi-bes9,sw11p2,L1
leaf-spine,sys1-ice2-p-swi-bel11,sw46p1,sys1-ice2-p-swi-bes10,sw11p1,L1
leaf-spine,sys1-ice2-p-swi-bel11,sw46p2,sys1-ice2-p-swi-bes10,sw11p2,L1
leaf-spine,sys1-ice2-p-swi-bel11,sw47p1,sys1-ice2-p-swi-bes11,sw11p1,L1
leaf-spine,sys1-ice2-p-swi-bel11,sw47p2,sys1-ice2-p-swi-bes11,sw11p2,L1
leaf-spine,sys1-ice2-p-swi-bel11,sw48p1,sys1-ice2-p-swi-bes12,sw11p1,L1
leaf-spine,sys1-ice2-p-swi-bel11,sw48p2,sys1-ice2-p-swi-bes12,sw11p2,L1
leaf-spine,sys1-ice2-p-swi-bel11,sw49p1,sys1-ice2-p-swi-bes13,sw11p1,L1
leaf-spine,sys1-ice2-p-swi-bel11,sw49p2,sys1-ice2-p-swi-bes13,sw11p2,L1
leaf-spine,sys1-ice2-p-swi-bel11,sw50p1,sys1-ice2-p-swi-bes14,sw11p1,L1
leaf-spine,sys1-ice2-p-swi-bel11,sw50p2,sys1-ice2-p-swi-bes14,sw11p2,L1
leaf-spine,sys1-ice2-p-swi-bel11,sw51p1,sys1-ice2-p-swi-bes15,sw11p1,L1
leaf-spine,sys1-ice2-p-swi-bel11,sw51p2,sys1-ice2-p-swi-bes15,sw11p2,L1
leaf-spine,sys1-ice2-p-swi-bel11,sw52p1,sys1-ice2-p-swi-bes16,sw11p1,L1
leaf-spine,sys1-ice2-p-swi-bel11,sw52p2,sys1-ice2-p-swi-bes16,sw11p2,L1
leaf-spine,sys1-ice2-p-swi-bel11,sw53p1,sys1-ice2-p-swi-bes17,sw11p1,L1
leaf-spine,sys1-ice2-p-swi-bel11,sw53p2,sys1-ice2-p-swi-bes17,sw11p2,L1
leaf-spine,sys1-ice2-p-swi-bel11,sw54p1,sys1-ice2-p-swi-bes18,sw11p1,L1
leaf-spine,sys1-ice2-p-swi-bel11,sw54p2,sys1-ice2-p-swi-bes18,sw11p2,L1
leaf-spine,sys1-ice2-p-swi-bel11,sw55p1,sys1-ice2-p-swi-bes19,sw11p1,L1
leaf-spine,sys1-ice2-p-swi-bel11,sw55p2,sys1-ice2-p-swi-bes19,sw11p2,L1
leaf-spine,sys1-ice2-p-swi-bel11,sw56p1,sys1-ice2-p-swi-bes20,sw11p1,L1
leaf-spine,sys1-ice2-p-swi-bel11,sw56p2,sys1-ice2-p-swi-bes20,sw11p2,L1
leaf-spine,sys1-ice2-p-swi-bel11,sw57p1,sys1-ice2-p-swi-bes21,sw11p1,L1
leaf-spine,sys1-ice2-p-swi-bel11,sw57p2,sys1-ice2-p-swi-bes21,sw11p2,L1
leaf-spine,sys1-ice2-p-swi-bel11,sw58p1,sys1-ice2-p-swi-bes22,sw11p1,L1
leaf-spine,sys1-ice2-p-swi-bel11,sw58p2,sys1-ice2-p-swi-bes22,sw11p2,L1
leaf-spine,sys1-ice2-p-swi-bel11,sw59p1,sys1-ice2-p-swi-bes23,sw11p1,L1
leaf-spine,sys1-ice2-p-swi-bel11,sw59p2,sys1-ice2-p-swi-bes23,sw11p2,L1
leaf-spine,sys1-ice2-p-swi-bel11,sw60p1,sys1-ice2-p-swi-bes24,sw11p1,L1
leaf-spine,sys1-ice2-p-swi-bel11,sw60p2,sys1-ice2-p-swi-bes24,sw11p2,L1
leaf-spine,sys1-ice2-p-swi-bel11,sw61p1,sys1-ice2-p-swi-bes25,sw11p1,L1
leaf-spine,sys1-ice2-p-swi-bel11,sw61p2,sys1-ice2-p-swi-bes25,sw11p2,L1
leaf-spine,sys1-ice2-p-swi-bel11,sw62p1,sys1-ice2-p-swi-bes26,sw11p1,L1
leaf-spine,sys1-ice2-p-swi-bel11,sw62p2,sys1-ice2-p-swi-bes26,sw11p2,L1
leaf-spine,sys1-ice2-p-swi-bel11,sw63p1,sys1-ice2-p-swi-bes27,sw11p1,L1
leaf-spine,sys1-ice2-p-swi-bel11,sw63p2,sys1-ice2-p-swi-bes27,sw11p2,L1
leaf-spine,sys1-ice2-p-swi-bel11,sw64p1,sys1-ice2-p-swi-bes28,sw11p1,L1
leaf-spine,sys1-ice2-p-swi-bel11,sw64p2,sys1-ice2-p-swi-bes28,sw11p2,L1
leaf-spine,sys1-ice2-p-swi-bel11,sw65p1,sys1-ice2-p-swi-bes29,sw11p1,L1
leaf-spine,sys1-ice2-p-swi-bel11,sw65p2,sys1-ice2-p-swi-bes29,sw11p2,L1
leaf-spine,sys1-ice2-p-swi-bel11,sw66p1,sys1-ice2-p-swi-bes30,sw11p1,L1
leaf-spine,sys1-ice2-p-swi-bel11,sw66p2,sys1-ice2-p-swi-bes30,sw11p2,L1
leaf-spine,sys1-ice2-p-swi-bel11,sw67p1,sys1-ice2-p-swi-bes31,sw11p1,L1
leaf-spine,sys1-ice2-p-swi-bel11,sw67p2,sys1-ice2-p-swi-bes31,sw11p2,L1
leaf-spine,sys1-ice2-p-swi-bel11,sw68p1,sys1-ice2-p-swi-bes32,sw11p1,L1
leaf-spine,sys1-ice2-p-swi-bel11,sw68p2,sys1-ice2-p-swi-bes32,sw11p2,L1
leaf-spine,sys1-ice2-p-swi-bel11,sw69p1,sys1-ice2-p-swi-bes33,sw11p1,L1
leaf-spine,sys1-ice2-p-swi-bel11,sw69p2,sys1-ice2-p-swi-bes33,sw11p2,L1
leaf-spine,sys1-ice2-p-swi-bel11,sw70p1,sys1-ice2-p-swi-bes34,sw11p1,L1
leaf-spine,sys1-ice2-p-swi-bel11,sw70p2,sys1-ice2-p-swi-bes34,sw11p2,L1
leaf-spine,sys1-ice2-p-swi-bel11,sw71p1,sys1-ice2-p-swi-bes35,sw11p1,L1
leaf-spine,sys1-ice2-p-swi-bel11,sw71p2,sys1-ice2-p-swi-bes35,sw11p2,L1
leaf-spine,sys1-ice2-p-swi-bel11,sw72p1,sys1-ice2-p-swi-bes36,sw11p1,L1
leaf-spine,sys1-ice2-p-swi-bel11,sw72p2,sys1-ice2-p-swi-bes36,sw11p2,L1
leaf-spine,sys1-ice2-p-swi-bel12,sw37p1,sys1-ice2-p-swi-bes1,sw12p1,L1
leaf-spine,sys1-ice2-p-swi-bel12,sw37p2,sys1-ice2-p-swi-bes1,sw12p2,L1
leaf-spine,sys1-ice2-p-swi-bel12,sw38p1,sys1-ice2-p-swi-bes2,sw12p1,L1
leaf-spine,sys1-ice2-p-swi-bel12,sw38p2,sys1-ice2-p-swi-bes2,sw12p2,L1
leaf-spine,sys1-ice2-p-swi-bel12,sw39p1,sys1-ice2-p-swi-bes3,sw12p1,L1
leaf-spine,sys1-ice2-p-swi-bel12,sw39p2,sys1-ice2-p-swi-bes3,sw12p2,L1
leaf-spine,sys1-ice2-p-swi-bel12,sw40p1,sys1-ice2-p-swi-bes4,sw12p1,L1
leaf-spine,sys1-ice2-p-swi-bel12,sw40p2,sys1-ice2-p-swi-bes4,sw12p2,L1
leaf-spine,sys1-ice2-p-swi-bel12,sw41p1,sys1-ice2-p-swi-bes5,sw12p1,L1
leaf-spine,sys1-ice2-p-swi-bel12,sw41p2,sys1-ice2-p-swi-bes5,sw12p2,L1
leaf-spine,sys1-ice2-p-swi-bel12,sw42p1,sys1-ice2-p-swi-bes6,sw12p1,L1
leaf-spine,sys1-ice2-p-swi-bel12,sw42p2,sys1-ice2-p-swi-bes6,sw12p2,L1
leaf-spine,sys1-ice2-p-swi-bel12,sw43p1,sys1-ice2-p-swi-bes7,sw12p1,L1
leaf-spine,sys1-ice2-p-swi-bel12,sw43p2,sys1-ice2-p-swi-bes7,sw12p2,L1
leaf-spine,sys1-ice2-p-swi-bel12,sw44p1,sys1-ice2-p-swi-bes8,sw12p1,L1
leaf-spine,sys1-ice2-p-swi-bel12,sw44p2,sys1-ice2-p-swi-bes8,sw12p2,L1
leaf-spine,sys1-ice2-p-swi-bel12,sw45p1,sys1-ice2-p-swi-bes9,sw12p1,L1
leaf-spine,sys1-ice2-p-swi-bel12,sw45p2,sys1-ice2-p-swi-bes9,sw12p2,L1
leaf-spine,sys1-ice2-p-swi-bel12,sw46p1,sys1-ice2-p-swi-bes10,sw12p1,L1
leaf-spine,sys1-ice2-p-swi-bel12,sw46p2,sys1-ice2-p-swi-bes10,sw12p2,L1
leaf-spine,sys1-ice2-p-swi-bel12,sw47p1,sys1-ice2-p-swi-bes11,sw12p1,L1
leaf-spine,sys1-ice2-p-swi-bel12,sw47p2,sys1-ice2-p-swi-bes11,sw12p2,L1
leaf-spine,sys1-ice2-p-swi-bel12,sw48p1,sys1-ice2-p-swi-bes12,sw12p1,L1
leaf-spine,sys1-ice2-p-swi-bel12,sw48p2,sys1-ice2-p-swi-bes12,sw12p2,L1
leaf-spine,sys1-ice2-p-swi-bel12,sw49p1,sys1-ice2-p-swi-bes13,sw12p1,L1
leaf-spine,sys1-ice2-p-swi-bel12,sw49p2,sys1-ice2-p-swi-bes13,sw12p2,L1
leaf-spine,sys1-ice2-p-swi-bel12,sw50p1,sys1-ice2-p-swi-bes14,sw12p1,L1
leaf-spine,sys1-ice2-p-swi-bel12,sw50p2,sys1-ice2-p-swi-bes14,sw12p2,L1
leaf-spine,sys1-ice2-p-swi-bel12,sw51p1,sys1-ice2-p-swi-bes15,sw12p1,L1
leaf-spine,sys1-ice2-p-swi-bel12,sw51p2,sys1-ice2-p-swi-bes15,sw12p2,L1
leaf-spine,sys1-ice2-p-swi-bel12,sw52p1,sys1-ice2-p-swi-bes16,sw12p1,L1
leaf-spine,sys1-ice2-p-swi-bel12,sw52p2,sys1-ice2-p-swi-bes16,sw12p2,L1
leaf-spine,sys1-ice2-p-swi-bel12,sw53p1,sys1-ice2-p-swi-bes17,sw12p1,L1
leaf-spine,sys1-ice2-p-swi-bel12,sw53p2,sys1-ice2-p-swi-bes17,sw12p2,L1
leaf-spine,sys1-ice2-p-swi-bel12,sw54p1,sys1-ice2-p-swi-bes18,sw12p1,L1
leaf-spine,sys1-ice2-p-swi-bel12,sw54p2,sys1-ice2-p-swi-bes18,sw12p2,L1
leaf-spine,sys1-ice2-p-swi-bel12,sw55p1,sys1-ice2-p-swi-bes19,sw12p1,L1
leaf-spine,sys1-ice2-p-swi-bel12,sw55p2,sys1-ice2-p-swi-bes19,sw12p2,L1
leaf-spine,sys1-ice2-p-swi-bel12,sw56p1,sys1-ice2-p-swi-bes20,sw12p1,L1
leaf-spine,sys1-ice2-p-swi-bel12,sw56p2,sys1-ice2-p-swi-bes20,sw12p2,L1
leaf-spine,sys1-ice2-p-swi-bel12,sw57p1,sys1-ice2-p-swi-bes21,sw12p1,L1
leaf-spine,sys1-ice2-p-swi-bel12,sw57p2,sys1-ice2-p-swi-bes21,sw12p2,L1
leaf-spine,sys1-ice2-p-swi-bel12,sw58p1,sys1-ice2-p-swi-bes22,sw12p1,L1
leaf-spine,sys1-ice2-p-swi-bel12,sw58p2,sys1-ice2-p-swi-bes22,sw12p2,L1
leaf-spine,sys1-ice2-p-swi-bel12,sw59p1,sys1-ice2-p-swi-bes23,sw12p1,L1
leaf-spine,sys1-ice2-p-swi-bel12,sw59p2,sys1-ice2-p-swi-bes23,sw12p2,L1
leaf-spine,sys1-ice2-p-swi-bel12,sw60p1,sys1-ice2-p-swi-bes24,sw12p1,L1
leaf-spine,sys1-ice2-p-swi-bel12,sw60p2,sys1-ice2-p-swi-bes24,sw12p2,L1
leaf-spine,sys1-ice2-p-swi-bel12,sw61p1,sys1-ice2-p-swi-bes25,sw12p1,L1
leaf-spine,sys1-ice2-p-swi-bel12,sw61p2,sys1-ice2-p-swi-bes25,sw12p2,L1
leaf-spine,sys1-ice2-p-swi-bel12,sw62p1,sys1-ice2-p-swi-bes26,sw12p1,L1
leaf-spine,sys1-ice2-p-swi-bel12,sw62p2,sys1-ice2-p-swi-bes26,sw12p2,L1
leaf-spine,sys1-ice2-p-swi-bel12,sw63p1,sys1-ice2-p-swi-bes27,sw12p1,L1
leaf-spine,sys1-ice2-p-swi-bel12,sw63p2,sys1-ice2-p-swi-bes27,sw12p2,L1
leaf-spine,sys1-ice2-p-swi-bel12,sw64p1,sys1-ice2-p-swi-bes28,sw12p1,L1
leaf-spine,sys1-ice2-p-swi-bel12,sw64p2,sys1-ice2-p-swi-bes28,sw12p2,L1
leaf-spine,sys1-ice2-p-swi-bel12,sw65p1,sys1-ice2-p-swi-bes29,sw12p1,L1
leaf-spine,sys1-ice2-p-swi-bel12,sw65p2,sys1-ice2-p-swi-bes29,sw12p2,L1
leaf-spine,sys1-ice2-p-swi-bel12,sw66p1,sys1-ice2-p-swi-bes30,sw12p1,L1
leaf-spine,sys1-ice2-p-swi-bel12,sw66p2,sys1-ice2-p-swi-bes30,sw12p2,L1
leaf-spine,sys1-ice2-p-swi-bel12,sw67p1,sys1-ice2-p-swi-bes31,sw12p1,L1
leaf-spine,sys1-ice2-p-swi-bel12,sw67p2,sys1-ice2-p-swi-bes31,sw12p2,L1
leaf-spine,sys1-ice2-p-swi-bel12,sw68p1,sys1-ice2-p-swi-bes32,sw12p1,L1
leaf-spine,sys1-ice2-p-swi-bel12,sw68p2,sys1-ice2-p-swi-bes32,sw12p2,L1
leaf-spine,sys1-ice2-p-swi-bel12,sw69p1,sys1-ice2-p-swi-bes33,sw12p1,L1
leaf-spine,sys1-ice2-p-swi-bel12,sw69p2,sys1-ice2-p-swi-bes33,sw12p2,L1
leaf-spine,sys1-ice2-p-swi-bel12,sw70p1,sys1-ice2-p-swi-bes34,sw12p1,L1
leaf-spine,sys1-ice2-p-swi-bel12,sw70p2,sys1-ice2-p-swi-bes34,sw12p2,L1
leaf-spine,sys1-ice2-p-swi-bel12,sw71p1,sys1-ice2-p-swi-bes35,sw12p1,L1
leaf-spine,sys1-ice2-p-swi-bel12,sw71p2,sys1-ice2-p-swi-bes35,sw12p2,L1
leaf-spine,sys1-ice2-p-swi-bel12,sw72p1,sys1-ice2-p-swi-bes36,sw12p1,L1
leaf-spine,sys1-ice2-p-swi-bel12,sw72p2,sys1-ice2-p-swi-bes36,sw12p2,L1
leaf-spine,sys1-ice2-p-swi-bel13,sw37p1,sys1-ice2-p-swi-bes1,sw13p1,L1
leaf-spine,sys1-ice2-p-swi-bel13,sw37p2,sys1-ice2-p-swi-bes1,sw13p2,L1
leaf-spine,sys1-ice2-p-swi-bel13,sw38p1,sys1-ice2-p-swi-bes2,sw13p1,L1
leaf-spine,sys1-ice2-p-swi-bel13,sw38p2,sys1-ice2-p-swi-bes2,sw13p2,L1
leaf-spine,sys1-ice2-p-swi-bel13,sw39p1,sys1-ice2-p-swi-bes3,sw13p1,L1
leaf-spine,sys1-ice2-p-swi-bel13,sw39p2,sys1-ice2-p-swi-bes3,sw13p2,L1
leaf-spine,sys1-ice2-p-swi-bel13,sw40p1,sys1-ice2-p-swi-bes4,sw13p1,L1
leaf-spine,sys1-ice2-p-swi-bel13,sw40p2,sys1-ice2-p-swi-bes4,sw13p2,L1
leaf-spine,sys1-ice2-p-swi-bel13,sw41p1,sys1-ice2-p-swi-bes5,sw13p1,L1
leaf-spine,sys1-ice2-p-swi-bel13,sw41p2,sys1-ice2-p-swi-bes5,sw13p2,L1
leaf-spine,sys1-ice2-p-swi-bel13,sw42p1,sys1-ice2-p-swi-bes6,sw13p1,L1
leaf-spine,sys1-ice2-p-swi-bel13,sw42p2,sys1-ice2-p-swi-bes6,sw13p2,L1
leaf-spine,sys1-ice2-p-swi-bel13,sw43p1,sys1-ice2-p-swi-bes7,sw13p1,L1
leaf-spine,sys1-ice2-p-swi-bel13,sw43p2,sys1-ice2-p-swi-bes7,sw13p2,L1
leaf-spine,sys1-ice2-p-swi-bel13,sw44p1,sys1-ice2-p-swi-bes8,sw13p1,L1
leaf-spine,sys1-ice2-p-swi-bel13,sw44p2,sys1-ice2-p-swi-bes8,sw13p2,L1
leaf-spine,sys1-ice2-p-swi-bel13,sw45p1,sys1-ice2-p-swi-bes9,sw13p1,L1
leaf-spine,sys1-ice2-p-swi-bel13,sw45p2,sys1-ice2-p-swi-bes9,sw13p2,L1
leaf-spine,sys1-ice2-p-swi-bel13,sw46p1,sys1-ice2-p-swi-bes10,sw13p1,L1
leaf-spine,sys1-ice2-p-swi-bel13,sw46p2,sys1-ice2-p-swi-bes10,sw13p2,L1
leaf-spine,sys1-ice2-p-swi-bel13,sw47p1,sys1-ice2-p-swi-bes11,sw13p1,L1
leaf-spine,sys1-ice2-p-swi-bel13,sw47p2,sys1-ice2-p-swi-bes11,sw13p2,L1
leaf-spine,sys1-ice2-p-swi-bel13,sw48p1,sys1-ice2-p-swi-bes12,sw13p1,L1
leaf-spine,sys1-ice2-p-swi-bel13,sw48p2,sys1-ice2-p-swi-bes12,sw13p2,L1
leaf-spine,sys1-ice2-p-swi-bel13,sw49p1,sys1-ice2-p-swi-bes13,sw13p1,L1
leaf-spine,sys1-ice2-p-swi-bel13,sw49p2,sys1-ice2-p-swi-bes13,sw13p2,L1
leaf-spine,sys1-ice2-p-swi-bel13,sw50p1,sys1-ice2-p-swi-bes14,sw13p1,L1
leaf-spine,sys1-ice2-p-swi-bel13,sw50p2,sys1-ice2-p-swi-bes14,sw13p2,L1
leaf-spine,sys1-ice2-p-swi-bel13,sw51p1,sys1-ice2-p-swi-bes15,sw13p1,L1
leaf-spine,sys1-ice2-p-swi-bel13,sw51p2,sys1-ice2-p-swi-bes15,sw13p2,L1
leaf-spine,sys1-ice2-p-swi-bel13,sw52p1,sys1-ice2-p-swi-bes16,sw13p1,L1
leaf-spine,sys1-ice2-p-swi-bel13,sw52p2,sys1-ice2-p-swi-bes16,sw13p2,L1
leaf-spine,sys1-ice2-p-swi-bel13,sw53p1,sys1-ice2-p-swi-bes17,sw13p1,L1
leaf-spine,sys1-ice2-p-swi-bel13,sw53p2,sys1-ice2-p-swi-bes17,sw13p2,L1
leaf-spine,sys1-ice2-p-swi-bel13,sw54p1,sys1-ice2-p-swi-bes18,sw13p1,L1
leaf-spine,sys1-ice2-p-swi-bel13,sw54p2,sys1-ice2-p-swi-bes18,sw13p2,L1
leaf-spine,sys1-ice2-p-swi-bel13,sw55p1,sys1-ice2-p-swi-bes19,sw13p1,L1
leaf-spine,sys1-ice2-p-swi-bel13,sw55p2,sys1-ice2-p-swi-bes19,sw13p2,L1
leaf-spine,sys1-ice2-p-swi-bel13,sw56p1,sys1-ice2-p-swi-bes20,sw13p1,L1
leaf-spine,sys1-ice2-p-swi-bel13,sw56p2,sys1-ice2-p-swi-bes20,sw13p2,L1
leaf-spine,sys1-ice2-p-swi-bel13,sw57p1,sys1-ice2-p-swi-bes21,sw13p1,L1
leaf-spine,sys1-ice2-p-swi-bel13,sw57p2,sys1-ice2-p-swi-bes21,sw13p2,L1
leaf-spine,sys1-ice2-p-swi-bel13,sw58p1,sys1-ice2-p-swi-bes22,sw13p1,L1
leaf-spine,sys1-ice2-p-swi-bel13,sw58p2,sys1-ice2-p-swi-bes22,sw13p2,L1
leaf-spine,sys1-ice2-p-swi-bel13,sw59p1,sys1-ice2-p-swi-bes23,sw13p1,L1
leaf-spine,sys1-ice2-p-swi-bel13,sw59p2,sys1-ice2-p-swi-bes23,sw13p2,L1
leaf-spine,sys1-ice2-p-swi-bel13,sw60p1,sys1-ice2-p-swi-bes24,sw13p1,L1
leaf-spine,sys1-ice2-p-swi-bel13,sw60p2,sys1-ice2-p-swi-bes24,sw13p2,L1
leaf-spine,sys1-ice2-p-swi-bel13,sw61p1,sys1-ice2-p-swi-bes25,sw13p1,L1
leaf-spine,sys1-ice2-p-swi-bel13,sw61p2,sys1-ice2-p-swi-bes25,sw13p2,L1
leaf-spine,sys1-ice2-p-swi-bel13,sw62p1,sys1-ice2-p-swi-bes26,sw13p1,L1
leaf-spine,sys1-ice2-p-swi-bel13,sw62p2,sys1-ice2-p-swi-bes26,sw13p2,L1
leaf-spine,sys1-ice2-p-swi-bel13,sw63p1,sys1-ice2-p-swi-bes27,sw13p1,L1
leaf-spine,sys1-ice2-p-swi-bel13,sw63p2,sys1-ice2-p-swi-bes27,sw13p2,L1
leaf-spine,sys1-ice2-p-swi-bel13,sw64p1,sys1-ice2-p-swi-bes28,sw13p1,L1
leaf-spine,sys1-ice2-p-swi-bel13,sw64p2,sys1-ice2-p-swi-bes28,sw13p2,L1
leaf-spine,sys1-ice2-p-swi-bel13,sw65p1,sys1-ice2-p-swi-bes29,sw13p1,L1
leaf-spine,sys1-ice2-p-swi-bel13,sw65p2,sys1-ice2-p-swi-bes29,sw13p2,L1
leaf-spine,sys1-ice2-p-swi-bel13,sw66p1,sys1-ice2-p-swi-bes30,sw13p1,L1
leaf-spine,sys1-ice2-p-swi-bel13,sw66p2,sys1-ice2-p-swi-bes30,sw13p2,L1
leaf-spine,sys1-ice2-p-swi-bel13,sw67p1,sys1-ice2-p-swi-bes31,sw13p1,L1
leaf-spine,sys1-ice2-p-swi-bel13,sw67p2,sys1-ice2-p-swi-bes31,sw13p2,L1
leaf-spine,sys1-ice2-p-swi-bel13,sw68p1,sys1-ice2-p-swi-bes32,sw13p1,L1
leaf-spine,sys1-ice2-p-swi-bel13,sw68p2,sys1-ice2-p-swi-bes32,sw13p2,L1
leaf-spine,sys1-ice2-p-swi-bel13,sw69p1,sys1-ice2-p-swi-bes33,sw13p1,L1
leaf-spine,sys1-ice2-p-swi-bel13,sw69p2,sys1-ice2-p-swi-bes33,sw13p2,L1
leaf-spine,sys1-ice2-p-swi-bel13,sw70p1,sys1-ice2-p-swi-bes34,sw13p1,L1
leaf-spine,sys1-ice2-p-swi-bel13,sw70p2,sys1-ice2-p-swi-bes34,sw13p2,L1
leaf-spine,sys1-ice2-p-swi-bel13,sw71p1,sys1-ice2-p-swi-bes35,sw13p1,L1
leaf-spine,sys1-ice2-p-swi-bel13,sw71p2,sys1-ice2-p-swi-bes35,sw13p2,L1
leaf-spine,sys1-ice2-p-swi-bel13,sw72p1,sys1-ice2-p-swi-bes36,sw13p1,L1
leaf-spine,sys1-ice2-p-swi-bel13,sw72p2,sys1-ice2-p-swi-bes36,sw13p2,L1
leaf-spine,sys1-ice2-p-swi-bel14,sw37p1,sys1-ice2-p-swi-bes1,sw14p1,L1
leaf-spine,sys1-ice2-p-swi-bel14,sw37p2,sys1-ice2-p-swi-bes1,sw14p2,L1
leaf-spine,sys1-ice2-p-swi-bel14,sw38p1,sys1-ice2-p-swi-bes2,sw14p1,L1
leaf-spine,sys1-ice2-p-swi-bel14,sw38p2,sys1-ice2-p-swi-bes2,sw14p2,L1
leaf-spine,sys1-ice2-p-swi-bel14,sw39p1,sys1-ice2-p-swi-bes3,sw14p1,L1
leaf-spine,sys1-ice2-p-swi-bel14,sw39p2,sys1-ice2-p-swi-bes3,sw14p2,L1
leaf-spine,sys1-ice2-p-swi-bel14,sw40p1,sys1-ice2-p-swi-bes4,sw14p1,L1
leaf-spine,sys1-ice2-p-swi-bel14,sw40p2,sys1-ice2-p-swi-bes4,sw14p2,L1
leaf-spine,sys1-ice2-p-swi-bel14,sw41p1,sys1-ice2-p-swi-bes5,sw14p1,L1
leaf-spine,sys1-ice2-p-swi-bel14,sw41p2,sys1-ice2-p-swi-bes5,sw14p2,L1
leaf-spine,sys1-ice2-p-swi-bel14,sw42p1,sys1-ice2-p-swi-bes6,sw14p1,L1
leaf-spine,sys1-ice2-p-swi-bel14,sw42p2,sys1-ice2-p-swi-bes6,sw14p2,L1
leaf-spine,sys1-ice2-p-swi-bel14,sw43p1,sys1-ice2-p-swi-bes7,sw14p1,L1
leaf-spine,sys1-ice2-p-swi-bel14,sw43p2,sys1-ice2-p-swi-bes7,sw14p2,L1
leaf-spine,sys1-ice2-p-swi-bel14,sw44p1,sys1-ice2-p-swi-bes8,sw14p1,L1
leaf-spine,sys1-ice2-p-swi-bel14,sw44p2,sys1-ice2-p-swi-bes8,sw14p2,L1
leaf-spine,sys1-ice2-p-swi-bel14,sw45p1,sys1-ice2-p-swi-bes9,sw14p1,L1
leaf-spine,sys1-ice2-p-swi-bel14,sw45p2,sys1-ice2-p-swi-bes9,sw14p2,L1
leaf-spine,sys1-ice2-p-swi-bel14,sw46p1,sys1-ice2-p-swi-bes10,sw14p1,L1
leaf-spine,sys1-ice2-p-swi-bel14,sw46p2,sys1-ice2-p-swi-bes10,sw14p2,L1
leaf-spine,sys1-ice2-p-swi-bel14,sw47p1,sys1-ice2-p-swi-bes11,sw14p1,L1
leaf-spine,sys1-ice2-p-swi-bel14,sw47p2,sys1-ice2-p-swi-bes11,sw14p2,L1
leaf-spine,sys1-ice2-p-swi-bel14,sw48p1,sys1-ice2-p-swi-bes12,sw14p1,L1
leaf-spine,sys1-ice2-p-swi-bel14,sw48p2,sys1-ice2-p-swi-bes12,sw14p2,L1
leaf-spine,sys1-ice2-p-swi-bel14,sw49p1,sys1-ice2-p-swi-bes13,sw14p1,L1
leaf-spine,sys1-ice2-p-swi-bel14,sw49p2,sys1-ice2-p-swi-bes13,sw14p2,L1
leaf-spine,sys1-ice2-p-swi-bel14,sw50p1,sys1-ice2-p-swi-bes14,sw14p1,L1
leaf-spine,sys1-ice2-p-swi-bel14,sw50p2,sys1-ice2-p-swi-bes14,sw14p2,L1
leaf-spine,sys1-ice2-p-swi-bel14,sw51p1,sys1-ice2-p-swi-bes15,sw14p1,L1
leaf-spine,sys1-ice2-p-swi-bel14,sw51p2,sys1-ice2-p-swi-bes15,sw14p2,L1
leaf-spine,sys1-ice2-p-swi-bel14,sw52p1,sys1-ice2-p-swi-bes16,sw14p1,L1
leaf-spine,sys1-ice2-p-swi-bel14,sw52p2,sys1-ice2-p-swi-bes16,sw14p2,L1
leaf-spine,sys1-ice2-p-swi-bel14,sw53p1,sys1-ice2-p-swi-bes17,sw14p1,L1
leaf-spine,sys1-ice2-p-swi-bel14,sw53p2,sys1-ice2-p-swi-bes17,sw14p2,L1
leaf-spine,sys1-ice2-p-swi-bel14,sw54p1,sys1-ice2-p-swi-bes18,sw14p1,L1
leaf-spine,sys1-ice2-p-swi-bel14,sw54p2,sys1-ice2-p-swi-bes18,sw14p2,L1
leaf-spine,sys1-ice2-p-swi-bel14,sw55p1,sys1-ice2-p-swi-bes19,sw14p1,L1
leaf-spine,sys1-ice2-p-swi-bel14,sw55p2,sys1-ice2-p-swi-bes19,sw14p2,L1
leaf-spine,sys1-ice2-p-swi-bel14,sw56p1,sys1-ice2-p-swi-bes20,sw14p1,L1
leaf-spine,sys1-ice2-p-swi-bel14,sw56p2,sys1-ice2-p-swi-bes20,sw14p2,L1
leaf-spine,sys1-ice2-p-swi-bel14,sw57p1,sys1-ice2-p-swi-bes21,sw14p1,L1
leaf-spine,sys1-ice2-p-swi-bel14,sw57p2,sys1-ice2-p-swi-bes21,sw14p2,L1
leaf-spine,sys1-ice2-p-swi-bel14,sw58p1,sys1-ice2-p-swi-bes22,sw14p1,L1
leaf-spine,sys1-ice2-p-swi-bel14,sw58p2,sys1-ice2-p-swi-bes22,sw14p2,L1
leaf-spine,sys1-ice2-p-swi-bel14,sw59p1,sys1-ice2-p-swi-bes23,sw14p1,L1
leaf-spine,sys1-ice2-p-swi-bel14,sw59p2,sys1-ice2-p-swi-bes23,sw14p2,L1
leaf-spine,sys1-ice2-p-swi-bel14,sw60p1,sys1-ice2-p-swi-bes24,sw14p1,L1
leaf-spine,sys1-ice2-p-swi-bel14,sw60p2,sys1-ice2-p-swi-bes24,sw14p2,L1
leaf-spine,sys1-ice2-p-swi-bel14,sw61p1,sys1-ice2-p-swi-bes25,sw14p1,L1
leaf-spine,sys1-ice2-p-swi-bel14,sw61p2,sys1-ice2-p-swi-bes25,sw14p2,L1
leaf-spine,sys1-ice2-p-swi-bel14,sw62p1,sys1-ice2-p-swi-bes26,sw14p1,L1
leaf-spine,sys1-ice2-p-swi-bel14,sw62p2,sys1-ice2-p-swi-bes26,sw14p2,L1
leaf-spine,sys1-ice2-p-swi-bel14,sw63p1,sys1-ice2-p-swi-bes27,sw14p1,L1
leaf-spine,sys1-ice2-p-swi-bel14,sw63p2,sys1-ice2-p-swi-bes27,sw14p2,L1
leaf-spine,sys1-ice2-p-swi-bel14,sw64p1,sys1-ice2-p-swi-bes28,sw14p1,L1
leaf-spine,sys1-ice2-p-swi-bel14,sw64p2,sys1-ice2-p-swi-bes28,sw14p2,L1
leaf-spine,sys1-ice2-p-swi-bel14,sw65p1,sys1-ice2-p-swi-bes29,sw14p1,L1
leaf-spine,sys1-ice2-p-swi-bel14,sw65p2,sys1-ice2-p-swi-bes29,sw14p2,L1
leaf-spine,sys1-ice2-p-swi-bel14,sw66p1,sys1-ice2-p-swi-bes30,sw14p1,L1
leaf-spine,sys1-ice2-p-swi-bel14,sw66p2,sys1-ice2-p-swi-bes30,sw14p2,L1
leaf-spine,sys1-ice2-p-swi-bel14,sw67p1,sys1-ice2-p-swi-bes31,sw14p1,L1
leaf-spine,sys1-ice2-p-swi-bel14,sw67p2,sys1-ice2-p-swi-bes31,sw14p2,L1
leaf-spine,sys1-ice2-p-swi-bel14,sw68p1,sys1-ice2-p-swi-bes32,sw14p1,L1
leaf-spine,sys1-ice2-p-swi-bel14,sw68p2,sys1-ice2-p-swi-bes32,sw14p2,L1
leaf-spine,sys1-ice2-p-swi-bel14,sw69p1,sys1-ice2-p-swi-bes33,sw14p1,L1
leaf-spine,sys1-ice2-p-swi-bel14,sw69p2,sys1-ice2-p-swi-bes33,sw14p2,L1
leaf-spine,sys1-ice2-p-swi-bel14,sw70p1,sys1-ice2-p-swi-bes34,sw14p1,L1
leaf-spine,sys1-ice2-p-swi-bel14,sw70p2,sys1-ice2-p-swi-bes34,sw14p2,L1
leaf-spine,sys1-ice2-p-swi-bel14,sw71p1,sys1-ice2-p-swi-bes35,sw14p1,L1
leaf-spine,sys1-ice2-p-swi-bel14,sw71p2,sys1-ice2-p-swi-bes35,sw14p2,L1
leaf-spine,sys1-ice2-p-swi-bel14,sw72p1,sys1-ice2-p-swi-bes36,sw14p1,L1
leaf-spine,sys1-ice2-p-swi-bel14,sw72p2,sys1-ice2-p-swi-bes36,sw14p2,L1
leaf-spine,sys1-ice2-p-swi-bel15,sw37p1,sys1-ice2-p-swi-bes1,sw15p1,L1
leaf-spine,sys1-ice2-p-swi-bel15,sw37p2,sys1-ice2-p-swi-bes1,sw15p2,L1
leaf-spine,sys1-ice2-p-swi-bel15,sw38p1,sys1-ice2-p-swi-bes2,sw15p1,L1
leaf-spine,sys1-ice2-p-swi-bel15,sw38p2,sys1-ice2-p-swi-bes2,sw15p2,L1
leaf-spine,sys1-ice2-p-swi-bel15,sw39p1,sys1-ice2-p-swi-bes3,sw15p1,L1
leaf-spine,sys1-ice2-p-swi-bel15,sw39p2,sys1-ice2-p-swi-bes3,sw15p2,L1
leaf-spine,sys1-ice2-p-swi-bel15,sw40p1,sys1-ice2-p-swi-bes4,sw15p1,L1
leaf-spine,sys1-ice2-p-swi-bel15,sw40p2,sys1-ice2-p-swi-bes4,sw15p2,L1
leaf-spine,sys1-ice2-p-swi-bel15,sw41p1,sys1-ice2-p-swi-bes5,sw15p1,L1
leaf-spine,sys1-ice2-p-swi-bel15,sw41p2,sys1-ice2-p-swi-bes5,sw15p2,L1
leaf-spine,sys1-ice2-p-swi-bel15,sw42p1,sys1-ice2-p-swi-bes6,sw15p1,L1
leaf-spine,sys1-ice2-p-swi-bel15,sw42p2,sys1-ice2-p-swi-bes6,sw15p2,L1
leaf-spine,sys1-ice2-p-swi-bel15,sw43p1,sys1-ice2-p-swi-bes7,sw15p1,L1
leaf-spine,sys1-ice2-p-swi-bel15,sw43p2,sys1-ice2-p-swi-bes7,sw15p2,L1
leaf-spine,sys1-ice2-p-swi-bel15,sw44p1,sys1-ice2-p-swi-bes8,sw15p1,L1
leaf-spine,sys1-ice2-p-swi-bel15,sw44p2,sys1-ice2-p-swi-bes8,sw15p2,L1
leaf-spine,sys1-ice2-p-swi-bel15,sw45p1,sys1-ice2-p-swi-bes9,sw15p1,L1
leaf-spine,sys1-ice2-p-swi-bel15,sw45p2,sys1-ice2-p-swi-bes9,sw15p2,L1
leaf-spine,sys1-ice2-p-swi-bel15,sw46p1,sys1-ice2-p-swi-bes10,sw15p1,L1
leaf-spine,sys1-ice2-p-swi-bel15,sw46p2,sys1-ice2-p-swi-bes10,sw15p2,L1
leaf-spine,sys1-ice2-p-swi-bel15,sw47p1,sys1-ice2-p-swi-bes11,sw15p1,L1
leaf-spine,sys1-ice2-p-swi-bel15,sw47p2,sys1-ice2-p-swi-bes11,sw15p2,L1
leaf-spine,sys1-ice2-p-swi-bel15,sw48p1,sys1-ice2-p-swi-bes12,sw15p1,L1
leaf-spine,sys1-ice2-p-swi-bel15,sw48p2,sys1-ice2-p-swi-bes12,sw15p2,L1
leaf-spine,sys1-ice2-p-swi-bel15,sw49p1,sys1-ice2-p-swi-bes13,sw15p1,L1
leaf-spine,sys1-ice2-p-swi-bel15,sw49p2,sys1-ice2-p-swi-bes13,sw15p2,L1
leaf-spine,sys1-ice2-p-swi-bel15,sw50p1,sys1-ice2-p-swi-bes14,sw15p1,L1
leaf-spine,sys1-ice2-p-swi-bel15,sw50p2,sys1-ice2-p-swi-bes14,sw15p2,L1
leaf-spine,sys1-ice2-p-swi-bel15,sw51p1,sys1-ice2-p-swi-bes15,sw15p1,L1
leaf-spine,sys1-ice2-p-swi-bel15,sw51p2,sys1-ice2-p-swi-bes15,sw15p2,L1
leaf-spine,sys1-ice2-p-swi-bel15,sw52p1,sys1-ice2-p-swi-bes16,sw15p1,L1
leaf-spine,sys1-ice2-p-swi-bel15,sw52p2,sys1-ice2-p-swi-bes16,sw15p2,L1
leaf-spine,sys1-ice2-p-swi-bel15,sw53p1,sys1-ice2-p-swi-bes17,sw15p1,L1
leaf-spine,sys1-ice2-p-swi-bel15,sw53p2,sys1-ice2-p-swi-bes17,sw15p2,L1
leaf-spine,sys1-ice2-p-swi-bel15,sw54p1,sys1-ice2-p-swi-bes18,sw15p1,L1
leaf-spine,sys1-ice2-p-swi-bel15,sw54p2,sys1-ice2-p-swi-bes18,sw15p2,L1
leaf-spine,sys1-ice2-p-swi-bel15,sw55p1,sys1-ice2-p-swi-bes19,sw15p1,L1
leaf-spine,sys1-ice2-p-swi-bel15,sw55p2,sys1-ice2-p-swi-bes19,sw15p2,L1
leaf-spine,sys1-ice2-p-swi-bel15,sw56p1,sys1-ice2-p-swi-bes20,sw15p1,L1
leaf-spine,sys1-ice2-p-swi-bel15,sw56p2,sys1-ice2-p-swi-bes20,sw15p2,L1
leaf-spine,sys1-ice2-p-swi-bel15,sw57p1,sys1-ice2-p-swi-bes21,sw15p1,L1
leaf-spine,sys1-ice2-p-swi-bel15,sw57p2,sys1-ice2-p-swi-bes21,sw15p2,L1
leaf-spine,sys1-ice2-p-swi-bel15,sw58p1,sys1-ice2-p-swi-bes22,sw15p1,L1
leaf-spine,sys1-ice2-p-swi-bel15,sw58p2,sys1-ice2-p-swi-bes22,sw15p2,L1
leaf-spine,sys1-ice2-p-swi-bel15,sw59p1,sys1-ice2-p-swi-bes23,sw15p1,L1
leaf-spine,sys1-ice2-p-swi-bel15,sw59p2,sys1-ice2-p-swi-bes23,sw15p2,L1
leaf-spine,sys1-ice2-p-swi-bel15,sw60p1,sys1-ice2-p-swi-bes24,sw15p1,L1
leaf-spine,sys1-ice2-p-swi-bel15,sw60p2,sys1-ice2-p-swi-bes24,sw15p2,L1
leaf-spine,sys1-ice2-p-swi-bel15,sw61p1,sys1-ice2-p-swi-bes25,sw15p1,L1
leaf-spine,sys1-ice2-p-swi-bel15,sw61p2,sys1-ice2-p-swi-bes25,sw15p2,L1
leaf-spine,sys1-ice2-p-swi-bel15,sw62p1,sys1-ice2-p-swi-bes26,sw15p1,L1
leaf-spine,sys1-ice2-p-swi-bel15,sw62p2,sys1-ice2-p-swi-bes26,sw15p2,L1
leaf-spine,sys1-ice2-p-swi-bel15,sw63p1,sys1-ice2-p-swi-bes27,sw15p1,L1
leaf-spine,sys1-ice2-p-swi-bel15,sw63p2,sys1-ice2-p-swi-bes27,sw15p2,L1
leaf-spine,sys1-ice2-p-swi-bel15,sw64p1,sys1-ice2-p-swi-bes28,sw15p1,L1
leaf-spine,sys1-ice2-p-swi-bel15,sw64p2,sys1-ice2-p-swi-bes28,sw15p2,L1
leaf-spine,sys1-ice2-p-swi-bel15,sw65p1,sys1-ice2-p-swi-bes29,sw15p1,L1
leaf-spine,sys1-ice2-p-swi-bel15,sw65p2,sys1-ice2-p-swi-bes29,sw15p2,L1
leaf-spine,sys1-ice2-p-swi-bel15,sw66p1,sys1-ice2-p-swi-bes30,sw15p1,L1
leaf-spine,sys1-ice2-p-swi-bel15,sw66p2,sys1-ice2-p-swi-bes30,sw15p2,L1
leaf-spine,sys1-ice2-p-swi-bel15,sw67p1,sys1-ice2-p-swi-bes31,sw15p1,L1
leaf-spine,sys1-ice2-p-swi-bel15,sw67p2,sys1-ice2-p-swi-bes31,sw15p2,L1
leaf-spine,sys1-ice2-p-swi-bel15,sw68p1,sys1-ice2-p-swi-bes32,sw15p1,L1
leaf-spine,sys1-ice2-p-swi-bel15,sw68p2,sys1-ice2-p-swi-bes32,sw15p2,L1
leaf-spine,sys1-ice2-p-swi-bel15,sw69p1,sys1-ice2-p-swi-bes33,sw15p1,L1
leaf-spine,sys1-ice2-p-swi-bel15,sw69p2,sys1-ice2-p-swi-bes33,sw15p2,L1
leaf-spine,sys1-ice2-p-swi-bel15,sw70p1,sys1-ice2-p-swi-bes34,sw15p1,L1
leaf-spine,sys1-ice2-p-swi-bel15,sw70p2,sys1-ice2-p-swi-bes34,sw15p2,L1
leaf-spine,sys1-ice2-p-swi-bel15,sw71p1,sys1-ice2-p-swi-bes35,sw15p1,L1
leaf-spine,sys1-ice2-p-swi-bel15,sw71p2,sys1-ice2-p-swi-bes35,sw15p2,L1
leaf-spine,sys1-ice2-p-swi-bel15,sw72p1,sys1-ice2-p-swi-bes36,sw15p1,L1
leaf-spine,sys1-ice2-p-swi-bel15,sw72p2,sys1-ice2-p-swi-bes36,sw15p2,L1
leaf-spine,sys1-ice2-p-swi-bel16,sw37p1,sys1-ice2-p-swi-bes1,sw16p1,L1
leaf-spine,sys1-ice2-p-swi-bel16,sw37p2,sys1-ice2-p-swi-bes1,sw16p2,L1
leaf-spine,sys1-ice2-p-swi-bel16,sw38p1,sys1-ice2-p-swi-bes2,sw16p1,L1
leaf-spine,sys1-ice2-p-swi-bel16,sw38p2,sys1-ice2-p-swi-bes2,sw16p2,L1
leaf-spine,sys1-ice2-p-swi-bel16,sw39p1,sys1-ice2-p-swi-bes3,sw16p1,L1
leaf-spine,sys1-ice2-p-swi-bel16,sw39p2,sys1-ice2-p-swi-bes3,sw16p2,L1
leaf-spine,sys1-ice2-p-swi-bel16,sw40p1,sys1-ice2-p-swi-bes4,sw16p1,L1
leaf-spine,sys1-ice2-p-swi-bel16,sw40p2,sys1-ice2-p-swi-bes4,sw16p2,L1
leaf-spine,sys1-ice2-p-swi-bel16,sw41p1,sys1-ice2-p-swi-bes5,sw16p1,L1
leaf-spine,sys1-ice2-p-swi-bel16,sw41p2,sys1-ice2-p-swi-bes5,sw16p2,L1
leaf-spine,sys1-ice2-p-swi-bel16,sw42p1,sys1-ice2-p-swi-bes6,sw16p1,L1
leaf-spine,sys1-ice2-p-swi-bel16,sw42p2,sys1-ice2-p-swi-bes6,sw16p2,L1
leaf-spine,sys1-ice2-p-swi-bel16,sw43p1,sys1-ice2-p-swi-bes7,sw16p1,L1
leaf-spine,sys1-ice2-p-swi-bel16,sw43p2,sys1-ice2-p-swi-bes7,sw16p2,L1
leaf-spine,sys1-ice2-p-swi-bel16,sw44p1,sys1-ice2-p-swi-bes8,sw16p1,L1
leaf-spine,sys1-ice2-p-swi-bel16,sw44p2,sys1-ice2-p-swi-bes8,sw16p2,L1
leaf-spine,sys1-ice2-p-swi-bel16,sw45p1,sys1-ice2-p-swi-bes9,sw16p1,L1
leaf-spine,sys1-ice2-p-swi-bel16,sw45p2,sys1-ice2-p-swi-bes9,sw16p2,L1
leaf-spine,sys1-ice2-p-swi-bel16,sw46p1,sys1-ice2-p-swi-bes10,sw16p1,L1
leaf-spine,sys1-ice2-p-swi-bel16,sw46p2,sys1-ice2-p-swi-bes10,sw16p2,L1
leaf-spine,sys1-ice2-p-swi-bel16,sw47p1,sys1-ice2-p-swi-bes11,sw16p1,L1
leaf-spine,sys1-ice2-p-swi-bel16,sw47p2,sys1-ice2-p-swi-bes11,sw16p2,L1
leaf-spine,sys1-ice2-p-swi-bel16,sw48p1,sys1-ice2-p-swi-bes12,sw16p1,L1
leaf-spine,sys1-ice2-p-swi-bel16,sw48p2,sys1-ice2-p-swi-bes12,sw16p2,L1
leaf-spine,sys1-ice2-p-swi-bel16,sw49p1,sys1-ice2-p-swi-bes13,sw16p1,L1
leaf-spine,sys1-ice2-p-swi-bel16,sw49p2,sys1-ice2-p-swi-bes13,sw16p2,L1
leaf-spine,sys1-ice2-p-swi-bel16,sw50p1,sys1-ice2-p-swi-bes14,sw16p1,L1
leaf-spine,sys1-ice2-p-swi-bel16,sw50p2,sys1-ice2-p-swi-bes14,sw16p2,L1
leaf-spine,sys1-ice2-p-swi-bel16,sw51p1,sys1-ice2-p-swi-bes15,sw16p1,L1
leaf-spine,sys1-ice2-p-swi-bel16,sw51p2,sys1-ice2-p-swi-bes15,sw16p2,L1
leaf-spine,sys1-ice2-p-swi-bel16,sw52p1,sys1-ice2-p-swi-bes16,sw16p1,L1
leaf-spine,sys1-ice2-p-swi-bel16,sw52p2,sys1-ice2-p-swi-bes16,sw16p2,L1
leaf-spine,sys1-ice2-p-swi-bel16,sw53p1,sys1-ice2-p-swi-bes17,sw16p1,L1
leaf-spine,sys1-ice2-p-swi-bel16,sw53p2,sys1-ice2-p-swi-bes17,sw16p2,L1
leaf-spine,sys1-ice2-p-swi-bel16,sw54p1,sys1-ice2-p-swi-bes18,sw16p1,L1
leaf-spine,sys1-ice2-p-swi-bel16,sw54p2,sys1-ice2-p-swi-bes18,sw16p2,L1
leaf-spine,sys1-ice2-p-swi-bel16,sw55p1,sys1-ice2-p-swi-bes19,sw16p1,L1
leaf-spine,sys1-ice2-p-swi-bel16,sw55p2,sys1-ice2-p-swi-bes19,sw16p2,L1
leaf-spine,sys1-ice2-p-swi-bel16,sw56p1,sys1-ice2-p-swi-bes20,sw16p1,L1
leaf-spine,sys1-ice2-p-swi-bel16,sw56p2,sys1-ice2-p-swi-bes20,sw16p2,L1
leaf-spine,sys1-ice2-p-swi-bel16,sw57p1,sys1-ice2-p-swi-bes21,sw16p1,L1
leaf-spine,sys1-ice2-p-swi-bel16,sw57p2,sys1-ice2-p-swi-bes21,sw16p2,L1
leaf-spine,sys1-ice2-p-swi-bel16,sw58p1,sys1-ice2-p-swi-bes22,sw16p1,L1
leaf-spine,sys1-ice2-p-swi-bel16,sw58p2,sys1-ice2-p-swi-bes22,sw16p2,L1
leaf-spine,sys1-ice2-p-swi-bel16,sw59p1,sys1-ice2-p-swi-bes23,sw16p1,L1
leaf-spine,sys1-ice2-p-swi-bel16,sw59p2,sys1-ice2-p-swi-bes23,sw16p2,L1
leaf-spine,sys1-ice2-p-swi-bel16,sw60p1,sys1-ice2-p-swi-bes24,sw16p1,L1
leaf-spine,sys1-ice2-p-swi-bel16,sw60p2,sys1-ice2-p-swi-bes24,sw16p2,L1
leaf-spine,sys1-ice2-p-swi-bel16,sw61p1,sys1-ice2-p-swi-bes25,sw16p1,L1
leaf-spine,sys1-ice2-p-swi-bel16,sw61p2,sys1-ice2-p-swi-bes25,sw16p2,L1
leaf-spine,sys1-ice2-p-swi-bel16,sw62p1,sys1-ice2-p-swi-bes26,sw16p1,L1
leaf-spine,sys1-ice2-p-swi-bel16,sw62p2,sys1-ice2-p-swi-bes26,sw16p2,L1
leaf-spine,sys1-ice2-p-swi-bel16,sw63p1,sys1-ice2-p-swi-bes27,sw16p1,L1
leaf-spine,sys1-ice2-p-swi-bel16,sw63p2,sys1-ice2-p-swi-bes27,sw16p2,L1
leaf-spine,sys1-ice2-p-swi-bel16,sw64p1,sys1-ice2-p-swi-bes28,sw16p1,L1
leaf-spine,sys1-ice2-p-swi-bel16,sw64p2,sys1-ice2-p-swi-bes28,sw16p2,L1
leaf-spine,sys1-ice2-p-swi-bel16,sw65p1,sys1-ice2-p-swi-bes29,sw16p1,L1
leaf-spine,sys1-ice2-p-swi-bel16,sw65p2,sys1-ice2-p-swi-bes29,sw16p2,L1
leaf-spine,sys1-ice2-p-swi-bel16,sw66p1,sys1-ice2-p-swi-bes30,sw16p1,L1
leaf-spine,sys1-ice2-p-swi-bel16,sw66p2,sys1-ice2-p-swi-bes30,sw16p2,L1
leaf-spine,sys1-ice2-p-swi-bel16,sw67p1,sys1-ice2-p-swi-bes31,sw16p1,L1
leaf-spine,sys1-ice2-p-swi-bel16,sw67p2,sys1-ice2-p-swi-bes31,sw16p2,L1
leaf-spine,sys1-ice2-p-swi-bel16,sw68p1,sys1-ice2-p-swi-bes32,sw16p1,L1
leaf-spine,sys1-ice2-p-swi-bel16,sw68p2,sys1-ice2-p-swi-bes32,sw16p2,L1
leaf-spine,sys1-ice2-p-swi-bel16,sw69p1,sys1-ice2-p-swi-bes33,sw16p1,L1
leaf-spine,sys1-ice2-p-swi-bel16,sw69p2,sys1-ice2-p-swi-bes33,sw16p2,L1
leaf-spine,sys1-ice2-p-swi-bel16,sw70p1,sys1-ice2-p-swi-bes34,sw16p1,L1
leaf-spine,sys1-ice2-p-swi-bel16,sw70p2,sys1-ice2-p-swi-bes34,sw16p2,L1
leaf-spine,sys1-ice2-p-swi-bel16,sw71p1,sys1-ice2-p-swi-bes35,sw16p1,L1
leaf-spine,sys1-ice2-p-swi-bel16,sw71p2,sys1-ice2-p-swi-bes35,sw16p2,L1
leaf-spine,sys1-ice2-p-swi-bel16,sw72p1,sys1-ice2-p-swi-bes36,sw16p1,L1
leaf-spine,sys1-ice2-p-swi-bel16,sw72p2,sys1-ice2-p-swi-bes36,sw16p2,L1
leaf-spine,sys1-ice2-p-swi-bel17,sw37p1,sys1-ice2-p-swi-bes1,sw17p1,L1
leaf-spine,sys1-ice2-p-swi-bel17,sw37p2,sys1-ice2-p-swi-bes1,sw17p2,L1
leaf-spine,sys1-ice2-p-swi-bel17,sw38p1,sys1-ice2-p-swi-bes2,sw17p1,L1
leaf-spine,sys1-ice2-p-swi-bel17,sw38p2,sys1-ice2-p-swi-bes2,sw17p2,L1
leaf-spine,sys1-ice2-p-swi-bel17,sw39p1,sys1-ice2-p-swi-bes3,sw17p1,L1
leaf-spine,sys1-ice2-p-swi-bel17,sw39p2,sys1-ice2-p-swi-bes3,sw17p2,L1
leaf-spine,sys1-ice2-p-swi-bel17,sw40p1,sys1-ice2-p-swi-bes4,sw17p1,L1
leaf-spine,sys1-ice2-p-swi-bel17,sw40p2,sys1-ice2-p-swi-bes4,sw17p2,L1
leaf-spine,sys1-ice2-p-swi-bel17,sw41p1,sys1-ice2-p-swi-bes5,sw17p1,L1
leaf-spine,sys1-ice2-p-swi-bel17,sw41p2,sys1-ice2-p-swi-bes5,sw17p2,L1
leaf-spine,sys1-ice2-p-swi-bel17,sw42p1,sys1-ice2-p-swi-bes6,sw17p1,L1
leaf-spine,sys1-ice2-p-swi-bel17,sw42p2,sys1-ice2-p-swi-bes6,sw17p2,L1
leaf-spine,sys1-ice2-p-swi-bel17,sw43p1,sys1-ice2-p-swi-bes7,sw17p1,L1
leaf-spine,sys1-ice2-p-swi-bel17,sw43p2,sys1-ice2-p-swi-bes7,sw17p2,L1
leaf-spine,sys1-ice2-p-swi-bel17,sw44p1,sys1-ice2-p-swi-bes8,sw17p1,L1
leaf-spine,sys1-ice2-p-swi-bel17,sw44p2,sys1-ice2-p-swi-bes8,sw17p2,L1
leaf-spine,sys1-ice2-p-swi-bel17,sw45p1,sys1-ice2-p-swi-bes9,sw17p1,L1
leaf-spine,sys1-ice2-p-swi-bel17,sw45p2,sys1-ice2-p-swi-bes9,sw17p2,L1
leaf-spine,sys1-ice2-p-swi-bel17,sw46p1,sys1-ice2-p-swi-bes10,sw17p1,L1
leaf-spine,sys1-ice2-p-swi-bel17,sw46p2,sys1-ice2-p-swi-bes10,sw17p2,L1
leaf-spine,sys1-ice2-p-swi-bel17,sw47p1,sys1-ice2-p-swi-bes11,sw17p1,L1
leaf-spine,sys1-ice2-p-swi-bel17,sw47p2,sys1-ice2-p-swi-bes11,sw17p2,L1
leaf-spine,sys1-ice2-p-swi-bel17,sw48p1,sys1-ice2-p-swi-bes12,sw17p1,L1
leaf-spine,sys1-ice2-p-swi-bel17,sw48p2,sys1-ice2-p-swi-bes12,sw17p2,L1
leaf-spine,sys1-ice2-p-swi-bel17,sw49p1,sys1-ice2-p-swi-bes13,sw17p1,L1
leaf-spine,sys1-ice2-p-swi-bel17,sw49p2,sys1-ice2-p-swi-bes13,sw17p2,L1
leaf-spine,sys1-ice2-p-swi-bel17,sw50p1,sys1-ice2-p-swi-bes14,sw17p1,L1
leaf-spine,sys1-ice2-p-swi-bel17,sw50p2,sys1-ice2-p-swi-bes14,sw17p2,L1
leaf-spine,sys1-ice2-p-swi-bel17,sw51p1,sys1-ice2-p-swi-bes15,sw17p1,L1
leaf-spine,sys1-ice2-p-swi-bel17,sw51p2,sys1-ice2-p-swi-bes15,sw17p2,L1
leaf-spine,sys1-ice2-p-swi-bel17,sw52p1,sys1-ice2-p-swi-bes16,sw17p1,L1
leaf-spine,sys1-ice2-p-swi-bel17,sw52p2,sys1-ice2-p-swi-bes16,sw17p2,L1
leaf-spine,sys1-ice2-p-swi-bel17,sw53p1,sys1-ice2-p-swi-bes17,sw17p1,L1
leaf-spine,sys1-ice2-p-swi-bel17,sw53p2,sys1-ice2-p-swi-bes17,sw17p2,L1
leaf-spine,sys1-ice2-p-swi-bel17,sw54p1,sys1-ice2-p-swi-bes18,sw17p1,L1
leaf-spine,sys1-ice2-p-swi-bel17,sw54p2,sys1-ice2-p-swi-bes18,sw17p2,L1
leaf-spine,sys1-ice2-p-swi-bel17,sw55p1,sys1-ice2-p-swi-bes19,sw17p1,L1
leaf-spine,sys1-ice2-p-swi-bel17,sw55p2,sys1-ice2-p-swi-bes19,sw17p2,L1
leaf-spine,sys1-ice2-p-swi-bel17,sw56p1,sys1-ice2-p-swi-bes20,sw17p1,L1
leaf-spine,sys1-ice2-p-swi-bel17,sw56p2,sys1-ice2-p-swi-bes20,sw17p2,L1
leaf-spine,sys1-ice2-p-swi-bel17,sw57p1,sys1-ice2-p-swi-bes21,sw17p1,L1
leaf-spine,sys1-ice2-p-swi-bel17,sw57p2,sys1-ice2-p-swi-bes21,sw17p2,L1
leaf-spine,sys1-ice2-p-swi-bel17,sw58p1,sys1-ice2-p-swi-bes22,sw17p1,L1
leaf-spine,sys1-ice2-p-swi-bel17,sw58p2,sys1-ice2-p-swi-bes22,sw17p2,L1
leaf-spine,sys1-ice2-p-swi-bel17,sw59p1,sys1-ice2-p-swi-bes23,sw17p1,L1
leaf-spine,sys1-ice2-p-swi-bel17,sw59p2,sys1-ice2-p-swi-bes23,sw17p2,L1
leaf-spine,sys1-ice2-p-swi-bel17,sw60p1,sys1-ice2-p-swi-bes24,sw17p1,L1
leaf-spine,sys1-ice2-p-swi-bel17,sw60p2,sys1-ice2-p-swi-bes24,sw17p2,L1
leaf-spine,sys1-ice2-p-swi-bel17,sw61p1,sys1-ice2-p-swi-bes25,sw17p1,L1
leaf-spine,sys1-ice2-p-swi-bel17,sw61p2,sys1-ice2-p-swi-bes25,sw17p2,L1
leaf-spine,sys1-ice2-p-swi-bel17,sw62p1,sys1-ice2-p-swi-bes26,sw17p1,L1
leaf-spine,sys1-ice2-p-swi-bel17,sw62p2,sys1-ice2-p-swi-bes26,sw17p2,L1
leaf-spine,sys1-ice2-p-swi-bel17,sw63p1,sys1-ice2-p-swi-bes27,sw17p1,L1
leaf-spine,sys1-ice2-p-swi-bel17,sw63p2,sys1-ice2-p-swi-bes27,sw17p2,L1
leaf-spine,sys1-ice2-p-swi-bel17,sw64p1,sys1-ice2-p-swi-bes28,sw17p1,L1
leaf-spine,sys1-ice2-p-swi-bel17,sw64p2,sys1-ice2-p-swi-bes28,sw17p2,L1
leaf-spine,sys1-ice2-p-swi-bel17,sw65p1,sys1-ice2-p-swi-bes29,sw17p1,L1
leaf-spine,sys1-ice2-p-swi-bel17,sw65p2,sys1-ice2-p-swi-bes29,sw17p2,L1
leaf-spine,sys1-ice2-p-swi-bel17,sw66p1,sys1-ice2-p-swi-bes30,sw17p1,L1
leaf-spine,sys1-ice2-p-swi-bel17,sw66p2,sys1-ice2-p-swi-bes30,sw17p2,L1
leaf-spine,sys1-ice2-p-swi-bel17,sw67p1,sys1-ice2-p-swi-bes31,sw17p1,L1
leaf-spine,sys1-ice2-p-swi-bel17,sw67p2,sys1-ice2-p-swi-bes31,sw17p2,L1
leaf-spine,sys1-ice2-p-swi-bel17,sw68p1,sys1-ice2-p-swi-bes32,sw17p1,L1
leaf-spine,sys1-ice2-p-swi-bel17,sw68p2,sys1-ice2-p-swi-bes32,sw17p2,L1
leaf-spine,sys1-ice2-p-swi-bel17,sw69p1,sys1-ice2-p-swi-bes33,sw17p1,L1
leaf-spine,sys1-ice2-p-swi-bel17,sw69p2,sys1-ice2-p-swi-bes33,sw17p2,L1
leaf-spine,sys1-ice2-p-swi-bel17,sw70p1,sys1-ice2-p-swi-bes34,sw17p1,L1
leaf-spine,sys1-ice2-p-swi-bel17,sw70p2,sys1-ice2-p-swi-bes34,sw17p2,L1
leaf-spine,sys1-ice2-p-swi-bel17,sw71p1,sys1-ice2-p-swi-bes35,sw17p1,L1
leaf-spine,sys1-ice2-p-swi-bel17,sw71p2,sys1-ice2-p-swi-bes35,sw17p2,L1
leaf-spine,sys1-ice2-p-swi-bel17,sw72p1,sys1-ice2-p-swi-bes36,sw17p1,L1
leaf-spine,sys1-ice2-p-swi-bel17,sw72p2,sys1-ice2-p-swi-bes36,sw17p2,L1
leaf-spine,sys1-ice2-p-swi-bel18,sw37p1,sys1-ice2-p-swi-bes1,sw18p1,L1
leaf-spine,sys1-ice2-p-swi-bel18,sw37p2,sys1-ice2-p-swi-bes1,sw18p2,L1
leaf-spine,sys1-ice2-p-swi-bel18,sw38p1,sys1-ice2-p-swi-bes2,sw18p1,L1
leaf-spine,sys1-ice2-p-swi-bel18,sw38p2,sys1-ice2-p-swi-bes2,sw18p2,L1
leaf-spine,sys1-ice2-p-swi-bel18,sw39p1,sys1-ice2-p-swi-bes3,sw18p1,L1
leaf-spine,sys1-ice2-p-swi-bel18,sw39p2,sys1-ice2-p-swi-bes3,sw18p2,L1
leaf-spine,sys1-ice2-p-swi-bel18,sw40p1,sys1-ice2-p-swi-bes4,sw18p1,L1
leaf-spine,sys1-ice2-p-swi-bel18,sw40p2,sys1-ice2-p-swi-bes4,sw18p2,L1
leaf-spine,sys1-ice2-p-swi-bel18,sw41p1,sys1-ice2-p-swi-bes5,sw18p1,L1
leaf-spine,sys1-ice2-p-swi-bel18,sw41p2,sys1-ice2-p-swi-bes5,sw18p2,L1
leaf-spine,sys1-ice2-p-swi-bel18,sw42p1,sys1-ice2-p-swi-bes6,sw18p1,L1
leaf-spine,sys1-ice2-p-swi-bel18,sw42p2,sys1-ice2-p-swi-bes6,sw18p2,L1
leaf-spine,sys1-ice2-p-swi-bel18,sw43p1,sys1-ice2-p-swi-bes7,sw18p1,L1
leaf-spine,sys1-ice2-p-swi-bel18,sw43p2,sys1-ice2-p-swi-bes7,sw18p2,L1
leaf-spine,sys1-ice2-p-swi-bel18,sw44p1,sys1-ice2-p-swi-bes8,sw18p1,L1
leaf-spine,sys1-ice2-p-swi-bel18,sw44p2,sys1-ice2-p-swi-bes8,sw18p2,L1
leaf-spine,sys1-ice2-p-swi-bel18,sw45p1,sys1-ice2-p-swi-bes9,sw18p1,L1
leaf-spine,sys1-ice2-p-swi-bel18,sw45p2,sys1-ice2-p-swi-bes9,sw18p2,L1
leaf-spine,sys1-ice2-p-swi-bel18,sw46p1,sys1-ice2-p-swi-bes10,sw18p1,L1
leaf-spine,sys1-ice2-p-swi-bel18,sw46p2,sys1-ice2-p-swi-bes10,sw18p2,L1
leaf-spine,sys1-ice2-p-swi-bel18,sw47p1,sys1-ice2-p-swi-bes11,sw18p1,L1
leaf-spine,sys1-ice2-p-swi-bel18,sw47p2,sys1-ice2-p-swi-bes11,sw18p2,L1
leaf-spine,sys1-ice2-p-swi-bel18,sw48p1,sys1-ice2-p-swi-bes12,sw18p1,L1
leaf-spine,sys1-ice2-p-swi-bel18,sw48p2,sys1-ice2-p-swi-bes12,sw18p2,L1
leaf-spine,sys1-ice2-p-swi-bel18,sw49p1,sys1-ice2-p-swi-bes13,sw18p1,L1
leaf-spine,sys1-ice2-p-swi-bel18,sw49p2,sys1-ice2-p-swi-bes13,sw18p2,L1
leaf-spine,sys1-ice2-p-swi-bel18,sw50p1,sys1-ice2-p-swi-bes14,sw18p1,L1
leaf-spine,sys1-ice2-p-swi-bel18,sw50p2,sys1-ice2-p-swi-bes14,sw18p2,L1
leaf-spine,sys1-ice2-p-swi-bel18,sw51p1,sys1-ice2-p-swi-bes15,sw18p1,L1
leaf-spine,sys1-ice2-p-swi-bel18,sw51p2,sys1-ice2-p-swi-bes15,sw18p2,L1
leaf-spine,sys1-ice2-p-swi-bel18,sw52p1,sys1-ice2-p-swi-bes16,sw18p1,L1
leaf-spine,sys1-ice2-p-swi-bel18,sw52p2,sys1-ice2-p-swi-bes16,sw18p2,L1
leaf-spine,sys1-ice2-p-swi-bel18,sw53p1,sys1-ice2-p-swi-bes17,sw18p1,L1
leaf-spine,sys1-ice2-p-swi-bel18,sw53p2,sys1-ice2-p-swi-bes17,sw18p2,L1
leaf-spine,sys1-ice2-p-swi-bel18,sw54p1,sys1-ice2-p-swi-bes18,sw18p1,L1
leaf-spine,sys1-ice2-p-swi-bel18,sw54p2,sys1-ice2-p-swi-bes18,sw18p2,L1
leaf-spine,sys1-ice2-p-swi-bel18,sw55p1,sys1-ice2-p-swi-bes19,sw18p1,L1
leaf-spine,sys1-ice2-p-swi-bel18,sw55p2,sys1-ice2-p-swi-bes19,sw18p2,L1
leaf-spine,sys1-ice2-p-swi-bel18,sw56p1,sys1-ice2-p-swi-bes20,sw18p1,L1
leaf-spine,sys1-ice2-p-swi-bel18,sw56p2,sys1-ice2-p-swi-bes20,sw18p2,L1
leaf-spine,sys1-ice2-p-swi-bel18,sw57p1,sys1-ice2-p-swi-bes21,sw18p1,L1
leaf-spine,sys1-ice2-p-swi-bel18,sw57p2,sys1-ice2-p-swi-bes21,sw18p2,L1
leaf-spine,sys1-ice2-p-swi-bel18,sw58p1,sys1-ice2-p-swi-bes22,sw18p1,L1
leaf-spine,sys1-ice2-p-swi-bel18,sw58p2,sys1-ice2-p-swi-bes22,sw18p2,L1
leaf-spine,sys1-ice2-p-swi-bel18,sw59p1,sys1-ice2-p-swi-bes23,sw18p1,L1
leaf-spine,sys1-ice2-p-swi-bel18,sw59p2,sys1-ice2-p-swi-bes23,sw18p2,L1
leaf-spine,sys1-ice2-p-swi-bel18,sw60p1,sys1-ice2-p-swi-bes24,sw18p1,L1
leaf-spine,sys1-ice2-p-swi-bel18,sw60p2,sys1-ice2-p-swi-bes24,sw18p2,L1
leaf-spine,sys1-ice2-p-swi-bel18,sw61p1,sys1-ice2-p-swi-bes25,sw18p1,L1
leaf-spine,sys1-ice2-p-swi-bel18,sw61p2,sys1-ice2-p-swi-bes25,sw18p2,L1
leaf-spine,sys1-ice2-p-swi-bel18,sw62p1,sys1-ice2-p-swi-bes26,sw18p1,L1
leaf-spine,sys1-ice2-p-swi-bel18,sw62p2,sys1-ice2-p-swi-bes26,sw18p2,L1
leaf-spine,sys1-ice2-p-swi-bel18,sw63p1,sys1-ice2-p-swi-bes27,sw18p1,L1
leaf-spine,sys1-ice2-p-swi-bel18,sw63p2,sys1-ice2-p-swi-bes27,sw18p2,L1
leaf-spine,sys1-ice2-p-swi-bel18,sw64p1,sys1-ice2-p-swi-bes28,sw18p1,L1
leaf-spine,sys1-ice2-p-swi-bel18,sw64p2,sys1-ice2-p-swi-bes28,sw18p2,L1
leaf-spine,sys1-ice2-p-swi-bel18,sw65p1,sys1-ice2-p-swi-bes29,sw18p1,L1
leaf-spine,sys1-ice2-p-swi-bel18,sw65p2,sys1-ice2-p-swi-bes29,sw18p2,L1
leaf-spine,sys1-ice2-p-swi-bel18,sw66p1,sys1-ice2-p-swi-bes30,sw18p1,L1
leaf-spine,sys1-ice2-p-swi-bel18,sw66p2,sys1-ice2-p-swi-bes30,sw18p2,L1
leaf-spine,sys1-ice2-p-swi-bel18,sw67p1,sys1-ice2-p-swi-bes31,sw18p1,L1
leaf-spine,sys1-ice2-p-swi-bel18,sw67p2,sys1-ice2-p-swi-bes31,sw18p2,L1
leaf-spine,sys1-ice2-p-swi-bel18,sw68p1,sys1-ice2-p-swi-bes32,sw18p1,L1
leaf-spine,sys1-ice2-p-swi-bel18,sw68p2,sys1-ice2-p-swi-bes32,sw18p2,L1
leaf-spine,sys1-ice2-p-swi-bel18,sw69p1,sys1-ice2-p-swi-bes33,sw18p1,L1
leaf-spine,sys1-ice2-p-swi-bel18,sw69p2,sys1-ice2-p-swi-bes33,sw18p2,L1
leaf-spine,sys1-ice2-p-swi-bel18,sw70p1,sys1-ice2-p-swi-bes34,sw18p1,L1
leaf-spine,sys1-ice2-p-swi-bel18,sw70p2,sys1-ice2-p-swi-bes34,sw18p2,L1
leaf-spine,sys1-ice2-p-swi-bel18,sw71p1,sys1-ice2-p-swi-bes35,sw18p1,L1
leaf-spine,sys1-ice2-p-swi-bel18,sw71p2,sys1-ice2-p-swi-bes35,sw18p2,L1
leaf-spine,sys1-ice2-p-swi-bel18,sw72p1,sys1-ice2-p-swi-bes36,sw18p1,L1
leaf-spine,sys1-ice2-p-swi-bel18,sw72p2,sys1-ice2-p-swi-bes36,sw18p2,L1
leaf-spine,sys1-ice2-p-swi-bel19,sw37p1,sys1-ice2-p-swi-bes1,sw19p1,L1
leaf-spine,sys1-ice2-p-swi-bel19,sw37p2,sys1-ice2-p-swi-bes1,sw19p2,L1
leaf-spine,sys1-ice2-p-swi-bel19,sw38p1,sys1-ice2-p-swi-bes2,sw19p1,L1
leaf-spine,sys1-ice2-p-swi-bel19,sw38p2,sys1-ice2-p-swi-bes2,sw19p2,L1
leaf-spine,sys1-ice2-p-swi-bel19,sw39p1,sys1-ice2-p-swi-bes3,sw19p1,L1
leaf-spine,sys1-ice2-p-swi-bel19,sw39p2,sys1-ice2-p-swi-bes3,sw19p2,L1
leaf-spine,sys1-ice2-p-swi-bel19,sw40p1,sys1-ice2-p-swi-bes4,sw19p1,L1
leaf-spine,sys1-ice2-p-swi-bel19,sw40p2,sys1-ice2-p-swi-bes4,sw19p2,L1
leaf-spine,sys1-ice2-p-swi-bel19,sw41p1,sys1-ice2-p-swi-bes5,sw19p1,L1
leaf-spine,sys1-ice2-p-swi-bel19,sw41p2,sys1-ice2-p-swi-bes5,sw19p2,L1
leaf-spine,sys1-ice2-p-swi-bel19,sw42p1,sys1-ice2-p-swi-bes6,sw19p1,L1
leaf-spine,sys1-ice2-p-swi-bel19,sw42p2,sys1-ice2-p-swi-bes6,sw19p2,L1
leaf-spine,sys1-ice2-p-swi-bel19,sw43p1,sys1-ice2-p-swi-bes7,sw19p1,L1
leaf-spine,sys1-ice2-p-swi-bel19,sw43p2,sys1-ice2-p-swi-bes7,sw19p2,L1
leaf-spine,sys1-ice2-p-swi-bel19,sw44p1,sys1-ice2-p-swi-bes8,sw19p1,L1
leaf-spine,sys1-ice2-p-swi-bel19,sw44p2,sys1-ice2-p-swi-bes8,sw19p2,L1
leaf-spine,sys1-ice2-p-swi-bel19,sw45p1,sys1-ice2-p-swi-bes9,sw19p1,L1
leaf-spine,sys1-ice2-p-swi-bel19,sw45p2,sys1-ice2-p-swi-bes9,sw19p2,L1
leaf-spine,sys1-ice2-p-swi-bel19,sw46p1,sys1-ice2-p-swi-bes10,sw19p1,L1
leaf-spine,sys1-ice2-p-swi-bel19,sw46p2,sys1-ice2-p-swi-bes10,sw19p2,L1
leaf-spine,sys1-ice2-p-swi-bel19,sw47p1,sys1-ice2-p-swi-bes11,sw19p1,L1
leaf-spine,sys1-ice2-p-swi-bel19,sw47p2,sys1-ice2-p-swi-bes11,sw19p2,L1
leaf-spine,sys1-ice2-p-swi-bel19,sw48p1,sys1-ice2-p-swi-bes12,sw19p1,L1
leaf-spine,sys1-ice2-p-swi-bel19,sw48p2,sys1-ice2-p-swi-bes12,sw19p2,L1
leaf-spine,sys1-ice2-p-swi-bel19,sw49p1,sys1-ice2-p-swi-bes13,sw19p1,L1
leaf-spine,sys1-ice2-p-swi-bel19,sw49p2,sys1-ice2-p-swi-bes13,sw19p2,L1
leaf-spine,sys1-ice2-p-swi-bel19,sw50p1,sys1-ice2-p-swi-bes14,sw19p1,L1
leaf-spine,sys1-ice2-p-swi-bel19,sw50p2,sys1-ice2-p-swi-bes14,sw19p2,L1
leaf-spine,sys1-ice2-p-swi-bel19,sw51p1,sys1-ice2-p-swi-bes15,sw19p1,L1
leaf-spine,sys1-ice2-p-swi-bel19,sw51p2,sys1-ice2-p-swi-bes15,sw19p2,L1
leaf-spine,sys1-ice2-p-swi-bel19,sw52p1,sys1-ice2-p-swi-bes16,sw19p1,L1
leaf-spine,sys1-ice2-p-swi-bel19,sw52p2,sys1-ice2-p-swi-bes16,sw19p2,L1
leaf-spine,sys1-ice2-p-swi-bel19,sw53p1,sys1-ice2-p-swi-bes17,sw19p1,L1
leaf-spine,sys1-ice2-p-swi-bel19,sw53p2,sys1-ice2-p-swi-bes17,sw19p2,L1
leaf-spine,sys1-ice2-p-swi-bel19,sw54p1,sys1-ice2-p-swi-bes18,sw19p1,L1
leaf-spine,sys1-ice2-p-swi-bel19,sw54p2,sys1-ice2-p-swi-bes18,sw19p2,L1
leaf-spine,sys1-ice2-p-swi-bel19,sw55p1,sys1-ice2-p-swi-bes19,sw19p1,L1
leaf-spine,sys1-ice2-p-swi-bel19,sw55p2,sys1-ice2-p-swi-bes19,sw19p2,L1
leaf-spine,sys1-ice2-p-swi-bel19,sw56p1,sys1-ice2-p-swi-bes20,sw19p1,L1
leaf-spine,sys1-ice2-p-swi-bel19,sw56p2,sys1-ice2-p-swi-bes20,sw19p2,L1
leaf-spine,sys1-ice2-p-swi-bel19,sw57p1,sys1-ice2-p-swi-bes21,sw19p1,L1
leaf-spine,sys1-ice2-p-swi-bel19,sw57p2,sys1-ice2-p-swi-bes21,sw19p2,L1
leaf-spine,sys1-ice2-p-swi-bel19,sw58p1,sys1-ice2-p-swi-bes22,sw19p1,L1
leaf-spine,sys1-ice2-p-swi-bel19,sw58p2,sys1-ice2-p-swi-bes22,sw19p2,L1
leaf-spine,sys1-ice2-p-swi-bel19,sw59p1,sys1-ice2-p-swi-bes23,sw19p1,L1
leaf-spine,sys1-ice2-p-swi-bel19,sw59p2,sys1-ice2-p-swi-bes23,sw19p2,L1
leaf-spine,sys1-ice2-p-swi-bel19,sw60p1,sys1-ice2-p-swi-bes24,sw19p1,L1
leaf-spine,sys1-ice2-p-swi-bel19,sw60p2,sys1-ice2-p-swi-bes24,sw19p2,L1
leaf-spine,sys1-ice2-p-swi-bel19,sw61p1,sys1-ice2-p-swi-bes25,sw19p1,L1
leaf-spine,sys1-ice2-p-swi-bel19,sw61p2,sys1-ice2-p-swi-bes25,sw19p2,L1
leaf-spine,sys1-ice2-p-swi-bel19,sw62p1,sys1-ice2-p-swi-bes26,sw19p1,L1
leaf-spine,sys1-ice2-p-swi-bel19,sw62p2,sys1-ice2-p-swi-bes26,sw19p2,L1
leaf-spine,sys1-ice2-p-swi-bel19,sw63p1,sys1-ice2-p-swi-bes27,sw19p1,L1
leaf-spine,sys1-ice2-p-swi-bel19,sw63p2,sys1-ice2-p-swi-bes27,sw19p2,L1
leaf-spine,sys1-ice2-p-swi-bel19,sw64p1,sys1-ice2-p-swi-bes28,sw19p1,L1
leaf-spine,sys1-ice2-p-swi-bel19,sw64p2,sys1-ice2-p-swi-bes28,sw19p2,L1
leaf-spine,sys1-ice2-p-swi-bel19,sw65p1,sys1-ice2-p-swi-bes29,sw19p1,L1
leaf-spine,sys1-ice2-p-swi-bel19,sw65p2,sys1-ice2-p-swi-bes29,sw19p2,L1
leaf-spine,sys1-ice2-p-swi-bel19,sw66p1,sys1-ice2-p-swi-bes30,sw19p1,L1
leaf-spine,sys1-ice2-p-swi-bel19,sw66p2,sys1-ice2-p-swi-bes30,sw19p2,L1
leaf-spine,sys1-ice2-p-swi-bel19,sw67p1,sys1-ice2-p-swi-bes31,sw19p1,L1
leaf-spine,sys1-ice2-p-swi-bel19,sw67p2,sys1-ice2-p-swi-bes31,sw19p2,L1
leaf-spine,sys1-ice2-p-swi-bel19,sw68p1,sys1-ice2-p-swi-bes32,sw19p1,L1
leaf-spine,sys1-ice2-p-swi-bel19,sw68p2,sys1-ice2-p-swi-bes32,sw19p2,L1
leaf-spine,sys1-ice2-p-swi-bel19,sw69p1,sys1-ice2-p-swi-bes33,sw19p1,L1
leaf-spine,sys1-ice2-p-swi-bel19,sw69p2,sys1-ice2-p-swi-bes33,sw19p2,L1
leaf-spine,sys1-ice2-p-swi-bel19,sw70p1,sys1-ice2-p-swi-bes34,sw19p1,L1
leaf-spine,sys1-ice2-p-swi-bel19,sw70p2,sys1-ice2-p-swi-bes34,sw19p2,L1
leaf-spine,sys1-ice2-p-swi-bel19,sw71p1,sys1-ice2-p-swi-bes35,sw19p1,L1
leaf-spine,sys1-ice2-p-swi-bel19,sw71p2,sys1-ice2-p-swi-bes35,sw19p2,L1
leaf-spine,sys1-ice2-p-swi-bel19,sw72p1,sys1-ice2-p-swi-bes36,sw19p1,L1
leaf-spine,sys1-ice2-p-swi-bel19,sw72p2,sys1-ice2-p-swi-bes36,sw19p2,L1
leaf-spine,sys1-ice2-p-swi-bel20,sw37p1,sys1-ice2-p-swi-bes1,sw20p1,L1
leaf-spine,sys1-ice2-p-swi-bel20,sw37p2,sys1-ice2-p-swi-bes1,sw20p2,L1
leaf-spine,sys1-ice2-p-swi-bel20,sw38p1,sys1-ice2-p-swi-bes2,sw20p1,L1
leaf-spine,sys1-ice2-p-swi-bel20,sw38p2,sys1-ice2-p-swi-bes2,sw20p2,L1
leaf-spine,sys1-ice2-p-swi-bel20,sw39p1,sys1-ice2-p-swi-bes3,sw20p1,L1
leaf-spine,sys1-ice2-p-swi-bel20,sw39p2,sys1-ice2-p-swi-bes3,sw20p2,L1
leaf-spine,sys1-ice2-p-swi-bel20,sw40p1,sys1-ice2-p-swi-bes4,sw20p1,L1
leaf-spine,sys1-ice2-p-swi-bel20,sw40p2,sys1-ice2-p-swi-bes4,sw20p2,L1
leaf-spine,sys1-ice2-p-swi-bel20,sw41p1,sys1-ice2-p-swi-bes5,sw20p1,L1
leaf-spine,sys1-ice2-p-swi-bel20,sw41p2,sys1-ice2-p-swi-bes5,sw20p2,L1
leaf-spine,sys1-ice2-p-swi-bel20,sw42p1,sys1-ice2-p-swi-bes6,sw20p1,L1
leaf-spine,sys1-ice2-p-swi-bel20,sw42p2,sys1-ice2-p-swi-bes6,sw20p2,L1
leaf-spine,sys1-ice2-p-swi-bel20,sw43p1,sys1-ice2-p-swi-bes7,sw20p1,L1
leaf-spine,sys1-ice2-p-swi-bel20,sw43p2,sys1-ice2-p-swi-bes7,sw20p2,L1
leaf-spine,sys1-ice2-p-swi-bel20,sw44p1,sys1-ice2-p-swi-bes8,sw20p1,L1
leaf-spine,sys1-ice2-p-swi-bel20,sw44p2,sys1-ice2-p-swi-bes8,sw20p2,L1
leaf-spine,sys1-ice2-p-swi-bel20,sw45p1,sys1-ice2-p-swi-bes9,sw20p1,L1
leaf-spine,sys1-ice2-p-swi-bel20,sw45p2,sys1-ice2-p-swi-bes9,sw20p2,L1
leaf-spine,sys1-ice2-p-swi-bel20,sw46p1,sys1-ice2-p-swi-bes10,sw20p1,L1
leaf-spine,sys1-ice2-p-swi-bel20,sw46p2,sys1-ice2-p-swi-bes10,sw20p2,L1
leaf-spine,sys1-ice2-p-swi-bel20,sw47p1,sys1-ice2-p-swi-bes11,sw20p1,L1
leaf-spine,sys1-ice2-p-swi-bel20,sw47p2,sys1-ice2-p-swi-bes11,sw20p2,L1
leaf-spine,sys1-ice2-p-swi-bel20,sw48p1,sys1-ice2-p-swi-bes12,sw20p1,L1
leaf-spine,sys1-ice2-p-swi-bel20,sw48p2,sys1-ice2-p-swi-bes12,sw20p2,L1
leaf-spine,sys1-ice2-p-swi-bel20,sw49p1,sys1-ice2-p-swi-bes13,sw20p1,L1
leaf-spine,sys1-ice2-p-swi-bel20,sw49p2,sys1-ice2-p-swi-bes13,sw20p2,L1
leaf-spine,sys1-ice2-p-swi-bel20,sw50p1,sys1-ice2-p-swi-bes14,sw20p1,L1
leaf-spine,sys1-ice2-p-swi-bel20,sw50p2,sys1-ice2-p-swi-bes14,sw20p2,L1
leaf-spine,sys1-ice2-p-swi-bel20,sw51p1,sys1-ice2-p-swi-bes15,sw20p1,L1
leaf-spine,sys1-ice2-p-swi-bel20,sw51p2,sys1-ice2-p-swi-bes15,sw20p2,L1
leaf-spine,sys1-ice2-p-swi-bel20,sw52p1,sys1-ice2-p-swi-bes16,sw20p1,L1
leaf-spine,sys1-ice2-p-swi-bel20,sw52p2,sys1-ice2-p-swi-bes16,sw20p2,L1
leaf-spine,sys1-ice2-p-swi-bel20,sw53p1,sys1-ice2-p-swi-bes17,sw20p1,L1
leaf-spine,sys1-ice2-p-swi-bel20,sw53p2,sys1-ice2-p-swi-bes17,sw20p2,L1
leaf-spine,sys1-ice2-p-swi-bel20,sw54p1,sys1-ice2-p-swi-bes18,sw20p1,L1
leaf-spine,sys1-ice2-p-swi-bel20,sw54p2,sys1-ice2-p-swi-bes18,sw20p2,L1
leaf-spine,sys1-ice2-p-swi-bel20,sw55p1,sys1-ice2-p-swi-bes19,sw20p1,L1
leaf-spine,sys1-ice2-p-swi-bel20,sw55p2,sys1-ice2-p-swi-bes19,sw20p2,L1
leaf-spine,sys1-ice2-p-swi-bel20,sw56p1,sys1-ice2-p-swi-bes20,sw20p1,L1
leaf-spine,sys1-ice2-p-swi-bel20,sw56p2,sys1-ice2-p-swi-bes20,sw20p2,L1
leaf-spine,sys1-ice2-p-swi-bel20,sw57p1,sys1-ice2-p-swi-bes21,sw20p1,L1
leaf-spine,sys1-ice2-p-swi-bel20,sw57p2,sys1-ice2-p-swi-bes21,sw20p2,L1
leaf-spine,sys1-ice2-p-swi-bel20,sw58p1,sys1-ice2-p-swi-bes22,sw20p1,L1
leaf-spine,sys1-ice2-p-swi-bel20,sw58p2,sys1-ice2-p-swi-bes22,sw20p2,L1
leaf-spine,sys1-ice2-p-swi-bel20,sw59p1,sys1-ice2-p-swi-bes23,sw20p1,L1
leaf-spine,sys1-ice2-p-swi-bel20,sw59p2,sys1-ice2-p-swi-bes23,sw20p2,L1
leaf-spine,sys1-ice2-p-swi-bel20,sw60p1,sys1-ice2-p-swi-bes24,sw20p1,L1
leaf-spine,sys1-ice2-p-swi-bel20,sw60p2,sys1-ice2-p-swi-bes24,sw20p2,L1
leaf-spine,sys1-ice2-p-swi-bel20,sw61p1,sys1-ice2-p-swi-bes25,sw20p1,L1
leaf-spine,sys1-ice2-p-swi-bel20,sw61p2,sys1-ice2-p-swi-bes25,sw20p2,L1
leaf-spine,sys1-ice2-p-swi-bel20,sw62p1,sys1-ice2-p-swi-bes26,sw20p1,L1
leaf-spine,sys1-ice2-p-swi-bel20,sw62p2,sys1-ice2-p-swi-bes26,sw20p2,L1
leaf-spine,sys1-ice2-p-swi-bel20,sw63p1,sys1-ice2-p-swi-bes27,sw20p1,L1
leaf-spine,sys1-ice2-p-swi-bel20,sw63p2,sys1-ice2-p-swi-bes27,sw20p2,L1
leaf-spine,sys1-ice2-p-swi-bel20,sw64p1,sys1-ice2-p-swi-bes28,sw20p1,L1
leaf-spine,sys1-ice2-p-swi-bel20,sw64p2,sys1-ice2-p-swi-bes28,sw20p2,L1
leaf-spine,sys1-ice2-p-swi-bel20,sw65p1,sys1-ice2-p-swi-bes29,sw20p1,L1
leaf-spine,sys1-ice2-p-swi-bel20,sw65p2,sys1-ice2-p-swi-bes29,sw20p2,L1
leaf-spine,sys1-ice2-p-swi-bel20,sw66p1,sys1-ice2-p-swi-bes30,sw20p1,L1
leaf-spine,sys1-ice2-p-swi-bel20,sw66p2,sys1-ice2-p-swi-bes30,sw20p2,L1
leaf-spine,sys1-ice2-p-swi-bel20,sw67p1,sys1-ice2-p-swi-bes31,sw20p1,L1
leaf-spine,sys1-ice2-p-swi-bel20,sw67p2,sys1-ice2-p-swi-bes31,sw20p2,L1
leaf-spine,sys1-ice2-p-swi-bel20,sw68p1,sys1-ice2-p-swi-bes32,sw20p1,L1
leaf-spine,sys1-ice2-p-swi-bel20,sw68p2,sys1-ice2-p-swi-bes32,sw20p2,L1
leaf-spine,sys1-ice2-p-swi-bel20,sw69p1,sys1-ice2-p-swi-bes33,sw20p1,L1
leaf-spine,sys1-ice2-p-swi-bel20,sw69p2,sys1-ice2-p-swi-bes33,sw20p2,L1
leaf-spine,sys1-ice2-p-swi-bel20,sw70p1,sys1-ice2-p-swi-bes34,sw20p1,L1
leaf-spine,sys1-ice2-p-swi-bel20,sw70p2,sys1-ice2-p-swi-bes34,sw20p2,L1
leaf-spine,sys1-ice2-p-swi-bel20,sw71p1,sys1-ice2-p-swi-bes35,sw20p1,L1
leaf-spine,sys1-ice2-p-swi-bel20,sw71p2,sys1-ice2-p-swi-bes35,sw20p2,L1
leaf-spine,sys1-ice2-p-swi-bel20,sw72p1,sys1-ice2-p-swi-bes36,sw20p1,L1
leaf-spine,sys1-ice2-p-swi-bel20,sw72p2,sys1-ice2-p-swi-bes36,sw20p2,L1
leaf-spine,sys1-ice2-p-swi-bel21,sw37p1,sys1-ice2-p-swi-bes1,sw21p1,L1
leaf-spine,sys1-ice2-p-swi-bel21,sw37p2,sys1-ice2-p-swi-bes1,sw21p2,L1
leaf-spine,sys1-ice2-p-swi-bel21,sw38p1,sys1-ice2-p-swi-bes2,sw21p1,L1
leaf-spine,sys1-ice2-p-swi-bel21,sw38p2,sys1-ice2-p-swi-bes2,sw21p2,L1
leaf-spine,sys1-ice2-p-swi-bel21,sw39p1,sys1-ice2-p-swi-bes3,sw21p1,L1
leaf-spine,sys1-ice2-p-swi-bel21,sw39p2,sys1-ice2-p-swi-bes3,sw21p2,L1
leaf-spine,sys1-ice2-p-swi-bel21,sw40p1,sys1-ice2-p-swi-bes4,sw21p1,L1
leaf-spine,sys1-ice2-p-swi-bel21,sw40p2,sys1-ice2-p-swi-bes4,sw21p2,L1
leaf-spine,sys1-ice2-p-swi-bel21,sw41p1,sys1-ice2-p-swi-bes5,sw21p1,L1
leaf-spine,sys1-ice2-p-swi-bel21,sw41p2,sys1-ice2-p-swi-bes5,sw21p2,L1
leaf-spine,sys1-ice2-p-swi-bel21,sw42p1,sys1-ice2-p-swi-bes6,sw21p1,L1
leaf-spine,sys1-ice2-p-swi-bel21,sw42p2,sys1-ice2-p-swi-bes6,sw21p2,L1
leaf-spine,sys1-ice2-p-swi-bel21,sw43p1,sys1-ice2-p-swi-bes7,sw21p1,L1
leaf-spine,sys1-ice2-p-swi-bel21,sw43p2,sys1-ice2-p-swi-bes7,sw21p2,L1
leaf-spine,sys1-ice2-p-swi-bel21,sw44p1,sys1-ice2-p-swi-bes8,sw21p1,L1
leaf-spine,sys1-ice2-p-swi-bel21,sw44p2,sys1-ice2-p-swi-bes8,sw21p2,L1
leaf-spine,sys1-ice2-p-swi-bel21,sw45p1,sys1-ice2-p-swi-bes9,sw21p1,L1
leaf-spine,sys1-ice2-p-swi-bel21,sw45p2,sys1-ice2-p-swi-bes9,sw21p2,L1
leaf-spine,sys1-ice2-p-swi-bel21,sw46p1,sys1-ice2-p-swi-bes10,sw21p1,L1
leaf-spine,sys1-ice2-p-swi-bel21,sw46p2,sys1-ice2-p-swi-bes10,sw21p2,L1
leaf-spine,sys1-ice2-p-swi-bel21,sw47p1,sys1-ice2-p-swi-bes11,sw21p1,L1
leaf-spine,sys1-ice2-p-swi-bel21,sw47p2,sys1-ice2-p-swi-bes11,sw21p2,L1
leaf-spine,sys1-ice2-p-swi-bel21,sw48p1,sys1-ice2-p-swi-bes12,sw21p1,L1
leaf-spine,sys1-ice2-p-swi-bel21,sw48p2,sys1-ice2-p-swi-bes12,sw21p2,L1
leaf-spine,sys1-ice2-p-swi-bel21,sw49p1,sys1-ice2-p-swi-bes13,sw21p1,L1
leaf-spine,sys1-ice2-p-swi-bel21,sw49p2,sys1-ice2-p-swi-bes13,sw21p2,L1
leaf-spine,sys1-ice2-p-swi-bel21,sw50p1,sys1-ice2-p-swi-bes14,sw21p1,L1
leaf-spine,sys1-ice2-p-swi-bel21,sw50p2,sys1-ice2-p-swi-bes14,sw21p2,L1
leaf-spine,sys1-ice2-p-swi-bel21,sw51p1,sys1-ice2-p-swi-bes15,sw21p1,L1
leaf-spine,sys1-ice2-p-swi-bel21,sw51p2,sys1-ice2-p-swi-bes15,sw21p2,L1
leaf-spine,sys1-ice2-p-swi-bel21,sw52p1,sys1-ice2-p-swi-bes16,sw21p1,L1
leaf-spine,sys1-ice2-p-swi-bel21,sw52p2,sys1-ice2-p-swi-bes16,sw21p2,L1
leaf-spine,sys1-ice2-p-swi-bel21,sw53p1,sys1-ice2-p-swi-bes17,sw21p1,L1
leaf-spine,sys1-ice2-p-swi-bel21,sw53p2,sys1-ice2-p-swi-bes17,sw21p2,L1
leaf-spine,sys1-ice2-p-swi-bel21,sw54p1,sys1-ice2-p-swi-bes18,sw21p1,L1
leaf-spine,sys1-ice2-p-swi-bel21,sw54p2,sys1-ice2-p-swi-bes18,sw21p2,L1
leaf-spine,sys1-ice2-p-swi-bel21,sw55p1,sys1-ice2-p-swi-bes19,sw21p1,L1
leaf-spine,sys1-ice2-p-swi-bel21,sw55p2,sys1-ice2-p-swi-bes19,sw21p2,L1
leaf-spine,sys1-ice2-p-swi-bel21,sw56p1,sys1-ice2-p-swi-bes20,sw21p1,L1
leaf-spine,sys1-ice2-p-swi-bel21,sw56p2,sys1-ice2-p-swi-bes20,sw21p2,L1
leaf-spine,sys1-ice2-p-swi-bel21,sw57p1,sys1-ice2-p-swi-bes21,sw21p1,L1
leaf-spine,sys1-ice2-p-swi-bel21,sw57p2,sys1-ice2-p-swi-bes21,sw21p2,L1
leaf-spine,sys1-ice2-p-swi-bel21,sw58p1,sys1-ice2-p-swi-bes22,sw21p1,L1
leaf-spine,sys1-ice2-p-swi-bel21,sw58p2,sys1-ice2-p-swi-bes22,sw21p2,L1
leaf-spine,sys1-ice2-p-swi-bel21,sw59p1,sys1-ice2-p-swi-bes23,sw21p1,L1
leaf-spine,sys1-ice2-p-swi-bel21,sw59p2,sys1-ice2-p-swi-bes23,sw21p2,L1
leaf-spine,sys1-ice2-p-swi-bel21,sw60p1,sys1-ice2-p-swi-bes24,sw21p1,L1
leaf-spine,sys1-ice2-p-swi-bel21,sw60p2,sys1-ice2-p-swi-bes24,sw21p2,L1
leaf-spine,sys1-ice2-p-swi-bel21,sw61p1,sys1-ice2-p-swi-bes25,sw21p1,L1
leaf-spine,sys1-ice2-p-swi-bel21,sw61p2,sys1-ice2-p-swi-bes25,sw21p2,L1
leaf-spine,sys1-ice2-p-swi-bel21,sw62p1,sys1-ice2-p-swi-bes26,sw21p1,L1
leaf-spine,sys1-ice2-p-swi-bel21,sw62p2,sys1-ice2-p-swi-bes26,sw21p2,L1
leaf-spine,sys1-ice2-p-swi-bel21,sw63p1,sys1-ice2-p-swi-bes27,sw21p1,L1
leaf-spine,sys1-ice2-p-swi-bel21,sw63p2,sys1-ice2-p-swi-bes27,sw21p2,L1
leaf-spine,sys1-ice2-p-swi-bel21,sw64p1,sys1-ice2-p-swi-bes28,sw21p1,L1
leaf-spine,sys1-ice2-p-swi-bel21,sw64p2,sys1-ice2-p-swi-bes28,sw21p2,L1
leaf-spine,sys1-ice2-p-swi-bel21,sw65p1,sys1-ice2-p-swi-bes29,sw21p1,L1
leaf-spine,sys1-ice2-p-swi-bel21,sw65p2,sys1-ice2-p-swi-bes29,sw21p2,L1
leaf-spine,sys1-ice2-p-swi-bel21,sw66p1,sys1-ice2-p-swi-bes30,sw21p1,L1
leaf-spine,sys1-ice2-p-swi-bel21,sw66p2,sys1-ice2-p-swi-bes30,sw21p2,L1
leaf-spine,sys1-ice2-p-swi-bel21,sw67p1,sys1-ice2-p-swi-bes31,sw21p1,L1
leaf-spine,sys1-ice2-p-swi-bel21,sw67p2,sys1-ice2-p-swi-bes31,sw21p2,L1
leaf-spine,sys1-ice2-p-swi-bel21,sw68p1,sys1-ice2-p-swi-bes32,sw21p1,L1
leaf-spine,sys1-ice2-p-swi-bel21,sw68p2,sys1-ice2-p-swi-bes32,sw21p2,L1
leaf-spine,sys1-ice2-p-swi-bel21,sw69p1,sys1-ice2-p-swi-bes33,sw21p1,L1
leaf-spine,sys1-ice2-p-swi-bel21,sw69p2,sys1-ice2-p-swi-bes33,sw21p2,L1
leaf-spine,sys1-ice2-p-swi-bel21,sw70p1,sys1-ice2-p-swi-bes34,sw21p1,L1
leaf-spine,sys1-ice2-p-swi-bel21,sw70p2,sys1-ice2-p-swi-bes34,sw21p2,L1
leaf-spine,sys1-ice2-p-swi-bel21,sw71p1,sys1-ice2-p-swi-bes35,sw21p1,L1
leaf-spine,sys1-ice2-p-swi-bel21,sw71p2,sys1-ice2-p-swi-bes35,sw21p2,L1
leaf-spine,sys1-ice2-p-swi-bel21,sw72p1,sys1-ice2-p-swi-bes36,sw21p1,L1
leaf-spine,sys1-ice2-p-swi-bel21,sw72p2,sys1-ice2-p-swi-bes36,sw21p2,L1
leaf-spine,sys1-ice2-p-swi-bel22,sw37p1,sys1-ice2-p-swi-bes1,sw22p1,L1
leaf-spine,sys1-ice2-p-swi-bel22,sw37p2,sys1-ice2-p-swi-bes1,sw22p2,L1
leaf-spine,sys1-ice2-p-swi-bel22,sw38p1,sys1-ice2-p-swi-bes2,sw22p1,L1
leaf-spine,sys1-ice2-p-swi-bel22,sw38p2,sys1-ice2-p-swi-bes2,sw22p2,L1
leaf-spine,sys1-ice2-p-swi-bel22,sw39p1,sys1-ice2-p-swi-bes3,sw22p1,L1
leaf-spine,sys1-ice2-p-swi-bel22,sw39p2,sys1-ice2-p-swi-bes3,sw22p2,L1
leaf-spine,sys1-ice2-p-swi-bel22,sw40p1,sys1-ice2-p-swi-bes4,sw22p1,L1
leaf-spine,sys1-ice2-p-swi-bel22,sw40p2,sys1-ice2-p-swi-bes4,sw22p2,L1
leaf-spine,sys1-ice2-p-swi-bel22,sw41p1,sys1-ice2-p-swi-bes5,sw22p1,L1
leaf-spine,sys1-ice2-p-swi-bel22,sw41p2,sys1-ice2-p-swi-bes5,sw22p2,L1
leaf-spine,sys1-ice2-p-swi-bel22,sw42p1,sys1-ice2-p-swi-bes6,sw22p1,L1
leaf-spine,sys1-ice2-p-swi-bel22,sw42p2,sys1-ice2-p-swi-bes6,sw22p2,L1
leaf-spine,sys1-ice2-p-swi-bel22,sw43p1,sys1-ice2-p-swi-bes7,sw22p1,L1
leaf-spine,sys1-ice2-p-swi-bel22,sw43p2,sys1-ice2-p-swi-bes7,sw22p2,L1
leaf-spine,sys1-ice2-p-swi-bel22,sw44p1,sys1-ice2-p-swi-bes8,sw22p1,L1
leaf-spine,sys1-ice2-p-swi-bel22,sw44p2,sys1-ice2-p-swi-bes8,sw22p2,L1
leaf-spine,sys1-ice2-p-swi-bel22,sw45p1,sys1-ice2-p-swi-bes9,sw22p1,L1
leaf-spine,sys1-ice2-p-swi-bel22,sw45p2,sys1-ice2-p-swi-bes9,sw22p2,L1
leaf-spine,sys1-ice2-p-swi-bel22,sw46p1,sys1-ice2-p-swi-bes10,sw22p1,L1
leaf-spine,sys1-ice2-p-swi-bel22,sw46p2,sys1-ice2-p-swi-bes10,sw22p2,L1
leaf-spine,sys1-ice2-p-swi-bel22,sw47p1,sys1-ice2-p-swi-bes11,sw22p1,L1
leaf-spine,sys1-ice2-p-swi-bel22,sw47p2,sys1-ice2-p-swi-bes11,sw22p2,L1
leaf-spine,sys1-ice2-p-swi-bel22,sw48p1,sys1-ice2-p-swi-bes12,sw22p1,L1
leaf-spine,sys1-ice2-p-swi-bel22,sw48p2,sys1-ice2-p-swi-bes12,sw22p2,L1
leaf-spine,sys1-ice2-p-swi-bel22,sw49p1,sys1-ice2-p-swi-bes13,sw22p1,L1
leaf-spine,sys1-ice2-p-swi-bel22,sw49p2,sys1-ice2-p-swi-bes13,sw22p2,L1
leaf-spine,sys1-ice2-p-swi-bel22,sw50p1,sys1-ice2-p-swi-bes14,sw22p1,L1
leaf-spine,sys1-ice2-p-swi-bel22,sw50p2,sys1-ice2-p-swi-bes14,sw22p2,L1
leaf-spine,sys1-ice2-p-swi-bel22,sw51p1,sys1-ice2-p-swi-bes15,sw22p1,L1
leaf-spine,sys1-ice2-p-swi-bel22,sw51p2,sys1-ice2-p-swi-bes15,sw22p2,L1
leaf-spine,sys1-ice2-p-swi-bel22,sw52p1,sys1-ice2-p-swi-bes16,sw22p1,L1
leaf-spine,sys1-ice2-p-swi-bel22,sw52p2,sys1-ice2-p-swi-bes16,sw22p2,L1
leaf-spine,sys1-ice2-p-swi-bel22,sw53p1,sys1-ice2-p-swi-bes17,sw22p1,L1
leaf-spine,sys1-ice2-p-swi-bel22,sw53p2,sys1-ice2-p-swi-bes17,sw22p2,L1
leaf-spine,sys1-ice2-p-swi-bel22,sw54p1,sys1-ice2-p-swi-bes18,sw22p1,L1
leaf-spine,sys1-ice2-p-swi-bel22,sw54p2,sys1-ice2-p-swi-bes18,sw22p2,L1
leaf-spine,sys1-ice2-p-swi-bel22,sw55p1,sys1-ice2-p-swi-bes19,sw22p1,L1
leaf-spine,sys1-ice2-p-swi-bel22,sw55p2,sys1-ice2-p-swi-bes19,sw22p2,L1
leaf-spine,sys1-ice2-p-swi-bel22,sw56p1,sys1-ice2-p-swi-bes20,sw22p1,L1
leaf-spine,sys1-ice2-p-swi-bel22,sw56p2,sys1-ice2-p-swi-bes20,sw22p2,L1
leaf-spine,sys1-ice2-p-swi-bel22,sw57p1,sys1-ice2-p-swi-bes21,sw22p1,L1
leaf-spine,sys1-ice2-p-swi-bel22,sw57p2,sys1-ice2-p-swi-bes21,sw22p2,L1
leaf-spine,sys1-ice2-p-swi-bel22,sw58p1,sys1-ice2-p-swi-bes22,sw22p1,L1
leaf-spine,sys1-ice2-p-swi-bel22,sw58p2,sys1-ice2-p-swi-bes22,sw22p2,L1
leaf-spine,sys1-ice2-p-swi-bel22,sw59p1,sys1-ice2-p-swi-bes23,sw22p1,L1
leaf-spine,sys1-ice2-p-swi-bel22,sw59p2,sys1-ice2-p-swi-bes23,sw22p2,L1
leaf-spine,sys1-ice2-p-swi-bel22,sw60p1,sys1-ice2-p-swi-bes24,sw22p1,L1
leaf-spine,sys1-ice2-p-swi-bel22,sw60p2,sys1-ice2-p-swi-bes24,sw22p2,L1
leaf-spine,sys1-ice2-p-swi-bel22,sw61p1,sys1-ice2-p-swi-bes25,sw22p1,L1
leaf-spine,sys1-ice2-p-swi-bel22,sw61p2,sys1-ice2-p-swi-bes25,sw22p2,L1
leaf-spine,sys1-ice2-p-swi-bel22,sw62p1,sys1-ice2-p-swi-bes26,sw22p1,L1
leaf-spine,sys1-ice2-p-swi-bel22,sw62p2,sys1-ice2-p-swi-bes26,sw22p2,L1
leaf-spine,sys1-ice2-p-swi-bel22,sw63p1,sys1-ice2-p-swi-bes27,sw22p1,L1
leaf-spine,sys1-ice2-p-swi-bel22,sw63p2,sys1-ice2-p-swi-bes27,sw22p2,L1
leaf-spine,sys1-ice2-p-swi-bel22,sw64p1,sys1-ice2-p-swi-bes28,sw22p1,L1
leaf-spine,sys1-ice2-p-swi-bel22,sw64p2,sys1-ice2-p-swi-bes28,sw22p2,L1
leaf-spine,sys1-ice2-p-swi-bel22,sw65p1,sys1-ice2-p-swi-bes29,sw22p1,L1
leaf-spine,sys1-ice2-p-swi-bel22,sw65p2,sys1-ice2-p-swi-bes29,sw22p2,L1
leaf-spine,sys1-ice2-p-swi-bel22,sw66p1,sys1-ice2-p-swi-bes30,sw22p1,L1
leaf-spine,sys1-ice2-p-swi-bel22,sw66p2,sys1-ice2-p-swi-bes30,sw22p2,L1
leaf-spine,sys1-ice2-p-swi-bel22,sw67p1,sys1-ice2-p-swi-bes31,sw22p1,L1
leaf-spine,sys1-ice2-p-swi-bel22,sw67p2,sys1-ice2-p-swi-bes31,sw22p2,L1
leaf-spine,sys1-ice2-p-swi-bel22,sw68p1,sys1-ice2-p-swi-bes32,sw22p1,L1
leaf-spine,sys1-ice2-p-swi-bel22,sw68p2,sys1-ice2-p-swi-bes32,sw22p2,L1
leaf-spine,sys1-ice2-p-swi-bel22,sw69p1,sys1-ice2-p-swi-bes33,sw22p1,L1
leaf-spine,sys1-ice2-p-swi-bel22,sw69p2,sys1-ice2-p-swi-bes33,sw22p2,L1
leaf-spine,sys1-ice2-p-swi-bel22,sw70p1,sys1-ice2-p-swi-bes34,sw22p1,L1
leaf-spine,sys1-ice2-p-swi-bel22,sw70p2,sys1-ice2-p-swi-bes34,sw22p2,L1
leaf-spine,sys1-ice2-p-swi-bel22,sw71p1,sys1-ice2-p-swi-bes35,sw22p1,L1
leaf-spine,sys1-ice2-p-swi-bel22,sw71p2,sys1-ice2-p-swi-bes35,sw22p2,L1
leaf-spine,sys1-ice2-p-swi-bel22,sw72p1,sys1-ice2-p-swi-bes36,sw22p1,L1
leaf-spine,sys1-ice2-p-swi-bel22,sw72p2,sys1-ice2-p-swi-bes36,sw22p2,L1
leaf-spine,sys1-ice2-p-swi-bel23,sw37p1,sys1-ice2-p-swi-bes1,sw23p1,L1
leaf-spine,sys1-ice2-p-swi-bel23,sw37p2,sys1-ice2-p-swi-bes1,sw23p2,L1
leaf-spine,sys1-ice2-p-swi-bel23,sw38p1,sys1-ice2-p-swi-bes2,sw23p1,L1
leaf-spine,sys1-ice2-p-swi-bel23,sw38p2,sys1-ice2-p-swi-bes2,sw23p2,L1
leaf-spine,sys1-ice2-p-swi-bel23,sw39p1,sys1-ice2-p-swi-bes3,sw23p1,L1
leaf-spine,sys1-ice2-p-swi-bel23,sw39p2,sys1-ice2-p-swi-bes3,sw23p2,L1
leaf-spine,sys1-ice2-p-swi-bel23,sw40p1,sys1-ice2-p-swi-bes4,sw23p1,L1
leaf-spine,sys1-ice2-p-swi-bel23,sw40p2,sys1-ice2-p-swi-bes4,sw23p2,L1
leaf-spine,sys1-ice2-p-swi-bel23,sw41p1,sys1-ice2-p-swi-bes5,sw23p1,L1
leaf-spine,sys1-ice2-p-swi-bel23,sw41p2,sys1-ice2-p-swi-bes5,sw23p2,L1
leaf-spine,sys1-ice2-p-swi-bel23,sw42p1,sys1-ice2-p-swi-bes6,sw23p1,L1
leaf-spine,sys1-ice2-p-swi-bel23,sw42p2,sys1-ice2-p-swi-bes6,sw23p2,L1
leaf-spine,sys1-ice2-p-swi-bel23,sw43p1,sys1-ice2-p-swi-bes7,sw23p1,L1
leaf-spine,sys1-ice2-p-swi-bel23,sw43p2,sys1-ice2-p-swi-bes7,sw23p2,L1
leaf-spine,sys1-ice2-p-swi-bel23,sw44p1,sys1-ice2-p-swi-bes8,sw23p1,L1
leaf-spine,sys1-ice2-p-swi-bel23,sw44p2,sys1-ice2-p-swi-bes8,sw23p2,L1
leaf-spine,sys1-ice2-p-swi-bel23,sw45p1,sys1-ice2-p-swi-bes9,sw23p1,L1
leaf-spine,sys1-ice2-p-swi-bel23,sw45p2,sys1-ice2-p-swi-bes9,sw23p2,L1
leaf-spine,sys1-ice2-p-swi-bel23,sw46p1,sys1-ice2-p-swi-bes10,sw23p1,L1
leaf-spine,sys1-ice2-p-swi-bel23,sw46p2,sys1-ice2-p-swi-bes10,sw23p2,L1
leaf-spine,sys1-ice2-p-swi-bel23,sw47p1,sys1-ice2-p-swi-bes11,sw23p1,L1
leaf-spine,sys1-ice2-p-swi-bel23,sw47p2,sys1-ice2-p-swi-bes11,sw23p2,L1
leaf-spine,sys1-ice2-p-swi-bel23,sw48p1,sys1-ice2-p-swi-bes12,sw23p1,L1
leaf-spine,sys1-ice2-p-swi-bel23,sw48p2,sys1-ice2-p-swi-bes12,sw23p2,L1
leaf-spine,sys1-ice2-p-swi-bel23,sw49p1,sys1-ice2-p-swi-bes13,sw23p1,L1
leaf-spine,sys1-ice2-p-swi-bel23,sw49p2,sys1-ice2-p-swi-bes13,sw23p2,L1
leaf-spine,sys1-ice2-p-swi-bel23,sw50p1,sys1-ice2-p-swi-bes14,sw23p1,L1
leaf-spine,sys1-ice2-p-swi-bel23,sw50p2,sys1-ice2-p-swi-bes14,sw23p2,L1
leaf-spine,sys1-ice2-p-swi-bel23,sw51p1,sys1-ice2-p-swi-bes15,sw23p1,L1
leaf-spine,sys1-ice2-p-swi-bel23,sw51p2,sys1-ice2-p-swi-bes15,sw23p2,L1
leaf-spine,sys1-ice2-p-swi-bel23,sw52p1,sys1-ice2-p-swi-bes16,sw23p1,L1
leaf-spine,sys1-ice2-p-swi-bel23,sw52p2,sys1-ice2-p-swi-bes16,sw23p2,L1
leaf-spine,sys1-ice2-p-swi-bel23,sw53p1,sys1-ice2-p-swi-bes17,sw23p1,L1
leaf-spine,sys1-ice2-p-swi-bel23,sw53p2,sys1-ice2-p-swi-bes17,sw23p2,L1
leaf-spine,sys1-ice2-p-swi-bel23,sw54p1,sys1-ice2-p-swi-bes18,sw23p1,L1
leaf-spine,sys1-ice2-p-swi-bel23,sw54p2,sys1-ice2-p-swi-bes18,sw23p2,L1
leaf-spine,sys1-ice2-p-swi-bel23,sw55p1,sys1-ice2-p-swi-bes19,sw23p1,L1
leaf-spine,sys1-ice2-p-swi-bel23,sw55p2,sys1-ice2-p-swi-bes19,sw23p2,L1
leaf-spine,sys1-ice2-p-swi-bel23,sw56p1,sys1-ice2-p-swi-bes20,sw23p1,L1
leaf-spine,sys1-ice2-p-swi-bel23,sw56p2,sys1-ice2-p-swi-bes20,sw23p2,L1
leaf-spine,sys1-ice2-p-swi-bel23,sw57p1,sys1-ice2-p-swi-bes21,sw23p1,L1
leaf-spine,sys1-ice2-p-swi-bel23,sw57p2,sys1-ice2-p-swi-bes21,sw23p2,L1
leaf-spine,sys1-ice2-p-swi-bel23,sw58p1,sys1-ice2-p-swi-bes22,sw23p1,L1
leaf-spine,sys1-ice2-p-swi-bel23,sw58p2,sys1-ice2-p-swi-bes22,sw23p2,L1
leaf-spine,sys1-ice2-p-swi-bel23,sw59p1,sys1-ice2-p-swi-bes23,sw23p1,L1
leaf-spine,sys1-ice2-p-swi-bel23,sw59p2,sys1-ice2-p-swi-bes23,sw23p2,L1
leaf-spine,sys1-ice2-p-swi-bel23,sw60p1,sys1-ice2-p-swi-bes24,sw23p1,L1
leaf-spine,sys1-ice2-p-swi-bel23,sw60p2,sys1-ice2-p-swi-bes24,sw23p2,L1
leaf-spine,sys1-ice2-p-swi-bel23,sw61p1,sys1-ice2-p-swi-bes25,sw23p1,L1
leaf-spine,sys1-ice2-p-swi-bel23,sw61p2,sys1-ice2-p-swi-bes25,sw23p2,L1
leaf-spine,sys1-ice2-p-swi-bel23,sw62p1,sys1-ice2-p-swi-bes26,sw23p1,L1
leaf-spine,sys1-ice2-p-swi-bel23,sw62p2,sys1-ice2-p-swi-bes26,sw23p2,L1
leaf-spine,sys1-ice2-p-swi-bel23,sw63p1,sys1-ice2-p-swi-bes27,sw23p1,L1
leaf-spine,sys1-ice2-p-swi-bel23,sw63p2,sys1-ice2-p-swi-bes27,sw23p2,L1
leaf-spine,sys1-ice2-p-swi-bel23,sw64p1,sys1-ice2-p-swi-bes28,sw23p1,L1
leaf-spine,sys1-ice2-p-swi-bel23,sw64p2,sys1-ice2-p-swi-bes28,sw23p2,L1
leaf-spine,sys1-ice2-p-swi-bel23,sw65p1,sys1-ice2-p-swi-bes29,sw23p1,L1
leaf-spine,sys1-ice2-p-swi-bel23,sw65p2,sys1-ice2-p-swi-bes29,sw23p2,L1
leaf-spine,sys1-ice2-p-swi-bel23,sw66p1,sys1-ice2-p-swi-bes30,sw23p1,L1
leaf-spine,sys1-ice2-p-swi-bel23,sw66p2,sys1-ice2-p-swi-bes30,sw23p2,L1
leaf-spine,sys1-ice2-p-swi-bel23,sw67p1,sys1-ice2-p-swi-bes31,sw23p1,L1
leaf-spine,sys1-ice2-p-swi-bel23,sw67p2,sys1-ice2-p-swi-bes31,sw23p2,L1
leaf-spine,sys1-ice2-p-swi-bel23,sw68p1,sys1-ice2-p-swi-bes32,sw23p1,L1
leaf-spine,sys1-ice2-p-swi-bel23,sw68p2,sys1-ice2-p-swi-bes32,sw23p2,L1
leaf-spine,sys1-ice2-p-swi-bel23,sw69p1,sys1-ice2-p-swi-bes33,sw23p1,L1
leaf-spine,sys1-ice2-p-swi-bel23,sw69p2,sys1-ice2-p-swi-bes33,sw23p2,L1
leaf-spine,sys1-ice2-p-swi-bel23,sw70p1,sys1-ice2-p-swi-bes34,sw23p1,L1
leaf-spine,sys1-ice2-p-swi-bel23,sw70p2,sys1-ice2-p-swi-bes34,sw23p2,L1
leaf-spine,sys1-ice2-p-swi-bel23,sw71p1,sys1-ice2-p-swi-bes35,sw23p1,L1
leaf-spine,sys1-ice2-p-swi-bel23,sw71p2,sys1-ice2-p-swi-bes35,sw23p2,L1
leaf-spine,sys1-ice2-p-swi-bel23,sw72p1,sys1-ice2-p-swi-bes36,sw23p1,L1
leaf-spine,sys1-ice2-p-swi-bel23,sw72p2,sys1-ice2-p-swi-bes36,sw23p2,L1
leaf-spine,sys1-ice2-p-swi-bel24,sw37p1,sys1-ice2-p-swi-bes1,sw24p1,L1
leaf-spine,sys1-ice2-p-swi-bel24,sw37p2,sys1-ice2-p-swi-bes1,sw24p2,L1
leaf-spine,sys1-ice2-p-swi-bel24,sw38p1,sys1-ice2-p-swi-bes2,sw24p1,L1
leaf-spine,sys1-ice2-p-swi-bel24,sw38p2,sys1-ice2-p-swi-bes2,sw24p2,L1
leaf-spine,sys1-ice2-p-swi-bel24,sw39p1,sys1-ice2-p-swi-bes3,sw24p1,L1
leaf-spine,sys1-ice2-p-swi-bel24,sw39p2,sys1-ice2-p-swi-bes3,sw24p2,L1
leaf-spine,sys1-ice2-p-swi-bel24,sw40p1,sys1-ice2-p-swi-bes4,sw24p1,L1
leaf-spine,sys1-ice2-p-swi-bel24,sw40p2,sys1-ice2-p-swi-bes4,sw24p2,L1
leaf-spine,sys1-ice2-p-swi-bel24,sw41p1,sys1-ice2-p-swi-bes5,sw24p1,L1
leaf-spine,sys1-ice2-p-swi-bel24,sw41p2,sys1-ice2-p-swi-bes5,sw24p2,L1
leaf-spine,sys1-ice2-p-swi-bel24,sw42p1,sys1-ice2-p-swi-bes6,sw24p1,L1
leaf-spine,sys1-ice2-p-swi-bel24,sw42p2,sys1-ice2-p-swi-bes6,sw24p2,L1
leaf-spine,sys1-ice2-p-swi-bel24,sw43p1,sys1-ice2-p-swi-bes7,sw24p1,L1
leaf-spine,sys1-ice2-p-swi-bel24,sw43p2,sys1-ice2-p-swi-bes7,sw24p2,L1
leaf-spine,sys1-ice2-p-swi-bel24,sw44p1,sys1-ice2-p-swi-bes8,sw24p1,L1
leaf-spine,sys1-ice2-p-swi-bel24,sw44p2,sys1-ice2-p-swi-bes8,sw24p2,L1
leaf-spine,sys1-ice2-p-swi-bel24,sw45p1,sys1-ice2-p-swi-bes9,sw24p1,L1
leaf-spine,sys1-ice2-p-swi-bel24,sw45p2,sys1-ice2-p-swi-bes9,sw24p2,L1
leaf-spine,sys1-ice2-p-swi-bel24,sw46p1,sys1-ice2-p-swi-bes10,sw24p1,L1
leaf-spine,sys1-ice2-p-swi-bel24,sw46p2,sys1-ice2-p-swi-bes10,sw24p2,L1
leaf-spine,sys1-ice2-p-swi-bel24,sw47p1,sys1-ice2-p-swi-bes11,sw24p1,L1
leaf-spine,sys1-ice2-p-swi-bel24,sw47p2,sys1-ice2-p-swi-bes11,sw24p2,L1
leaf-spine,sys1-ice2-p-swi-bel24,sw48p1,sys1-ice2-p-swi-bes12,sw24p1,L1
leaf-spine,sys1-ice2-p-swi-bel24,sw48p2,sys1-ice2-p-swi-bes12,sw24p2,L1
leaf-spine,sys1-ice2-p-swi-bel24,sw49p1,sys1-ice2-p-swi-bes13,sw24p1,L1
leaf-spine,sys1-ice2-p-swi-bel24,sw49p2,sys1-ice2-p-swi-bes13,sw24p2,L1
leaf-spine,sys1-ice2-p-swi-bel24,sw50p1,sys1-ice2-p-swi-bes14,sw24p1,L1
leaf-spine,sys1-ice2-p-swi-bel24,sw50p2,sys1-ice2-p-swi-bes14,sw24p2,L1
leaf-spine,sys1-ice2-p-swi-bel24,sw51p1,sys1-ice2-p-swi-bes15,sw24p1,L1
leaf-spine,sys1-ice2-p-swi-bel24,sw51p2,sys1-ice2-p-swi-bes15,sw24p2,L1
leaf-spine,sys1-ice2-p-swi-bel24,sw52p1,sys1-ice2-p-swi-bes16,sw24p1,L1
leaf-spine,sys1-ice2-p-swi-bel24,sw52p2,sys1-ice2-p-swi-bes16,sw24p2,L1
leaf-spine,sys1-ice2-p-swi-bel24,sw53p1,sys1-ice2-p-swi-bes17,sw24p1,L1
leaf-spine,sys1-ice2-p-swi-bel24,sw53p2,sys1-ice2-p-swi-bes17,sw24p2,L1
leaf-spine,sys1-ice2-p-swi-bel24,sw54p1,sys1-ice2-p-swi-bes18,sw24p1,L1
leaf-spine,sys1-ice2-p-swi-bel24,sw54p2,sys1-ice2-p-swi-bes18,sw24p2,L1
leaf-spine,sys1-ice2-p-swi-bel24,sw55p1,sys1-ice2-p-swi-bes19,sw24p1,L1
leaf-spine,sys1-ice2-p-swi-bel24,sw55p2,sys1-ice2-p-swi-bes19,sw24p2,L1
leaf-spine,sys1-ice2-p-swi-bel24,sw56p1,sys1-ice2-p-swi-bes20,sw24p1,L1
leaf-spine,sys1-ice2-p-swi-bel24,sw56p2,sys1-ice2-p-swi-bes20,sw24p2,L1
leaf-spine,sys1-ice2-p-swi-bel24,sw57p1,sys1-ice2-p-swi-bes21,sw24p1,L1
leaf-spine,sys1-ice2-p-swi-bel24,sw57p2,sys1-ice2-p-swi-bes21,sw24p2,L1
leaf-spine,sys1-ice2-p-swi-bel24,sw58p1,sys1-ice2-p-swi-bes22,sw24p1,L1
leaf-spine,sys1-ice2-p-swi-bel24,sw58p2,sys1-ice2-p-swi-bes22,sw24p2,L1
leaf-spine,sys1-ice2-p-swi-bel24,sw59p1,sys1-ice2-p-swi-bes23,sw24p1,L1
leaf-spine,sys1-ice2-p-swi-bel24,sw59p2,sys1-ice2-p-swi-bes23,sw24p2,L1
leaf-spine,sys1-ice2-p-swi-bel24,sw60p1,sys1-ice2-p-swi-bes24,sw24p1,L1
leaf-spine,sys1-ice2-p-swi-bel24,sw60p2,sys1-ice2-p-swi-bes24,sw24p2,L1
leaf-spine,sys1-ice2-p-swi-bel24,sw61p1,sys1-ice2-p-swi-bes25,sw24p1,L1
leaf-spine,sys1-ice2-p-swi-bel24,sw61p2,sys1-ice2-p-swi-bes25,sw24p2,L1
leaf-spine,sys1-ice2-p-swi-bel24,sw62p1,sys1-ice2-p-swi-bes26,sw24p1,L1
leaf-spine,sys1-ice2-p-swi-bel24,sw62p2,sys1-ice2-p-swi-bes26,sw24p2,L1
leaf-spine,sys1-ice2-p-swi-bel24,sw63p1,sys1-ice2-p-swi-bes27,sw24p1,L1
leaf-spine,sys1-ice2-p-swi-bel24,sw63p2,sys1-ice2-p-swi-bes27,sw24p2,L1
leaf-spine,sys1-ice2-p-swi-bel24,sw64p1,sys1-ice2-p-swi-bes28,sw24p1,L1
leaf-spine,sys1-ice2-p-swi-bel24,sw64p2,sys1-ice2-p-swi-bes28,sw24p2,L1
leaf-spine,sys1-ice2-p-swi-bel24,sw65p1,sys1-ice2-p-swi-bes29,sw24p1,L1
leaf-spine,sys1-ice2-p-swi-bel24,sw65p2,sys1-ice2-p-swi-bes29,sw24p2,L1
leaf-spine,sys1-ice2-p-swi-bel24,sw66p1,sys1-ice2-p-swi-bes30,sw24p1,L1
leaf-spine,sys1-ice2-p-swi-bel24,sw66p2,sys1-ice2-p-swi-bes30,sw24p2,L1
leaf-spine,sys1-ice2-p-swi-bel24,sw67p1,sys1-ice2-p-swi-bes31,sw24p1,L1
leaf-spine,sys1-ice2-p-swi-bel24,sw67p2,sys1-ice2-p-swi-bes31,sw24p2,L1
leaf-spine,sys1-ice2-p-swi-bel24,sw68p1,sys1-ice2-p-swi-bes32,sw24p1,L1
leaf-spine,sys1-ice2-p-swi-bel24,sw68p2,sys1-ice2-p-swi-bes32,sw24p2,L1
leaf-spine,sys1-ice2-p-swi-bel24,sw69p1,sys1-ice2-p-swi-bes33,sw24p1,L1
leaf-spine,sys1-ice2-p-swi-bel24,sw69p2,sys1-ice2-p-swi-bes33,sw24p2,L1
leaf-spine,sys1-ice2-p-swi-bel24,sw70p1,sys1-ice2-p-swi-bes34,sw24p1,L1
leaf-spine,sys1-ice2-p-swi-bel24,sw70p2,sys1-ice2-p-swi-bes34,sw24p2,L1
leaf-spine,sys1-ice2-p-swi-bel24,sw71p1,sys1-ice2-p-swi-bes35,sw24p1,L1
leaf-spine,sys1-ice2-p-swi-bel24,sw71p2,sys1-ice2-p-swi-bes35,sw24p2,L1
leaf-spine,sys1-ice2-p-swi-bel24,sw72p1,sys1-ice2-p-swi-bes36,sw24p1,L1
leaf-spine,sys1-ice2-p-swi-bel24,sw72p2,sys1-ice2-p-swi-bes36,sw24p2,L1
leaf-spine,sys1-ice2-p-swi-bel25,sw37p1,sys1-ice2-p-swi-bes1,sw25p1,L1
leaf-spine,sys1-ice2-p-swi-bel25,sw37p2,sys1-ice2-p-swi-bes1,sw25p2,L1
leaf-spine,sys1-ice2-p-swi-bel25,sw38p1,sys1-ice2-p-swi-bes2,sw25p1,L1
leaf-spine,sys1-ice2-p-swi-bel25,sw38p2,sys1-ice2-p-swi-bes2,sw25p2,L1
leaf-spine,sys1-ice2-p-swi-bel25,sw39p1,sys1-ice2-p-swi-bes3,sw25p1,L1
leaf-spine,sys1-ice2-p-swi-bel25,sw39p2,sys1-ice2-p-swi-bes3,sw25p2,L1
leaf-spine,sys1-ice2-p-swi-bel25,sw40p1,sys1-ice2-p-swi-bes4,sw25p1,L1
leaf-spine,sys1-ice2-p-swi-bel25,sw40p2,sys1-ice2-p-swi-bes4,sw25p2,L1
leaf-spine,sys1-ice2-p-swi-bel25,sw41p1,sys1-ice2-p-swi-bes5,sw25p1,L1
leaf-spine,sys1-ice2-p-swi-bel25,sw41p2,sys1-ice2-p-swi-bes5,sw25p2,L1
leaf-spine,sys1-ice2-p-swi-bel25,sw42p1,sys1-ice2-p-swi-bes6,sw25p1,L1
leaf-spine,sys1-ice2-p-swi-bel25,sw42p2,sys1-ice2-p-swi-bes6,sw25p2,L1
leaf-spine,sys1-ice2-p-swi-bel25,sw43p1,sys1-ice2-p-swi-bes7,sw25p1,L1
leaf-spine,sys1-ice2-p-swi-bel25,sw43p2,sys1-ice2-p-swi-bes7,sw25p2,L1
leaf-spine,sys1-ice2-p-swi-bel25,sw44p1,sys1-ice2-p-swi-bes8,sw25p1,L1
leaf-spine,sys1-ice2-p-swi-bel25,sw44p2,sys1-ice2-p-swi-bes8,sw25p2,L1
leaf-spine,sys1-ice2-p-swi-bel25,sw45p1,sys1-ice2-p-swi-bes9,sw25p1,L1
leaf-spine,sys1-ice2-p-swi-bel25,sw45p2,sys1-ice2-p-swi-bes9,sw25p2,L1
leaf-spine,sys1-ice2-p-swi-bel25,sw46p1,sys1-ice2-p-swi-bes10,sw25p1,L1
leaf-spine,sys1-ice2-p-swi-bel25,sw46p2,sys1-ice2-p-swi-bes10,sw25p2,L1
leaf-spine,sys1-ice2-p-swi-bel25,sw47p1,sys1-ice2-p-swi-bes11,sw25p1,L1
leaf-spine,sys1-ice2-p-swi-bel25,sw47p2,sys1-ice2-p-swi-bes11,sw25p2,L1
leaf-spine,sys1-ice2-p-swi-bel25,sw48p1,sys1-ice2-p-swi-bes12,sw25p1,L1
leaf-spine,sys1-ice2-p-swi-bel25,sw48p2,sys1-ice2-p-swi-bes12,sw25p2,L1
leaf-spine,sys1-ice2-p-swi-bel25,sw49p1,sys1-ice2-p-swi-bes13,sw25p1,L1
leaf-spine,sys1-ice2-p-swi-bel25,sw49p2,sys1-ice2-p-swi-bes13,sw25p2,L1
leaf-spine,sys1-ice2-p-swi-bel25,sw50p1,sys1-ice2-p-swi-bes14,sw25p1,L1
leaf-spine,sys1-ice2-p-swi-bel25,sw50p2,sys1-ice2-p-swi-bes14,sw25p2,L1
leaf-spine,sys1-ice2-p-swi-bel25,sw51p1,sys1-ice2-p-swi-bes15,sw25p1,L1
leaf-spine,sys1-ice2-p-swi-bel25,sw51p2,sys1-ice2-p-swi-bes15,sw25p2,L1
leaf-spine,sys1-ice2-p-swi-bel25,sw52p1,sys1-ice2-p-swi-bes16,sw25p1,L1
leaf-spine,sys1-ice2-p-swi-bel25,sw52p2,sys1-ice2-p-swi-bes16,sw25p2,L1
leaf-spine,sys1-ice2-p-swi-bel25,sw53p1,sys1-ice2-p-swi-bes17,sw25p1,L1
leaf-spine,sys1-ice2-p-swi-bel25,sw53p2,sys1-ice2-p-swi-bes17,sw25p2,L1
leaf-spine,sys1-ice2-p-swi-bel25,sw54p1,sys1-ice2-p-swi-bes18,sw25p1,L1
leaf-spine,sys1-ice2-p-swi-bel25,sw54p2,sys1-ice2-p-swi-bes18,sw25p2,L1
leaf-spine,sys1-ice2-p-swi-bel25,sw55p1,sys1-ice2-p-swi-bes19,sw25p1,L1
leaf-spine,sys1-ice2-p-swi-bel25,sw55p2,sys1-ice2-p-swi-bes19,sw25p2,L1
leaf-spine,sys1-ice2-p-swi-bel25,sw56p1,sys1-ice2-p-swi-bes20,sw25p1,L1
leaf-spine,sys1-ice2-p-swi-bel25,sw56p2,sys1-ice2-p-swi-bes20,sw25p2,L1
leaf-spine,sys1-ice2-p-swi-bel25,sw57p1,sys1-ice2-p-swi-bes21,sw25p1,L1
leaf-spine,sys1-ice2-p-swi-bel25,sw57p2,sys1-ice2-p-swi-bes21,sw25p2,L1
leaf-spine,sys1-ice2-p-swi-bel25,sw58p1,sys1-ice2-p-swi-bes22,sw25p1,L1
leaf-spine,sys1-ice2-p-swi-bel25,sw58p2,sys1-ice2-p-swi-bes22,sw25p2,L1
leaf-spine,sys1-ice2-p-swi-bel25,sw59p1,sys1-ice2-p-swi-bes23,sw25p1,L1
leaf-spine,sys1-ice2-p-swi-bel25,sw59p2,sys1-ice2-p-swi-bes23,sw25p2,L1
leaf-spine,sys1-ice2-p-swi-bel25,sw60p1,sys1-ice2-p-swi-bes24,sw25p1,L1
leaf-spine,sys1-ice2-p-swi-bel25,sw60p2,sys1-ice2-p-swi-bes24,sw25p2,L1
leaf-spine,sys1-ice2-p-swi-bel25,sw61p1,sys1-ice2-p-swi-bes25,sw25p1,L1
leaf-spine,sys1-ice2-p-swi-bel25,sw61p2,sys1-ice2-p-swi-bes25,sw25p2,L1
leaf-spine,sys1-ice2-p-swi-bel25,sw62p1,sys1-ice2-p-swi-bes26,sw25p1,L1
leaf-spine,sys1-ice2-p-swi-bel25,sw62p2,sys1-ice2-p-swi-bes26,sw25p2,L1
leaf-spine,sys1-ice2-p-swi-bel25,sw63p1,sys1-ice2-p-swi-bes27,sw25p1,L1
leaf-spine,sys1-ice2-p-swi-bel25,sw63p2,sys1-ice2-p-swi-bes27,sw25p2,L1
leaf-spine,sys1-ice2-p-swi-bel25,sw64p1,sys1-ice2-p-swi-bes28,sw25p1,L1
leaf-spine,sys1-ice2-p-swi-bel25,sw64p2,sys1-ice2-p-swi-bes28,sw25p2,L1
leaf-spine,sys1-ice2-p-swi-bel25,sw65p1,sys1-ice2-p-swi-bes29,sw25p1,L1
leaf-spine,sys1-ice2-p-swi-bel25,sw65p2,sys1-ice2-p-swi-bes29,sw25p2,L1
leaf-spine,sys1-ice2-p-swi-bel25,sw66p1,sys1-ice2-p-swi-bes30,sw25p1,L1
leaf-spine,sys1-ice2-p-swi-bel25,sw66p2,sys1-ice2-p-swi-bes30,sw25p2,L1
leaf-spine,sys1-ice2-p-swi-bel25,sw67p1,sys1-ice2-p-swi-bes31,sw25p1,L1
leaf-spine,sys1-ice2-p-swi-bel25,sw67p2,sys1-ice2-p-swi-bes31,sw25p2,L1
leaf-spine,sys1-ice2-p-swi-bel25,sw68p1,sys1-ice2-p-swi-bes32,sw25p1,L1
leaf-spine,sys1-ice2-p-swi-bel25,sw68p2,sys1-ice2-p-swi-bes32,sw25p2,L1
leaf-spine,sys1-ice2-p-swi-bel25,sw69p1,sys1-ice2-p-swi-bes33,sw25p1,L1
leaf-spine,sys1-ice2-p-swi-bel25,sw69p2,sys1-ice2-p-swi-bes33,sw25p2,L1
leaf-spine,sys1-ice2-p-swi-bel25,sw70p1,sys1-ice2-p-swi-bes34,sw25p1,L1
leaf-spine,sys1-ice2-p-swi-bel25,sw70p2,sys1-ice2-p-swi-bes34,sw25p2,L1
leaf-spine,sys1-ice2-p-swi-bel25,sw71p1,sys1-ice2-p-swi-bes35,sw25p1,L1
leaf-spine,sys1-ice2-p-swi-bel25,sw71p2,sys1-ice2-p-swi-bes35,sw25p2,L1
leaf-spine,sys1-ice2-p-swi-bel25,sw72p1,sys1-ice2-p-swi-bes36,sw25p1,L1
leaf-spine,sys1-ice2-p-swi-bel25,sw72p2,sys1-ice2-p-swi-bes36,sw25p2,L1
leaf-spine,sys1-ice2-p-swi-bel26,sw37p1,sys1-ice2-p-swi-bes1,sw26p1,L1
leaf-spine,sys1-ice2-p-swi-bel26,sw37p2,sys1-ice2-p-swi-bes1,sw26p2,L1
leaf-spine,sys1-ice2-p-swi-bel26,sw38p1,sys1-ice2-p-swi-bes2,sw26p1,L1
leaf-spine,sys1-ice2-p-swi-bel26,sw38p2,sys1-ice2-p-swi-bes2,sw26p2,L1
leaf-spine,sys1-ice2-p-swi-bel26,sw39p1,sys1-ice2-p-swi-bes3,sw26p1,L1
leaf-spine,sys1-ice2-p-swi-bel26,sw39p2,sys1-ice2-p-swi-bes3,sw26p2,L1
leaf-spine,sys1-ice2-p-swi-bel26,sw40p1,sys1-ice2-p-swi-bes4,sw26p1,L1
leaf-spine,sys1-ice2-p-swi-bel26,sw40p2,sys1-ice2-p-swi-bes4,sw26p2,L1
leaf-spine,sys1-ice2-p-swi-bel26,sw41p1,sys1-ice2-p-swi-bes5,sw26p1,L1
leaf-spine,sys1-ice2-p-swi-bel26,sw41p2,sys1-ice2-p-swi-bes5,sw26p2,L1
leaf-spine,sys1-ice2-p-swi-bel26,sw42p1,sys1-ice2-p-swi-bes6,sw26p1,L1
leaf-spine,sys1-ice2-p-swi-bel26,sw42p2,sys1-ice2-p-swi-bes6,sw26p2,L1
leaf-spine,sys1-ice2-p-swi-bel26,sw43p1,sys1-ice2-p-swi-bes7,sw26p1,L1
leaf-spine,sys1-ice2-p-swi-bel26,sw43p2,sys1-ice2-p-swi-bes7,sw26p2,L1
leaf-spine,sys1-ice2-p-swi-bel26,sw44p1,sys1-ice2-p-swi-bes8,sw26p1,L1
leaf-spine,sys1-ice2-p-swi-bel26,sw44p2,sys1-ice2-p-swi-bes8,sw26p2,L1
leaf-spine,sys1-ice2-p-swi-bel26,sw45p1,sys1-ice2-p-swi-bes9,sw26p1,L1
leaf-spine,sys1-ice2-p-swi-bel26,sw45p2,sys1-ice2-p-swi-bes9,sw26p2,L1
leaf-spine,sys1-ice2-p-swi-bel26,sw46p1,sys1-ice2-p-swi-bes10,sw26p1,L1
leaf-spine,sys1-ice2-p-swi-bel26,sw46p2,sys1-ice2-p-swi-bes10,sw26p2,L1
leaf-spine,sys1-ice2-p-swi-bel26,sw47p1,sys1-ice2-p-swi-bes11,sw26p1,L1
leaf-spine,sys1-ice2-p-swi-bel26,sw47p2,sys1-ice2-p-swi-bes11,sw26p2,L1
leaf-spine,sys1-ice2-p-swi-bel26,sw48p1,sys1-ice2-p-swi-bes12,sw26p1,L1
leaf-spine,sys1-ice2-p-swi-bel26,sw48p2,sys1-ice2-p-swi-bes12,sw26p2,L1
leaf-spine,sys1-ice2-p-swi-bel26,sw49p1,sys1-ice2-p-swi-bes13,sw26p1,L1
leaf-spine,sys1-ice2-p-swi-bel26,sw49p2,sys1-ice2-p-swi-bes13,sw26p2,L1
leaf-spine,sys1-ice2-p-swi-bel26,sw50p1,sys1-ice2-p-swi-bes14,sw26p1,L1
leaf-spine,sys1-ice2-p-swi-bel26,sw50p2,sys1-ice2-p-swi-bes14,sw26p2,L1
leaf-spine,sys1-ice2-p-swi-bel26,sw51p1,sys1-ice2-p-swi-bes15,sw26p1,L1
leaf-spine,sys1-ice2-p-swi-bel26,sw51p2,sys1-ice2-p-swi-bes15,sw26p2,L1
leaf-spine,sys1-ice2-p-swi-bel26,sw52p1,sys1-ice2-p-swi-bes16,sw26p1,L1
leaf-spine,sys1-ice2-p-swi-bel26,sw52p2,sys1-ice2-p-swi-bes16,sw26p2,L1
leaf-spine,sys1-ice2-p-swi-bel26,sw53p1,sys1-ice2-p-swi-bes17,sw26p1,L1
leaf-spine,sys1-ice2-p-swi-bel26,sw53p2,sys1-ice2-p-swi-bes17,sw26p2,L1
leaf-spine,sys1-ice2-p-swi-bel26,sw54p1,sys1-ice2-p-swi-bes18,sw26p1,L1
leaf-spine,sys1-ice2-p-swi-bel26,sw54p2,sys1-ice2-p-swi-bes18,sw26p2,L1
leaf-spine,sys1-ice2-p-swi-bel26,sw55p1,sys1-ice2-p-swi-bes19,sw26p1,L1
leaf-spine,sys1-ice2-p-swi-bel26,sw55p2,sys1-ice2-p-swi-bes19,sw26p2,L1
leaf-spine,sys1-ice2-p-swi-bel26,sw56p1,sys1-ice2-p-swi-bes20,sw26p1,L1
leaf-spine,sys1-ice2-p-swi-bel26,sw56p2,sys1-ice2-p-swi-bes20,sw26p2,L1
leaf-spine,sys1-ice2-p-swi-bel26,sw57p1,sys1-ice2-p-swi-bes21,sw26p1,L1
leaf-spine,sys1-ice2-p-swi-bel26,sw57p2,sys1-ice2-p-swi-bes21,sw26p2,L1
leaf-spine,sys1-ice2-p-swi-bel26,sw58p1,sys1-ice2-p-swi-bes22,sw26p1,L1
leaf-spine,sys1-ice2-p-swi-bel26,sw58p2,sys1-ice2-p-swi-bes22,sw26p2,L1
leaf-spine,sys1-ice2-p-swi-bel26,sw59p1,sys1-ice2-p-swi-bes23,sw26p1,L1
leaf-spine,sys1-ice2-p-swi-bel26,sw59p2,sys1-ice2-p-swi-bes23,sw26p2,L1
leaf-spine,sys1-ice2-p-swi-bel26,sw60p1,sys1-ice2-p-swi-bes24,sw26p1,L1
leaf-spine,sys1-ice2-p-swi-bel26,sw60p2,sys1-ice2-p-swi-bes24,sw26p2,L1
leaf-spine,sys1-ice2-p-swi-bel26,sw61p1,sys1-ice2-p-swi-bes25,sw26p1,L1
leaf-spine,sys1-ice2-p-swi-bel26,sw61p2,sys1-ice2-p-swi-bes25,sw26p2,L1
leaf-spine,sys1-ice2-p-swi-bel26,sw62p1,sys1-ice2-p-swi-bes26,sw26p1,L1
leaf-spine,sys1-ice2-p-swi-bel26,sw62p2,sys1-ice2-p-swi-bes26,sw26p2,L1
leaf-spine,sys1-ice2-p-swi-bel26,sw63p1,sys1-ice2-p-swi-bes27,sw26p1,L1
leaf-spine,sys1-ice2-p-swi-bel26,sw63p2,sys1-ice2-p-swi-bes27,sw26p2,L1
leaf-spine,sys1-ice2-p-swi-bel26,sw64p1,sys1-ice2-p-swi-bes28,sw26p1,L1
leaf-spine,sys1-ice2-p-swi-bel26,sw64p2,sys1-ice2-p-swi-bes28,sw26p2,L1
leaf-spine,sys1-ice2-p-swi-bel26,sw65p1,sys1-ice2-p-swi-bes29,sw26p1,L1
leaf-spine,sys1-ice2-p-swi-bel26,sw65p2,sys1-ice2-p-swi-bes29,sw26p2,L1
leaf-spine,sys1-ice2-p-swi-bel26,sw66p1,sys1-ice2-p-swi-bes30,sw26p1,L1
leaf-spine,sys1-ice2-p-swi-bel26,sw66p2,sys1-ice2-p-swi-bes30,sw26p2,L1
leaf-spine,sys1-ice2-p-swi-bel26,sw67p1,sys1-ice2-p-swi-bes31,sw26p1,L1
leaf-spine,sys1-ice2-p-swi-bel26,sw67p2,sys1-ice2-p-swi-bes31,sw26p2,L1
leaf-spine,sys1-ice2-p-swi-bel26,sw68p1,sys1-ice2-p-swi-bes32,sw26p1,L1
leaf-spine,sys1-ice2-p-swi-bel26,sw68p2,sys1-ice2-p-swi-bes32,sw26p2,L1
leaf-spine,sys1-ice2-p-swi-bel26,sw69p1,sys1-ice2-p-swi-bes33,sw26p1,L1
leaf-spine,sys1-ice2-p-swi-bel26,sw69p2,sys1-ice2-p-swi-bes33,sw26p2,L1
leaf-spine,sys1-ice2-p-swi-bel26,sw70p1,sys1-ice2-p-swi-bes34,sw26p1,L1
leaf-spine,sys1-ice2-p-swi-bel26,sw70p2,sys1-ice2-p-swi-bes34,sw26p2,L1
leaf-spine,sys1-ice2-p-swi-bel26,sw71p1,sys1-ice2-p-swi-bes35,sw26p1,L1
leaf-spine,sys1-ice2-p-swi-bel26,sw71p2,sys1-ice2-p-swi-bes35,sw26p2,L1
leaf-spine,sys1-ice2-p-swi-bel26,sw72p1,sys1-ice2-p-swi-bes36,sw26p1,L1
leaf-spine,sys1-ice2-p-swi-bel26,sw72p2,sys1-ice2-p-swi-bes36,sw26p2,L1
leaf-spine,sys1-ice2-p-swi-bel27,sw37p1,sys1-ice2-p-swi-bes1,sw27p1,L1
leaf-spine,sys1-ice2-p-swi-bel27,sw37p2,sys1-ice2-p-swi-bes1,sw27p2,L1
leaf-spine,sys1-ice2-p-swi-bel27,sw38p1,sys1-ice2-p-swi-bes2,sw27p1,L1
leaf-spine,sys1-ice2-p-swi-bel27,sw38p2,sys1-ice2-p-swi-bes2,sw27p2,L1
leaf-spine,sys1-ice2-p-swi-bel27,sw39p1,sys1-ice2-p-swi-bes3,sw27p1,L1
leaf-spine,sys1-ice2-p-swi-bel27,sw39p2,sys1-ice2-p-swi-bes3,sw27p2,L1
leaf-spine,sys1-ice2-p-swi-bel27,sw40p1,sys1-ice2-p-swi-bes4,sw27p1,L1
leaf-spine,sys1-ice2-p-swi-bel27,sw40p2,sys1-ice2-p-swi-bes4,sw27p2,L1
leaf-spine,sys1-ice2-p-swi-bel27,sw41p1,sys1-ice2-p-swi-bes5,sw27p1,L1
leaf-spine,sys1-ice2-p-swi-bel27,sw41p2,sys1-ice2-p-swi-bes5,sw27p2,L1
leaf-spine,sys1-ice2-p-swi-bel27,sw42p1,sys1-ice2-p-swi-bes6,sw27p1,L1
leaf-spine,sys1-ice2-p-swi-bel27,sw42p2,sys1-ice2-p-swi-bes6,sw27p2,L1
leaf-spine,sys1-ice2-p-swi-bel27,sw43p1,sys1-ice2-p-swi-bes7,sw27p1,L1
leaf-spine,sys1-ice2-p-swi-bel27,sw43p2,sys1-ice2-p-swi-bes7,sw27p2,L1
leaf-spine,sys1-ice2-p-swi-bel27,sw44p1,sys1-ice2-p-swi-bes8,sw27p1,L1
leaf-spine,sys1-ice2-p-swi-bel27,sw44p2,sys1-ice2-p-swi-bes8,sw27p2,L1
leaf-spine,sys1-ice2-p-swi-bel27,sw45p1,sys1-ice2-p-swi-bes9,sw27p1,L1
leaf-spine,sys1-ice2-p-swi-bel27,sw45p2,sys1-ice2-p-swi-bes9,sw27p2,L1
leaf-spine,sys1-ice2-p-swi-bel27,sw46p1,sys1-ice2-p-swi-bes10,sw27p1,L1
leaf-spine,sys1-ice2-p-swi-bel27,sw46p2,sys1-ice2-p-swi-bes10,sw27p2,L1
leaf-spine,sys1-ice2-p-swi-bel27,sw47p1,sys1-ice2-p-swi-bes11,sw27p1,L1
leaf-spine,sys1-ice2-p-swi-bel27,sw47p2,sys1-ice2-p-swi-bes11,sw27p2,L1
leaf-spine,sys1-ice2-p-swi-bel27,sw48p1,sys1-ice2-p-swi-bes12,sw27p1,L1
leaf-spine,sys1-ice2-p-swi-bel27,sw48p2,sys1-ice2-p-swi-bes12,sw27p2,L1
leaf-spine,sys1-ice2-p-swi-bel27,sw49p1,sys1-ice2-p-swi-bes13,sw27p1,L1
leaf-spine,sys1-ice2-p-swi-bel27,sw49p2,sys1-ice2-p-swi-bes13,sw27p2,L1
leaf-spine,sys1-ice2-p-swi-bel27,sw50p1,sys1-ice2-p-swi-bes14,sw27p1,L1
leaf-spine,sys1-ice2-p-swi-bel27,sw50p2,sys1-ice2-p-swi-bes14,sw27p2,L1
leaf-spine,sys1-ice2-p-swi-bel27,sw51p1,sys1-ice2-p-swi-bes15,sw27p1,L1
leaf-spine,sys1-ice2-p-swi-bel27,sw51p2,sys1-ice2-p-swi-bes15,sw27p2,L1
leaf-spine,sys1-ice2-p-swi-bel27,sw52p1,sys1-ice2-p-swi-bes16,sw27p1,L1
leaf-spine,sys1-ice2-p-swi-bel27,sw52p2,sys1-ice2-p-swi-bes16,sw27p2,L1
leaf-spine,sys1-ice2-p-swi-bel27,sw53p1,sys1-ice2-p-swi-bes17,sw27p1,L1
leaf-spine,sys1-ice2-p-swi-bel27,sw53p2,sys1-ice2-p-swi-bes17,sw27p2,L1
leaf-spine,sys1-ice2-p-swi-bel27,sw54p1,sys1-ice2-p-swi-bes18,sw27p1,L1
leaf-spine,sys1-ice2-p-swi-bel27,sw54p2,sys1-ice2-p-swi-bes18,sw27p2,L1
leaf-spine,sys1-ice2-p-swi-bel27,sw55p1,sys1-ice2-p-swi-bes19,sw27p1,L1
leaf-spine,sys1-ice2-p-swi-bel27,sw55p2,sys1-ice2-p-swi-bes19,sw27p2,L1
leaf-spine,sys1-ice2-p-swi-bel27,sw56p1,sys1-ice2-p-swi-bes20,sw27p1,L1
leaf-spine,sys1-ice2-p-swi-bel27,sw56p2,sys1-ice2-p-swi-bes20,sw27p2,L1
leaf-spine,sys1-ice2-p-swi-bel27,sw57p1,sys1-ice2-p-swi-bes21,sw27p1,L1
leaf-spine,sys1-ice2-p-swi-bel27,sw57p2,sys1-ice2-p-swi-bes21,sw27p2,L1
leaf-spine,sys1-ice2-p-swi-bel27,sw58p1,sys1-ice2-p-swi-bes22,sw27p1,L1
leaf-spine,sys1-ice2-p-swi-bel27,sw58p2,sys1-ice2-p-swi-bes22,sw27p2,L1
leaf-spine,sys1-ice2-p-swi-bel27,sw59p1,sys1-ice2-p-swi-bes23,sw27p1,L1
leaf-spine,sys1-ice2-p-swi-bel27,sw59p2,sys1-ice2-p-swi-bes23,sw27p2,L1
leaf-spine,sys1-ice2-p-swi-bel27,sw60p1,sys1-ice2-p-swi-bes24,sw27p1,L1
leaf-spine,sys1-ice2-p-swi-bel27,sw60p2,sys1-ice2-p-swi-bes24,sw27p2,L1
leaf-spine,sys1-ice2-p-swi-bel27,sw61p1,sys1-ice2-p-swi-bes25,sw27p1,L1
leaf-spine,sys1-ice2-p-swi-bel27,sw61p2,sys1-ice2-p-swi-bes25,sw27p2,L1
leaf-spine,sys1-ice2-p-swi-bel27,sw62p1,sys1-ice2-p-swi-bes26,sw27p1,L1
leaf-spine,sys1-ice2-p-swi-bel27,sw62p2,sys1-ice2-p-swi-bes26,sw27p2,L1
leaf-spine,sys1-ice2-p-swi-bel27,sw63p1,sys1-ice2-p-swi-bes27,sw27p1,L1
leaf-spine,sys1-ice2-p-swi-bel27,sw63p2,sys1-ice2-p-swi-bes27,sw27p2,L1
leaf-spine,sys1-ice2-p-swi-bel27,sw64p1,sys1-ice2-p-swi-bes28,sw27p1,L1
leaf-spine,sys1-ice2-p-swi-bel27,sw64p2,sys1-ice2-p-swi-bes28,sw27p2,L1
leaf-spine,sys1-ice2-p-swi-bel27,sw65p1,sys1-ice2-p-swi-bes29,sw27p1,L1
leaf-spine,sys1-ice2-p-swi-bel27,sw65p2,sys1-ice2-p-swi-bes29,sw27p2,L1
leaf-spine,sys1-ice2-p-swi-bel27,sw66p1,sys1-ice2-p-swi-bes30,sw27p1,L1
leaf-spine,sys1-ice2-p-swi-bel27,sw66p2,sys1-ice2-p-swi-bes30,sw27p2,L1
leaf-spine,sys1-ice2-p-swi-bel27,sw67p1,sys1-ice2-p-swi-bes31,sw27p1,L1
leaf-spine,sys1-ice2-p-swi-bel27,sw67p2,sys1-ice2-p-swi-bes31,sw27p2,L1
leaf-spine,sys1-ice2-p-swi-bel27,sw68p1,sys1-ice2-p-swi-bes32,sw27p1,L1
leaf-spine,sys1-ice2-p-swi-bel27,sw68p2,sys1-ice2-p-swi-bes32,sw27p2,L1
leaf-spine,sys1-ice2-p-swi-bel27,sw69p1,sys1-ice2-p-swi-bes33,sw27p1,L1
leaf-spine,sys1-ice2-p-swi-bel27,sw69p2,sys1-ice2-p-swi-bes33,sw27p2,L1
leaf-spine,sys1-ice2-p-swi-bel27,sw70p1,sys1-ice2-p-swi-bes34,sw27p1,L1
leaf-spine,sys1-ice2-p-swi-bel27,sw70p2,sys1-ice2-p-swi-bes34,sw27p2,L1
leaf-spine,sys1-ice2-p-swi-bel27,sw71p1,sys1-ice2-p-swi-bes35,sw27p1,L1
leaf-spine,sys1-ice2-p-swi-bel27,sw71p2,sys1-ice2-p-swi-bes35,sw27p2,L1
leaf-spine,sys1-ice2-p-swi-bel27,sw72p1,sys1-ice2-p-swi-bes36,sw27p1,L1
leaf-spine,sys1-ice2-p-swi-bel27,sw72p2,sys1-ice2-p-swi-bes36,sw27p2,L1
leaf-spine,sys1-ice2-p-swi-bel28,sw37p1,sys1-ice2-p-swi-bes1,sw28p1,L1
leaf-spine,sys1-ice2-p-swi-bel28,sw37p2,sys1-ice2-p-swi-bes1,sw28p2,L1
leaf-spine,sys1-ice2-p-swi-bel28,sw38p1,sys1-ice2-p-swi-bes2,sw28p1,L1
leaf-spine,sys1-ice2-p-swi-bel28,sw38p2,sys1-ice2-p-swi-bes2,sw28p2,L1
leaf-spine,sys1-ice2-p-swi-bel28,sw39p1,sys1-ice2-p-swi-bes3,sw28p1,L1
leaf-spine,sys1-ice2-p-swi-bel28,sw39p2,sys1-ice2-p-swi-bes3,sw28p2,L1
leaf-spine,sys1-ice2-p-swi-bel28,sw40p1,sys1-ice2-p-swi-bes4,sw28p1,L1
leaf-spine,sys1-ice2-p-swi-bel28,sw40p2,sys1-ice2-p-swi-bes4,sw28p2,L1
leaf-spine,sys1-ice2-p-swi-bel28,sw41p1,sys1-ice2-p-swi-bes5,sw28p1,L1
leaf-spine,sys1-ice2-p-swi-bel28,sw41p2,sys1-ice2-p-swi-bes5,sw28p2,L1
leaf-spine,sys1-ice2-p-swi-bel28,sw42p1,sys1-ice2-p-swi-bes6,sw28p1,L1
leaf-spine,sys1-ice2-p-swi-bel28,sw42p2,sys1-ice2-p-swi-bes6,sw28p2,L1
leaf-spine,sys1-ice2-p-swi-bel28,sw43p1,sys1-ice2-p-swi-bes7,sw28p1,L1
leaf-spine,sys1-ice2-p-swi-bel28,sw43p2,sys1-ice2-p-swi-bes7,sw28p2,L1
leaf-spine,sys1-ice2-p-swi-bel28,sw44p1,sys1-ice2-p-swi-bes8,sw28p1,L1
leaf-spine,sys1-ice2-p-swi-bel28,sw44p2,sys1-ice2-p-swi-bes8,sw28p2,L1
leaf-spine,sys1-ice2-p-swi-bel28,sw45p1,sys1-ice2-p-swi-bes9,sw28p1,L1
leaf-spine,sys1-ice2-p-swi-bel28,sw45p2,sys1-ice2-p-swi-bes9,sw28p2,L1
leaf-spine,sys1-ice2-p-swi-bel28,sw46p1,sys1-ice2-p-swi-bes10,sw28p1,L1
leaf-spine,sys1-ice2-p-swi-bel28,sw46p2,sys1-ice2-p-swi-bes10,sw28p2,L1
leaf-spine,sys1-ice2-p-swi-bel28,sw47p1,sys1-ice2-p-swi-bes11,sw28p1,L1
leaf-spine,sys1-ice2-p-swi-bel28,sw47p2,sys1-ice2-p-swi-bes11,sw28p2,L1
leaf-spine,sys1-ice2-p-swi-bel28,sw48p1,sys1-ice2-p-swi-bes12,sw28p1,L1
leaf-spine,sys1-ice2-p-swi-bel28,sw48p2,sys1-ice2-p-swi-bes12,sw28p2,L1
leaf-spine,sys1-ice2-p-swi-bel28,sw49p1,sys1-ice2-p-swi-bes13,sw28p1,L1
leaf-spine,sys1-ice2-p-swi-bel28,sw49p2,sys1-ice2-p-swi-bes13,sw28p2,L1
leaf-spine,sys1-ice2-p-swi-bel28,sw50p1,sys1-ice2-p-swi-bes14,sw28p1,L1
leaf-spine,sys1-ice2-p-swi-bel28,sw50p2,sys1-ice2-p-swi-bes14,sw28p2,L1
leaf-spine,sys1-ice2-p-swi-bel28,sw51p1,sys1-ice2-p-swi-bes15,sw28p1,L1
leaf-spine,sys1-ice2-p-swi-bel28,sw51p2,sys1-ice2-p-swi-bes15,sw28p2,L1
leaf-spine,sys1-ice2-p-swi-bel28,sw52p1,sys1-ice2-p-swi-bes16,sw28p1,L1
leaf-spine,sys1-ice2-p-swi-bel28,sw52p2,sys1-ice2-p-swi-bes16,sw28p2,L1
leaf-spine,sys1-ice2-p-swi-bel28,sw53p1,sys1-ice2-p-swi-bes17,sw28p1,L1
leaf-spine,sys1-ice2-p-swi-bel28,sw53p2,sys1-ice2-p-swi-bes17,sw28p2,L1
leaf-spine,sys1-ice2-p-swi-bel28,sw54p1,sys1-ice2-p-swi-bes18,sw28p1,L1
leaf-spine,sys1-ice2-p-swi-bel28,sw54p2,sys1-ice2-p-swi-bes18,sw28p2,L1
leaf-spine,sys1-ice2-p-swi-bel28,sw55p1,sys1-ice2-p-swi-bes19,sw28p1,L1
leaf-spine,sys1-ice2-p-swi-bel28,sw55p2,sys1-ice2-p-swi-bes19,sw28p2,L1
leaf-spine,sys1-ice2-p-swi-bel28,sw56p1,sys1-ice2-p-swi-bes20,sw28p1,L1
leaf-spine,sys1-ice2-p-swi-bel28,sw56p2,sys1-ice2-p-swi-bes20,sw28p2,L1
leaf-spine,sys1-ice2-p-swi-bel28,sw57p1,sys1-ice2-p-swi-bes21,sw28p1,L1
leaf-spine,sys1-ice2-p-swi-bel28,sw57p2,sys1-ice2-p-swi-bes21,sw28p2,L1
leaf-spine,sys1-ice2-p-swi-bel28,sw58p1,sys1-ice2-p-swi-bes22,sw28p1,L1
leaf-spine,sys1-ice2-p-swi-bel28,sw58p2,sys1-ice2-p-swi-bes22,sw28p2,L1
leaf-spine,sys1-ice2-p-swi-bel28,sw59p1,sys1-ice2-p-swi-bes23,sw28p1,L1
leaf-spine,sys1-ice2-p-swi-bel28,sw59p2,sys1-ice2-p-swi-bes23,sw28p2,L1
leaf-spine,sys1-ice2-p-swi-bel28,sw60p1,sys1-ice2-p-swi-bes24,sw28p1,L1
leaf-spine,sys1-ice2-p-swi-bel28,sw60p2,sys1-ice2-p-swi-bes24,sw28p2,L1
leaf-spine,sys1-ice2-p-swi-bel28,sw61p1,sys1-ice2-p-swi-bes25,sw28p1,L1
leaf-spine,sys1-ice2-p-swi-bel28,sw61p2,sys1-ice2-p-swi-bes25,sw28p2,L1
leaf-spine,sys1-ice2-p-swi-bel28,sw62p1,sys1-ice2-p-swi-bes26,sw28p1,L1
leaf-spine,sys1-ice2-p-swi-bel28,sw62p2,sys1-ice2-p-swi-bes26,sw28p2,L1
leaf-spine,sys1-ice2-p-swi-bel28,sw63p1,sys1-ice2-p-swi-bes27,sw28p1,L1
leaf-spine,sys1-ice2-p-swi-bel28,sw63p2,sys1-ice2-p-swi-bes27,sw28p2,L1
leaf-spine,sys1-ice2-p-swi-bel28,sw64p1,sys1-ice2-p-swi-bes28,sw28p1,L1
leaf-spine,sys1-ice2-p-swi-bel28,sw64p2,sys1-ice2-p-swi-bes28,sw28p2,L1
leaf-spine,sys1-ice2-p-swi-bel28,sw65p1,sys1-ice2-p-swi-bes29,sw28p1,L1
leaf-spine,sys1-ice2-p-swi-bel28,sw65p2,sys1-ice2-p-swi-bes29,sw28p2,L1
leaf-spine,sys1-ice2-p-swi-bel28,sw66p1,sys1-ice2-p-swi-bes30,sw28p1,L1
leaf-spine,sys1-ice2-p-swi-bel28,sw66p2,sys1-ice2-p-swi-bes30,sw28p2,L1
leaf-spine,sys1-ice2-p-swi-bel28,sw67p1,sys1-ice2-p-swi-bes31,sw28p1,L1
leaf-spine,sys1-ice2-p-swi-bel28,sw67p2,sys1-ice2-p-swi-bes31,sw28p2,L1
leaf-spine,sys1-ice2-p-swi-bel28,sw68p1,sys1-ice2-p-swi-bes32,sw28p1,L1
leaf-spine,sys1-ice2-p-swi-bel28,sw68p2,sys1-ice2-p-swi-bes32,sw28p2,L1
leaf-spine,sys1-ice2-p-swi-bel28,sw69p1,sys1-ice2-p-swi-bes33,sw28p1,L1
leaf-spine,sys1-ice2-p-swi-bel28,sw69p2,sys1-ice2-p-swi-bes33,sw28p2,L1
leaf-spine,sys1-ice2-p-swi-bel28,sw70p1,sys1-ice2-p-swi-bes34,sw28p1,L1
leaf-spine,sys1-ice2-p-swi-bel28,sw70p2,sys1-ice2-p-swi-bes34,sw28p2,L1
leaf-spine,sys1-ice2-p-swi-bel28,sw71p1,sys1-ice2-p-swi-bes35,sw28p1,L1
leaf-spine,sys1-ice2-p-swi-bel28,sw71p2,sys1-ice2-p-swi-bes35,sw28p2,L1
leaf-spine,sys1-ice2-p-swi-bel28,sw72p1,sys1-ice2-p-swi-bes36,sw28p1,L1
leaf-spine,sys1-ice2-p-swi-bel28,sw72p2,sys1-ice2-p-swi-bes36,sw28p2,L1
leaf-spine,sys1-ice2-p-swi-bel29,sw37p1,sys1-ice2-p-swi-bes1,sw29p1,L1
leaf-spine,sys1-ice2-p-swi-bel29,sw37p2,sys1-ice2-p-swi-bes1,sw29p2,L1
leaf-spine,sys1-ice2-p-swi-bel29,sw38p1,sys1-ice2-p-swi-bes2,sw29p1,L1
leaf-spine,sys1-ice2-p-swi-bel29,sw38p2,sys1-ice2-p-swi-bes2,sw29p2,L1
leaf-spine,sys1-ice2-p-swi-bel29,sw39p1,sys1-ice2-p-swi-bes3,sw29p1,L1
leaf-spine,sys1-ice2-p-swi-bel29,sw39p2,sys1-ice2-p-swi-bes3,sw29p2,L1
leaf-spine,sys1-ice2-p-swi-bel29,sw40p1,sys1-ice2-p-swi-bes4,sw29p1,L1
leaf-spine,sys1-ice2-p-swi-bel29,sw40p2,sys1-ice2-p-swi-bes4,sw29p2,L1
leaf-spine,sys1-ice2-p-swi-bel29,sw41p1,sys1-ice2-p-swi-bes5,sw29p1,L1
leaf-spine,sys1-ice2-p-swi-bel29,sw41p2,sys1-ice2-p-swi-bes5,sw29p2,L1
leaf-spine,sys1-ice2-p-swi-bel29,sw42p1,sys1-ice2-p-swi-bes6,sw29p1,L1
leaf-spine,sys1-ice2-p-swi-bel29,sw42p2,sys1-ice2-p-swi-bes6,sw29p2,L1
leaf-spine,sys1-ice2-p-swi-bel29,sw43p1,sys1-ice2-p-swi-bes7,sw29p1,L1
leaf-spine,sys1-ice2-p-swi-bel29,sw43p2,sys1-ice2-p-swi-bes7,sw29p2,L1
leaf-spine,sys1-ice2-p-swi-bel29,sw44p1,sys1-ice2-p-swi-bes8,sw29p1,L1
leaf-spine,sys1-ice2-p-swi-bel29,sw44p2,sys1-ice2-p-swi-bes8,sw29p2,L1
leaf-spine,sys1-ice2-p-swi-bel29,sw45p1,sys1-ice2-p-swi-bes9,sw29p1,L1
leaf-spine,sys1-ice2-p-swi-bel29,sw45p2,sys1-ice2-p-swi-bes9,sw29p2,L1
leaf-spine,sys1-ice2-p-swi-bel29,sw46p1,sys1-ice2-p-swi-bes10,sw29p1,L1
leaf-spine,sys1-ice2-p-swi-bel29,sw46p2,sys1-ice2-p-swi-bes10,sw29p2,L1
leaf-spine,sys1-ice2-p-swi-bel29,sw47p1,sys1-ice2-p-swi-bes11,sw29p1,L1
leaf-spine,sys1-ice2-p-swi-bel29,sw47p2,sys1-ice2-p-swi-bes11,sw29p2,L1
leaf-spine,sys1-ice2-p-swi-bel29,sw48p1,sys1-ice2-p-swi-bes12,sw29p1,L1
leaf-spine,sys1-ice2-p-swi-bel29,sw48p2,sys1-ice2-p-swi-bes12,sw29p2,L1
leaf-spine,sys1-ice2-p-swi-bel29,sw49p1,sys1-ice2-p-swi-bes13,sw29p1,L1
leaf-spine,sys1-ice2-p-swi-bel29,sw49p2,sys1-ice2-p-swi-bes13,sw29p2,L1
leaf-spine,sys1-ice2-p-swi-bel29,sw50p1,sys1-ice2-p-swi-bes14,sw29p1,L1
leaf-spine,sys1-ice2-p-swi-bel29,sw50p2,sys1-ice2-p-swi-bes14,sw29p2,L1
leaf-spine,sys1-ice2-p-swi-bel29,sw51p1,sys1-ice2-p-swi-bes15,sw29p1,L1
leaf-spine,sys1-ice2-p-swi-bel29,sw51p2,sys1-ice2-p-swi-bes15,sw29p2,L1
leaf-spine,sys1-ice2-p-swi-bel29,sw52p1,sys1-ice2-p-swi-bes16,sw29p1,L1
leaf-spine,sys1-ice2-p-swi-bel29,sw52p2,sys1-ice2-p-swi-bes16,sw29p2,L1
leaf-spine,sys1-ice2-p-swi-bel29,sw53p1,sys1-ice2-p-swi-bes17,sw29p1,L1
leaf-spine,sys1-ice2-p-swi-bel29,sw53p2,sys1-ice2-p-swi-bes17,sw29p2,L1
leaf-spine,sys1-ice2-p-swi-bel29,sw54p1,sys1-ice2-p-swi-bes18,sw29p1,L1
leaf-spine,sys1-ice2-p-swi-bel29,sw54p2,sys1-ice2-p-swi-bes18,sw29p2,L1
leaf-spine,sys1-ice2-p-swi-bel29,sw55p1,sys1-ice2-p-swi-bes19,sw29p1,L1
leaf-spine,sys1-ice2-p-swi-bel29,sw55p2,sys1-ice2-p-swi-bes19,sw29p2,L1
leaf-spine,sys1-ice2-p-swi-bel29,sw56p1,sys1-ice2-p-swi-bes20,sw29p1,L1
leaf-spine,sys1-ice2-p-swi-bel29,sw56p2,sys1-ice2-p-swi-bes20,sw29p2,L1
leaf-spine,sys1-ice2-p-swi-bel29,sw57p1,sys1-ice2-p-swi-bes21,sw29p1,L1
leaf-spine,sys1-ice2-p-swi-bel29,sw57p2,sys1-ice2-p-swi-bes21,sw29p2,L1
leaf-spine,sys1-ice2-p-swi-bel29,sw58p1,sys1-ice2-p-swi-bes22,sw29p1,L1
leaf-spine,sys1-ice2-p-swi-bel29,sw58p2,sys1-ice2-p-swi-bes22,sw29p2,L1
leaf-spine,sys1-ice2-p-swi-bel29,sw59p1,sys1-ice2-p-swi-bes23,sw29p1,L1
leaf-spine,sys1-ice2-p-swi-bel29,sw59p2,sys1-ice2-p-swi-bes23,sw29p2,L1
leaf-spine,sys1-ice2-p-swi-bel29,sw60p1,sys1-ice2-p-swi-bes24,sw29p1,L1
leaf-spine,sys1-ice2-p-swi-bel29,sw60p2,sys1-ice2-p-swi-bes24,sw29p2,L1
leaf-spine,sys1-ice2-p-swi-bel29,sw61p1,sys1-ice2-p-swi-bes25,sw29p1,L1
leaf-spine,sys1-ice2-p-swi-bel29,sw61p2,sys1-ice2-p-swi-bes25,sw29p2,L1
leaf-spine,sys1-ice2-p-swi-bel29,sw62p1,sys1-ice2-p-swi-bes26,sw29p1,L1
leaf-spine,sys1-ice2-p-swi-bel29,sw62p2,sys1-ice2-p-swi-bes26,sw29p2,L1
leaf-spine,sys1-ice2-p-swi-bel29,sw63p1,sys1-ice2-p-swi-bes27,sw29p1,L1
leaf-spine,sys1-ice2-p-swi-bel29,sw63p2,sys1-ice2-p-swi-bes27,sw29p2,L1
leaf-spine,sys1-ice2-p-swi-bel29,sw64p1,sys1-ice2-p-swi-bes28,sw29p1,L1
leaf-spine,sys1-ice2-p-swi-bel29,sw64p2,sys1-ice2-p-swi-bes28,sw29p2,L1
leaf-spine,sys1-ice2-p-swi-bel29,sw65p1,sys1-ice2-p-swi-bes29,sw29p1,L1
leaf-spine,sys1-ice2-p-swi-bel29,sw65p2,sys1-ice2-p-swi-bes29,sw29p2,L1
leaf-spine,sys1-ice2-p-swi-bel29,sw66p1,sys1-ice2-p-swi-bes30,sw29p1,L1
leaf-spine,sys1-ice2-p-swi-bel29,sw66p2,sys1-ice2-p-swi-bes30,sw29p2,L1
leaf-spine,sys1-ice2-p-swi-bel29,sw67p1,sys1-ice2-p-swi-bes31,sw29p1,L1
leaf-spine,sys1-ice2-p-swi-bel29,sw67p2,sys1-ice2-p-swi-bes31,sw29p2,L1
leaf-spine,sys1-ice2-p-swi-bel29,sw68p1,sys1-ice2-p-swi-bes32,sw29p1,L1
leaf-spine,sys1-ice2-p-swi-bel29,sw68p2,sys1-ice2-p-swi-bes32,sw29p2,L1
leaf-spine,sys1-ice2-p-swi-bel29,sw69p1,sys1-ice2-p-swi-bes33,sw29p1,L1
leaf-spine,sys1-ice2-p-swi-bel29,sw69p2,sys1-ice2-p-swi-bes33,sw29p2,L1
leaf-spine,sys1-ice2-p-swi-bel29,sw70p1,sys1-ice2-p-swi-bes34,sw29p1,L1
leaf-spine,sys1-ice2-p-swi-bel29,sw70p2,sys1-ice2-p-swi-bes34,sw29p2,L1
leaf-spine,sys1-ice2-p-swi-bel29,sw71p1,sys1-ice2-p-swi-bes35,sw29p1,L1
leaf-spine,sys1-ice2-p-swi-bel29,sw71p2,sys1-ice2-p-swi-bes35,sw29p2,L1
leaf-spine,sys1-ice2-p-swi-bel29,sw72p1,sys1-ice2-p-swi-bes36,sw29p1,L1
leaf-spine,sys1-ice2-p-swi-bel29,sw72p2,sys1-ice2-p-swi-bes36,sw29p2,L1
leaf-spine,sys1-ice2-p-swi-bel30,sw37p1,sys1-ice2-p-swi-bes1,sw30p1,L1
leaf-spine,sys1-ice2-p-swi-bel30,sw37p2,sys1-ice2-p-swi-bes1,sw30p2,L1
leaf-spine,sys1-ice2-p-swi-bel30,sw38p1,sys1-ice2-p-swi-bes2,sw30p1,L1
leaf-spine,sys1-ice2-p-swi-bel30,sw38p2,sys1-ice2-p-swi-bes2,sw30p2,L1
leaf-spine,sys1-ice2-p-swi-bel30,sw39p1,sys1-ice2-p-swi-bes3,sw30p1,L1
leaf-spine,sys1-ice2-p-swi-bel30,sw39p2,sys1-ice2-p-swi-bes3,sw30p2,L1
leaf-spine,sys1-ice2-p-swi-bel30,sw40p1,sys1-ice2-p-swi-bes4,sw30p1,L1
leaf-spine,sys1-ice2-p-swi-bel30,sw40p2,sys1-ice2-p-swi-bes4,sw30p2,L1
leaf-spine,sys1-ice2-p-swi-bel30,sw41p1,sys1-ice2-p-swi-bes5,sw30p1,L1
leaf-spine,sys1-ice2-p-swi-bel30,sw41p2,sys1-ice2-p-swi-bes5,sw30p2,L1
leaf-spine,sys1-ice2-p-swi-bel30,sw42p1,sys1-ice2-p-swi-bes6,sw30p1,L1
leaf-spine,sys1-ice2-p-swi-bel30,sw42p2,sys1-ice2-p-swi-bes6,sw30p2,L1
leaf-spine,sys1-ice2-p-swi-bel30,sw43p1,sys1-ice2-p-swi-bes7,sw30p1,L1
leaf-spine,sys1-ice2-p-swi-bel30,sw43p2,sys1-ice2-p-swi-bes7,sw30p2,L1
leaf-spine,sys1-ice2-p-swi-bel30,sw44p1,sys1-ice2-p-swi-bes8,sw30p1,L1
leaf-spine,sys1-ice2-p-swi-bel30,sw44p2,sys1-ice2-p-swi-bes8,sw30p2,L1
leaf-spine,sys1-ice2-p-swi-bel30,sw45p1,sys1-ice2-p-swi-bes9,sw30p1,L1
leaf-spine,sys1-ice2-p-swi-bel30,sw45p2,sys1-ice2-p-swi-bes9,sw30p2,L1
leaf-spine,sys1-ice2-p-swi-bel30,sw46p1,sys1-ice2-p-swi-bes10,sw30p1,L1
leaf-spine,sys1-ice2-p-swi-bel30,sw46p2,sys1-ice2-p-swi-bes10,sw30p2,L1
leaf-spine,sys1-ice2-p-swi-bel30,sw47p1,sys1-ice2-p-swi-bes11,sw30p1,L1
leaf-spine,sys1-ice2-p-swi-bel30,sw47p2,sys1-ice2-p-swi-bes11,sw30p2,L1
leaf-spine,sys1-ice2-p-swi-bel30,sw48p1,sys1-ice2-p-swi-bes12,sw30p1,L1
leaf-spine,sys1-ice2-p-swi-bel30,sw48p2,sys1-ice2-p-swi-bes12,sw30p2,L1
leaf-spine,sys1-ice2-p-swi-bel30,sw49p1,sys1-ice2-p-swi-bes13,sw30p1,L1
leaf-spine,sys1-ice2-p-swi-bel30,sw49p2,sys1-ice2-p-swi-bes13,sw30p2,L1
leaf-spine,sys1-ice2-p-swi-bel30,sw50p1,sys1-ice2-p-swi-bes14,sw30p1,L1
leaf-spine,sys1-ice2-p-swi-bel30,sw50p2,sys1-ice2-p-swi-bes14,sw30p2,L1
leaf-spine,sys1-ice2-p-swi-bel30,sw51p1,sys1-ice2-p-swi-bes15,sw30p1,L1
leaf-spine,sys1-ice2-p-swi-bel30,sw51p2,sys1-ice2-p-swi-bes15,sw30p2,L1
leaf-spine,sys1-ice2-p-swi-bel30,sw52p1,sys1-ice2-p-swi-bes16,sw30p1,L1
leaf-spine,sys1-ice2-p-swi-bel30,sw52p2,sys1-ice2-p-swi-bes16,sw30p2,L1
leaf-spine,sys1-ice2-p-swi-bel30,sw53p1,sys1-ice2-p-swi-bes17,sw30p1,L1
leaf-spine,sys1-ice2-p-swi-bel30,sw53p2,sys1-ice2-p-swi-bes17,sw30p2,L1
leaf-spine,sys1-ice2-p-swi-bel30,sw54p1,sys1-ice2-p-swi-bes18,sw30p1,L1
leaf-spine,sys1-ice2-p-swi-bel30,sw54p2,sys1-ice2-p-swi-bes18,sw30p2,L1
leaf-spine,sys1-ice2-p-swi-bel30,sw55p1,sys1-ice2-p-swi-bes19,sw30p1,L1
leaf-spine,sys1-ice2-p-swi-bel30,sw55p2,sys1-ice2-p-swi-bes19,sw30p2,L1
leaf-spine,sys1-ice2-p-swi-bel30,sw56p1,sys1-ice2-p-swi-bes20,sw30p1,L1
leaf-spine,sys1-ice2-p-swi-bel30,sw56p2,sys1-ice2-p-swi-bes20,sw30p2,L1
leaf-spine,sys1-ice2-p-swi-bel30,sw57p1,sys1-ice2-p-swi-bes21,sw30p1,L1
leaf-spine,sys1-ice2-p-swi-bel30,sw57p2,sys1-ice2-p-swi-bes21,sw30p2,L1
leaf-spine,sys1-ice2-p-swi-bel30,sw58p1,sys1-ice2-p-swi-bes22,sw30p1,L1
leaf-spine,sys1-ice2-p-swi-bel30,sw58p2,sys1-ice2-p-swi-bes22,sw30p2,L1
leaf-spine,sys1-ice2-p-swi-bel30,sw59p1,sys1-ice2-p-swi-bes23,sw30p1,L1
leaf-spine,sys1-ice2-p-swi-bel30,sw59p2,sys1-ice2-p-swi-bes23,sw30p2,L1
leaf-spine,sys1-ice2-p-swi-bel30,sw60p1,sys1-ice2-p-swi-bes24,sw30p1,L1
leaf-spine,sys1-ice2-p-swi-bel30,sw60p2,sys1-ice2-p-swi-bes24,sw30p2,L1
leaf-spine,sys1-ice2-p-swi-bel30,sw61p1,sys1-ice2-p-swi-bes25,sw30p1,L1
leaf-spine,sys1-ice2-p-swi-bel30,sw61p2,sys1-ice2-p-swi-bes25,sw30p2,L1
leaf-spine,sys1-ice2-p-swi-bel30,sw62p1,sys1-ice2-p-swi-bes26,sw30p1,L1
leaf-spine,sys1-ice2-p-swi-bel30,sw62p2,sys1-ice2-p-swi-bes26,sw30p2,L1
leaf-spine,sys1-ice2-p-swi-bel30,sw63p1,sys1-ice2-p-swi-bes27,sw30p1,L1
leaf-spine,sys1-ice2-p-swi-bel30,sw63p2,sys1-ice2-p-swi-bes27,sw30p2,L1
leaf-spine,sys1-ice2-p-swi-bel30,sw64p1,sys1-ice2-p-swi-bes28,sw30p1,L1
leaf-spine,sys1-ice2-p-swi-bel30,sw64p2,sys1-ice2-p-swi-bes28,sw30p2,L1
leaf-spine,sys1-ice2-p-swi-bel30,sw65p1,sys1-ice2-p-swi-bes29,sw30p1,L1
leaf-spine,sys1-ice2-p-swi-bel30,sw65p2,sys1-ice2-p-swi-bes29,sw30p2,L1
leaf-spine,sys1-ice2-p-swi-bel30,sw66p1,sys1-ice2-p-swi-bes30,sw30p1,L1
leaf-spine,sys1-ice2-p-swi-bel30,sw66p2,sys1-ice2-p-swi-bes30,sw30p2,L1
leaf-spine,sys1-ice2-p-swi-bel30,sw67p1,sys1-ice2-p-swi-bes31,sw30p1,L1
leaf-spine,sys1-ice2-p-swi-bel30,sw67p2,sys1-ice2-p-swi-bes31,sw30p2,L1
leaf-spine,sys1-ice2-p-swi-bel30,sw68p1,sys1-ice2-p-swi-bes32,sw30p1,L1
leaf-spine,sys1-ice2-p-swi-bel30,sw68p2,sys1-ice2-p-swi-bes32,sw30p2,L1
leaf-spine,sys1-ice2-p-swi-bel30,sw69p1,sys1-ice2-p-swi-bes33,sw30p1,L1
leaf-spine,sys1-ice2-p-swi-bel30,sw69p2,sys1-ice2-p-swi-bes33,sw30p2,L1
leaf-spine,sys1-ice2-p-swi-bel30,sw70p1,sys1-ice2-p-swi-bes34,sw30p1,L1
leaf-spine,sys1-ice2-p-swi-bel30,sw70p2,sys1-ice2-p-swi-bes34,sw30p2,L1
leaf-spine,sys1-ice2-p-swi-bel30,sw71p1,sys1-ice2-p-swi-bes35,sw30p1,L1
leaf-spine,sys1-ice2-p-swi-bel30,sw71p2,sys1-ice2-p-swi-bes35,sw30p2,L1
leaf-spine,sys1-ice2-p-swi-bel30,sw72p1,sys1-ice2-p-swi-bes36,sw30p1,L1
leaf-spine,sys1-ice2-p-swi-bel30,sw72p2,sys1-ice2-p-swi-bes36,sw30p2,L1
leaf-spine,sys1-ice2-p-swi-bel31,sw37p1,sys1-ice2-p-swi-bes1,sw31p1,L1
leaf-spine,sys1-ice2-p-swi-bel31,sw37p2,sys1-ice2-p-swi-bes1,sw31p2,L1
leaf-spine,sys1-ice2-p-swi-bel31,sw38p1,sys1-ice2-p-swi-bes2,sw31p1,L1
leaf-spine,sys1-ice2-p-swi-bel31,sw38p2,sys1-ice2-p-swi-bes2,sw31p2,L1
leaf-spine,sys1-ice2-p-swi-bel31,sw39p1,sys1-ice2-p-swi-bes3,sw31p1,L1
leaf-spine,sys1-ice2-p-swi-bel31,sw39p2,sys1-ice2-p-swi-bes3,sw31p2,L1
leaf-spine,sys1-ice2-p-swi-bel31,sw40p1,sys1-ice2-p-swi-bes4,sw31p1,L1
leaf-spine,sys1-ice2-p-swi-bel31,sw40p2,sys1-ice2-p-swi-bes4,sw31p2,L1
leaf-spine,sys1-ice2-p-swi-bel31,sw41p1,sys1-ice2-p-swi-bes5,sw31p1,L1
leaf-spine,sys1-ice2-p-swi-bel31,sw41p2,sys1-ice2-p-swi-bes5,sw31p2,L1
leaf-spine,sys1-ice2-p-swi-bel31,sw42p1,sys1-ice2-p-swi-bes6,sw31p1,L1
leaf-spine,sys1-ice2-p-swi-bel31,sw42p2,sys1-ice2-p-swi-bes6,sw31p2,L1
leaf-spine,sys1-ice2-p-swi-bel31,sw43p1,sys1-ice2-p-swi-bes7,sw31p1,L1
leaf-spine,sys1-ice2-p-swi-bel31,sw43p2,sys1-ice2-p-swi-bes7,sw31p2,L1
leaf-spine,sys1-ice2-p-swi-bel31,sw44p1,sys1-ice2-p-swi-bes8,sw31p1,L1
leaf-spine,sys1-ice2-p-swi-bel31,sw44p2,sys1-ice2-p-swi-bes8,sw31p2,L1
leaf-spine,sys1-ice2-p-swi-bel31,sw45p1,sys1-ice2-p-swi-bes9,sw31p1,L1
leaf-spine,sys1-ice2-p-swi-bel31,sw45p2,sys1-ice2-p-swi-bes9,sw31p2,L1
leaf-spine,sys1-ice2-p-swi-bel31,sw46p1,sys1-ice2-p-swi-bes10,sw31p1,L1
leaf-spine,sys1-ice2-p-swi-bel31,sw46p2,sys1-ice2-p-swi-bes10,sw31p2,L1
leaf-spine,sys1-ice2-p-swi-bel31,sw47p1,sys1-ice2-p-swi-bes11,sw31p1,L1
leaf-spine,sys1-ice2-p-swi-bel31,sw47p2,sys1-ice2-p-swi-bes11,sw31p2,L1
leaf-spine,sys1-ice2-p-swi-bel31,sw48p1,sys1-ice2-p-swi-bes12,sw31p1,L1
leaf-spine,sys1-ice2-p-swi-bel31,sw48p2,sys1-ice2-p-swi-bes12,sw31p2,L1
leaf-spine,sys1-ice2-p-swi-bel31,sw49p1,sys1-ice2-p-swi-bes13,sw31p1,L1
leaf-spine,sys1-ice2-p-swi-bel31,sw49p2,sys1-ice2-p-swi-bes13,sw31p2,L1
leaf-spine,sys1-ice2-p-swi-bel31,sw50p1,sys1-ice2-p-swi-bes14,sw31p1,L1
leaf-spine,sys1-ice2-p-swi-bel31,sw50p2,sys1-ice2-p-swi-bes14,sw31p2,L1
leaf-spine,sys1-ice2-p-swi-bel31,sw51p1,sys1-ice2-p-swi-bes15,sw31p1,L1
leaf-spine,sys1-ice2-p-swi-bel31,sw51p2,sys1-ice2-p-swi-bes15,sw31p2,L1
leaf-spine,sys1-ice2-p-swi-bel31,sw52p1,sys1-ice2-p-swi-bes16,sw31p1,L1
leaf-spine,sys1-ice2-p-swi-bel31,sw52p2,sys1-ice2-p-swi-bes16,sw31p2,L1
leaf-spine,sys1-ice2-p-swi-bel31,sw53p1,sys1-ice2-p-swi-bes17,sw31p1,L1
leaf-spine,sys1-ice2-p-swi-bel31,sw53p2,sys1-ice2-p-swi-bes17,sw31p2,L1
leaf-spine,sys1-ice2-p-swi-bel31,sw54p1,sys1-ice2-p-swi-bes18,sw31p1,L1
leaf-spine,sys1-ice2-p-swi-bel31,sw54p2,sys1-ice2-p-swi-bes18,sw31p2,L1
leaf-spine,sys1-ice2-p-swi-bel31,sw55p1,sys1-ice2-p-swi-bes19,sw31p1,L1
leaf-spine,sys1-ice2-p-swi-bel31,sw55p2,sys1-ice2-p-swi-bes19,sw31p2,L1
leaf-spine,sys1-ice2-p-swi-bel31,sw56p1,sys1-ice2-p-swi-bes20,sw31p1,L1
leaf-spine,sys1-ice2-p-swi-bel31,sw56p2,sys1-ice2-p-swi-bes20,sw31p2,L1
leaf-spine,sys1-ice2-p-swi-bel31,sw57p1,sys1-ice2-p-swi-bes21,sw31p1,L1
leaf-spine,sys1-ice2-p-swi-bel31,sw57p2,sys1-ice2-p-swi-bes21,sw31p2,L1
leaf-spine,sys1-ice2-p-swi-bel31,sw58p1,sys1-ice2-p-swi-bes22,sw31p1,L1
leaf-spine,sys1-ice2-p-swi-bel31,sw58p2,sys1-ice2-p-swi-bes22,sw31p2,L1
leaf-spine,sys1-ice2-p-swi-bel31,sw59p1,sys1-ice2-p-swi-bes23,sw31p1,L1
leaf-spine,sys1-ice2-p-swi-bel31,sw59p2,sys1-ice2-p-swi-bes23,sw31p2,L1
leaf-spine,sys1-ice2-p-swi-bel31,sw60p1,sys1-ice2-p-swi-bes24,sw31p1,L1
leaf-spine,sys1-ice2-p-swi-bel31,sw60p2,sys1-ice2-p-swi-bes24,sw31p2,L1
leaf-spine,sys1-ice2-p-swi-bel31,sw61p1,sys1-ice2-p-swi-bes25,sw31p1,L1
leaf-spine,sys1-ice2-p-swi-bel31,sw61p2,sys1-ice2-p-swi-bes25,sw31p2,L1
leaf-spine,sys1-ice2-p-swi-bel31,sw62p1,sys1-ice2-p-swi-bes26,sw31p1,L1
leaf-spine,sys1-ice2-p-swi-bel31,sw62p2,sys1-ice2-p-swi-bes26,sw31p2,L1
leaf-spine,sys1-ice2-p-swi-bel31,sw63p1,sys1-ice2-p-swi-bes27,sw31p1,L1
leaf-spine,sys1-ice2-p-swi-bel31,sw63p2,sys1-ice2-p-swi-bes27,sw31p2,L1
leaf-spine,sys1-ice2-p-swi-bel31,sw64p1,sys1-ice2-p-swi-bes28,sw31p1,L1
leaf-spine,sys1-ice2-p-swi-bel31,sw64p2,sys1-ice2-p-swi-bes28,sw31p2,L1
leaf-spine,sys1-ice2-p-swi-bel31,sw65p1,sys1-ice2-p-swi-bes29,sw31p1,L1
leaf-spine,sys1-ice2-p-swi-bel31,sw65p2,sys1-ice2-p-swi-bes29,sw31p2,L1
leaf-spine,sys1-ice2-p-swi-bel31,sw66p1,sys1-ice2-p-swi-bes30,sw31p1,L1
leaf-spine,sys1-ice2-p-swi-bel31,sw66p2,sys1-ice2-p-swi-bes30,sw31p2,L1
leaf-spine,sys1-ice2-p-swi-bel31,sw67p1,sys1-ice2-p-swi-bes31,sw31p1,L1
leaf-spine,sys1-ice2-p-swi-bel31,sw67p2,sys1-ice2-p-swi-bes31,sw31p2,L1
leaf-spine,sys1-ice2-p-swi-bel31,sw68p1,sys1-ice2-p-swi-bes32,sw31p1,L1
leaf-spine,sys1-ice2-p-swi-bel31,sw68p2,sys1-ice2-p-swi-bes32,sw31p2,L1
leaf-spine,sys1-ice2-p-swi-bel31,sw69p1,sys1-ice2-p-swi-bes33,sw31p1,L1
leaf-spine,sys1-ice2-p-swi-bel31,sw69p2,sys1-ice2-p-swi-bes33,sw31p2,L1
leaf-spine,sys1-ice2-p-swi-bel31,sw70p1,sys1-ice2-p-swi-bes34,sw31p1,L1
leaf-spine,sys1-ice2-p-swi-bel31,sw70p2,sys1-ice2-p-swi-bes34,sw31p2,L1
leaf-spine,sys1-ice2-p-swi-bel31,sw71p1,sys1-ice2-p-swi-bes35,sw31p1,L1
leaf-spine,sys1-ice2-p-swi-bel31,sw71p2,sys1-ice2-p-swi-bes35,sw31p2,L1
leaf-spine,sys1-ice2-p-swi-bel31,sw72p1,sys1-ice2-p-swi-bes36,sw31p1,L1
leaf-spine,sys1-ice2-p-swi-bel31,sw72p2,sys1-ice2-p-swi-bes36,sw31p2,L1
leaf-spine,sys1-ice2-p-swi-bel32,sw37p1,sys1-ice2-p-swi-bes1,sw32p1,L1
leaf-spine,sys1-ice2-p-swi-bel32,sw37p2,sys1-ice2-p-swi-bes1,sw32p2,L1
leaf-spine,sys1-ice2-p-swi-bel32,sw38p1,sys1-ice2-p-swi-bes2,sw32p1,L1
leaf-spine,sys1-ice2-p-swi-bel32,sw38p2,sys1-ice2-p-swi-bes2,sw32p2,L1
leaf-spine,sys1-ice2-p-swi-bel32,sw39p1,sys1-ice2-p-swi-bes3,sw32p1,L1
leaf-spine,sys1-ice2-p-swi-bel32,sw39p2,sys1-ice2-p-swi-bes3,sw32p2,L1
leaf-spine,sys1-ice2-p-swi-bel32,sw40p1,sys1-ice2-p-swi-bes4,sw32p1,L1
leaf-spine,sys1-ice2-p-swi-bel32,sw40p2,sys1-ice2-p-swi-bes4,sw32p2,L1
leaf-spine,sys1-ice2-p-swi-bel32,sw41p1,sys1-ice2-p-swi-bes5,sw32p1,L1
leaf-spine,sys1-ice2-p-swi-bel32,sw41p2,sys1-ice2-p-swi-bes5,sw32p2,L1
leaf-spine,sys1-ice2-p-swi-bel32,sw42p1,sys1-ice2-p-swi-bes6,sw32p1,L1
leaf-spine,sys1-ice2-p-swi-bel32,sw42p2,sys1-ice2-p-swi-bes6,sw32p2,L1
leaf-spine,sys1-ice2-p-swi-bel32,sw43p1,sys1-ice2-p-swi-bes7,sw32p1,L1
leaf-spine,sys1-ice2-p-swi-bel32,sw43p2,sys1-ice2-p-swi-bes7,sw32p2,L1
leaf-spine,sys1-ice2-p-swi-bel32,sw44p1,sys1-ice2-p-swi-bes8,sw32p1,L1
leaf-spine,sys1-ice2-p-swi-bel32,sw44p2,sys1-ice2-p-swi-bes8,sw32p2,L1
leaf-spine,sys1-ice2-p-swi-bel32,sw45p1,sys1-ice2-p-swi-bes9,sw32p1,L1
leaf-spine,sys1-ice2-p-swi-bel32,sw45p2,sys1-ice2-p-swi-bes9,sw32p2,L1
leaf-spine,sys1-ice2-p-swi-bel32,sw46p1,sys1-ice2-p-swi-bes10,sw32p1,L1
leaf-spine,sys1-ice2-p-swi-bel32,sw46p2,sys1-ice2-p-swi-bes10,sw32p2,L1
leaf-spine,sys1-ice2-p-swi-bel32,sw47p1,sys1-ice2-p-swi-bes11,sw32p1,L1
leaf-spine,sys1-ice2-p-swi-bel32,sw47p2,sys1-ice2-p-swi-bes11,sw32p2,L1
leaf-spine,sys1-ice2-p-swi-bel32,sw48p1,sys1-ice2-p-swi-bes12,sw32p1,L1
leaf-spine,sys1-ice2-p-swi-bel32,sw48p2,sys1-ice2-p-swi-bes12,sw32p2,L1
leaf-spine,sys1-ice2-p-swi-bel32,sw49p1,sys1-ice2-p-swi-bes13,sw32p1,L1
leaf-spine,sys1-ice2-p-swi-bel32,sw49p2,sys1-ice2-p-swi-bes13,sw32p2,L1
leaf-spine,sys1-ice2-p-swi-bel32,sw50p1,sys1-ice2-p-swi-bes14,sw32p1,L1
leaf-spine,sys1-ice2-p-swi-bel32,sw50p2,sys1-ice2-p-swi-bes14,sw32p2,L1
leaf-spine,sys1-ice2-p-swi-bel32,sw51p1,sys1-ice2-p-swi-bes15,sw32p1,L1
leaf-spine,sys1-ice2-p-swi-bel32,sw51p2,sys1-ice2-p-swi-bes15,sw32p2,L1
leaf-spine,sys1-ice2-p-swi-bel32,sw52p1,sys1-ice2-p-swi-bes16,sw32p1,L1
leaf-spine,sys1-ice2-p-swi-bel32,sw52p2,sys1-ice2-p-swi-bes16,sw32p2,L1
leaf-spine,sys1-ice2-p-swi-bel32,sw53p1,sys1-ice2-p-swi-bes17,sw32p1,L1
leaf-spine,sys1-ice2-p-swi-bel32,sw53p2,sys1-ice2-p-swi-bes17,sw32p2,L1
leaf-spine,sys1-ice2-p-swi-bel32,sw54p1,sys1-ice2-p-swi-bes18,sw32p1,L1
leaf-spine,sys1-ice2-p-swi-bel32,sw54p2,sys1-ice2-p-swi-bes18,sw32p2,L1
leaf-spine,sys1-ice2-p-swi-bel32,sw55p1,sys1-ice2-p-swi-bes19,sw32p1,L1
leaf-spine,sys1-ice2-p-swi-bel32,sw55p2,sys1-ice2-p-swi-bes19,sw32p2,L1
leaf-spine,sys1-ice2-p-swi-bel32,sw56p1,sys1-ice2-p-swi-bes20,sw32p1,L1
leaf-spine,sys1-ice2-p-swi-bel32,sw56p2,sys1-ice2-p-swi-bes20,sw32p2,L1
leaf-spine,sys1-ice2-p-swi-bel32,sw57p1,sys1-ice2-p-swi-bes21,sw32p1,L1
leaf-spine,sys1-ice2-p-swi-bel32,sw57p2,sys1-ice2-p-swi-bes21,sw32p2,L1
leaf-spine,sys1-ice2-p-swi-bel32,sw58p1,sys1-ice2-p-swi-bes22,sw32p1,L1
leaf-spine,sys1-ice2-p-swi-bel32,sw58p2,sys1-ice2-p-swi-bes22,sw32p2,L1
leaf-spine,sys1-ice2-p-swi-bel32,sw59p1,sys1-ice2-p-swi-bes23,sw32p1,L1
leaf-spine,sys1-ice2-p-swi-bel32,sw59p2,sys1-ice2-p-swi-bes23,sw32p2,L1
leaf-spine,sys1-ice2-p-swi-bel32,sw60p1,sys1-ice2-p-swi-bes24,sw32p1,L1
leaf-spine,sys1-ice2-p-swi-bel32,sw60p2,sys1-ice2-p-swi-bes24,sw32p2,L1
leaf-spine,sys1-ice2-p-swi-bel32,sw61p1,sys1-ice2-p-swi-bes25,sw32p1,L1
leaf-spine,sys1-ice2-p-swi-bel32,sw61p2,sys1-ice2-p-swi-bes25,sw32p2,L1
leaf-spine,sys1-ice2-p-swi-bel32,sw62p1,sys1-ice2-p-swi-bes26,sw32p1,L1
leaf-spine,sys1-ice2-p-swi-bel32,sw62p2,sys1-ice2-p-swi-bes26,sw32p2,L1
leaf-spine,sys1-ice2-p-swi-bel32,sw63p1,sys1-ice2-p-swi-bes27,sw32p1,L1
leaf-spine,sys1-ice2-p-swi-bel32,sw63p2,sys1-ice2-p-swi-bes27,sw32p2,L1
leaf-spine,sys1-ice2-p-swi-bel32,sw64p1,sys1-ice2-p-swi-bes28,sw32p1,L1
leaf-spine,sys1-ice2-p-swi-bel32,sw64p2,sys1-ice2-p-swi-bes28,sw32p2,L1
leaf-spine,sys1-ice2-p-swi-bel32,sw65p1,sys1-ice2-p-swi-bes29,sw32p1,L1
leaf-spine,sys1-ice2-p-swi-bel32,sw65p2,sys1-ice2-p-swi-bes29,sw32p2,L1
leaf-spine,sys1-ice2-p-swi-bel32,sw66p1,sys1-ice2-p-swi-bes30,sw32p1,L1
leaf-spine,sys1-ice2-p-swi-bel32,sw66p2,sys1-ice2-p-swi-bes30,sw32p2,L1
leaf-spine,sys1-ice2-p-swi-bel32,sw67p1,sys1-ice2-p-swi-bes31,sw32p1,L1
leaf-spine,sys1-ice2-p-swi-bel32,sw67p2,sys1-ice2-p-swi-bes31,sw32p2,L1
leaf-spine,sys1-ice2-p-swi-bel32,sw68p1,sys1-ice2-p-swi-bes32,sw32p1,L1
leaf-spine,sys1-ice2-p-swi-bel32,sw68p2,sys1-ice2-p-swi-bes32,sw32p2,L1
leaf-spine,sys1-ice2-p-swi-bel32,sw69p1,sys1-ice2-p-swi-bes33,sw32p1,L1
leaf-spine,sys1-ice2-p-swi-bel32,sw69p2,sys1-ice2-p-swi-bes33,sw32p2,L1
leaf-spine,sys1-ice2-p-swi-bel32,sw70p1,sys1-ice2-p-swi-bes34,sw32p1,L1
leaf-spine,sys1-ice2-p-swi-bel32,sw70p2,sys1-ice2-p-swi-bes34,sw32p2,L1
leaf-spine,sys1-ice2-p-swi-bel32,sw71p1,sys1-ice2-p-swi-bes35,sw32p1,L1
leaf-spine,sys1-ice2-p-swi-bel32,sw71p2,sys1-ice2-p-swi-bes35,sw32p2,L1
leaf-spine,sys1-ice2-p-swi-bel32,sw72p1,sys1-ice2-p-swi-bes36,sw32p1,L1
leaf-spine,sys1-ice2-p-swi-bel32,sw72p2,sys1-ice2-p-swi-bes36,sw32p2,L1
leaf-spine,sys1-ice2-p-swi-bel33,sw37p1,sys1-ice2-p-swi-bes1,sw33p1,L1
leaf-spine,sys1-ice2-p-swi-bel33,sw37p2,sys1-ice2-p-swi-bes1,sw33p2,L1
leaf-spine,sys1-ice2-p-swi-bel33,sw38p1,sys1-ice2-p-swi-bes2,sw33p1,L1
leaf-spine,sys1-ice2-p-swi-bel33,sw38p2,sys1-ice2-p-swi-bes2,sw33p2,L1
leaf-spine,sys1-ice2-p-swi-bel33,sw39p1,sys1-ice2-p-swi-bes3,sw33p1,L1
leaf-spine,sys1-ice2-p-swi-bel33,sw39p2,sys1-ice2-p-swi-bes3,sw33p2,L1
leaf-spine,sys1-ice2-p-swi-bel33,sw40p1,sys1-ice2-p-swi-bes4,sw33p1,L1
leaf-spine,sys1-ice2-p-swi-bel33,sw40p2,sys1-ice2-p-swi-bes4,sw33p2,L1
leaf-spine,sys1-ice2-p-swi-bel33,sw41p1,sys1-ice2-p-swi-bes5,sw33p1,L1
leaf-spine,sys1-ice2-p-swi-bel33,sw41p2,sys1-ice2-p-swi-bes5,sw33p2,L1
leaf-spine,sys1-ice2-p-swi-bel33,sw42p1,sys1-ice2-p-swi-bes6,sw33p1,L1
leaf-spine,sys1-ice2-p-swi-bel33,sw42p2,sys1-ice2-p-swi-bes6,sw33p2,L1
leaf-spine,sys1-ice2-p-swi-bel33,sw43p1,sys1-ice2-p-swi-bes7,sw33p1,L1
leaf-spine,sys1-ice2-p-swi-bel33,sw43p2,sys1-ice2-p-swi-bes7,sw33p2,L1
leaf-spine,sys1-ice2-p-swi-bel33,sw44p1,sys1-ice2-p-swi-bes8,sw33p1,L1
leaf-spine,sys1-ice2-p-swi-bel33,sw44p2,sys1-ice2-p-swi-bes8,sw33p2,L1
leaf-spine,sys1-ice2-p-swi-bel33,sw45p1,sys1-ice2-p-swi-bes9,sw33p1,L1
leaf-spine,sys1-ice2-p-swi-bel33,sw45p2,sys1-ice2-p-swi-bes9,sw33p2,L1
leaf-spine,sys1-ice2-p-swi-bel33,sw46p1,sys1-ice2-p-swi-bes10,sw33p1,L1
leaf-spine,sys1-ice2-p-swi-bel33,sw46p2,sys1-ice2-p-swi-bes10,sw33p2,L1
leaf-spine,sys1-ice2-p-swi-bel33,sw47p1,sys1-ice2-p-swi-bes11,sw33p1,L1
leaf-spine,sys1-ice2-p-swi-bel33,sw47p2,sys1-ice2-p-swi-bes11,sw33p2,L1
leaf-spine,sys1-ice2-p-swi-bel33,sw48p1,sys1-ice2-p-swi-bes12,sw33p1,L1
leaf-spine,sys1-ice2-p-swi-bel33,sw48p2,sys1-ice2-p-swi-bes12,sw33p2,L1
leaf-spine,sys1-ice2-p-swi-bel33,sw49p1,sys1-ice2-p-swi-bes13,sw33p1,L1
leaf-spine,sys1-ice2-p-swi-bel33,sw49p2,sys1-ice2-p-swi-bes13,sw33p2,L1
leaf-spine,sys1-ice2-p-swi-bel33,sw50p1,sys1-ice2-p-swi-bes14,sw33p1,L1
leaf-spine,sys1-ice2-p-swi-bel33,sw50p2,sys1-ice2-p-swi-bes14,sw33p2,L1
leaf-spine,sys1-ice2-p-swi-bel33,sw51p1,sys1-ice2-p-swi-bes15,sw33p1,L1
leaf-spine,sys1-ice2-p-swi-bel33,sw51p2,sys1-ice2-p-swi-bes15,sw33p2,L1
leaf-spine,sys1-ice2-p-swi-bel33,sw52p1,sys1-ice2-p-swi-bes16,sw33p1,L1
leaf-spine,sys1-ice2-p-swi-bel33,sw52p2,sys1-ice2-p-swi-bes16,sw33p2,L1
leaf-spine,sys1-ice2-p-swi-bel33,sw53p1,sys1-ice2-p-swi-bes17,sw33p1,L1
leaf-spine,sys1-ice2-p-swi-bel33,sw53p2,sys1-ice2-p-swi-bes17,sw33p2,L1
leaf-spine,sys1-ice2-p-swi-bel33,sw54p1,sys1-ice2-p-swi-bes18,sw33p1,L1
leaf-spine,sys1-ice2-p-swi-bel33,sw54p2,sys1-ice2-p-swi-bes18,sw33p2,L1
leaf-spine,sys1-ice2-p-swi-bel33,sw55p1,sys1-ice2-p-swi-bes19,sw33p1,L1
leaf-spine,sys1-ice2-p-swi-bel33,sw55p2,sys1-ice2-p-swi-bes19,sw33p2,L1
leaf-spine,sys1-ice2-p-swi-bel33,sw56p1,sys1-ice2-p-swi-bes20,sw33p1,L1
leaf-spine,sys1-ice2-p-swi-bel33,sw56p2,sys1-ice2-p-swi-bes20,sw33p2,L1
leaf-spine,sys1-ice2-p-swi-bel33,sw57p1,sys1-ice2-p-swi-bes21,sw33p1,L1
leaf-spine,sys1-ice2-p-swi-bel33,sw57p2,sys1-ice2-p-swi-bes21,sw33p2,L1
leaf-spine,sys1-ice2-p-swi-bel33,sw58p1,sys1-ice2-p-swi-bes22,sw33p1,L1
leaf-spine,sys1-ice2-p-swi-bel33,sw58p2,sys1-ice2-p-swi-bes22,sw33p2,L1
leaf-spine,sys1-ice2-p-swi-bel33,sw59p1,sys1-ice2-p-swi-bes23,sw33p1,L1
leaf-spine,sys1-ice2-p-swi-bel33,sw59p2,sys1-ice2-p-swi-bes23,sw33p2,L1
leaf-spine,sys1-ice2-p-swi-bel33,sw60p1,sys1-ice2-p-swi-bes24,sw33p1,L1
leaf-spine,sys1-ice2-p-swi-bel33,sw60p2,sys1-ice2-p-swi-bes24,sw33p2,L1
leaf-spine,sys1-ice2-p-swi-bel33,sw61p1,sys1-ice2-p-swi-bes25,sw33p1,L1
leaf-spine,sys1-ice2-p-swi-bel33,sw61p2,sys1-ice2-p-swi-bes25,sw33p2,L1
leaf-spine,sys1-ice2-p-swi-bel33,sw62p1,sys1-ice2-p-swi-bes26,sw33p1,L1
leaf-spine,sys1-ice2-p-swi-bel33,sw62p2,sys1-ice2-p-swi-bes26,sw33p2,L1
leaf-spine,sys1-ice2-p-swi-bel33,sw63p1,sys1-ice2-p-swi-bes27,sw33p1,L1
leaf-spine,sys1-ice2-p-swi-bel33,sw63p2,sys1-ice2-p-swi-bes27,sw33p2,L1
leaf-spine,sys1-ice2-p-swi-bel33,sw64p1,sys1-ice2-p-swi-bes28,sw33p1,L1
leaf-spine,sys1-ice2-p-swi-bel33,sw64p2,sys1-ice2-p-swi-bes28,sw33p2,L1
leaf-spine,sys1-ice2-p-swi-bel33,sw65p1,sys1-ice2-p-swi-bes29,sw33p1,L1
leaf-spine,sys1-ice2-p-swi-bel33,sw65p2,sys1-ice2-p-swi-bes29,sw33p2,L1
leaf-spine,sys1-ice2-p-swi-bel33,sw66p1,sys1-ice2-p-swi-bes30,sw33p1,L1
leaf-spine,sys1-ice2-p-swi-bel33,sw66p2,sys1-ice2-p-swi-bes30,sw33p2,L1
leaf-spine,sys1-ice2-p-swi-bel33,sw67p1,sys1-ice2-p-swi-bes31,sw33p1,L1
leaf-spine,sys1-ice2-p-swi-bel33,sw67p2,sys1-ice2-p-swi-bes31,sw33p2,L1
leaf-spine,sys1-ice2-p-swi-bel33,sw68p1,sys1-ice2-p-swi-bes32,sw33p1,L1
leaf-spine,sys1-ice2-p-swi-bel33,sw68p2,sys1-ice2-p-swi-bes32,sw33p2,L1
leaf-spine,sys1-ice2-p-swi-bel33,sw69p1,sys1-ice2-p-swi-bes33,sw33p1,L1
leaf-spine,sys1-ice2-p-swi-bel33,sw69p2,sys1-ice2-p-swi-bes33,sw33p2,L1
leaf-spine,sys1-ice2-p-swi-bel33,sw70p1,sys1-ice2-p-swi-bes34,sw33p1,L1
leaf-spine,sys1-ice2-p-swi-bel33,sw70p2,sys1-ice2-p-swi-bes34,sw33p2,L1
leaf-spine,sys1-ice2-p-swi-bel33,sw71p1,sys1-ice2-p-swi-bes35,sw33p1,L1
leaf-spine,sys1-ice2-p-swi-bel33,sw71p2,sys1-ice2-p-swi-bes35,sw33p2,L1
leaf-spine,sys1-ice2-p-swi-bel33,sw72p1,sys1-ice2-p-swi-bes36,sw33p1,L1
leaf-spine,sys1-ice2-p-swi-bel33,sw72p2,sys1-ice2-p-swi-bes36,sw33p2,L1
leaf-spine,sys1-ice2-p-swi-bel34,sw37p1,sys1-ice2-p-swi-bes1,sw34p1,L1
leaf-spine,sys1-ice2-p-swi-bel34,sw37p2,sys1-ice2-p-swi-bes1,sw34p2,L1
leaf-spine,sys1-ice2-p-swi-bel34,sw38p1,sys1-ice2-p-swi-bes2,sw34p1,L1
leaf-spine,sys1-ice2-p-swi-bel34,sw38p2,sys1-ice2-p-swi-bes2,sw34p2,L1
leaf-spine,sys1-ice2-p-swi-bel34,sw39p1,sys1-ice2-p-swi-bes3,sw34p1,L1
leaf-spine,sys1-ice2-p-swi-bel34,sw39p2,sys1-ice2-p-swi-bes3,sw34p2,L1
leaf-spine,sys1-ice2-p-swi-bel34,sw40p1,sys1-ice2-p-swi-bes4,sw34p1,L1
leaf-spine,sys1-ice2-p-swi-bel34,sw40p2,sys1-ice2-p-swi-bes4,sw34p2,L1
leaf-spine,sys1-ice2-p-swi-bel34,sw41p1,sys1-ice2-p-swi-bes5,sw34p1,L1
leaf-spine,sys1-ice2-p-swi-bel34,sw41p2,sys1-ice2-p-swi-bes5,sw34p2,L1
leaf-spine,sys1-ice2-p-swi-bel34,sw42p1,sys1-ice2-p-swi-bes6,sw34p1,L1
leaf-spine,sys1-ice2-p-swi-bel34,sw42p2,sys1-ice2-p-swi-bes6,sw34p2,L1
leaf-spine,sys1-ice2-p-swi-bel34,sw43p1,sys1-ice2-p-swi-bes7,sw34p1,L1
leaf-spine,sys1-ice2-p-swi-bel34,sw43p2,sys1-ice2-p-swi-bes7,sw34p2,L1
leaf-spine,sys1-ice2-p-swi-bel34,sw44p1,sys1-ice2-p-swi-bes8,sw34p1,L1
leaf-spine,sys1-ice2-p-swi-bel34,sw44p2,sys1-ice2-p-swi-bes8,sw34p2,L1
leaf-spine,sys1-ice2-p-swi-bel34,sw45p1,sys1-ice2-p-swi-bes9,sw34p1,L1
leaf-spine,sys1-ice2-p-swi-bel34,sw45p2,sys1-ice2-p-swi-bes9,sw34p2,L1
leaf-spine,sys1-ice2-p-swi-bel34,sw46p1,sys1-ice2-p-swi-bes10,sw34p1,L1
leaf-spine,sys1-ice2-p-swi-bel34,sw46p2,sys1-ice2-p-swi-bes10,sw34p2,L1
leaf-spine,sys1-ice2-p-swi-bel34,sw47p1,sys1-ice2-p-swi-bes11,sw34p1,L1
leaf-spine,sys1-ice2-p-swi-bel34,sw47p2,sys1-ice2-p-swi-bes11,sw34p2,L1
leaf-spine,sys1-ice2-p-swi-bel34,sw48p1,sys1-ice2-p-swi-bes12,sw34p1,L1
leaf-spine,sys1-ice2-p-swi-bel34,sw48p2,sys1-ice2-p-swi-bes12,sw34p2,L1
leaf-spine,sys1-ice2-p-swi-bel34,sw49p1,sys1-ice2-p-swi-bes13,sw34p1,L1
leaf-spine,sys1-ice2-p-swi-bel34,sw49p2,sys1-ice2-p-swi-bes13,sw34p2,L1
leaf-spine,sys1-ice2-p-swi-bel34,sw50p1,sys1-ice2-p-swi-bes14,sw34p1,L1
leaf-spine,sys1-ice2-p-swi-bel34,sw50p2,sys1-ice2-p-swi-bes14,sw34p2,L1
leaf-spine,sys1-ice2-p-swi-bel34,sw51p1,sys1-ice2-p-swi-bes15,sw34p1,L1
leaf-spine,sys1-ice2-p-swi-bel34,sw51p2,sys1-ice2-p-swi-bes15,sw34p2,L1
leaf-spine,sys1-ice2-p-swi-bel34,sw52p1,sys1-ice2-p-swi-bes16,sw34p1,L1
leaf-spine,sys1-ice2-p-swi-bel34,sw52p2,sys1-ice2-p-swi-bes16,sw34p2,L1
leaf-spine,sys1-ice2-p-swi-bel34,sw53p1,sys1-ice2-p-swi-bes17,sw34p1,L1
leaf-spine,sys1-ice2-p-swi-bel34,sw53p2,sys1-ice2-p-swi-bes17,sw34p2,L1
leaf-spine,sys1-ice2-p-swi-bel34,sw54p1,sys1-ice2-p-swi-bes18,sw34p1,L1
leaf-spine,sys1-ice2-p-swi-bel34,sw54p2,sys1-ice2-p-swi-bes18,sw34p2,L1
leaf-spine,sys1-ice2-p-swi-bel34,sw55p1,sys1-ice2-p-swi-bes19,sw34p1,L1
leaf-spine,sys1-ice2-p-swi-bel34,sw55p2,sys1-ice2-p-swi-bes19,sw34p2,L1
leaf-spine,sys1-ice2-p-swi-bel34,sw56p1,sys1-ice2-p-swi-bes20,sw34p1,L1
leaf-spine,sys1-ice2-p-swi-bel34,sw56p2,sys1-ice2-p-swi-bes20,sw34p2,L1
leaf-spine,sys1-ice2-p-swi-bel34,sw57p1,sys1-ice2-p-swi-bes21,sw34p1,L1
leaf-spine,sys1-ice2-p-swi-bel34,sw57p2,sys1-ice2-p-swi-bes21,sw34p2,L1
leaf-spine,sys1-ice2-p-swi-bel34,sw58p1,sys1-ice2-p-swi-bes22,sw34p1,L1
leaf-spine,sys1-ice2-p-swi-bel34,sw58p2,sys1-ice2-p-swi-bes22,sw34p2,L1
leaf-spine,sys1-ice2-p-swi-bel34,sw59p1,sys1-ice2-p-swi-bes23,sw34p1,L1
leaf-spine,sys1-ice2-p-swi-bel34,sw59p2,sys1-ice2-p-swi-bes23,sw34p2,L1
leaf-spine,sys1-ice2-p-swi-bel34,sw60p1,sys1-ice2-p-swi-bes24,sw34p1,L1
leaf-spine,sys1-ice2-p-swi-bel34,sw60p2,sys1-ice2-p-swi-bes24,sw34p2,L1
leaf-spine,sys1-ice2-p-swi-bel34,sw61p1,sys1-ice2-p-swi-bes25,sw34p1,L1
leaf-spine,sys1-ice2-p-swi-bel34,sw61p2,sys1-ice2-p-swi-bes25,sw34p2,L1
leaf-spine,sys1-ice2-p-swi-bel34,sw62p1,sys1-ice2-p-swi-bes26,sw34p1,L1
leaf-spine,sys1-ice2-p-swi-bel34,sw62p2,sys1-ice2-p-swi-bes26,sw34p2,L1
leaf-spine,sys1-ice2-p-swi-bel34,sw63p1,sys1-ice2-p-swi-bes27,sw34p1,L1
leaf-spine,sys1-ice2-p-swi-bel34,sw63p2,sys1-ice2-p-swi-bes27,sw34p2,L1
leaf-spine,sys1-ice2-p-swi-bel34,sw64p1,sys1-ice2-p-swi-bes28,sw34p1,L1
leaf-spine,sys1-ice2-p-swi-bel34,sw64p2,sys1-ice2-p-swi-bes28,sw34p2,L1
leaf-spine,sys1-ice2-p-swi-bel34,sw65p1,sys1-ice2-p-swi-bes29,sw34p1,L1
leaf-spine,sys1-ice2-p-swi-bel34,sw65p2,sys1-ice2-p-swi-bes29,sw34p2,L1
leaf-spine,sys1-ice2-p-swi-bel34,sw66p1,sys1-ice2-p-swi-bes30,sw34p1,L1
leaf-spine,sys1-ice2-p-swi-bel34,sw66p2,sys1-ice2-p-swi-bes30,sw34p2,L1
leaf-spine,sys1-ice2-p-swi-bel34,sw67p1,sys1-ice2-p-swi-bes31,sw34p1,L1
leaf-spine,sys1-ice2-p-swi-bel34,sw67p2,sys1-ice2-p-swi-bes31,sw34p2,L1
leaf-spine,sys1-ice2-p-swi-bel34,sw68p1,sys1-ice2-p-swi-bes32,sw34p1,L1
leaf-spine,sys1-ice2-p-swi-bel34,sw68p2,sys1-ice2-p-swi-bes32,sw34p2,L1
leaf-spine,sys1-ice2-p-swi-bel34,sw69p1,sys1-ice2-p-swi-bes33,sw34p1,L1
leaf-spine,sys1-ice2-p-swi-bel34,sw69p2,sys1-ice2-p-swi-bes33,sw34p2,L1
leaf-spine,sys1-ice2-p-swi-bel34,sw70p1,sys1-ice2-p-swi-bes34,sw34p1,L1
leaf-spine,sys1-ice2-p-swi-bel34,sw70p2,sys1-ice2-p-swi-bes34,sw34p2,L1
leaf-spine,sys1-ice2-p-swi-bel34,sw71p1,sys1-ice2-p-swi-bes35,sw34p1,L1
leaf-spine,sys1-ice2-p-swi-bel34,sw71p2,sys1-ice2-p-swi-bes35,sw34p2,L1
leaf-spine,sys1-ice2-p-swi-bel34,sw72p1,sys1-ice2-p-swi-bes36,sw34p1,L1
leaf-spine,sys1-ice2-p-swi-bel34,sw72p2,sys1-ice2-p-swi-bes36,sw34p2,L1
leaf-spine,sys1-ice2-p-swi-bel35,sw37p1,sys1-ice2-p-swi-bes1,sw35p1,L1
leaf-spine,sys1-ice2-p-swi-bel35,sw37p2,sys1-ice2-p-swi-bes1,sw35p2,L1
leaf-spine,sys1-ice2-p-swi-bel35,sw38p1,sys1-ice2-p-swi-bes2,sw35p1,L1
leaf-spine,sys1-ice2-p-swi-bel35,sw38p2,sys1-ice2-p-swi-bes2,sw35p2,L1
leaf-spine,sys1-ice2-p-swi-bel35,sw39p1,sys1-ice2-p-swi-bes3,sw35p1,L1
leaf-spine,sys1-ice2-p-swi-bel35,sw39p2,sys1-ice2-p-swi-bes3,sw35p2,L1
leaf-spine,sys1-ice2-p-swi-bel35,sw40p1,sys1-ice2-p-swi-bes4,sw35p1,L1
leaf-spine,sys1-ice2-p-swi-bel35,sw40p2,sys1-ice2-p-swi-bes4,sw35p2,L1
leaf-spine,sys1-ice2-p-swi-bel35,sw41p1,sys1-ice2-p-swi-bes5,sw35p1,L1
leaf-spine,sys1-ice2-p-swi-bel35,sw41p2,sys1-ice2-p-swi-bes5,sw35p2,L1
leaf-spine,sys1-ice2-p-swi-bel35,sw42p1,sys1-ice2-p-swi-bes6,sw35p1,L1
leaf-spine,sys1-ice2-p-swi-bel35,sw42p2,sys1-ice2-p-swi-bes6,sw35p2,L1
leaf-spine,sys1-ice2-p-swi-bel35,sw43p1,sys1-ice2-p-swi-bes7,sw35p1,L1
leaf-spine,sys1-ice2-p-swi-bel35,sw43p2,sys1-ice2-p-swi-bes7,sw35p2,L1
leaf-spine,sys1-ice2-p-swi-bel35,sw44p1,sys1-ice2-p-swi-bes8,sw35p1,L1
leaf-spine,sys1-ice2-p-swi-bel35,sw44p2,sys1-ice2-p-swi-bes8,sw35p2,L1
leaf-spine,sys1-ice2-p-swi-bel35,sw45p1,sys1-ice2-p-swi-bes9,sw35p1,L1
leaf-spine,sys1-ice2-p-swi-bel35,sw45p2,sys1-ice2-p-swi-bes9,sw35p2,L1
leaf-spine,sys1-ice2-p-swi-bel35,sw46p1,sys1-ice2-p-swi-bes10,sw35p1,L1
leaf-spine,sys1-ice2-p-swi-bel35,sw46p2,sys1-ice2-p-swi-bes10,sw35p2,L1
leaf-spine,sys1-ice2-p-swi-bel35,sw47p1,sys1-ice2-p-swi-bes11,sw35p1,L1
leaf-spine,sys1-ice2-p-swi-bel35,sw47p2,sys1-ice2-p-swi-bes11,sw35p2,L1
leaf-spine,sys1-ice2-p-swi-bel35,sw48p1,sys1-ice2-p-swi-bes12,sw35p1,L1
leaf-spine,sys1-ice2-p-swi-bel35,sw48p2,sys1-ice2-p-swi-bes12,sw35p2,L1
leaf-spine,sys1-ice2-p-swi-bel35,sw49p1,sys1-ice2-p-swi-bes13,sw35p1,L1
leaf-spine,sys1-ice2-p-swi-bel35,sw49p2,sys1-ice2-p-swi-bes13,sw35p2,L1
leaf-spine,sys1-ice2-p-swi-bel35,sw50p1,sys1-ice2-p-swi-bes14,sw35p1,L1
leaf-spine,sys1-ice2-p-swi-bel35,sw50p2,sys1-ice2-p-swi-bes14,sw35p2,L1
leaf-spine,sys1-ice2-p-swi-bel35,sw51p1,sys1-ice2-p-swi-bes15,sw35p1,L1
leaf-spine,sys1-ice2-p-swi-bel35,sw51p2,sys1-ice2-p-swi-bes15,sw35p2,L1
leaf-spine,sys1-ice2-p-swi-bel35,sw52p1,sys1-ice2-p-swi-bes16,sw35p1,L1
leaf-spine,sys1-ice2-p-swi-bel35,sw52p2,sys1-ice2-p-swi-bes16,sw35p2,L1
leaf-spine,sys1-ice2-p-swi-bel35,sw53p1,sys1-ice2-p-swi-bes17,sw35p1,L1
leaf-spine,sys1-ice2-p-swi-bel35,sw53p2,sys1-ice2-p-swi-bes17,sw35p2,L1
leaf-spine,sys1-ice2-p-swi-bel35,sw54p1,sys1-ice2-p-swi-bes18,sw35p1,L1
leaf-spine,sys1-ice2-p-swi-bel35,sw54p2,sys1-ice2-p-swi-bes18,sw35p2,L1
leaf-spine,sys1-ice2-p-swi-bel35,sw55p1,sys1-ice2-p-swi-bes19,sw35p1,L1
leaf-spine,sys1-ice2-p-swi-bel35,sw55p2,sys1-ice2-p-swi-bes19,sw35p2,L1
leaf-spine,sys1-ice2-p-swi-bel35,sw56p1,sys1-ice2-p-swi-bes20,sw35p1,L1
leaf-spine,sys1-ice2-p-swi-bel35,sw56p2,sys1-ice2-p-swi-bes20,sw35p2,L1
leaf-spine,sys1-ice2-p-swi-bel35,sw57p1,sys1-ice2-p-swi-bes21,sw35p1,L1
leaf-spine,sys1-ice2-p-swi-bel35,sw57p2,sys1-ice2-p-swi-bes21,sw35p2,L1
leaf-spine,sys1-ice2-p-swi-bel35,sw58p1,sys1-ice2-p-swi-bes22,sw35p1,L1
leaf-spine,sys1-ice2-p-swi-bel35,sw58p2,sys1-ice2-p-swi-bes22,sw35p2,L1
leaf-spine,sys1-ice2-p-swi-bel35,sw59p1,sys1-ice2-p-swi-bes23,sw35p1,L1
leaf-spine,sys1-ice2-p-swi-bel35,sw59p2,sys1-ice2-p-swi-bes23,sw35p2,L1
leaf-spine,sys1-ice2-p-swi-bel35,sw60p1,sys1-ice2-p-swi-bes24,sw35p1,L1
leaf-spine,sys1-ice2-p-swi-bel35,sw60p2,sys1-ice2-p-swi-bes24,sw35p2,L1
leaf-spine,sys1-ice2-p-swi-bel35,sw61p1,sys1-ice2-p-swi-bes25,sw35p1,L1
leaf-spine,sys1-ice2-p-swi-bel35,sw61p2,sys1-ice2-p-swi-bes25,sw35p2,L1
leaf-spine,sys1-ice2-p-swi-bel35,sw62p1,sys1-ice2-p-swi-bes26,sw35p1,L1
leaf-spine,sys1-ice2-p-swi-bel35,sw62p2,sys1-ice2-p-swi-bes26,sw35p2,L1
leaf-spine,sys1-ice2-p-swi-bel35,sw63p1,sys1-ice2-p-swi-bes27,sw35p1,L1
leaf-spine,sys1-ice2-p-swi-bel35,sw63p2,sys1-ice2-p-swi-bes27,sw35p2,L1
leaf-spine,sys1-ice2-p-swi-bel35,sw64p1,sys1-ice2-p-swi-bes28,sw35p1,L1
leaf-spine,sys1-ice2-p-swi-bel35,sw64p2,sys1-ice2-p-swi-bes28,sw35p2,L1
leaf-spine,sys1-ice2-p-swi-bel35,sw65p1,sys1-ice2-p-swi-bes29,sw35p1,L1
leaf-spine,sys1-ice2-p-swi-bel35,sw65p2,sys1-ice2-p-swi-bes29,sw35p2,L1
leaf-spine,sys1-ice2-p-swi-bel35,sw66p1,sys1-ice2-p-swi-bes30,sw35p1,L1
leaf-spine,sys1-ice2-p-swi-bel35,sw66p2,sys1-ice2-p-swi-bes30,sw35p2,L1
leaf-spine,sys1-ice2-p-swi-bel35,sw67p1,sys1-ice2-p-swi-bes31,sw35p1,L1
leaf-spine,sys1-ice2-p-swi-bel35,sw67p2,sys1-ice2-p-swi-bes31,sw35p2,L1
leaf-spine,sys1-ice2-p-swi-bel35,sw68p1,sys1-ice2-p-swi-bes32,sw35p1,L1
leaf-spine,sys1-ice2-p-swi-bel35,sw68p2,sys1-ice2-p-swi-bes32,sw35p2,L1
leaf-spine,sys1-ice2-p-swi-bel35,sw69p1,sys1-ice2-p-swi-bes33,sw35p1,L1
leaf-spine,sys1-ice2-p-swi-bel35,sw69p2,sys1-ice2-p-swi-bes33,sw35p2,L1
leaf-spine,sys1-ice2-p-swi-bel35,sw70p1,sys1-ice2-p-swi-bes34,sw35p1,L1
leaf-spine,sys1-ice2-p-swi-bel35,sw70p2,sys1-ice2-p-swi-bes34,sw35p2,L1
leaf-spine,sys1-ice2-p-swi-bel35,sw71p1,sys1-ice2-p-swi-bes35,sw35p1,L1
leaf-spine,sys1-ice2-p-swi-bel35,sw71p2,sys1-ice2-p-swi-bes35,sw35p2,L1
leaf-spine,sys1-ice2-p-swi-bel35,sw72p1,sys1-ice2-p-swi-bes36,sw35p1,L1
leaf-spine,sys1-ice2-p-swi-bel35,sw72p2,sys1-ice2-p-swi-bes36,sw35p2,L1
leaf-spine,sys1-ice2-p-swi-bel36,sw37p1,sys1-ice2-p-swi-bes1,sw36p1,L1
leaf-spine,sys1-ice2-p-swi-bel36,sw37p2,sys1-ice2-p-swi-bes1,sw36p2,L1
leaf-spine,sys1-ice2-p-swi-bel36,sw38p1,sys1-ice2-p-swi-bes2,sw36p1,L1
leaf-spine,sys1-ice2-p-swi-bel36,sw38p2,sys1-ice2-p-swi-bes2,sw36p2,L1
leaf-spine,sys1-ice2-p-swi-bel36,sw39p1,sys1-ice2-p-swi-bes3,sw36p1,L1
leaf-spine,sys1-ice2-p-swi-bel36,sw39p2,sys1-ice2-p-swi-bes3,sw36p2,L1
leaf-spine,sys1-ice2-p-swi-bel36,sw40p1,sys1-ice2-p-swi-bes4,sw36p1,L1
leaf-spine,sys1-ice2-p-swi-bel36,sw40p2,sys1-ice2-p-swi-bes4,sw36p2,L1
leaf-spine,sys1-ice2-p-swi-bel36,sw41p1,sys1-ice2-p-swi-bes5,sw36p1,L1
leaf-spine,sys1-ice2-p-swi-bel36,sw41p2,sys1-ice2-p-swi-bes5,sw36p2,L1
leaf-spine,sys1-ice2-p-swi-bel36,sw42p1,sys1-ice2-p-swi-bes6,sw36p1,L1
leaf-spine,sys1-ice2-p-swi-bel36,sw42p2,sys1-ice2-p-swi-bes6,sw36p2,L1
leaf-spine,sys1-ice2-p-swi-bel36,sw43p1,sys1-ice2-p-swi-bes7,sw36p1,L1
leaf-spine,sys1-ice2-p-swi-bel36,sw43p2,sys1-ice2-p-swi-bes7,sw36p2,L1
leaf-spine,sys1-ice2-p-swi-bel36,sw44p1,sys1-ice2-p-swi-bes8,sw36p1,L1
leaf-spine,sys1-ice2-p-swi-bel36,sw44p2,sys1-ice2-p-swi-bes8,sw36p2,L1
leaf-spine,sys1-ice2-p-swi-bel36,sw45p1,sys1-ice2-p-swi-bes9,sw36p1,L1
leaf-spine,sys1-ice2-p-swi-bel36,sw45p2,sys1-ice2-p-swi-bes9,sw36p2,L1
leaf-spine,sys1-ice2-p-swi-bel36,sw46p1,sys1-ice2-p-swi-bes10,sw36p1,L1
leaf-spine,sys1-ice2-p-swi-bel36,sw46p2,sys1-ice2-p-swi-bes10,sw36p2,L1
leaf-spine,sys1-ice2-p-swi-bel36,sw47p1,sys1-ice2-p-swi-bes11,sw36p1,L1
leaf-spine,sys1-ice2-p-swi-bel36,sw47p2,sys1-ice2-p-swi-bes11,sw36p2,L1
leaf-spine,sys1-ice2-p-swi-bel36,sw48p1,sys1-ice2-p-swi-bes12,sw36p1,L1
leaf-spine,sys1-ice2-p-swi-bel36,sw48p2,sys1-ice2-p-swi-bes12,sw36p2,L1
leaf-spine,sys1-ice2-p-swi-bel36,sw49p1,sys1-ice2-p-swi-bes13,sw36p1,L1
leaf-spine,sys1-ice2-p-swi-bel36,sw49p2,sys1-ice2-p-swi-bes13,sw36p2,L1
leaf-spine,sys1-ice2-p-swi-bel36,sw50p1,sys1-ice2-p-swi-bes14,sw36p1,L1
leaf-spine,sys1-ice2-p-swi-bel36,sw50p2,sys1-ice2-p-swi-bes14,sw36p2,L1
leaf-spine,sys1-ice2-p-swi-bel36,sw51p1,sys1-ice2-p-swi-bes15,sw36p1,L1
leaf-spine,sys1-ice2-p-swi-bel36,sw51p2,sys1-ice2-p-swi-bes15,sw36p2,L1
leaf-spine,sys1-ice2-p-swi-bel36,sw52p1,sys1-ice2-p-swi-bes16,sw36p1,L1
leaf-spine,sys1-ice2-p-swi-bel36,sw52p2,sys1-ice2-p-swi-bes16,sw36p2,L1
leaf-spine,sys1-ice2-p-swi-bel36,sw53p1,sys1-ice2-p-swi-bes17,sw36p1,L1
leaf-spine,sys1-ice2-p-swi-bel36,sw53p2,sys1-ice2-p-swi-bes17,sw36p2,L1
leaf-spine,sys1-ice2-p-swi-bel36,sw54p1,sys1-ice2-p-swi-bes18,sw36p1,L1
leaf-spine,sys1-ice2-p-swi-bel36,sw54p2,sys1-ice2-p-swi-bes18,sw36p2,L1
leaf-spine,sys1-ice2-p-swi-bel36,sw55p1,sys1-ice2-p-swi-bes19,sw36p1,L1
leaf-spine,sys1-ice2-p-swi-bel36,sw55p2,sys1-ice2-p-swi-bes19,sw36p2,L1
leaf-spine,sys1-ice2-p-swi-bel36,sw56p1,sys1-ice2-p-swi-bes20,sw36p1,L1
leaf-spine,sys1-ice2-p-swi-bel36,sw56p2,sys1-ice2-p-swi-bes20,sw36p2,L1
leaf-spine,sys1-ice2-p-swi-bel36,sw57p1,sys1-ice2-p-swi-bes21,sw36p1,L1
leaf-spine,sys1-ice2-p-swi-bel36,sw57p2,sys1-ice2-p-swi-bes21,sw36p2,L1
leaf-spine,sys1-ice2-p-swi-bel36,sw58p1,sys1-ice2-p-swi-bes22,sw36p1,L1
leaf-spine,sys1-ice2-p-swi-bel36,sw58p2,sys1-ice2-p-swi-bes22,sw36p2,L1
leaf-spine,sys1-ice2-p-swi-bel36,sw59p1,sys1-ice2-p-swi-bes23,sw36p1,L1
leaf-spine,sys1-ice2-p-swi-bel36,sw59p2,sys1-ice2-p-swi-bes23,sw36p2,L1
leaf-spine,sys1-ice2-p-swi-bel36,sw60p1,sys1-ice2-p-swi-bes24,sw36p1,L1
leaf-spine,sys1-ice2-p-swi-bel36,sw60p2,sys1-ice2-p-swi-bes24,sw36p2,L1
leaf-spine,sys1-ice2-p-swi-bel36,sw61p1,sys1-ice2-p-swi-bes25,sw36p1,L1
leaf-spine,sys1-ice2-p-swi-bel36,sw61p2,sys1-ice2-p-swi-bes25,sw36p2,L1
leaf-spine,sys1-ice2-p-swi-bel36,sw62p1,sys1-ice2-p-swi-bes26,sw36p1,L1
leaf-spine,sys1-ice2-p-swi-bel36,sw62p2,sys1-ice2-p-swi-bes26,sw36p2,L1
leaf-spine,sys1-ice2-p-swi-bel36,sw63p1,sys1-ice2-p-swi-bes27,sw36p1,L1
leaf-spine,sys1-ice2-p-swi-bel36,sw63p2,sys1-ice2-p-swi-bes27,sw36p2,L1
leaf-spine,sys1-ice2-p-swi-bel36,sw64p1,sys1-ice2-p-swi-bes28,sw36p1,L1
leaf-spine,sys1-ice2-p-swi-bel36,sw64p2,sys1-ice2-p-swi-bes28,sw36p2,L1
leaf-spine,sys1-ice2-p-swi-bel36,sw65p1,sys1-ice2-p-swi-bes29,sw36p1,L1
leaf-spine,sys1-ice2-p-swi-bel36,sw65p2,sys1-ice2-p-swi-bes29,sw36p2,L1
leaf-spine,sys1-ice2-p-swi-bel36,sw66p1,sys1-ice2-p-swi-bes30,sw36p1,L1
leaf-spine,sys1-ice2-p-swi-bel36,sw66p2,sys1-ice2-p-swi-bes30,sw36p2,L1
leaf-spine,sys1-ice2-p-swi-bel36,sw67p1,sys1-ice2-p-swi-bes31,sw36p1,L1
leaf-spine,sys1-ice2-p-swi-bel36,sw67p2,sys1-ice2-p-swi-bes31,sw36p2,L1
leaf-spine,sys1-ice2-p-swi-bel36,sw68p1,sys1-ice2-p-swi-bes32,sw36p1,L1
leaf-spine,sys1-ice2-p-swi-bel36,sw68p2,sys1-ice2-p-swi-bes32,sw36p2,L1
leaf-spine,sys1-ice2-p-swi-bel36,sw69p1,sys1-ice2-p-swi-bes33,sw36p1,L1
leaf-spine,sys1-ice2-p-swi-bel36,sw69p2,sys1-ice2-p-swi-bes33,sw36p2,L1
leaf-spine,sys1-ice2-p-swi-bel36,sw70p1,sys1-ice2-p-swi-bes34,sw36p1,L1
leaf-spine,sys1-ice2-p-swi-bel36,sw70p2,sys1-ice2-p-swi-bes34,sw36p2,L1
leaf-spine,sys1-ice2-p-swi-bel36,sw71p1,sys1-ice2-p-swi-bes35,sw36p1,L1
leaf-spine,sys1-ice2-p-swi-bel36,sw71p2,sys1-ice2-p-swi-bes35,sw36p2,L1
leaf-spine,sys1-ice2-p-swi-bel36,sw72p1,sys1-ice2-p-swi-bes36,sw36p1,L1
leaf-spine,sys1-ice2-p-swi-bel36,sw72p2,sys1-ice2-p-swi-bes36,sw36p2,L1
leaf-spine,sys1-ice2-p-swi-bel37,sw37p1,sys1-ice2-p-swi-bes1,sw37p1,L1
leaf-spine,sys1-ice2-p-swi-bel37,sw37p2,sys1-ice2-p-swi-bes1,sw37p2,L1
leaf-spine,sys1-ice2-p-swi-bel37,sw38p1,sys1-ice2-p-swi-bes2,sw37p1,L1
leaf-spine,sys1-ice2-p-swi-bel37,sw38p2,sys1-ice2-p-swi-bes2,sw37p2,L1
leaf-spine,sys1-ice2-p-swi-bel37,sw39p1,sys1-ice2-p-swi-bes3,sw37p1,L1
leaf-spine,sys1-ice2-p-swi-bel37,sw39p2,sys1-ice2-p-swi-bes3,sw37p2,L1
leaf-spine,sys1-ice2-p-swi-bel37,sw40p1,sys1-ice2-p-swi-bes4,sw37p1,L1
leaf-spine,sys1-ice2-p-swi-bel37,sw40p2,sys1-ice2-p-swi-bes4,sw37p2,L1
leaf-spine,sys1-ice2-p-swi-bel37,sw41p1,sys1-ice2-p-swi-bes5,sw37p1,L1
leaf-spine,sys1-ice2-p-swi-bel37,sw41p2,sys1-ice2-p-swi-bes5,sw37p2,L1
leaf-spine,sys1-ice2-p-swi-bel37,sw42p1,sys1-ice2-p-swi-bes6,sw37p1,L1
leaf-spine,sys1-ice2-p-swi-bel37,sw42p2,sys1-ice2-p-swi-bes6,sw37p2,L1
leaf-spine,sys1-ice2-p-swi-bel37,sw43p1,sys1-ice2-p-swi-bes7,sw37p1,L1
leaf-spine,sys1-ice2-p-swi-bel37,sw43p2,sys1-ice2-p-swi-bes7,sw37p2,L1
leaf-spine,sys1-ice2-p-swi-bel37,sw44p1,sys1-ice2-p-swi-bes8,sw37p1,L1
leaf-spine,sys1-ice2-p-swi-bel37,sw44p2,sys1-ice2-p-swi-bes8,sw37p2,L1
leaf-spine,sys1-ice2-p-swi-bel37,sw45p1,sys1-ice2-p-swi-bes9,sw37p1,L1
leaf-spine,sys1-ice2-p-swi-bel37,sw45p2,sys1-ice2-p-swi-bes9,sw37p2,L1
leaf-spine,sys1-ice2-p-swi-bel37,sw46p1,sys1-ice2-p-swi-bes10,sw37p1,L1
leaf-spine,sys1-ice2-p-swi-bel37,sw46p2,sys1-ice2-p-swi-bes10,sw37p2,L1
leaf-spine,sys1-ice2-p-swi-bel37,sw47p1,sys1-ice2-p-swi-bes11,sw37p1,L1
leaf-spine,sys1-ice2-p-swi-bel37,sw47p2,sys1-ice2-p-swi-bes11,sw37p2,L1
leaf-spine,sys1-ice2-p-swi-bel37,sw48p1,sys1-ice2-p-swi-bes12,sw37p1,L1
leaf-spine,sys1-ice2-p-swi-bel37,sw48p2,sys1-ice2-p-swi-bes12,sw37p2,L1
leaf-spine,sys1-ice2-p-swi-bel37,sw49p1,sys1-ice2-p-swi-bes13,sw37p1,L1
leaf-spine,sys1-ice2-p-swi-bel37,sw49p2,sys1-ice2-p-swi-bes13,sw37p2,L1
leaf-spine,sys1-ice2-p-swi-bel37,sw50p1,sys1-ice2-p-swi-bes14,sw37p1,L1
leaf-spine,sys1-ice2-p-swi-bel37,sw50p2,sys1-ice2-p-swi-bes14,sw37p2,L1
leaf-spine,sys1-ice2-p-swi-bel37,sw51p1,sys1-ice2-p-swi-bes15,sw37p1,L1
leaf-spine,sys1-ice2-p-swi-bel37,sw51p2,sys1-ice2-p-swi-bes15,sw37p2,L1
leaf-spine,sys1-ice2-p-swi-bel37,sw52p1,sys1-ice2-p-swi-bes16,sw37p1,L1
leaf-spine,sys1-ice2-p-swi-bel37,sw52p2,sys1-ice2-p-swi-bes16,sw37p2,L1
leaf-spine,sys1-ice2-p-swi-bel37,sw53p1,sys1-ice2-p-swi-bes17,sw37p1,L1
leaf-spine,sys1-ice2-p-swi-bel37,sw53p2,sys1-ice2-p-swi-bes17,sw37p2,L1
leaf-spine,sys1-ice2-p-swi-bel37,sw54p1,sys1-ice2-p-swi-bes18,sw37p1,L1
leaf-spine,sys1-ice2-p-swi-bel37,sw54p2,sys1-ice2-p-swi-bes18,sw37p2,L1
leaf-spine,sys1-ice2-p-swi-bel37,sw55p1,sys1-ice2-p-swi-bes19,sw37p1,L1
leaf-spine,sys1-ice2-p-swi-bel37,sw55p2,sys1-ice2-p-swi-bes19,sw37p2,L1
leaf-spine,sys1-ice2-p-swi-bel37,sw56p1,sys1-ice2-p-swi-bes20,sw37p1,L1
leaf-spine,sys1-ice2-p-swi-bel37,sw56p2,sys1-ice2-p-swi-bes20,sw37p2,L1
leaf-spine,sys1-ice2-p-swi-bel37,sw57p1,sys1-ice2-p-swi-bes21,sw37p1,L1
leaf-spine,sys1-ice2-p-swi-bel37,sw57p2,sys1-ice2-p-swi-bes21,sw37p2,L1
leaf-spine,sys1-ice2-p-swi-bel37,sw58p1,sys1-ice2-p-swi-bes22,sw37p1,L1
leaf-spine,sys1-ice2-p-swi-bel37,sw58p2,sys1-ice2-p-swi-bes22,sw37p2,L1
leaf-spine,sys1-ice2-p-swi-bel37,sw59p1,sys1-ice2-p-swi-bes23,sw37p1,L1
leaf-spine,sys1-ice2-p-swi-bel37,sw59p2,sys1-ice2-p-swi-bes23,sw37p2,L1
leaf-spine,sys1-ice2-p-swi-bel37,sw60p1,sys1-ice2-p-swi-bes24,sw37p1,L1
leaf-spine,sys1-ice2-p-swi-bel37,sw60p2,sys1-ice2-p-swi-bes24,sw37p2,L1
leaf-spine,sys1-ice2-p-swi-bel37,sw61p1,sys1-ice2-p-swi-bes25,sw37p1,L1
leaf-spine,sys1-ice2-p-swi-bel37,sw61p2,sys1-ice2-p-swi-bes25,sw37p2,L1
leaf-spine,sys1-ice2-p-swi-bel37,sw62p1,sys1-ice2-p-swi-bes26,sw37p1,L1
leaf-spine,sys1-ice2-p-swi-bel37,sw62p2,sys1-ice2-p-swi-bes26,sw37p2,L1
leaf-spine,sys1-ice2-p-swi-bel37,sw63p1,sys1-ice2-p-swi-bes27,sw37p1,L1
leaf-spine,sys1-ice2-p-swi-bel37,sw63p2,sys1-ice2-p-swi-bes27,sw37p2,L1
leaf-spine,sys1-ice2-p-swi-bel37,sw64p1,sys1-ice2-p-swi-bes28,sw37p1,L1
leaf-spine,sys1-ice2-p-swi-bel37,sw64p2,sys1-ice2-p-swi-bes28,sw37p2,L1
leaf-spine,sys1-ice2-p-swi-bel37,sw65p1,sys1-ice2-p-swi-bes29,sw37p1,L1
leaf-spine,sys1-ice2-p-swi-bel37,sw65p2,sys1-ice2-p-swi-bes29,sw37p2,L1
leaf-spine,sys1-ice2-p-swi-bel37,sw66p1,sys1-ice2-p-swi-bes30,sw37p1,L1
leaf-spine,sys1-ice2-p-swi-bel37,sw66p2,sys1-ice2-p-swi-bes30,sw37p2,L1
leaf-spine,sys1-ice2-p-swi-bel37,sw67p1,sys1-ice2-p-swi-bes31,sw37p1,L1
leaf-spine,sys1-ice2-p-swi-bel37,sw67p2,sys1-ice2-p-swi-bes31,sw37p2,L1
leaf-spine,sys1-ice2-p-swi-bel37,sw68p1,sys1-ice2-p-swi-bes32,sw37p1,L1
leaf-spine,sys1-ice2-p-swi-bel37,sw68p2,sys1-ice2-p-swi-bes32,sw37p2,L1
leaf-spine,sys1-ice2-p-swi-bel37,sw69p1,sys1-ice2-p-swi-bes33,sw37p1,L1
leaf-spine,sys1-ice2-p-swi-bel37,sw69p2,sys1-ice2-p-swi-bes33,sw37p2,L1
leaf-spine,sys1-ice2-p-swi-bel37,sw70p1,sys1-ice2-p-swi-bes34,sw37p1,L1
leaf-spine,sys1-ice2-p-swi-bel37,sw70p2,sys1-ice2-p-swi-bes34,sw37p2,L1
leaf-spine,sys1-ice2-p-swi-bel37,sw71p1,sys1-ice2-p-swi-bes35,sw37p1,L1
leaf-spine,sys1-ice2-p-swi-bel37,sw71p2,sys1-ice2-p-swi-bes35,sw37p2,L1
leaf-spine,sys1-ice2-p-swi-bel37,sw72p1,sys1-ice2-p-swi-bes36,sw37p1,L1
leaf-spine,sys1-ice2-p-swi-bel37,sw72p2,sys1-ice2-p-swi-bes36,sw37p2,L1
leaf-spine,sys1-ice2-p-swi-bel38,sw37p1,sys1-ice2-p-swi-bes1,sw38p1,L1
leaf-spine,sys1-ice2-p-swi-bel38,sw37p2,sys1-ice2-p-swi-bes1,sw38p2,L1
leaf-spine,sys1-ice2-p-swi-bel38,sw38p1,sys1-ice2-p-swi-bes2,sw38p1,L1
leaf-spine,sys1-ice2-p-swi-bel38,sw38p2,sys1-ice2-p-swi-bes2,sw38p2,L1
leaf-spine,sys1-ice2-p-swi-bel38,sw39p1,sys1-ice2-p-swi-bes3,sw38p1,L1
leaf-spine,sys1-ice2-p-swi-bel38,sw39p2,sys1-ice2-p-swi-bes3,sw38p2,L1
leaf-spine,sys1-ice2-p-swi-bel38,sw40p1,sys1-ice2-p-swi-bes4,sw38p1,L1
leaf-spine,sys1-ice2-p-swi-bel38,sw40p2,sys1-ice2-p-swi-bes4,sw38p2,L1
leaf-spine,sys1-ice2-p-swi-bel38,sw41p1,sys1-ice2-p-swi-bes5,sw38p1,L1
leaf-spine,sys1-ice2-p-swi-bel38,sw41p2,sys1-ice2-p-swi-bes5,sw38p2,L1
leaf-spine,sys1-ice2-p-swi-bel38,sw42p1,sys1-ice2-p-swi-bes6,sw38p1,L1
leaf-spine,sys1-ice2-p-swi-bel38,sw42p2,sys1-ice2-p-swi-bes6,sw38p2,L1
leaf-spine,sys1-ice2-p-swi-bel38,sw43p1,sys1-ice2-p-swi-bes7,sw38p1,L1
leaf-spine,sys1-ice2-p-swi-bel38,sw43p2,sys1-ice2-p-swi-bes7,sw38p2,L1
leaf-spine,sys1-ice2-p-swi-bel38,sw44p1,sys1-ice2-p-swi-bes8,sw38p1,L1
leaf-spine,sys1-ice2-p-swi-bel38,sw44p2,sys1-ice2-p-swi-bes8,sw38p2,L1
leaf-spine,sys1-ice2-p-swi-bel38,sw45p1,sys1-ice2-p-swi-bes9,sw38p1,L1
leaf-spine,sys1-ice2-p-swi-bel38,sw45p2,sys1-ice2-p-swi-bes9,sw38p2,L1
leaf-spine,sys1-ice2-p-swi-bel38,sw46p1,sys1-ice2-p-swi-bes10,sw38p1,L1
leaf-spine,sys1-ice2-p-swi-bel38,sw46p2,sys1-ice2-p-swi-bes10,sw38p2,L1
leaf-spine,sys1-ice2-p-swi-bel38,sw47p1,sys1-ice2-p-swi-bes11,sw38p1,L1
leaf-spine,sys1-ice2-p-swi-bel38,sw47p2,sys1-ice2-p-swi-bes11,sw38p2,L1
leaf-spine,sys1-ice2-p-swi-bel38,sw48p1,sys1-ice2-p-swi-bes12,sw38p1,L1
leaf-spine,sys1-ice2-p-swi-bel38,sw48p2,sys1-ice2-p-swi-bes12,sw38p2,L1
leaf-spine,sys1-ice2-p-swi-bel38,sw49p1,sys1-ice2-p-swi-bes13,sw38p1,L1
leaf-spine,sys1-ice2-p-swi-bel38,sw49p2,sys1-ice2-p-swi-bes13,sw38p2,L1
leaf-spine,sys1-ice2-p-swi-bel38,sw50p1,sys1-ice2-p-swi-bes14,sw38p1,L1
leaf-spine,sys1-ice2-p-swi-bel38,sw50p2,sys1-ice2-p-swi-bes14,sw38p2,L1
leaf-spine,sys1-ice2-p-swi-bel38,sw51p1,sys1-ice2-p-swi-bes15,sw38p1,L1
leaf-spine,sys1-ice2-p-swi-bel38,sw51p2,sys1-ice2-p-swi-bes15,sw38p2,L1
leaf-spine,sys1-ice2-p-swi-bel38,sw52p1,sys1-ice2-p-swi-bes16,sw38p1,L1
leaf-spine,sys1-ice2-p-swi-bel38,sw52p2,sys1-ice2-p-swi-bes16,sw38p2,L1
leaf-spine,sys1-ice2-p-swi-bel38,sw53p1,sys1-ice2-p-swi-bes17,sw38p1,L1
leaf-spine,sys1-ice2-p-swi-bel38,sw53p2,sys1-ice2-p-swi-bes17,sw38p2,L1
leaf-spine,sys1-ice2-p-swi-bel38,sw54p1,sys1-ice2-p-swi-bes18,sw38p1,L1
leaf-spine,sys1-ice2-p-swi-bel38,sw54p2,sys1-ice2-p-swi-bes18,sw38p2,L1
leaf-spine,sys1-ice2-p-swi-bel38,sw55p1,sys1-ice2-p-swi-bes19,sw38p1,L1
leaf-spine,sys1-ice2-p-swi-bel38,sw55p2,sys1-ice2-p-swi-bes19,sw38p2,L1
leaf-spine,sys1-ice2-p-swi-bel38,sw56p1,sys1-ice2-p-swi-bes20,sw38p1,L1
leaf-spine,sys1-ice2-p-swi-bel38,sw56p2,sys1-ice2-p-swi-bes20,sw38p2,L1
leaf-spine,sys1-ice2-p-swi-bel38,sw57p1,sys1-ice2-p-swi-bes21,sw38p1,L1
leaf-spine,sys1-ice2-p-swi-bel38,sw57p2,sys1-ice2-p-swi-bes21,sw38p2,L1
leaf-spine,sys1-ice2-p-swi-bel38,sw58p1,sys1-ice2-p-swi-bes22,sw38p1,L1
leaf-spine,sys1-ice2-p-swi-bel38,sw58p2,sys1-ice2-p-swi-bes22,sw38p2,L1
leaf-spine,sys1-ice2-p-swi-bel38,sw59p1,sys1-ice2-p-swi-bes23,sw38p1,L1
leaf-spine,sys1-ice2-p-swi-bel38,sw59p2,sys1-ice2-p-swi-bes23,sw38p2,L1
leaf-spine,sys1-ice2-p-swi-bel38,sw60p1,sys1-ice2-p-swi-bes24,sw38p1,L1
leaf-spine,sys1-ice2-p-swi-bel38,sw60p2,sys1-ice2-p-swi-bes24,sw38p2,L1
leaf-spine,sys1-ice2-p-swi-bel38,sw61p1,sys1-ice2-p-swi-bes25,sw38p1,L1
leaf-spine,sys1-ice2-p-swi-bel38,sw61p2,sys1-ice2-p-swi-bes25,sw38p2,L1
leaf-spine,sys1-ice2-p-swi-bel38,sw62p1,sys1-ice2-p-swi-bes26,sw38p1,L1
leaf-spine,sys1-ice2-p-swi-bel38,sw62p2,sys1-ice2-p-swi-bes26,sw38p2,L1
leaf-spine,sys1-ice2-p-swi-bel38,sw63p1,sys1-ice2-p-swi-bes27,sw38p1,L1
leaf-spine,sys1-ice2-p-swi-bel38,sw63p2,sys1-ice2-p-swi-bes27,sw38p2,L1
leaf-spine,sys1-ice2-p-swi-bel38,sw64p1,sys1-ice2-p-swi-bes28,sw38p1,L1
leaf-spine,sys1-ice2-p-swi-bel38,sw64p2,sys1-ice2-p-swi-bes28,sw38p2,L1
leaf-spine,sys1-ice2-p-swi-bel38,sw65p1,sys1-ice2-p-swi-bes29,sw38p1,L1
leaf-spine,sys1-ice2-p-swi-bel38,sw65p2,sys1-ice2-p-swi-bes29,sw38p2,L1
leaf-spine,sys1-ice2-p-swi-bel38,sw66p1,sys1-ice2-p-swi-bes30,sw38p1,L1
leaf-spine,sys1-ice2-p-swi-bel38,sw66p2,sys1-ice2-p-swi-bes30,sw38p2,L1
leaf-spine,sys1-ice2-p-swi-bel38,sw67p1,sys1-ice2-p-swi-bes31,sw38p1,L1
leaf-spine,sys1-ice2-p-swi-bel38,sw67p2,sys1-ice2-p-swi-bes31,sw38p2,L1
leaf-spine,sys1-ice2-p-swi-bel38,sw68p1,sys1-ice2-p-swi-bes32,sw38p1,L1
leaf-spine,sys1-ice2-p-swi-bel38,sw68p2,sys1-ice2-p-swi-bes32,sw38p2,L1
leaf-spine,sys1-ice2-p-swi-bel38,sw69p1,sys1-ice2-p-swi-bes33,sw38p1,L1
leaf-spine,sys1-ice2-p-swi-bel38,sw69p2,sys1-ice2-p-swi-bes33,sw38p2,L1
leaf-spine,sys1-ice2-p-swi-bel38,sw70p1,sys1-ice2-p-swi-bes34,sw38p1,L1
leaf-spine,sys1-ice2-p-swi-bel38,sw70p2,sys1-ice2-p-swi-bes34,sw38p2,L1
leaf-spine,sys1-ice2-p-swi-bel38,sw71p1,sys1-ice2-p-swi-bes35,sw38p1,L1
leaf-spine,sys1-ice2-p-swi-bel38,sw71p2,sys1-ice2-p-swi-bes35,sw38p2,L1
leaf-spine,sys1-ice2-p-swi-bel38,sw72p1,sys1-ice2-p-swi-bes36,sw38p1,L1
leaf-spine,sys1-ice2-p-swi-bel38,sw72p2,sys1-ice2-p-swi-bes36,sw38p2,L1
leaf-spine,sys1-ice2-p-swi-bel39,sw37p1,sys1-ice2-p-swi-bes1,sw39p1,L1
leaf-spine,sys1-ice2-p-swi-bel39,sw37p2,sys1-ice2-p-swi-bes1,sw39p2,L1
leaf-spine,sys1-ice2-p-swi-bel39,sw38p1,sys1-ice2-p-swi-bes2,sw39p1,L1
leaf-spine,sys1-ice2-p-swi-bel39,sw38p2,sys1-ice2-p-swi-bes2,sw39p2,L1
leaf-spine,sys1-ice2-p-swi-bel39,sw39p1,sys1-ice2-p-swi-bes3,sw39p1,L1
leaf-spine,sys1-ice2-p-swi-bel39,sw39p2,sys1-ice2-p-swi-bes3,sw39p2,L1
leaf-spine,sys1-ice2-p-swi-bel39,sw40p1,sys1-ice2-p-swi-bes4,sw39p1,L1
leaf-spine,sys1-ice2-p-swi-bel39,sw40p2,sys1-ice2-p-swi-bes4,sw39p2,L1
leaf-spine,sys1-ice2-p-swi-bel39,sw41p1,sys1-ice2-p-swi-bes5,sw39p1,L1
leaf-spine,sys1-ice2-p-swi-bel39,sw41p2,sys1-ice2-p-swi-bes5,sw39p2,L1
leaf-spine,sys1-ice2-p-swi-bel39,sw42p1,sys1-ice2-p-swi-bes6,sw39p1,L1
leaf-spine,sys1-ice2-p-swi-bel39,sw42p2,sys1-ice2-p-swi-bes6,sw39p2,L1
leaf-spine,sys1-ice2-p-swi-bel39,sw43p1,sys1-ice2-p-swi-bes7,sw39p1,L1
leaf-spine,sys1-ice2-p-swi-bel39,sw43p2,sys1-ice2-p-swi-bes7,sw39p2,L1
leaf-spine,sys1-ice2-p-swi-bel39,sw44p1,sys1-ice2-p-swi-bes8,sw39p1,L1
leaf-spine,sys1-ice2-p-swi-bel39,sw44p2,sys1-ice2-p-swi-bes8,sw39p2,L1
leaf-spine,sys1-ice2-p-swi-bel39,sw45p1,sys1-ice2-p-swi-bes9,sw39p1,L1
leaf-spine,sys1-ice2-p-swi-bel39,sw45p2,sys1-ice2-p-swi-bes9,sw39p2,L1
leaf-spine,sys1-ice2-p-swi-bel39,sw46p1,sys1-ice2-p-swi-bes10,sw39p1,L1
leaf-spine,sys1-ice2-p-swi-bel39,sw46p2,sys1-ice2-p-swi-bes10,sw39p2,L1
leaf-spine,sys1-ice2-p-swi-bel39,sw47p1,sys1-ice2-p-swi-bes11,sw39p1,L1
leaf-spine,sys1-ice2-p-swi-bel39,sw47p2,sys1-ice2-p-swi-bes11,sw39p2,L1
leaf-spine,sys1-ice2-p-swi-bel39,sw48p1,sys1-ice2-p-swi-bes12,sw39p1,L1
leaf-spine,sys1-ice2-p-swi-bel39,sw48p2,sys1-ice2-p-swi-bes12,sw39p2,L1
leaf-spine,sys1-ice2-p-swi-bel39,sw49p1,sys1-ice2-p-swi-bes13,sw39p1,L1
leaf-spine,sys1-ice2-p-swi-bel39,sw49p2,sys1-ice2-p-swi-bes13,sw39p2,L1
leaf-spine,sys1-ice2-p-swi-bel39,sw50p1,sys1-ice2-p-swi-bes14,sw39p1,L1
leaf-spine,sys1-ice2-p-swi-bel39,sw50p2,sys1-ice2-p-swi-bes14,sw39p2,L1
leaf-spine,sys1-ice2-p-swi-bel39,sw51p1,sys1-ice2-p-swi-bes15,sw39p1,L1
leaf-spine,sys1-ice2-p-swi-bel39,sw51p2,sys1-ice2-p-swi-bes15,sw39p2,L1
leaf-spine,sys1-ice2-p-swi-bel39,sw52p1,sys1-ice2-p-swi-bes16,sw39p1,L1
leaf-spine,sys1-ice2-p-swi-bel39,sw52p2,sys1-ice2-p-swi-bes16,sw39p2,L1
leaf-spine,sys1-ice2-p-swi-bel39,sw53p1,sys1-ice2-p-swi-bes17,sw39p1,L1
leaf-spine,sys1-ice2-p-swi-bel39,sw53p2,sys1-ice2-p-swi-bes17,sw39p2,L1
leaf-spine,sys1-ice2-p-swi-bel39,sw54p1,sys1-ice2-p-swi-bes18,sw39p1,L1
leaf-spine,sys1-ice2-p-swi-bel39,sw54p2,sys1-ice2-p-swi-bes18,sw39p2,L1
leaf-spine,sys1-ice2-p-swi-bel39,sw55p1,sys1-ice2-p-swi-bes19,sw39p1,L1
leaf-spine,sys1-ice2-p-swi-bel39,sw55p2,sys1-ice2-p-swi-bes19,sw39p2,L1
leaf-spine,sys1-ice2-p-swi-bel39,sw56p1,sys1-ice2-p-swi-bes20,sw39p1,L1
leaf-spine,sys1-ice2-p-swi-bel39,sw56p2,sys1-ice2-p-swi-bes20,sw39p2,L1
leaf-spine,sys1-ice2-p-swi-bel39,sw57p1,sys1-ice2-p-swi-bes21,sw39p1,L1
leaf-spine,sys1-ice2-p-swi-bel39,sw57p2,sys1-ice2-p-swi-bes21,sw39p2,L1
leaf-spine,sys1-ice2-p-swi-bel39,sw58p1,sys1-ice2-p-swi-bes22,sw39p1,L1
leaf-spine,sys1-ice2-p-swi-bel39,sw58p2,sys1-ice2-p-swi-bes22,sw39p2,L1
leaf-spine,sys1-ice2-p-swi-bel39,sw59p1,sys1-ice2-p-swi-bes23,sw39p1,L1
leaf-spine,sys1-ice2-p-swi-bel39,sw59p2,sys1-ice2-p-swi-bes23,sw39p2,L1
leaf-spine,sys1-ice2-p-swi-bel39,sw60p1,sys1-ice2-p-swi-bes24,sw39p1,L1
leaf-spine,sys1-ice2-p-swi-bel39,sw60p2,sys1-ice2-p-swi-bes24,sw39p2,L1
leaf-spine,sys1-ice2-p-swi-bel39,sw61p1,sys1-ice2-p-swi-bes25,sw39p1,L1
leaf-spine,sys1-ice2-p-swi-bel39,sw61p2,sys1-ice2-p-swi-bes25,sw39p2,L1
leaf-spine,sys1-ice2-p-swi-bel39,sw62p1,sys1-ice2-p-swi-bes26,sw39p1,L1
leaf-spine,sys1-ice2-p-swi-bel39,sw62p2,sys1-ice2-p-swi-bes26,sw39p2,L1
leaf-spine,sys1-ice2-p-swi-bel39,sw63p1,sys1-ice2-p-swi-bes27,sw39p1,L1
leaf-spine,sys1-ice2-p-swi-bel39,sw63p2,sys1-ice2-p-swi-bes27,sw39p2,L1
leaf-spine,sys1-ice2-p-swi-bel39,sw64p1,sys1-ice2-p-swi-bes28,sw39p1,L1
leaf-spine,sys1-ice2-p-swi-bel39,sw64p2,sys1-ice2-p-swi-bes28,sw39p2,L1
leaf-spine,sys1-ice2-p-swi-bel39,sw65p1,sys1-ice2-p-swi-bes29,sw39p1,L1
leaf-spine,sys1-ice2-p-swi-bel39,sw65p2,sys1-ice2-p-swi-bes29,sw39p2,L1
leaf-spine,sys1-ice2-p-swi-bel39,sw66p1,sys1-ice2-p-swi-bes30,sw39p1,L1
leaf-spine,sys1-ice2-p-swi-bel39,sw66p2,sys1-ice2-p-swi-bes30,sw39p2,L1
leaf-spine,sys1-ice2-p-swi-bel39,sw67p1,sys1-ice2-p-swi-bes31,sw39p1,L1
leaf-spine,sys1-ice2-p-swi-bel39,sw67p2,sys1-ice2-p-swi-bes31,sw39p2,L1
leaf-spine,sys1-ice2-p-swi-bel39,sw68p1,sys1-ice2-p-swi-bes32,sw39p1,L1
leaf-spine,sys1-ice2-p-swi-bel39,sw68p2,sys1-ice2-p-swi-bes32,sw39p2,L1
leaf-spine,sys1-ice2-p-swi-bel39,sw69p1,sys1-ice2-p-swi-bes33,sw39p1,L1
leaf-spine,sys1-ice2-p-swi-bel39,sw69p2,sys1-ice2-p-swi-bes33,sw39p2,L1
leaf-spine,sys1-ice2-p-swi-bel39,sw70p1,sys1-ice2-p-swi-bes34,sw39p1,L1
leaf-spine,sys1-ice2-p-swi-bel39,sw70p2,sys1-ice2-p-swi-bes34,sw39p2,L1
leaf-spine,sys1-ice2-p-swi-bel39,sw71p1,sys1-ice2-p-swi-bes35,sw39p1,L1
leaf-spine,sys1-ice2-p-swi-bel39,sw71p2,sys1-ice2-p-swi-bes35,sw39p2,L1
leaf-spine,sys1-ice2-p-swi-bel39,sw72p1,sys1-ice2-p-swi-bes36,sw39p1,L1
leaf-spine,sys1-ice2-p-swi-bel39,sw72p2,sys1-ice2-p-swi-bes36,sw39p2,L1
leaf-spine,sys1-ice2-p-swi-bel40,sw37p1,sys1-ice2-p-swi-bes1,sw40p1,L1
leaf-spine,sys1-ice2-p-swi-bel40,sw37p2,sys1-ice2-p-swi-bes1,sw40p2,L1
leaf-spine,sys1-ice2-p-swi-bel40,sw38p1,sys1-ice2-p-swi-bes2,sw40p1,L1
leaf-spine,sys1-ice2-p-swi-bel40,sw38p2,sys1-ice2-p-swi-bes2,sw40p2,L1
leaf-spine,sys1-ice2-p-swi-bel40,sw39p1,sys1-ice2-p-swi-bes3,sw40p1,L1
leaf-spine,sys1-ice2-p-swi-bel40,sw39p2,sys1-ice2-p-swi-bes3,sw40p2,L1
leaf-spine,sys1-ice2-p-swi-bel40,sw40p1,sys1-ice2-p-swi-bes4,sw40p1,L1
leaf-spine,sys1-ice2-p-swi-bel40,sw40p2,sys1-ice2-p-swi-bes4,sw40p2,L1
leaf-spine,sys1-ice2-p-swi-bel40,sw41p1,sys1-ice2-p-swi-bes5,sw40p1,L1
leaf-spine,sys1-ice2-p-swi-bel40,sw41p2,sys1-ice2-p-swi-bes5,sw40p2,L1
leaf-spine,sys1-ice2-p-swi-bel40,sw42p1,sys1-ice2-p-swi-bes6,sw40p1,L1
leaf-spine,sys1-ice2-p-swi-bel40,sw42p2,sys1-ice2-p-swi-bes6,sw40p2,L1
leaf-spine,sys1-ice2-p-swi-bel40,sw43p1,sys1-ice2-p-swi-bes7,sw40p1,L1
leaf-spine,sys1-ice2-p-swi-bel40,sw43p2,sys1-ice2-p-swi-bes7,sw40p2,L1
leaf-spine,sys1-ice2-p-swi-bel40,sw44p1,sys1-ice2-p-swi-bes8,sw40p1,L1
leaf-spine,sys1-ice2-p-swi-bel40,sw44p2,sys1-ice2-p-swi-bes8,sw40p2,L1
leaf-spine,sys1-ice2-p-swi-bel40,sw45p1,sys1-ice2-p-swi-bes9,sw40p1,L1
leaf-spine,sys1-ice2-p-swi-bel40,sw45p2,sys1-ice2-p-swi-bes9,sw40p2,L1
leaf-spine,sys1-ice2-p-swi-bel40,sw46p1,sys1-ice2-p-swi-bes10,sw40p1,L1
leaf-spine,sys1-ice2-p-swi-bel40,sw46p2,sys1-ice2-p-swi-bes10,sw40p2,L1
leaf-spine,sys1-ice2-p-swi-bel40,sw47p1,sys1-ice2-p-swi-bes11,sw40p1,L1
leaf-spine,sys1-ice2-p-swi-bel40,sw47p2,sys1-ice2-p-swi-bes11,sw40p2,L1
leaf-spine,sys1-ice2-p-swi-bel40,sw48p1,sys1-ice2-p-swi-bes12,sw40p1,L1
leaf-spine,sys1-ice2-p-swi-bel40,sw48p2,sys1-ice2-p-swi-bes12,sw40p2,L1
leaf-spine,sys1-ice2-p-swi-bel40,sw49p1,sys1-ice2-p-swi-bes13,sw40p1,L1
leaf-spine,sys1-ice2-p-swi-bel40,sw49p2,sys1-ice2-p-swi-bes13,sw40p2,L1
leaf-spine,sys1-ice2-p-swi-bel40,sw50p1,sys1-ice2-p-swi-bes14,sw40p1,L1
leaf-spine,sys1-ice2-p-swi-bel40,sw50p2,sys1-ice2-p-swi-bes14,sw40p2,L1
leaf-spine,sys1-ice2-p-swi-bel40,sw51p1,sys1-ice2-p-swi-bes15,sw40p1,L1
leaf-spine,sys1-ice2-p-swi-bel40,sw51p2,sys1-ice2-p-swi-bes15,sw40p2,L1
leaf-spine,sys1-ice2-p-swi-bel40,sw52p1,sys1-ice2-p-swi-bes16,sw40p1,L1
leaf-spine,sys1-ice2-p-swi-bel40,sw52p2,sys1-ice2-p-swi-bes16,sw40p2,L1
leaf-spine,sys1-ice2-p-swi-bel40,sw53p1,sys1-ice2-p-swi-bes17,sw40p1,L1
leaf-spine,sys1-ice2-p-swi-bel40,sw53p2,sys1-ice2-p-swi-bes17,sw40p2,L1
leaf-spine,sys1-ice2-p-swi-bel40,sw54p1,sys1-ice2-p-swi-bes18,sw40p1,L1
leaf-spine,sys1-ice2-p-swi-bel40,sw54p2,sys1-ice2-p-swi-bes18,sw40p2,L1
leaf-spine,sys1-ice2-p-swi-bel40,sw55p1,sys1-ice2-p-swi-bes19,sw40p1,L1
leaf-spine,sys1-ice2-p-swi-bel40,sw55p2,sys1-ice2-p-swi-bes19,sw40p2,L1
leaf-spine,sys1-ice2-p-swi-bel40,sw56p1,sys1-ice2-p-swi-bes20,sw40p1,L1
leaf-spine,sys1-ice2-p-swi-bel40,sw56p2,sys1-ice2-p-swi-bes20,sw40p2,L1
leaf-spine,sys1-ice2-p-swi-bel40,sw57p1,sys1-ice2-p-swi-bes21,sw40p1,L1
leaf-spine,sys1-ice2-p-swi-bel40,sw57p2,sys1-ice2-p-swi-bes21,sw40p2,L1
leaf-spine,sys1-ice2-p-swi-bel40,sw58p1,sys1-ice2-p-swi-bes22,sw40p1,L1
leaf-spine,sys1-ice2-p-swi-bel40,sw58p2,sys1-ice2-p-swi-bes22,sw40p2,L1
leaf-spine,sys1-ice2-p-swi-bel40,sw59p1,sys1-ice2-p-swi-bes23,sw40p1,L1
leaf-spine,sys1-ice2-p-swi-bel40,sw59p2,sys1-ice2-p-swi-bes23,sw40p2,L1
leaf-spine,sys1-ice2-p-swi-bel40,sw60p1,sys1-ice2-p-swi-bes24,sw40p1,L1
leaf-spine,sys1-ice2-p-swi-bel40,sw60p2,sys1-ice2-p-swi-bes24,sw40p2,L1
leaf-spine,sys1-ice2-p-swi-bel40,sw61p1,sys1-ice2-p-swi-bes25,sw40p1,L1
leaf-spine,sys1-ice2-p-swi-bel40,sw61p2,sys1-ice2-p-swi-bes25,sw40p2,L1
leaf-spine,sys1-ice2-p-swi-bel40,sw62p1,sys1-ice2-p-swi-bes26,sw40p1,L1
leaf-spine,sys1-ice2-p-swi-bel40,sw62p2,sys1-ice2-p-swi-bes26,sw40p2,L1
leaf-spine,sys1-ice2-p-swi-bel40,sw63p1,sys1-ice2-p-swi-bes27,sw40p1,L1
leaf-spine,sys1-ice2-p-swi-bel40,sw63p2,sys1-ice2-p-swi-bes27,sw40p2,L1
leaf-spine,sys1-ice2-p-swi-bel40,sw64p1,sys1-ice2-p-swi-bes28,sw40p1,L1
leaf-spine,sys1-ice2-p-swi-bel40,sw64p2,sys1-ice2-p-swi-bes28,sw40p2,L1
leaf-spine,sys1-ice2-p-swi-bel40,sw65p1,sys1-ice2-p-swi-bes29,sw40p1,L1
leaf-spine,sys1-ice2-p-swi-bel40,sw65p2,sys1-ice2-p-swi-bes29,sw40p2,L1
leaf-spine,sys1-ice2-p-swi-bel40,sw66p1,sys1-ice2-p-swi-bes30,sw40p1,L1
leaf-spine,sys1-ice2-p-swi-bel40,sw66p2,sys1-ice2-p-swi-bes30,sw40p2,L1
leaf-spine,sys1-ice2-p-swi-bel40,sw67p1,sys1-ice2-p-swi-bes31,sw40p1,L1
leaf-spine,sys1-ice2-p-swi-bel40,sw67p2,sys1-ice2-p-swi-bes31,sw40p2,L1
leaf-spine,sys1-ice2-p-swi-bel40,sw68p1,sys1-ice2-p-swi-bes32,sw40p1,L1
leaf-spine,sys1-ice2-p-swi-bel40,sw68p2,sys1-ice2-p-swi-bes32,sw40p2,L1
leaf-spine,sys1-ice2-p-swi-bel40,sw69p1,sys1-ice2-p-swi-bes33,sw40p1,L1
leaf-spine,sys1-ice2-p-swi-bel40,sw69p2,sys1-ice2-p-swi-bes33,sw40p2,L1
leaf-spine,sys1-ice2-p-swi-bel40,sw70p1,sys1-ice2-p-swi-bes34,sw40p1,L1
leaf-spine,sys1-ice2-p-swi-bel40,sw70p2,sys1-ice2-p-swi-bes34,sw40p2,L1
leaf-spine,sys1-ice2-p-swi-bel40,sw71p1,sys1-ice2-p-swi-bes35,sw40p1,L1
leaf-spine,sys1-ice2-p-swi-bel40,sw71p2,sys1-ice2-p-swi-bes35,sw40p2,L1
leaf-spine,sys1-ice2-p-swi-bel40,sw72p1,sys1-ice2-p-swi-bes36,sw40p1,L1
leaf-spine,sys1-ice2-p-swi-bel40,sw72p2,sys1-ice2-p-swi-bes36,sw40p2,L1
leaf-spine,sys1-ice2-p-swi-bel41,sw37p1,sys1-ice2-p-swi-bes1,sw41p1,L1
leaf-spine,sys1-ice2-p-swi-bel41,sw37p2,sys1-ice2-p-swi-bes1,sw41p2,L1
leaf-spine,sys1-ice2-p-swi-bel41,sw38p1,sys1-ice2-p-swi-bes2,sw41p1,L1
leaf-spine,sys1-ice2-p-swi-bel41,sw38p2,sys1-ice2-p-swi-bes2,sw41p2,L1
leaf-spine,sys1-ice2-p-swi-bel41,sw39p1,sys1-ice2-p-swi-bes3,sw41p1,L1
leaf-spine,sys1-ice2-p-swi-bel41,sw39p2,sys1-ice2-p-swi-bes3,sw41p2,L1
leaf-spine,sys1-ice2-p-swi-bel41,sw40p1,sys1-ice2-p-swi-bes4,sw41p1,L1
leaf-spine,sys1-ice2-p-swi-bel41,sw40p2,sys1-ice2-p-swi-bes4,sw41p2,L1
leaf-spine,sys1-ice2-p-swi-bel41,sw41p1,sys1-ice2-p-swi-bes5,sw41p1,L1
leaf-spine,sys1-ice2-p-swi-bel41,sw41p2,sys1-ice2-p-swi-bes5,sw41p2,L1
leaf-spine,sys1-ice2-p-swi-bel41,sw42p1,sys1-ice2-p-swi-bes6,sw41p1,L1
leaf-spine,sys1-ice2-p-swi-bel41,sw42p2,sys1-ice2-p-swi-bes6,sw41p2,L1
leaf-spine,sys1-ice2-p-swi-bel41,sw43p1,sys1-ice2-p-swi-bes7,sw41p1,L1
leaf-spine,sys1-ice2-p-swi-bel41,sw43p2,sys1-ice2-p-swi-bes7,sw41p2,L1
leaf-spine,sys1-ice2-p-swi-bel41,sw44p1,sys1-ice2-p-swi-bes8,sw41p1,L1
leaf-spine,sys1-ice2-p-swi-bel41,sw44p2,sys1-ice2-p-swi-bes8,sw41p2,L1
leaf-spine,sys1-ice2-p-swi-bel41,sw45p1,sys1-ice2-p-swi-bes9,sw41p1,L1
leaf-spine,sys1-ice2-p-swi-bel41,sw45p2,sys1-ice2-p-swi-bes9,sw41p2,L1
leaf-spine,sys1-ice2-p-swi-bel41,sw46p1,sys1-ice2-p-swi-bes10,sw41p1,L1
leaf-spine,sys1-ice2-p-swi-bel41,sw46p2,sys1-ice2-p-swi-bes10,sw41p2,L1
leaf-spine,sys1-ice2-p-swi-bel41,sw47p1,sys1-ice2-p-swi-bes11,sw41p1,L1
leaf-spine,sys1-ice2-p-swi-bel41,sw47p2,sys1-ice2-p-swi-bes11,sw41p2,L1
leaf-spine,sys1-ice2-p-swi-bel41,sw48p1,sys1-ice2-p-swi-bes12,sw41p1,L1
leaf-spine,sys1-ice2-p-swi-bel41,sw48p2,sys1-ice2-p-swi-bes12,sw41p2,L1
leaf-spine,sys1-ice2-p-swi-bel41,sw49p1,sys1-ice2-p-swi-bes13,sw41p1,L1
leaf-spine,sys1-ice2-p-swi-bel41,sw49p2,sys1-ice2-p-swi-bes13,sw41p2,L1
leaf-spine,sys1-ice2-p-swi-bel41,sw50p1,sys1-ice2-p-swi-bes14,sw41p1,L1
leaf-spine,sys1-ice2-p-swi-bel41,sw50p2,sys1-ice2-p-swi-bes14,sw41p2,L1
leaf-spine,sys1-ice2-p-swi-bel41,sw51p1,sys1-ice2-p-swi-bes15,sw41p1,L1
leaf-spine,sys1-ice2-p-swi-bel41,sw51p2,sys1-ice2-p-swi-bes15,sw41p2,L1
leaf-spine,sys1-ice2-p-swi-bel41,sw52p1,sys1-ice2-p-swi-bes16,sw41p1,L1
leaf-spine,sys1-ice2-p-swi-bel41,sw52p2,sys1-ice2-p-swi-bes16,sw41p2,L1
leaf-spine,sys1-ice2-p-swi-bel41,sw53p1,sys1-ice2-p-swi-bes17,sw41p1,L1
leaf-spine,sys1-ice2-p-swi-bel41,sw53p2,sys1-ice2-p-swi-bes17,sw41p2,L1
leaf-spine,sys1-ice2-p-swi-bel41,sw54p1,sys1-ice2-p-swi-bes18,sw41p1,L1
leaf-spine,sys1-ice2-p-swi-bel41,sw54p2,sys1-ice2-p-swi-bes18,sw41p2,L1
leaf-spine,sys1-ice2-p-swi-bel41,sw55p1,sys1-ice2-p-swi-bes19,sw41p1,L1
leaf-spine,sys1-ice2-p-swi-bel41,sw55p2,sys1-ice2-p-swi-bes19,sw41p2,L1
leaf-spine,sys1-ice2-p-swi-bel41,sw56p1,sys1-ice2-p-swi-bes20,sw41p1,L1
leaf-spine,sys1-ice2-p-swi-bel41,sw56p2,sys1-ice2-p-swi-bes20,sw41p2,L1
leaf-spine,sys1-ice2-p-swi-bel41,sw57p1,sys1-ice2-p-swi-bes21,sw41p1,L1
leaf-spine,sys1-ice2-p-swi-bel41,sw57p2,sys1-ice2-p-swi-bes21,sw41p2,L1
leaf-spine,sys1-ice2-p-swi-bel41,sw58p1,sys1-ice2-p-swi-bes22,sw41p1,L1
leaf-spine,sys1-ice2-p-swi-bel41,sw58p2,sys1-ice2-p-swi-bes22,sw41p2,L1
leaf-spine,sys1-ice2-p-swi-bel41,sw59p1,sys1-ice2-p-swi-bes23,sw41p1,L1
leaf-spine,sys1-ice2-p-swi-bel41,sw59p2,sys1-ice2-p-swi-bes23,sw41p2,L1
leaf-spine,sys1-ice2-p-swi-bel41,sw60p1,sys1-ice2-p-swi-bes24,sw41p1,L1
leaf-spine,sys1-ice2-p-swi-bel41,sw60p2,sys1-ice2-p-swi-bes24,sw41p2,L1
leaf-spine,sys1-ice2-p-swi-bel41,sw61p1,sys1-ice2-p-swi-bes25,sw41p1,L1
leaf-spine,sys1-ice2-p-swi-bel41,sw61p2,sys1-ice2-p-swi-bes25,sw41p2,L1
leaf-spine,sys1-ice2-p-swi-bel41,sw62p1,sys1-ice2-p-swi-bes26,sw41p1,L1
leaf-spine,sys1-ice2-p-swi-bel41,sw62p2,sys1-ice2-p-swi-bes26,sw41p2,L1
leaf-spine,sys1-ice2-p-swi-bel41,sw63p1,sys1-ice2-p-swi-bes27,sw41p1,L1
leaf-spine,sys1-ice2-p-swi-bel41,sw63p2,sys1-ice2-p-swi-bes27,sw41p2,L1
leaf-spine,sys1-ice2-p-swi-bel41,sw64p1,sys1-ice2-p-swi-bes28,sw41p1,L1
leaf-spine,sys1-ice2-p-swi-bel41,sw64p2,sys1-ice2-p-swi-bes28,sw41p2,L1
leaf-spine,sys1-ice2-p-swi-bel41,sw65p1,sys1-ice2-p-swi-bes29,sw41p1,L1
leaf-spine,sys1-ice2-p-swi-bel41,sw65p2,sys1-ice2-p-swi-bes29,sw41p2,L1
leaf-spine,sys1-ice2-p-swi-bel41,sw66p1,sys1-ice2-p-swi-bes30,sw41p1,L1
leaf-spine,sys1-ice2-p-swi-bel41,sw66p2,sys1-ice2-p-swi-bes30,sw41p2,L1
leaf-spine,sys1-ice2-p-swi-bel41,sw67p1,sys1-ice2-p-swi-bes31,sw41p1,L1
leaf-spine,sys1-ice2-p-swi-bel41,sw67p2,sys1-ice2-p-swi-bes31,sw41p2,L1
leaf-spine,sys1-ice2-p-swi-bel41,sw68p1,sys1-ice2-p-swi-bes32,sw41p1,L1
leaf-spine,sys1-ice2-p-swi-bel41,sw68p2,sys1-ice2-p-swi-bes32,sw41p2,L1
leaf-spine,sys1-ice2-p-swi-bel41,sw69p1,sys1-ice2-p-swi-bes33,sw41p1,L1
leaf-spine,sys1-ice2-p-swi-bel41,sw69p2,sys1-ice2-p-swi-bes33,sw41p2,L1
leaf-spine,sys1-ice2-p-swi-bel41,sw70p1,sys1-ice2-p-swi-bes34,sw41p1,L1
leaf-spine,sys1-ice2-p-swi-bel41,sw70p2,sys1-ice2-p-swi-bes34,sw41p2,L1
leaf-spine,sys1-ice2-p-swi-bel41,sw71p1,sys1-ice2-p-swi-bes35,sw41p1,L1
leaf-spine,sys1-ice2-p-swi-bel41,sw71p2,sys1-ice2-p-swi-bes35,sw41p2,L1
leaf-spine,sys1-ice2-p-swi-bel41,sw72p1,sys1-ice2-p-swi-bes36,sw41p1,L1
leaf-spine,sys1-ice2-p-swi-bel41,sw72p2,sys1-ice2-p-swi-bes36,sw41p2,L1
leaf-spine,sys1-ice2-p-swi-bel42,sw37p1,sys1-ice2-p-swi-bes1,sw42p1,L1
leaf-spine,sys1-ice2-p-swi-bel42,sw37p2,sys1-ice2-p-swi-bes1,sw42p2,L1
leaf-spine,sys1-ice2-p-swi-bel42,sw38p1,sys1-ice2-p-swi-bes2,sw42p1,L1
leaf-spine,sys1-ice2-p-swi-bel42,sw38p2,sys1-ice2-p-swi-bes2,sw42p2,L1
leaf-spine,sys1-ice2-p-swi-bel42,sw39p1,sys1-ice2-p-swi-bes3,sw42p1,L1
leaf-spine,sys1-ice2-p-swi-bel42,sw39p2,sys1-ice2-p-swi-bes3,sw42p2,L1
leaf-spine,sys1-ice2-p-swi-bel42,sw40p1,sys1-ice2-p-swi-bes4,sw42p1,L1
leaf-spine,sys1-ice2-p-swi-bel42,sw40p2,sys1-ice2-p-swi-bes4,sw42p2,L1
leaf-spine,sys1-ice2-p-swi-bel42,sw41p1,sys1-ice2-p-swi-bes5,sw42p1,L1
leaf-spine,sys1-ice2-p-swi-bel42,sw41p2,sys1-ice2-p-swi-bes5,sw42p2,L1
leaf-spine,sys1-ice2-p-swi-bel42,sw42p1,sys1-ice2-p-swi-bes6,sw42p1,L1
leaf-spine,sys1-ice2-p-swi-bel42,sw42p2,sys1-ice2-p-swi-bes6,sw42p2,L1
leaf-spine,sys1-ice2-p-swi-bel42,sw43p1,sys1-ice2-p-swi-bes7,sw42p1,L1
leaf-spine,sys1-ice2-p-swi-bel42,sw43p2,sys1-ice2-p-swi-bes7,sw42p2,L1
leaf-spine,sys1-ice2-p-swi-bel42,sw44p1,sys1-ice2-p-swi-bes8,sw42p1,L1
leaf-spine,sys1-ice2-p-swi-bel42,sw44p2,sys1-ice2-p-swi-bes8,sw42p2,L1
leaf-spine,sys1-ice2-p-swi-bel42,sw45p1,sys1-ice2-p-swi-bes9,sw42p1,L1
leaf-spine,sys1-ice2-p-swi-bel42,sw45p2,sys1-ice2-p-swi-bes9,sw42p2,L1
leaf-spine,sys1-ice2-p-swi-bel42,sw46p1,sys1-ice2-p-swi-bes10,sw42p1,L1
leaf-spine,sys1-ice2-p-swi-bel42,sw46p2,sys1-ice2-p-swi-bes10,sw42p2,L1
leaf-spine,sys1-ice2-p-swi-bel42,sw47p1,sys1-ice2-p-swi-bes11,sw42p1,L1
leaf-spine,sys1-ice2-p-swi-bel42,sw47p2,sys1-ice2-p-swi-bes11,sw42p2,L1
leaf-spine,sys1-ice2-p-swi-bel42,sw48p1,sys1-ice2-p-swi-bes12,sw42p1,L1
leaf-spine,sys1-ice2-p-swi-bel42,sw48p2,sys1-ice2-p-swi-bes12,sw42p2,L1
leaf-spine,sys1-ice2-p-swi-bel42,sw49p1,sys1-ice2-p-swi-bes13,sw42p1,L1
leaf-spine,sys1-ice2-p-swi-bel42,sw49p2,sys1-ice2-p-swi-bes13,sw42p2,L1
leaf-spine,sys1-ice2-p-swi-bel42,sw50p1,sys1-ice2-p-swi-bes14,sw42p1,L1
leaf-spine,sys1-ice2-p-swi-bel42,sw50p2,sys1-ice2-p-swi-bes14,sw42p2,L1
leaf-spine,sys1-ice2-p-swi-bel42,sw51p1,sys1-ice2-p-swi-bes15,sw42p1,L1
leaf-spine,sys1-ice2-p-swi-bel42,sw51p2,sys1-ice2-p-swi-bes15,sw42p2,L1
leaf-spine,sys1-ice2-p-swi-bel42,sw52p1,sys1-ice2-p-swi-bes16,sw42p1,L1
leaf-spine,sys1-ice2-p-swi-bel42,sw52p2,sys1-ice2-p-swi-bes16,sw42p2,L1
leaf-spine,sys1-ice2-p-swi-bel42,sw53p1,sys1-ice2-p-swi-bes17,sw42p1,L1
leaf-spine,sys1-ice2-p-swi-bel42,sw53p2,sys1-ice2-p-swi-bes17,sw42p2,L1
leaf-spine,sys1-ice2-p-swi-bel42,sw54p1,sys1-ice2-p-swi-bes18,sw42p1,L1
leaf-spine,sys1-ice2-p-swi-bel42,sw54p2,sys1-ice2-p-swi-bes18,sw42p2,L1
leaf-spine,sys1-ice2-p-swi-bel42,sw55p1,sys1-ice2-p-swi-bes19,sw42p1,L1
leaf-spine,sys1-ice2-p-swi-bel42,sw55p2,sys1-ice2-p-swi-bes19,sw42p2,L1
leaf-spine,sys1-ice2-p-swi-bel42,sw56p1,sys1-ice2-p-swi-bes20,sw42p1,L1
leaf-spine,sys1-ice2-p-swi-bel42,sw56p2,sys1-ice2-p-swi-bes20,sw42p2,L1
leaf-spine,sys1-ice2-p-swi-bel42,sw57p1,sys1-ice2-p-swi-bes21,sw42p1,L1
leaf-spine,sys1-ice2-p-swi-bel42,sw57p2,sys1-ice2-p-swi-bes21,sw42p2,L1
leaf-spine,sys1-ice2-p-swi-bel42,sw58p1,sys1-ice2-p-swi-bes22,sw42p1,L1
leaf-spine,sys1-ice2-p-swi-bel42,sw58p2,sys1-ice2-p-swi-bes22,sw42p2,L1
leaf-spine,sys1-ice2-p-swi-bel42,sw59p1,sys1-ice2-p-swi-bes23,sw42p1,L1
leaf-spine,sys1-ice2-p-swi-bel42,sw59p2,sys1-ice2-p-swi-bes23,sw42p2,L1
leaf-spine,sys1-ice2-p-swi-bel42,sw60p1,sys1-ice2-p-swi-bes24,sw42p1,L1
leaf-spine,sys1-ice2-p-swi-bel42,sw60p2,sys1-ice2-p-swi-bes24,sw42p2,L1
leaf-spine,sys1-ice2-p-swi-bel42,sw61p1,sys1-ice2-p-swi-bes25,sw42p1,L1
leaf-spine,sys1-ice2-p-swi-bel42,sw61p2,sys1-ice2-p-swi-bes25,sw42p2,L1
leaf-spine,sys1-ice2-p-swi-bel42,sw62p1,sys1-ice2-p-swi-bes26,sw42p1,L1
leaf-spine,sys1-ice2-p-swi-bel42,sw62p2,sys1-ice2-p-swi-bes26,sw42p2,L1
leaf-spine,sys1-ice2-p-swi-bel42,sw63p1,sys1-ice2-p-swi-bes27,sw42p1,L1
leaf-spine,sys1-ice2-p-swi-bel42,sw63p2,sys1-ice2-p-swi-bes27,sw42p2,L1
leaf-spine,sys1-ice2-p-swi-bel42,sw64p1,sys1-ice2-p-swi-bes28,sw42p1,L1
leaf-spine,sys1-ice2-p-swi-bel42,sw64p2,sys1-ice2-p-swi-bes28,sw42p2,L1
leaf-spine,sys1-ice2-p-swi-bel42,sw65p1,sys1-ice2-p-swi-bes29,sw42p1,L1
leaf-spine,sys1-ice2-p-swi-bel42,sw65p2,sys1-ice2-p-swi-bes29,sw42p2,L1
leaf-spine,sys1-ice2-p-swi-bel42,sw66p1,sys1-ice2-p-swi-bes30,sw42p1,L1
leaf-spine,sys1-ice2-p-swi-bel42,sw66p2,sys1-ice2-p-swi-bes30,sw42p2,L1
leaf-spine,sys1-ice2-p-swi-bel42,sw67p1,sys1-ice2-p-swi-bes31,sw42p1,L1
leaf-spine,sys1-ice2-p-swi-bel42,sw67p2,sys1-ice2-p-swi-bes31,sw42p2,L1
leaf-spine,sys1-ice2-p-swi-bel42,sw68p1,sys1-ice2-p-swi-bes32,sw42p1,L1
leaf-spine,sys1-ice2-p-swi-bel42,sw68p2,sys1-ice2-p-swi-bes32,sw42p2,L1
leaf-spine,sys1-ice2-p-swi-bel42,sw69p1,sys1-ice2-p-swi-bes33,sw42p1,L1
leaf-spine,sys1-ice2-p-swi-bel42,sw69p2,sys1-ice2-p-swi-bes33,sw42p2,L1
leaf-spine,sys1-ice2-p-swi-bel42,sw70p1,sys1-ice2-p-swi-bes34,sw42p1,L1
leaf-spine,sys1-ice2-p-swi-bel42,sw70p2,sys1-ice2-p-swi-bes34,sw42p2,L1
leaf-spine,sys1-ice2-p-swi-bel42,sw71p1,sys1-ice2-p-swi-bes35,sw42p1,L1
leaf-spine,sys1-ice2-p-swi-bel42,sw71p2,sys1-ice2-p-swi-bes35,sw42p2,L1
leaf-spine,sys1-ice2-p-swi-bel42,sw72p1,sys1-ice2-p-swi-bes36,sw42p1,L1
leaf-spine,sys1-ice2-p-swi-bel42,sw72p2,sys1-ice2-p-swi-bes36,sw42p2,L1
leaf-spine,sys1-ice2-p-swi-bel43,sw37p1,sys1-ice2-p-swi-bes1,sw43p1,L1
leaf-spine,sys1-ice2-p-swi-bel43,sw37p2,sys1-ice2-p-swi-bes1,sw43p2,L1
leaf-spine,sys1-ice2-p-swi-bel43,sw38p1,sys1-ice2-p-swi-bes2,sw43p1,L1
leaf-spine,sys1-ice2-p-swi-bel43,sw38p2,sys1-ice2-p-swi-bes2,sw43p2,L1
leaf-spine,sys1-ice2-p-swi-bel43,sw39p1,sys1-ice2-p-swi-bes3,sw43p1,L1
leaf-spine,sys1-ice2-p-swi-bel43,sw39p2,sys1-ice2-p-swi-bes3,sw43p2,L1
leaf-spine,sys1-ice2-p-swi-bel43,sw40p1,sys1-ice2-p-swi-bes4,sw43p1,L1
leaf-spine,sys1-ice2-p-swi-bel43,sw40p2,sys1-ice2-p-swi-bes4,sw43p2,L1
leaf-spine,sys1-ice2-p-swi-bel43,sw41p1,sys1-ice2-p-swi-bes5,sw43p1,L1
leaf-spine,sys1-ice2-p-swi-bel43,sw41p2,sys1-ice2-p-swi-bes5,sw43p2,L1
leaf-spine,sys1-ice2-p-swi-bel43,sw42p1,sys1-ice2-p-swi-bes6,sw43p1,L1
leaf-spine,sys1-ice2-p-swi-bel43,sw42p2,sys1-ice2-p-swi-bes6,sw43p2,L1
leaf-spine,sys1-ice2-p-swi-bel43,sw43p1,sys1-ice2-p-swi-bes7,sw43p1,L1
leaf-spine,sys1-ice2-p-swi-bel43,sw43p2,sys1-ice2-p-swi-bes7,sw43p2,L1
leaf-spine,sys1-ice2-p-swi-bel43,sw44p1,sys1-ice2-p-swi-bes8,sw43p1,L1
leaf-spine,sys1-ice2-p-swi-bel43,sw44p2,sys1-ice2-p-swi-bes8,sw43p2,L1
leaf-spine,sys1-ice2-p-swi-bel43,sw45p1,sys1-ice2-p-swi-bes9,sw43p1,L1
leaf-spine,sys1-ice2-p-swi-bel43,sw45p2,sys1-ice2-p-swi-bes9,sw43p2,L1
leaf-spine,sys1-ice2-p-swi-bel43,sw46p1,sys1-ice2-p-swi-bes10,sw43p1,L1
leaf-spine,sys1-ice2-p-swi-bel43,sw46p2,sys1-ice2-p-swi-bes10,sw43p2,L1
leaf-spine,sys1-ice2-p-swi-bel43,sw47p1,sys1-ice2-p-swi-bes11,sw43p1,L1
leaf-spine,sys1-ice2-p-swi-bel43,sw47p2,sys1-ice2-p-swi-bes11,sw43p2,L1
leaf-spine,sys1-ice2-p-swi-bel43,sw48p1,sys1-ice2-p-swi-bes12,sw43p1,L1
leaf-spine,sys1-ice2-p-swi-bel43,sw48p2,sys1-ice2-p-swi-bes12,sw43p2,L1
leaf-spine,sys1-ice2-p-swi-bel43,sw49p1,sys1-ice2-p-swi-bes13,sw43p1,L1
leaf-spine,sys1-ice2-p-swi-bel43,sw49p2,sys1-ice2-p-swi-bes13,sw43p2,L1
leaf-spine,sys1-ice2-p-swi-bel43,sw50p1,sys1-ice2-p-swi-bes14,sw43p1,L1
leaf-spine,sys1-ice2-p-swi-bel43,sw50p2,sys1-ice2-p-swi-bes14,sw43p2,L1
leaf-spine,sys1-ice2-p-swi-bel43,sw51p1,sys1-ice2-p-swi-bes15,sw43p1,L1
leaf-spine,sys1-ice2-p-swi-bel43,sw51p2,sys1-ice2-p-swi-bes15,sw43p2,L1
leaf-spine,sys1-ice2-p-swi-bel43,sw52p1,sys1-ice2-p-swi-bes16,sw43p1,L1
leaf-spine,sys1-ice2-p-swi-bel43,sw52p2,sys1-ice2-p-swi-bes16,sw43p2,L1
leaf-spine,sys1-ice2-p-swi-bel43,sw53p1,sys1-ice2-p-swi-bes17,sw43p1,L1
leaf-spine,sys1-ice2-p-swi-bel43,sw53p2,sys1-ice2-p-swi-bes17,sw43p2,L1
leaf-spine,sys1-ice2-p-swi-bel43,sw54p1,sys1-ice2-p-swi-bes18,sw43p1,L1
leaf-spine,sys1-ice2-p-swi-bel43,sw54p2,sys1-ice2-p-swi-bes18,sw43p2,L1
leaf-spine,sys1-ice2-p-swi-bel43,sw55p1,sys1-ice2-p-swi-bes19,sw43p1,L1
leaf-spine,sys1-ice2-p-swi-bel43,sw55p2,sys1-ice2-p-swi-bes19,sw43p2,L1
leaf-spine,sys1-ice2-p-swi-bel43,sw56p1,sys1-ice2-p-swi-bes20,sw43p1,L1
leaf-spine,sys1-ice2-p-swi-bel43,sw56p2,sys1-ice2-p-swi-bes20,sw43p2,L1
leaf-spine,sys1-ice2-p-swi-bel43,sw57p1,sys1-ice2-p-swi-bes21,sw43p1,L1
leaf-spine,sys1-ice2-p-swi-bel43,sw57p2,sys1-ice2-p-swi-bes21,sw43p2,L1
leaf-spine,sys1-ice2-p-swi-bel43,sw58p1,sys1-ice2-p-swi-bes22,sw43p1,L1
leaf-spine,sys1-ice2-p-swi-bel43,sw58p2,sys1-ice2-p-swi-bes22,sw43p2,L1
leaf-spine,sys1-ice2-p-swi-bel43,sw59p1,sys1-ice2-p-swi-bes23,sw43p1,L1
leaf-spine,sys1-ice2-p-swi-bel43,sw59p2,sys1-ice2-p-swi-bes23,sw43p2,L1
leaf-spine,sys1-ice2-p-swi-bel43,sw60p1,sys1-ice2-p-swi-bes24,sw43p1,L1
leaf-spine,sys1-ice2-p-swi-bel43,sw60p2,sys1-ice2-p-swi-bes24,sw43p2,L1
leaf-spine,sys1-ice2-p-swi-bel43,sw61p1,sys1-ice2-p-swi-bes25,sw43p1,L1
leaf-spine,sys1-ice2-p-swi-bel43,sw61p2,sys1-ice2-p-swi-bes25,sw43p2,L1
leaf-spine,sys1-ice2-p-swi-bel43,sw62p1,sys1-ice2-p-swi-bes26,sw43p1,L1
leaf-spine,sys1-ice2-p-swi-bel43,sw62p2,sys1-ice2-p-swi-bes26,sw43p2,L1
leaf-spine,sys1-ice2-p-swi-bel43,sw63p1,sys1-ice2-p-swi-bes27,sw43p1,L1
leaf-spine,sys1-ice2-p-swi-bel43,sw63p2,sys1-ice2-p-swi-bes27,sw43p2,L1
leaf-spine,sys1-ice2-p-swi-bel43,sw64p1,sys1-ice2-p-swi-bes28,sw43p1,L1
leaf-spine,sys1-ice2-p-swi-bel43,sw64p2,sys1-ice2-p-swi-bes28,sw43p2,L1
leaf-spine,sys1-ice2-p-swi-bel43,sw65p1,sys1-ice2-p-swi-bes29,sw43p1,L1
leaf-spine,sys1-ice2-p-swi-bel43,sw65p2,sys1-ice2-p-swi-bes29,sw43p2,L1
leaf-spine,sys1-ice2-p-swi-bel43,sw66p1,sys1-ice2-p-swi-bes30,sw43p1,L1
leaf-spine,sys1-ice2-p-swi-bel43,sw66p2,sys1-ice2-p-swi-bes30,sw43p2,L1
leaf-spine,sys1-ice2-p-swi-bel43,sw67p1,sys1-ice2-p-swi-bes31,sw43p1,L1
leaf-spine,sys1-ice2-p-swi-bel43,sw67p2,sys1-ice2-p-swi-bes31,sw43p2,L1
leaf-spine,sys1-ice2-p-swi-bel43,sw68p1,sys1-ice2-p-swi-bes32,sw43p1,L1
leaf-spine,sys1-ice2-p-swi-bel43,sw68p2,sys1-ice2-p-swi-bes32,sw43p2,L1
leaf-spine,sys1-ice2-p-swi-bel43,sw69p1,sys1-ice2-p-swi-bes33,sw43p1,L1
leaf-spine,sys1-ice2-p-swi-bel43,sw69p2,sys1-ice2-p-swi-bes33,sw43p2,L1
leaf-spine,sys1-ice2-p-swi-bel43,sw70p1,sys1-ice2-p-swi-bes34,sw43p1,L1
leaf-spine,sys1-ice2-p-swi-bel43,sw70p2,sys1-ice2-p-swi-bes34,sw43p2,L1
leaf-spine,sys1-ice2-p-swi-bel43,sw71p1,sys1-ice2-p-swi-bes35,sw43p1,L1
leaf-spine,sys1-ice2-p-swi-bel43,sw71p2,sys1-ice2-p-swi-bes35,sw43p2,L1
leaf-spine,sys1-ice2-p-swi-bel43,sw72p1,sys1-ice2-p-swi-bes36,sw43p1,L1
leaf-spine,sys1-ice2-p-swi-bel43,sw72p2,sys1-ice2-p-swi-bes36,sw43p2,L1
leaf-spine,sys1-ice2-p-swi-bel44,sw37p1,sys1-ice2-p-swi-bes1,sw44p1,L1
leaf-spine,sys1-ice2-p-swi-bel44,sw37p2,sys1-ice2-p-swi-bes1,sw44p2,L1
leaf-spine,sys1-ice2-p-swi-bel44,sw38p1,sys1-ice2-p-swi-bes2,sw44p1,L1
leaf-spine,sys1-ice2-p-swi-bel44,sw38p2,sys1-ice2-p-swi-bes2,sw44p2,L1
leaf-spine,sys1-ice2-p-swi-bel44,sw39p1,sys1-ice2-p-swi-bes3,sw44p1,L1
leaf-spine,sys1-ice2-p-swi-bel44,sw39p2,sys1-ice2-p-swi-bes3,sw44p2,L1
leaf-spine,sys1-ice2-p-swi-bel44,sw40p1,sys1-ice2-p-swi-bes4,sw44p1,L1
leaf-spine,sys1-ice2-p-swi-bel44,sw40p2,sys1-ice2-p-swi-bes4,sw44p2,L1
leaf-spine,sys1-ice2-p-swi-bel44,sw41p1,sys1-ice2-p-swi-bes5,sw44p1,L1
leaf-spine,sys1-ice2-p-swi-bel44,sw41p2,sys1-ice2-p-swi-bes5,sw44p2,L1
leaf-spine,sys1-ice2-p-swi-bel44,sw42p1,sys1-ice2-p-swi-bes6,sw44p1,L1
leaf-spine,sys1-ice2-p-swi-bel44,sw42p2,sys1-ice2-p-swi-bes6,sw44p2,L1
leaf-spine,sys1-ice2-p-swi-bel44,sw43p1,sys1-ice2-p-swi-bes7,sw44p1,L1
leaf-spine,sys1-ice2-p-swi-bel44,sw43p2,sys1-ice2-p-swi-bes7,sw44p2,L1
leaf-spine,sys1-ice2-p-swi-bel44,sw44p1,sys1-ice2-p-swi-bes8,sw44p1,L1
leaf-spine,sys1-ice2-p-swi-bel44,sw44p2,sys1-ice2-p-swi-bes8,sw44p2,L1
leaf-spine,sys1-ice2-p-swi-bel44,sw45p1,sys1-ice2-p-swi-bes9,sw44p1,L1
leaf-spine,sys1-ice2-p-swi-bel44,sw45p2,sys1-ice2-p-swi-bes9,sw44p2,L1
leaf-spine,sys1-ice2-p-swi-bel44,sw46p1,sys1-ice2-p-swi-bes10,sw44p1,L1
leaf-spine,sys1-ice2-p-swi-bel44,sw46p2,sys1-ice2-p-swi-bes10,sw44p2,L1
leaf-spine,sys1-ice2-p-swi-bel44,sw47p1,sys1-ice2-p-swi-bes11,sw44p1,L1
leaf-spine,sys1-ice2-p-swi-bel44,sw47p2,sys1-ice2-p-swi-bes11,sw44p2,L1
leaf-spine,sys1-ice2-p-swi-bel44,sw48p1,sys1-ice2-p-swi-bes12,sw44p1,L1
leaf-spine,sys1-ice2-p-swi-bel44,sw48p2,sys1-ice2-p-swi-bes12,sw44p2,L1
leaf-spine,sys1-ice2-p-swi-bel44,sw49p1,sys1-ice2-p-swi-bes13,sw44p1,L1
leaf-spine,sys1-ice2-p-swi-bel44,sw49p2,sys1-ice2-p-swi-bes13,sw44p2,L1
leaf-spine,sys1-ice2-p-swi-bel44,sw50p1,sys1-ice2-p-swi-bes14,sw44p1,L1
leaf-spine,sys1-ice2-p-swi-bel44,sw50p2,sys1-ice2-p-swi-bes14,sw44p2,L1
leaf-spine,sys1-ice2-p-swi-bel44,sw51p1,sys1-ice2-p-swi-bes15,sw44p1,L1
leaf-spine,sys1-ice2-p-swi-bel44,sw51p2,sys1-ice2-p-swi-bes15,sw44p2,L1
leaf-spine,sys1-ice2-p-swi-bel44,sw52p1,sys1-ice2-p-swi-bes16,sw44p1,L1
leaf-spine,sys1-ice2-p-swi-bel44,sw52p2,sys1-ice2-p-swi-bes16,sw44p2,L1
leaf-spine,sys1-ice2-p-swi-bel44,sw53p1,sys1-ice2-p-swi-bes17,sw44p1,L1
leaf-spine,sys1-ice2-p-swi-bel44,sw53p2,sys1-ice2-p-swi-bes17,sw44p2,L1
leaf-spine,sys1-ice2-p-swi-bel44,sw54p1,sys1-ice2-p-swi-bes18,sw44p1,L1
leaf-spine,sys1-ice2-p-swi-bel44,sw54p2,sys1-ice2-p-swi-bes18,sw44p2,L1
leaf-spine,sys1-ice2-p-swi-bel44,sw55p1,sys1-ice2-p-swi-bes19,sw44p1,L1
leaf-spine,sys1-ice2-p-swi-bel44,sw55p2,sys1-ice2-p-swi-bes19,sw44p2,L1
leaf-spine,sys1-ice2-p-swi-bel44,sw56p1,sys1-ice2-p-swi-bes20,sw44p1,L1
leaf-spine,sys1-ice2-p-swi-bel44,sw56p2,sys1-ice2-p-swi-bes20,sw44p2,L1
leaf-spine,sys1-ice2-p-swi-bel44,sw57p1,sys1-ice2-p-swi-bes21,sw44p1,L1
leaf-spine,sys1-ice2-p-swi-bel44,sw57p2,sys1-ice2-p-swi-bes21,sw44p2,L1
leaf-spine,sys1-ice2-p-swi-bel44,sw58p1,sys1-ice2-p-swi-bes22,sw44p1,L1
leaf-spine,sys1-ice2-p-swi-bel44,sw58p2,sys1-ice2-p-swi-bes22,sw44p2,L1
leaf-spine,sys1-ice2-p-swi-bel44,sw59p1,sys1-ice2-p-swi-bes23,sw44p1,L1
leaf-spine,sys1-ice2-p-swi-bel44,sw59p2,sys1-ice2-p-swi-bes23,sw44p2,L1
leaf-spine,sys1-ice2-p-swi-bel44,sw60p1,sys1-ice2-p-swi-bes24,sw44p1,L1
leaf-spine,sys1-ice2-p-swi-bel44,sw60p2,sys1-ice2-p-swi-bes24,sw44p2,L1
leaf-spine,sys1-ice2-p-swi-bel44,sw61p1,sys1-ice2-p-swi-bes25,sw44p1,L1
leaf-spine,sys1-ice2-p-swi-bel44,sw61p2,sys1-ice2-p-swi-bes25,sw44p2,L1
leaf-spine,sys1-ice2-p-swi-bel44,sw62p1,sys1-ice2-p-swi-bes26,sw44p1,L1
leaf-spine,sys1-ice2-p-swi-bel44,sw62p2,sys1-ice2-p-swi-bes26,sw44p2,L1
leaf-spine,sys1-ice2-p-swi-bel44,sw63p1,sys1-ice2-p-swi-bes27,sw44p1,L1
leaf-spine,sys1-ice2-p-swi-bel44,sw63p2,sys1-ice2-p-swi-bes27,sw44p2,L1
leaf-spine,sys1-ice2-p-swi-bel44,sw64p1,sys1-ice2-p-swi-bes28,sw44p1,L1
leaf-spine,sys1-ice2-p-swi-bel44,sw64p2,sys1-ice2-p-swi-bes28,sw44p2,L1
leaf-spine,sys1-ice2-p-swi-bel44,sw65p1,sys1-ice2-p-swi-bes29,sw44p1,L1
leaf-spine,sys1-ice2-p-swi-bel44,sw65p2,sys1-ice2-p-swi-bes29,sw44p2,L1
leaf-spine,sys1-ice2-p-swi-bel44,sw66p1,sys1-ice2-p-swi-bes30,sw44p1,L1
leaf-spine,sys1-ice2-p-swi-bel44,sw66p2,sys1-ice2-p-swi-bes30,sw44p2,L1
leaf-spine,sys1-ice2-p-swi-bel44,sw67p1,sys1-ice2-p-swi-bes31,sw44p1,L1
leaf-spine,sys1-ice2-p-swi-bel44,sw67p2,sys1-ice2-p-swi-bes31,sw44p2,L1
leaf-spine,sys1-ice2-p-swi-bel44,sw68p1,sys1-ice2-p-swi-bes32,sw44p1,L1
leaf-spine,sys1-ice2-p-swi-bel44,sw68p2,sys1-ice2-p-swi-bes32,sw44p2,L1
leaf-spine,sys1-ice2-p-swi-bel44,sw69p1,sys1-ice2-p-swi-bes33,sw44p1,L1
leaf-spine,sys1-ice2-p-swi-bel44,sw69p2,sys1-ice2-p-swi-bes33,sw44p2,L1
leaf-spine,sys1-ice2-p-swi-bel44,sw70p1,sys1-ice2-p-swi-bes34,sw44p1,L1
leaf-spine,sys1-ice2-p-swi-bel44,sw70p2,sys1-ice2-p-swi-bes34,sw44p2,L1
leaf-spine,sys1-ice2-p-swi-bel44,sw71p1,sys1-ice2-p-swi-bes35,sw44p1,L1
leaf-spine,sys1-ice2-p-swi-bel44,sw71p2,sys1-ice2-p-swi-bes35,sw44p2,L1
leaf-spine,sys1-ice2-p-swi-bel44,sw72p1,sys1-ice2-p-swi-bes36,sw44p1,L1
leaf-spine,sys1-ice2-p-swi-bel44,sw72p2,sys1-ice2-p-swi-bes36,sw44p2,L1
leaf-spine,sys1-ice2-p-swi-bel45,sw37p1,sys1-ice2-p-swi-bes1,sw45p1,L1
leaf-spine,sys1-ice2-p-swi-bel45,sw37p2,sys1-ice2-p-swi-bes1,sw45p2,L1
leaf-spine,sys1-ice2-p-swi-bel45,sw38p1,sys1-ice2-p-swi-bes2,sw45p1,L1
leaf-spine,sys1-ice2-p-swi-bel45,sw38p2,sys1-ice2-p-swi-bes2,sw45p2,L1
leaf-spine,sys1-ice2-p-swi-bel45,sw39p1,sys1-ice2-p-swi-bes3,sw45p1,L1
leaf-spine,sys1-ice2-p-swi-bel45,sw39p2,sys1-ice2-p-swi-bes3,sw45p2,L1
leaf-spine,sys1-ice2-p-swi-bel45,sw40p1,sys1-ice2-p-swi-bes4,sw45p1,L1
leaf-spine,sys1-ice2-p-swi-bel45,sw40p2,sys1-ice2-p-swi-bes4,sw45p2,L1
leaf-spine,sys1-ice2-p-swi-bel45,sw41p1,sys1-ice2-p-swi-bes5,sw45p1,L1
leaf-spine,sys1-ice2-p-swi-bel45,sw41p2,sys1-ice2-p-swi-bes5,sw45p2,L1
leaf-spine,sys1-ice2-p-swi-bel45,sw42p1,sys1-ice2-p-swi-bes6,sw45p1,L1
leaf-spine,sys1-ice2-p-swi-bel45,sw42p2,sys1-ice2-p-swi-bes6,sw45p2,L1
leaf-spine,sys1-ice2-p-swi-bel45,sw43p1,sys1-ice2-p-swi-bes7,sw45p1,L1
leaf-spine,sys1-ice2-p-swi-bel45,sw43p2,sys1-ice2-p-swi-bes7,sw45p2,L1
leaf-spine,sys1-ice2-p-swi-bel45,sw44p1,sys1-ice2-p-swi-bes8,sw45p1,L1
leaf-spine,sys1-ice2-p-swi-bel45,sw44p2,sys1-ice2-p-swi-bes8,sw45p2,L1
leaf-spine,sys1-ice2-p-swi-bel45,sw45p1,sys1-ice2-p-swi-bes9,sw45p1,L1
leaf-spine,sys1-ice2-p-swi-bel45,sw45p2,sys1-ice2-p-swi-bes9,sw45p2,L1
leaf-spine,sys1-ice2-p-swi-bel45,sw46p1,sys1-ice2-p-swi-bes10,sw45p1,L1
leaf-spine,sys1-ice2-p-swi-bel45,sw46p2,sys1-ice2-p-swi-bes10,sw45p2,L1
leaf-spine,sys1-ice2-p-swi-bel45,sw47p1,sys1-ice2-p-swi-bes11,sw45p1,L1
leaf-spine,sys1-ice2-p-swi-bel45,sw47p2,sys1-ice2-p-swi-bes11,sw45p2,L1
leaf-spine,sys1-ice2-p-swi-bel45,sw48p1,sys1-ice2-p-swi-bes12,sw45p1,L1
leaf-spine,sys1-ice2-p-swi-bel45,sw48p2,sys1-ice2-p-swi-bes12,sw45p2,L1
leaf-spine,sys1-ice2-p-swi-bel45,sw49p1,sys1-ice2-p-swi-bes13,sw45p1,L1
leaf-spine,sys1-ice2-p-swi-bel45,sw49p2,sys1-ice2-p-swi-bes13,sw45p2,L1
leaf-spine,sys1-ice2-p-swi-bel45,sw50p1,sys1-ice2-p-swi-bes14,sw45p1,L1
leaf-spine,sys1-ice2-p-swi-bel45,sw50p2,sys1-ice2-p-swi-bes14,sw45p2,L1
leaf-spine,sys1-ice2-p-swi-bel45,sw51p1,sys1-ice2-p-swi-bes15,sw45p1,L1
leaf-spine,sys1-ice2-p-swi-bel45,sw51p2,sys1-ice2-p-swi-bes15,sw45p2,L1
leaf-spine,sys1-ice2-p-swi-bel45,sw52p1,sys1-ice2-p-swi-bes16,sw45p1,L1
leaf-spine,sys1-ice2-p-swi-bel45,sw52p2,sys1-ice2-p-swi-bes16,sw45p2,L1
leaf-spine,sys1-ice2-p-swi-bel45,sw53p1,sys1-ice2-p-swi-bes17,sw45p1,L1
leaf-spine,sys1-ice2-p-swi-bel45,sw53p2,sys1-ice2-p-swi-bes17,sw45p2,L1
leaf-spine,sys1-ice2-p-swi-bel45,sw54p1,sys1-ice2-p-swi-bes18,sw45p1,L1
leaf-spine,sys1-ice2-p-swi-bel45,sw54p2,sys1-ice2-p-swi-bes18,sw45p2,L1
leaf-spine,sys1-ice2-p-swi-bel45,sw55p1,sys1-ice2-p-swi-bes19,sw45p1,L1
leaf-spine,sys1-ice2-p-swi-bel45,sw55p2,sys1-ice2-p-swi-bes19,sw45p2,L1
leaf-spine,sys1-ice2-p-swi-bel45,sw56p1,sys1-ice2-p-swi-bes20,sw45p1,L1
leaf-spine,sys1-ice2-p-swi-bel45,sw56p2,sys1-ice2-p-swi-bes20,sw45p2,L1
leaf-spine,sys1-ice2-p-swi-bel45,sw57p1,sys1-ice2-p-swi-bes21,sw45p1,L1
leaf-spine,sys1-ice2-p-swi-bel45,sw57p2,sys1-ice2-p-swi-bes21,sw45p2,L1
leaf-spine,sys1-ice2-p-swi-bel45,sw58p1,sys1-ice2-p-swi-bes22,sw45p1,L1
leaf-spine,sys1-ice2-p-swi-bel45,sw58p2,sys1-ice2-p-swi-bes22,sw45p2,L1
leaf-spine,sys1-ice2-p-swi-bel45,sw59p1,sys1-ice2-p-swi-bes23,sw45p1,L1
leaf-spine,sys1-ice2-p-swi-bel45,sw59p2,sys1-ice2-p-swi-bes23,sw45p2,L1
leaf-spine,sys1-ice2-p-swi-bel45,sw60p1,sys1-ice2-p-swi-bes24,sw45p1,L1
leaf-spine,sys1-ice2-p-swi-bel45,sw60p2,sys1-ice2-p-swi-bes24,sw45p2,L1
leaf-spine,sys1-ice2-p-swi-bel45,sw61p1,sys1-ice2-p-swi-bes25,sw45p1,L1
leaf-spine,sys1-ice2-p-swi-bel45,sw61p2,sys1-ice2-p-swi-bes25,sw45p2,L1
leaf-spine,sys1-ice2-p-swi-bel45,sw62p1,sys1-ice2-p-swi-bes26,sw45p1,L1
leaf-spine,sys1-ice2-p-swi-bel45,sw62p2,sys1-ice2-p-swi-bes26,sw45p2,L1
leaf-spine,sys1-ice2-p-swi-bel45,sw63p1,sys1-ice2-p-swi-bes27,sw45p1,L1
leaf-spine,sys1-ice2-p-swi-bel45,sw63p2,sys1-ice2-p-swi-bes27,sw45p2,L1
leaf-spine,sys1-ice2-p-swi-bel45,sw64p1,sys1-ice2-p-swi-bes28,sw45p1,L1
leaf-spine,sys1-ice2-p-swi-bel45,sw64p2,sys1-ice2-p-swi-bes28,sw45p2,L1
leaf-spine,sys1-ice2-p-swi-bel45,sw65p1,sys1-ice2-p-swi-bes29,sw45p1,L1
leaf-spine,sys1-ice2-p-swi-bel45,sw65p2,sys1-ice2-p-swi-bes29,sw45p2,L1
leaf-spine,sys1-ice2-p-swi-bel45,sw66p1,sys1-ice2-p-swi-bes30,sw45p1,L1
leaf-spine,sys1-ice2-p-swi-bel45,sw66p2,sys1-ice2-p-swi-bes30,sw45p2,L1
leaf-spine,sys1-ice2-p-swi-bel45,sw67p1,sys1-ice2-p-swi-bes31,sw45p1,L1
leaf-spine,sys1-ice2-p-swi-bel45,sw67p2,sys1-ice2-p-swi-bes31,sw45p2,L1
leaf-spine,sys1-ice2-p-swi-bel45,sw68p1,sys1-ice2-p-swi-bes32,sw45p1,L1
leaf-spine,sys1-ice2-p-swi-bel45,sw68p2,sys1-ice2-p-swi-bes32,sw45p2,L1
leaf-spine,sys1-ice2-p-swi-bel45,sw69p1,sys1-ice2-p-swi-bes33,sw45p1,L1
leaf-spine,sys1-ice2-p-swi-bel45,sw69p2,sys1-ice2-p-swi-bes33,sw45p2,L1
leaf-spine,sys1-ice2-p-swi-bel45,sw70p1,sys1-ice2-p-swi-bes34,sw45p1,L1
leaf-spine,sys1-ice2-p-swi-bel45,sw70p2,sys1-ice2-p-swi-bes34,sw45p2,L1
leaf-spine,sys1-ice2-p-swi-bel45,sw71p1,sys1-ice2-p-swi-bes35,sw45p1,L1
leaf-spine,sys1-ice2-p-swi-bel45,sw71p2,sys1-ice2-p-swi-bes35,sw45p2,L1
leaf-spine,sys1-ice2-p-swi-bel45,sw72p1,sys1-ice2-p-swi-bes36,sw45p1,L1
leaf-spine,sys1-ice2-p-swi-bel45,sw72p2,sys1-ice2-p-swi-bes36,sw45p2,L1
leaf-spine,sys1-ice2-p-swi-bel46,sw37p1,sys1-ice2-p-swi-bes1,sw46p1,L1
leaf-spine,sys1-ice2-p-swi-bel46,sw37p2,sys1-ice2-p-swi-bes1,sw46p2,L1
leaf-spine,sys1-ice2-p-swi-bel46,sw38p1,sys1-ice2-p-swi-bes2,sw46p1,L1
leaf-spine,sys1-ice2-p-swi-bel46,sw38p2,sys1-ice2-p-swi-bes2,sw46p2,L1
leaf-spine,sys1-ice2-p-swi-bel46,sw39p1,sys1-ice2-p-swi-bes3,sw46p1,L1
leaf-spine,sys1-ice2-p-swi-bel46,sw39p2,sys1-ice2-p-swi-bes3,sw46p2,L1
leaf-spine,sys1-ice2-p-swi-bel46,sw40p1,sys1-ice2-p-swi-bes4,sw46p1,L1
leaf-spine,sys1-ice2-p-swi-bel46,sw40p2,sys1-ice2-p-swi-bes4,sw46p2,L1
leaf-spine,sys1-ice2-p-swi-bel46,sw41p1,sys1-ice2-p-swi-bes5,sw46p1,L1
leaf-spine,sys1-ice2-p-swi-bel46,sw41p2,sys1-ice2-p-swi-bes5,sw46p2,L1
leaf-spine,sys1-ice2-p-swi-bel46,sw42p1,sys1-ice2-p-swi-bes6,sw46p1,L1
leaf-spine,sys1-ice2-p-swi-bel46,sw42p2,sys1-ice2-p-swi-bes6,sw46p2,L1
leaf-spine,sys1-ice2-p-swi-bel46,sw43p1,sys1-ice2-p-swi-bes7,sw46p1,L1
leaf-spine,sys1-ice2-p-swi-bel46,sw43p2,sys1-ice2-p-swi-bes7,sw46p2,L1
leaf-spine,sys1-ice2-p-swi-bel46,sw44p1,sys1-ice2-p-swi-bes8,sw46p1,L1
leaf-spine,sys1-ice2-p-swi-bel46,sw44p2,sys1-ice2-p-swi-bes8,sw46p2,L1
leaf-spine,sys1-ice2-p-swi-bel46,sw45p1,sys1-ice2-p-swi-bes9,sw46p1,L1
leaf-spine,sys1-ice2-p-swi-bel46,sw45p2,sys1-ice2-p-swi-bes9,sw46p2,L1
leaf-spine,sys1-ice2-p-swi-bel46,sw46p1,sys1-ice2-p-swi-bes10,sw46p1,L1
leaf-spine,sys1-ice2-p-swi-bel46,sw46p2,sys1-ice2-p-swi-bes10,sw46p2,L1
leaf-spine,sys1-ice2-p-swi-bel46,sw47p1,sys1-ice2-p-swi-bes11,sw46p1,L1
leaf-spine,sys1-ice2-p-swi-bel46,sw47p2,sys1-ice2-p-swi-bes11,sw46p2,L1
leaf-spine,sys1-ice2-p-swi-bel46,sw48p1,sys1-ice2-p-swi-bes12,sw46p1,L1
leaf-spine,sys1-ice2-p-swi-bel46,sw48p2,sys1-ice2-p-swi-bes12,sw46p2,L1
leaf-spine,sys1-ice2-p-swi-bel46,sw49p1,sys1-ice2-p-swi-bes13,sw46p1,L1
leaf-spine,sys1-ice2-p-swi-bel46,sw49p2,sys1-ice2-p-swi-bes13,sw46p2,L1
leaf-spine,sys1-ice2-p-swi-bel46,sw50p1,sys1-ice2-p-swi-bes14,sw46p1,L1
leaf-spine,sys1-ice2-p-swi-bel46,sw50p2,sys1-ice2-p-swi-bes14,sw46p2,L1
leaf-spine,sys1-ice2-p-swi-bel46,sw51p1,sys1-ice2-p-swi-bes15,sw46p1,L1
leaf-spine,sys1-ice2-p-swi-bel46,sw51p2,sys1-ice2-p-swi-bes15,sw46p2,L1
leaf-spine,sys1-ice2-p-swi-bel46,sw52p1,sys1-ice2-p-swi-bes16,sw46p1,L1
leaf-spine,sys1-ice2-p-swi-bel46,sw52p2,sys1-ice2-p-swi-bes16,sw46p2,L1
leaf-spine,sys1-ice2-p-swi-bel46,sw53p1,sys1-ice2-p-swi-bes17,sw46p1,L1
leaf-spine,sys1-ice2-p-swi-bel46,sw53p2,sys1-ice2-p-swi-bes17,sw46p2,L1
leaf-spine,sys1-ice2-p-swi-bel46,sw54p1,sys1-ice2-p-swi-bes18,sw46p1,L1
leaf-spine,sys1-ice2-p-swi-bel46,sw54p2,sys1-ice2-p-swi-bes18,sw46p2,L1
leaf-spine,sys1-ice2-p-swi-bel46,sw55p1,sys1-ice2-p-swi-bes19,sw46p1,L1
leaf-spine,sys1-ice2-p-swi-bel46,sw55p2,sys1-ice2-p-swi-bes19,sw46p2,L1
leaf-spine,sys1-ice2-p-swi-bel46,sw56p1,sys1-ice2-p-swi-bes20,sw46p1,L1
leaf-spine,sys1-ice2-p-swi-bel46,sw56p2,sys1-ice2-p-swi-bes20,sw46p2,L1
leaf-spine,sys1-ice2-p-swi-bel46,sw57p1,sys1-ice2-p-swi-bes21,sw46p1,L1
leaf-spine,sys1-ice2-p-swi-bel46,sw57p2,sys1-ice2-p-swi-bes21,sw46p2,L1
leaf-spine,sys1-ice2-p-swi-bel46,sw58p1,sys1-ice2-p-swi-bes22,sw46p1,L1
leaf-spine,sys1-ice2-p-swi-bel46,sw58p2,sys1-ice2-p-swi-bes22,sw46p2,L1
leaf-spine,sys1-ice2-p-swi-bel46,sw59p1,sys1-ice2-p-swi-bes23,sw46p1,L1
leaf-spine,sys1-ice2-p-swi-bel46,sw59p2,sys1-ice2-p-swi-bes23,sw46p2,L1
leaf-spine,sys1-ice2-p-swi-bel46,sw60p1,sys1-ice2-p-swi-bes24,sw46p1,L1
leaf-spine,sys1-ice2-p-swi-bel46,sw60p2,sys1-ice2-p-swi-bes24,sw46p2,L1
leaf-spine,sys1-ice2-p-swi-bel46,sw61p1,sys1-ice2-p-swi-bes25,sw46p1,L1
leaf-spine,sys1-ice2-p-swi-bel46,sw61p2,sys1-ice2-p-swi-bes25,sw46p2,L1
leaf-spine,sys1-ice2-p-swi-bel46,sw62p1,sys1-ice2-p-swi-bes26,sw46p1,L1
leaf-spine,sys1-ice2-p-swi-bel46,sw62p2,sys1-ice2-p-swi-bes26,sw46p2,L1
leaf-spine,sys1-ice2-p-swi-bel46,sw63p1,sys1-ice2-p-swi-bes27,sw46p1,L1
leaf-spine,sys1-ice2-p-swi-bel46,sw63p2,sys1-ice2-p-swi-bes27,sw46p2,L1
leaf-spine,sys1-ice2-p-swi-bel46,sw64p1,sys1-ice2-p-swi-bes28,sw46p1,L1
leaf-spine,sys1-ice2-p-swi-bel46,sw64p2,sys1-ice2-p-swi-bes28,sw46p2,L1
leaf-spine,sys1-ice2-p-swi-bel46,sw65p1,sys1-ice2-p-swi-bes29,sw46p1,L1
leaf-spine,sys1-ice2-p-swi-bel46,sw65p2,sys1-ice2-p-swi-bes29,sw46p2,L1
leaf-spine,sys1-ice2-p-swi-bel46,sw66p1,sys1-ice2-p-swi-bes30,sw46p1,L1
leaf-spine,sys1-ice2-p-swi-bel46,sw66p2,sys1-ice2-p-swi-bes30,sw46p2,L1
leaf-spine,sys1-ice2-p-swi-bel46,sw67p1,sys1-ice2-p-swi-bes31,sw46p1,L1
leaf-spine,sys1-ice2-p-swi-bel46,sw67p2,sys1-ice2-p-swi-bes31,sw46p2,L1
leaf-spine,sys1-ice2-p-swi-bel46,sw68p1,sys1-ice2-p-swi-bes32,sw46p1,L1
leaf-spine,sys1-ice2-p-swi-bel46,sw68p2,sys1-ice2-p-swi-bes32,sw46p2,L1
leaf-spine,sys1-ice2-p-swi-bel46,sw69p1,sys1-ice2-p-swi-bes33,sw46p1,L1
leaf-spine,sys1-ice2-p-swi-bel46,sw69p2,sys1-ice2-p-swi-bes33,sw46p2,L1
leaf-spine,sys1-ice2-p-swi-bel46,sw70p1,sys1-ice2-p-swi-bes34,sw46p1,L1
leaf-spine,sys1-ice2-p-swi-bel46,sw70p2,sys1-ice2-p-swi-bes34,sw46p2,L1
leaf-spine,sys1-ice2-p-swi-bel46,sw71p1,sys1-ice2-p-swi-bes35,sw46p1,L1
leaf-spine,sys1-ice2-p-swi-bel46,sw71p2,sys1-ice2-p-swi-bes35,sw46p2,L1
leaf-spine,sys1-ice2-p-swi-bel46,sw72p1,sys1-ice2-p-swi-bes36,sw46p1,L1
leaf-spine,sys1-ice2-p-swi-bel46,sw72p2,sys1-ice2-p-swi-bes36,sw46p2,L1
leaf-spine,sys1-ice2-p-swi-bel47,sw37p1,sys1-ice2-p-swi-bes1,sw47p1,L1
leaf-spine,sys1-ice2-p-swi-bel47,sw37p2,sys1-ice2-p-swi-bes1,sw47p2,L1
leaf-spine,sys1-ice2-p-swi-bel47,sw38p1,sys1-ice2-p-swi-bes2,sw47p1,L1
leaf-spine,sys1-ice2-p-swi-bel47,sw38p2,sys1-ice2-p-swi-bes2,sw47p2,L1
leaf-spine,sys1-ice2-p-swi-bel47,sw39p1,sys1-ice2-p-swi-bes3,sw47p1,L1
leaf-spine,sys1-ice2-p-swi-bel47,sw39p2,sys1-ice2-p-swi-bes3,sw47p2,L1
leaf-spine,sys1-ice2-p-swi-bel47,sw40p1,sys1-ice2-p-swi-bes4,sw47p1,L1
leaf-spine,sys1-ice2-p-swi-bel47,sw40p2,sys1-ice2-p-swi-bes4,sw47p2,L1
leaf-spine,sys1-ice2-p-swi-bel47,sw41p1,sys1-ice2-p-swi-bes5,sw47p1,L1
leaf-spine,sys1-ice2-p-swi-bel47,sw41p2,sys1-ice2-p-swi-bes5,sw47p2,L1
leaf-spine,sys1-ice2-p-swi-bel47,sw42p1,sys1-ice2-p-swi-bes6,sw47p1,L1
leaf-spine,sys1-ice2-p-swi-bel47,sw42p2,sys1-ice2-p-swi-bes6,sw47p2,L1
leaf-spine,sys1-ice2-p-swi-bel47,sw43p1,sys1-ice2-p-swi-bes7,sw47p1,L1
leaf-spine,sys1-ice2-p-swi-bel47,sw43p2,sys1-ice2-p-swi-bes7,sw47p2,L1
leaf-spine,sys1-ice2-p-swi-bel47,sw44p1,sys1-ice2-p-swi-bes8,sw47p1,L1
leaf-spine,sys1-ice2-p-swi-bel47,sw44p2,sys1-ice2-p-swi-bes8,sw47p2,L1
leaf-spine,sys1-ice2-p-swi-bel47,sw45p1,sys1-ice2-p-swi-bes9,sw47p1,L1
leaf-spine,sys1-ice2-p-swi-bel47,sw45p2,sys1-ice2-p-swi-bes9,sw47p2,L1
leaf-spine,sys1-ice2-p-swi-bel47,sw46p1,sys1-ice2-p-swi-bes10,sw47p1,L1
leaf-spine,sys1-ice2-p-swi-bel47,sw46p2,sys1-ice2-p-swi-bes10,sw47p2,L1
leaf-spine,sys1-ice2-p-swi-bel47,sw47p1,sys1-ice2-p-swi-bes11,sw47p1,L1
leaf-spine,sys1-ice2-p-swi-bel47,sw47p2,sys1-ice2-p-swi-bes11,sw47p2,L1
leaf-spine,sys1-ice2-p-swi-bel47,sw48p1,sys1-ice2-p-swi-bes12,sw47p1,L1
leaf-spine,sys1-ice2-p-swi-bel47,sw48p2,sys1-ice2-p-swi-bes12,sw47p2,L1
leaf-spine,sys1-ice2-p-swi-bel47,sw49p1,sys1-ice2-p-swi-bes13,sw47p1,L1
leaf-spine,sys1-ice2-p-swi-bel47,sw49p2,sys1-ice2-p-swi-bes13,sw47p2,L1
leaf-spine,sys1-ice2-p-swi-bel47,sw50p1,sys1-ice2-p-swi-bes14,sw47p1,L1
leaf-spine,sys1-ice2-p-swi-bel47,sw50p2,sys1-ice2-p-swi-bes14,sw47p2,L1
leaf-spine,sys1-ice2-p-swi-bel47,sw51p1,sys1-ice2-p-swi-bes15,sw47p1,L1
leaf-spine,sys1-ice2-p-swi-bel47,sw51p2,sys1-ice2-p-swi-bes15,sw47p2,L1
leaf-spine,sys1-ice2-p-swi-bel47,sw52p1,sys1-ice2-p-swi-bes16,sw47p1,L1
leaf-spine,sys1-ice2-p-swi-bel47,sw52p2,sys1-ice2-p-swi-bes16,sw47p2,L1
leaf-spine,sys1-ice2-p-swi-bel47,sw53p1,sys1-ice2-p-swi-bes17,sw47p1,L1
leaf-spine,sys1-ice2-p-swi-bel47,sw53p2,sys1-ice2-p-swi-bes17,sw47p2,L1
leaf-spine,sys1-ice2-p-swi-bel47,sw54p1,sys1-ice2-p-swi-bes18,sw47p1,L1
leaf-spine,sys1-ice2-p-swi-bel47,sw54p2,sys1-ice2-p-swi-bes18,sw47p2,L1
leaf-spine,sys1-ice2-p-swi-bel47,sw55p1,sys1-ice2-p-swi-bes19,sw47p1,L1
leaf-spine,sys1-ice2-p-swi-bel47,sw55p2,sys1-ice2-p-swi-bes19,sw47p2,L1
leaf-spine,sys1-ice2-p-swi-bel47,sw56p1,sys1-ice2-p-swi-bes20,sw47p1,L1
leaf-spine,sys1-ice2-p-swi-bel47,sw56p2,sys1-ice2-p-swi-bes20,sw47p2,L1
leaf-spine,sys1-ice2-p-swi-bel47,sw57p1,sys1-ice2-p-swi-bes21,sw47p1,L1
leaf-spine,sys1-ice2-p-swi-bel47,sw57p2,sys1-ice2-p-swi-bes21,sw47p2,L1
leaf-spine,sys1-ice2-p-swi-bel47,sw58p1,sys1-ice2-p-swi-bes22,sw47p1,L1
leaf-spine,sys1-ice2-p-swi-bel47,sw58p2,sys1-ice2-p-swi-bes22,sw47p2,L1
leaf-spine,sys1-ice2-p-swi-bel47,sw59p1,sys1-ice2-p-swi-bes23,sw47p1,L1
leaf-spine,sys1-ice2-p-swi-bel47,sw59p2,sys1-ice2-p-swi-bes23,sw47p2,L1
leaf-spine,sys1-ice2-p-swi-bel47,sw60p1,sys1-ice2-p-swi-bes24,sw47p1,L1
leaf-spine,sys1-ice2-p-swi-bel47,sw60p2,sys1-ice2-p-swi-bes24,sw47p2,L1
leaf-spine,sys1-ice2-p-swi-bel47,sw61p1,sys1-ice2-p-swi-bes25,sw47p1,L1
leaf-spine,sys1-ice2-p-swi-bel47,sw61p2,sys1-ice2-p-swi-bes25,sw47p2,L1
leaf-spine,sys1-ice2-p-swi-bel47,sw62p1,sys1-ice2-p-swi-bes26,sw47p1,L1
leaf-spine,sys1-ice2-p-swi-bel47,sw62p2,sys1-ice2-p-swi-bes26,sw47p2,L1
leaf-spine,sys1-ice2-p-swi-bel47,sw63p1,sys1-ice2-p-swi-bes27,sw47p1,L1
leaf-spine,sys1-ice2-p-swi-bel47,sw63p2,sys1-ice2-p-swi-bes27,sw47p2,L1
leaf-spine,sys1-ice2-p-swi-bel47,sw64p1,sys1-ice2-p-swi-bes28,sw47p1,L1
leaf-spine,sys1-ice2-p-swi-bel47,sw64p2,sys1-ice2-p-swi-bes28,sw47p2,L1
leaf-spine,sys1-ice2-p-swi-bel47,sw65p1,sys1-ice2-p-swi-bes29,sw47p1,L1
leaf-spine,sys1-ice2-p-swi-bel47,sw65p2,sys1-ice2-p-swi-bes29,sw47p2,L1
leaf-spine,sys1-ice2-p-swi-bel47,sw66p1,sys1-ice2-p-swi-bes30,sw47p1,L1
leaf-spine,sys1-ice2-p-swi-bel47,sw66p2,sys1-ice2-p-swi-bes30,sw47p2,L1
leaf-spine,sys1-ice2-p-swi-bel47,sw67p1,sys1-ice2-p-swi-bes31,sw47p1,L1
leaf-spine,sys1-ice2-p-swi-bel47,sw67p2,sys1-ice2-p-swi-bes31,sw47p2,L1
leaf-spine,sys1-ice2-p-swi-bel47,sw68p1,sys1-ice2-p-swi-bes32,sw47p1,L1
leaf-spine,sys1-ice2-p-swi-bel47,sw68p2,sys1-ice2-p-swi-bes32,sw47p2,L1
leaf-spine,sys1-ice2-p-swi-bel47,sw69p1,sys1-ice2-p-swi-bes33,sw47p1,L1
leaf-spine,sys1-ice2-p-swi-bel47,sw69p2,sys1-ice2-p-swi-bes33,sw47p2,L1
leaf-spine,sys1-ice2-p-swi-bel47,sw70p1,sys1-ice2-p-swi-bes34,sw47p1,L1
leaf-spine,sys1-ice2-p-swi-bel47,sw70p2,sys1-ice2-p-swi-bes34,sw47p2,L1
leaf-spine,sys1-ice2-p-swi-bel47,sw71p1,sys1-ice2-p-swi-bes35,sw47p1,L1
leaf-spine,sys1-ice2-p-swi-bel47,sw71p2,sys1-ice2-p-swi-bes35,sw47p2,L1
leaf-spine,sys1-ice2-p-swi-bel47,sw72p1,sys1-ice2-p-swi-bes36,sw47p1,L1
leaf-spine,sys1-ice2-p-swi-bel47,sw72p2,sys1-ice2-p-swi-bes36,sw47p2,L1
leaf-spine,sys1-ice2-p-swi-bel48,sw37p1,sys1-ice2-p-swi-bes1,sw48p1,L1
leaf-spine,sys1-ice2-p-swi-bel48,sw37p2,sys1-ice2-p-swi-bes1,sw48p2,L1
leaf-spine,sys1-ice2-p-swi-bel48,sw38p1,sys1-ice2-p-swi-bes2,sw48p1,L1
leaf-spine,sys1-ice2-p-swi-bel48,sw38p2,sys1-ice2-p-swi-bes2,sw48p2,L1
leaf-spine,sys1-ice2-p-swi-bel48,sw39p1,sys1-ice2-p-swi-bes3,sw48p1,L1
leaf-spine,sys1-ice2-p-swi-bel48,sw39p2,sys1-ice2-p-swi-bes3,sw48p2,L1
leaf-spine,sys1-ice2-p-swi-bel48,sw40p1,sys1-ice2-p-swi-bes4,sw48p1,L1
leaf-spine,sys1-ice2-p-swi-bel48,sw40p2,sys1-ice2-p-swi-bes4,sw48p2,L1
leaf-spine,sys1-ice2-p-swi-bel48,sw41p1,sys1-ice2-p-swi-bes5,sw48p1,L1
leaf-spine,sys1-ice2-p-swi-bel48,sw41p2,sys1-ice2-p-swi-bes5,sw48p2,L1
leaf-spine,sys1-ice2-p-swi-bel48,sw42p1,sys1-ice2-p-swi-bes6,sw48p1,L1
leaf-spine,sys1-ice2-p-swi-bel48,sw42p2,sys1-ice2-p-swi-bes6,sw48p2,L1
leaf-spine,sys1-ice2-p-swi-bel48,sw43p1,sys1-ice2-p-swi-bes7,sw48p1,L1
leaf-spine,sys1-ice2-p-swi-bel48,sw43p2,sys1-ice2-p-swi-bes7,sw48p2,L1
leaf-spine,sys1-ice2-p-swi-bel48,sw44p1,sys1-ice2-p-swi-bes8,sw48p1,L1
leaf-spine,sys1-ice2-p-swi-bel48,sw44p2,sys1-ice2-p-swi-bes8,sw48p2,L1
leaf-spine,sys1-ice2-p-swi-bel48,sw45p1,sys1-ice2-p-swi-bes9,sw48p1,L1
leaf-spine,sys1-ice2-p-swi-bel48,sw45p2,sys1-ice2-p-swi-bes9,sw48p2,L1
leaf-spine,sys1-ice2-p-swi-bel48,sw46p1,sys1-ice2-p-swi-bes10,sw48p1,L1
leaf-spine,sys1-ice2-p-swi-bel48,sw46p2,sys1-ice2-p-swi-bes10,sw48p2,L1
leaf-spine,sys1-ice2-p-swi-bel48,sw47p1,sys1-ice2-p-swi-bes11,sw48p1,L1
leaf-spine,sys1-ice2-p-swi-bel48,sw47p2,sys1-ice2-p-swi-bes11,sw48p2,L1
leaf-spine,sys1-ice2-p-swi-bel48,sw48p1,sys1-ice2-p-swi-bes12,sw48p1,L1
leaf-spine,sys1-ice2-p-swi-bel48,sw48p2,sys1-ice2-p-swi-bes12,sw48p2,L1
leaf-spine,sys1-ice2-p-swi-bel48,sw49p1,sys1-ice2-p-swi-bes13,sw48p1,L1
leaf-spine,sys1-ice2-p-swi-bel48,sw49p2,sys1-ice2-p-swi-bes13,sw48p2,L1
leaf-spine,sys1-ice2-p-swi-bel48,sw50p1,sys1-ice2-p-swi-bes14,sw48p1,L1
leaf-spine,sys1-ice2-p-swi-bel48,sw50p2,sys1-ice2-p-swi-bes14,sw48p2,L1
leaf-spine,sys1-ice2-p-swi-bel48,sw51p1,sys1-ice2-p-swi-bes15,sw48p1,L1
leaf-spine,sys1-ice2-p-swi-bel48,sw51p2,sys1-ice2-p-swi-bes15,sw48p2,L1
leaf-spine,sys1-ice2-p-swi-bel48,sw52p1,sys1-ice2-p-swi-bes16,sw48p1,L1
leaf-spine,sys1-ice2-p-swi-bel48,sw52p2,sys1-ice2-p-swi-bes16,sw48p2,L1
leaf-spine,sys1-ice2-p-swi-bel48,sw53p1,sys1-ice2-p-swi-bes17,sw48p1,L1
leaf-spine,sys1-ice2-p-swi-bel48,sw53p2,sys1-ice2-p-swi-bes17,sw48p2,L1
leaf-spine,sys1-ice2-p-swi-bel48,sw54p1,sys1-ice2-p-swi-bes18,sw48p1,L1
leaf-spine,sys1-ice2-p-swi-bel48,sw54p2,sys1-ice2-p-swi-bes18,sw48p2,L1
leaf-spine,sys1-ice2-p-swi-bel48,sw55p1,sys1-ice2-p-swi-bes19,sw48p1,L1
leaf-spine,sys1-ice2-p-swi-bel48,sw55p2,sys1-ice2-p-swi-bes19,sw48p2,L1
leaf-spine,sys1-ice2-p-swi-bel48,sw56p1,sys1-ice2-p-swi-bes20,sw48p1,L1
leaf-spine,sys1-ice2-p-swi-bel48,sw56p2,sys1-ice2-p-swi-bes20,sw48p2,L1
leaf-spine,sys1-ice2-p-swi-bel48,sw57p1,sys1-ice2-p-swi-bes21,sw48p1,L1
leaf-spine,sys1-ice2-p-swi-bel48,sw57p2,sys1-ice2-p-swi-bes21,sw48p2,L1
leaf-spine,sys1-ice2-p-swi-bel48,sw58p1,sys1-ice2-p-swi-bes22,sw48p1,L1
leaf-spine,sys1-ice2-p-swi-bel48,sw58p2,sys1-ice2-p-swi-bes22,sw48p2,L1
leaf-spine,sys1-ice2-p-swi-bel48,sw59p1,sys1-ice2-p-swi-bes23,sw48p1,L1
leaf-spine,sys1-ice2-p-swi-bel48,sw59p2,sys1-ice2-p-swi-bes23,sw48p2,L1
leaf-spine,sys1-ice2-p-swi-bel48,sw60p1,sys1-ice2-p-swi-bes24,sw48p1,L1
leaf-spine,sys1-ice2-p-swi-bel48,sw60p2,sys1-ice2-p-swi-bes24,sw48p2,L1
leaf-spine,sys1-ice2-p-swi-bel48,sw61p1,sys1-ice2-p-swi-bes25,sw48p1,L1
leaf-spine,sys1-ice2-p-swi-bel48,sw61p2,sys1-ice2-p-swi-bes25,sw48p2,L1
leaf-spine,sys1-ice2-p-swi-bel48,sw62p1,sys1-ice2-p-swi-bes26,sw48p1,L1
leaf-spine,sys1-ice2-p-swi-bel48,sw62p2,sys1-ice2-p-swi-bes26,sw48p2,L1
leaf-spine,sys1-ice2-p-swi-bel48,sw63p1,sys1-ice2-p-swi-bes27,sw48p1,L1
leaf-spine,sys1-ice2-p-swi-bel48,sw63p2,sys1-ice2-p-swi-bes27,sw48p2,L1
leaf-spine,sys1-ice2-p-swi-bel48,sw64p1,sys1-ice2-p-swi-bes28,sw48p1,L1
leaf-spine,sys1-ice2-p-swi-bel48,sw64p2,sys1-ice2-p-swi-bes28,sw48p2,L1
leaf-spine,sys1-ice2-p-swi-bel48,sw65p1,sys1-ice2-p-swi-bes29,sw48p1,L1
leaf-spine,sys1-ice2-p-swi-bel48,sw65p2,sys1-ice2-p-swi-bes29,sw48p2,L1
leaf-spine,sys1-ice2-p-swi-bel48,sw66p1,sys1-ice2-p-swi-bes30,sw48p1,L1
leaf-spine,sys1-ice2-p-swi-bel48,sw66p2,sys1-ice2-p-swi-bes30,sw48p2,L1
leaf-spine,sys1-ice2-p-swi-bel48,sw67p1,sys1-ice2-p-swi-bes31,sw48p1,L1
leaf-spine,sys1-ice2-p-swi-bel48,sw67p2,sys1-ice2-p-swi-bes31,sw48p2,L1
leaf-spine,sys1-ice2-p-swi-bel48,sw68p1,sys1-ice2-p-swi-bes32,sw48p1,L1
leaf-spine,sys1-ice2-p-swi-bel48,sw68p2,sys1-ice2-p-swi-bes32,sw48p2,L1
leaf-spine,sys1-ice2-p-swi-bel48,sw69p1,sys1-ice2-p-swi-bes33,sw48p1,L1
leaf-spine,sys1-ice2-p-swi-bel48,sw69p2,sys1-ice2-p-swi-bes33,sw48p2,L1
leaf-spine,sys1-ice2-p-swi-bel48,sw70p1,sys1-ice2-p-swi-bes34,sw48p1,L1
leaf-spine,sys1-ice2-p-swi-bel48,sw70p2,sys1-ice2-p-swi-bes34,sw48p2,L1
leaf-spine,sys1-ice2-p-swi-bel48,sw71p1,sys1-ice2-p-swi-bes35,sw48p1,L1
leaf-spine,sys1-ice2-p-swi-bel48,sw71p2,sys1-ice2-p-swi-bes35,sw48p2,L1
leaf-spine,sys1-ice2-p-swi-bel48,sw72p1,sys1-ice2-p-swi-bes36,sw48p1,L1
leaf-spine,sys1-ice2-p-swi-bel48,sw72p2,sys1-ice2-p-swi-bes36,sw48p2,L1
leaf-spine,sys1-ice2-p-swi-bel49,sw37p1,sys1-ice2-p-swi-bes1,sw49p1,L1
leaf-spine,sys1-ice2-p-swi-bel49,sw37p2,sys1-ice2-p-swi-bes1,sw49p2,L1
leaf-spine,sys1-ice2-p-swi-bel49,sw38p1,sys1-ice2-p-swi-bes2,sw49p1,L1
leaf-spine,sys1-ice2-p-swi-bel49,sw38p2,sys1-ice2-p-swi-bes2,sw49p2,L1
leaf-spine,sys1-ice2-p-swi-bel49,sw39p1,sys1-ice2-p-swi-bes3,sw49p1,L1
leaf-spine,sys1-ice2-p-swi-bel49,sw39p2,sys1-ice2-p-swi-bes3,sw49p2,L1
leaf-spine,sys1-ice2-p-swi-bel49,sw40p1,sys1-ice2-p-swi-bes4,sw49p1,L1
leaf-spine,sys1-ice2-p-swi-bel49,sw40p2,sys1-ice2-p-swi-bes4,sw49p2,L1
leaf-spine,sys1-ice2-p-swi-bel49,sw41p1,sys1-ice2-p-swi-bes5,sw49p1,L1
leaf-spine,sys1-ice2-p-swi-bel49,sw41p2,sys1-ice2-p-swi-bes5,sw49p2,L1
leaf-spine,sys1-ice2-p-swi-bel49,sw42p1,sys1-ice2-p-swi-bes6,sw49p1,L1
leaf-spine,sys1-ice2-p-swi-bel49,sw42p2,sys1-ice2-p-swi-bes6,sw49p2,L1
leaf-spine,sys1-ice2-p-swi-bel49,sw43p1,sys1-ice2-p-swi-bes7,sw49p1,L1
leaf-spine,sys1-ice2-p-swi-bel49,sw43p2,sys1-ice2-p-swi-bes7,sw49p2,L1
leaf-spine,sys1-ice2-p-swi-bel49,sw44p1,sys1-ice2-p-swi-bes8,sw49p1,L1
leaf-spine,sys1-ice2-p-swi-bel49,sw44p2,sys1-ice2-p-swi-bes8,sw49p2,L1
leaf-spine,sys1-ice2-p-swi-bel49,sw45p1,sys1-ice2-p-swi-bes9,sw49p1,L1
leaf-spine,sys1-ice2-p-swi-bel49,sw45p2,sys1-ice2-p-swi-bes9,sw49p2,L1
leaf-spine,sys1-ice2-p-swi-bel49,sw46p1,sys1-ice2-p-swi-bes10,sw49p1,L1
leaf-spine,sys1-ice2-p-swi-bel49,sw46p2,sys1-ice2-p-swi-bes10,sw49p2,L1
leaf-spine,sys1-ice2-p-swi-bel49,sw47p1,sys1-ice2-p-swi-bes11,sw49p1,L1
leaf-spine,sys1-ice2-p-swi-bel49,sw47p2,sys1-ice2-p-swi-bes11,sw49p2,L1
leaf-spine,sys1-ice2-p-swi-bel49,sw48p1,sys1-ice2-p-swi-bes12,sw49p1,L1
leaf-spine,sys1-ice2-p-swi-bel49,sw48p2,sys1-ice2-p-swi-bes12,sw49p2,L1
leaf-spine,sys1-ice2-p-swi-bel49,sw49p1,sys1-ice2-p-swi-bes13,sw49p1,L1
leaf-spine,sys1-ice2-p-swi-bel49,sw49p2,sys1-ice2-p-swi-bes13,sw49p2,L1
leaf-spine,sys1-ice2-p-swi-bel49,sw50p1,sys1-ice2-p-swi-bes14,sw49p1,L1
leaf-spine,sys1-ice2-p-swi-bel49,sw50p2,sys1-ice2-p-swi-bes14,sw49p2,L1
leaf-spine,sys1-ice2-p-swi-bel49,sw51p1,sys1-ice2-p-swi-bes15,sw49p1,L1
leaf-spine,sys1-ice2-p-swi-bel49,sw51p2,sys1-ice2-p-swi-bes15,sw49p2,L1
leaf-spine,sys1-ice2-p-swi-bel49,sw52p1,sys1-ice2-p-swi-bes16,sw49p1,L1
leaf-spine,sys1-ice2-p-swi-bel49,sw52p2,sys1-ice2-p-swi-bes16,sw49p2,L1
leaf-spine,sys1-ice2-p-swi-bel49,sw53p1,sys1-ice2-p-swi-bes17,sw49p1,L1
leaf-spine,sys1-ice2-p-swi-bel49,sw53p2,sys1-ice2-p-swi-bes17,sw49p2,L1
leaf-spine,sys1-ice2-p-swi-bel49,sw54p1,sys1-ice2-p-swi-bes18,sw49p1,L1
leaf-spine,sys1-ice2-p-swi-bel49,sw54p2,sys1-ice2-p-swi-bes18,sw49p2,L1
leaf-spine,sys1-ice2-p-swi-bel49,sw55p1,sys1-ice2-p-swi-bes19,sw49p1,L1
leaf-spine,sys1-ice2-p-swi-bel49,sw55p2,sys1-ice2-p-swi-bes19,sw49p2,L1
leaf-spine,sys1-ice2-p-swi-bel49,sw56p1,sys1-ice2-p-swi-bes20,sw49p1,L1
leaf-spine,sys1-ice2-p-swi-bel49,sw56p2,sys1-ice2-p-swi-bes20,sw49p2,L1
leaf-spine,sys1-ice2-p-swi-bel49,sw57p1,sys1-ice2-p-swi-bes21,sw49p1,L1
leaf-spine,sys1-ice2-p-swi-bel49,sw57p2,sys1-ice2-p-swi-bes21,sw49p2,L1
leaf-spine,sys1-ice2-p-swi-bel49,sw58p1,sys1-ice2-p-swi-bes22,sw49p1,L1
leaf-spine,sys1-ice2-p-swi-bel49,sw58p2,sys1-ice2-p-swi-bes22,sw49p2,L1
leaf-spine,sys1-ice2-p-swi-bel49,sw59p1,sys1-ice2-p-swi-bes23,sw49p1,L1
leaf-spine,sys1-ice2-p-swi-bel49,sw59p2,sys1-ice2-p-swi-bes23,sw49p2,L1
leaf-spine,sys1-ice2-p-swi-bel49,sw60p1,sys1-ice2-p-swi-bes24,sw49p1,L1
leaf-spine,sys1-ice2-p-swi-bel49,sw60p2,sys1-ice2-p-swi-bes24,sw49p2,L1
leaf-spine,sys1-ice2-p-swi-bel49,sw61p1,sys1-ice2-p-swi-bes25,sw49p1,L1
leaf-spine,sys1-ice2-p-swi-bel49,sw61p2,sys1-ice2-p-swi-bes25,sw49p2,L1
leaf-spine,sys1-ice2-p-swi-bel49,sw62p1,sys1-ice2-p-swi-bes26,sw49p1,L1
leaf-spine,sys1-ice2-p-swi-bel49,sw62p2,sys1-ice2-p-swi-bes26,sw49p2,L1
leaf-spine,sys1-ice2-p-swi-bel49,sw63p1,sys1-ice2-p-swi-bes27,sw49p1,L1
leaf-spine,sys1-ice2-p-swi-bel49,sw63p2,sys1-ice2-p-swi-bes27,sw49p2,L1
leaf-spine,sys1-ice2-p-swi-bel49,sw64p1,sys1-ice2-p-swi-bes28,sw49p1,L1
leaf-spine,sys1-ice2-p-swi-bel49,sw64p2,sys1-ice2-p-swi-bes28,sw49p2,L1
leaf-spine,sys1-ice2-p-swi-bel49,sw65p1,sys1-ice2-p-swi-bes29,sw49p1,L1
leaf-spine,sys1-ice2-p-swi-bel49,sw65p2,sys1-ice2-p-swi-bes29,sw49p2,L1
leaf-spine,sys1-ice2-p-swi-bel49,sw66p1,sys1-ice2-p-swi-bes30,sw49p1,L1
leaf-spine,sys1-ice2-p-swi-bel49,sw66p2,sys1-ice2-p-swi-bes30,sw49p2,L1
leaf-spine,sys1-ice2-p-swi-bel49,sw67p1,sys1-ice2-p-swi-bes31,sw49p1,L1
leaf-spine,sys1-ice2-p-swi-bel49,sw67p2,sys1-ice2-p-swi-bes31,sw49p2,L1
leaf-spine,sys1-ice2-p-swi-bel49,sw68p1,sys1-ice2-p-swi-bes32,sw49p1,L1
leaf-spine,sys1-ice2-p-swi-bel49,sw68p2,sys1-ice2-p-swi-bes32,sw49p2,L1
leaf-spine,sys1-ice2-p-swi-bel49,sw69p1,sys1-ice2-p-swi-bes33,sw49p1,L1
leaf-spine,sys1-ice2-p-swi-bel49,sw69p2,sys1-ice2-p-swi-bes33,sw49p2,L1
leaf-spine,sys1-ice2-p-swi-bel49,sw70p1,sys1-ice2-p-swi-bes34,sw49p1,L1
leaf-spine,sys1-ice2-p-swi-bel49,sw70p2,sys1-ice2-p-swi-bes34,sw49p2,L1
leaf-spine,sys1-ice2-p-swi-bel49,sw71p1,sys1-ice2-p-swi-bes35,sw49p1,L1
leaf-spine,sys1-ice2-p-swi-bel49,sw71p2,sys1-ice2-p-swi-bes35,sw49p2,L1
leaf-spine,sys1-ice2-p-swi-bel49,sw72p1,sys1-ice2-p-swi-bes36,sw49p1,L1
leaf-spine,sys1-ice2-p-swi-bel49,sw72p2,sys1-ice2-p-swi-bes36,sw49p2,L1
leaf-spine,sys1-ice2-p-swi-bel50,sw37p1,sys1-ice2-p-swi-bes1,sw50p1,L1
leaf-spine,sys1-ice2-p-swi-bel50,sw37p2,sys1-ice2-p-swi-bes1,sw50p2,L1
leaf-spine,sys1-ice2-p-swi-bel50,sw38p1,sys1-ice2-p-swi-bes2,sw50p1,L1
leaf-spine,sys1-ice2-p-swi-bel50,sw38p2,sys1-ice2-p-swi-bes2,sw50p2,L1
leaf-spine,sys1-ice2-p-swi-bel50,sw39p1,sys1-ice2-p-swi-bes3,sw50p1,L1
leaf-spine,sys1-ice2-p-swi-bel50,sw39p2,sys1-ice2-p-swi-bes3,sw50p2,L1
leaf-spine,sys1-ice2-p-swi-bel50,sw40p1,sys1-ice2-p-swi-bes4,sw50p1,L1
leaf-spine,sys1-ice2-p-swi-bel50,sw40p2,sys1-ice2-p-swi-bes4,sw50p2,L1
leaf-spine,sys1-ice2-p-swi-bel50,sw41p1,sys1-ice2-p-swi-bes5,sw50p1,L1
leaf-spine,sys1-ice2-p-swi-bel50,sw41p2,sys1-ice2-p-swi-bes5,sw50p2,L1
leaf-spine,sys1-ice2-p-swi-bel50,sw42p1,sys1-ice2-p-swi-bes6,sw50p1,L1
leaf-spine,sys1-ice2-p-swi-bel50,sw42p2,sys1-ice2-p-swi-bes6,sw50p2,L1
leaf-spine,sys1-ice2-p-swi-bel50,sw43p1,sys1-ice2-p-swi-bes7,sw50p1,L1
leaf-spine,sys1-ice2-p-swi-bel50,sw43p2,sys1-ice2-p-swi-bes7,sw50p2,L1
leaf-spine,sys1-ice2-p-swi-bel50,sw44p1,sys1-ice2-p-swi-bes8,sw50p1,L1
leaf-spine,sys1-ice2-p-swi-bel50,sw44p2,sys1-ice2-p-swi-bes8,sw50p2,L1
leaf-spine,sys1-ice2-p-swi-bel50,sw45p1,sys1-ice2-p-swi-bes9,sw50p1,L1
leaf-spine,sys1-ice2-p-swi-bel50,sw45p2,sys1-ice2-p-swi-bes9,sw50p2,L1
leaf-spine,sys1-ice2-p-swi-bel50,sw46p1,sys1-ice2-p-swi-bes10,sw50p1,L1
leaf-spine,sys1-ice2-p-swi-bel50,sw46p2,sys1-ice2-p-swi-bes10,sw50p2,L1
leaf-spine,sys1-ice2-p-swi-bel50,sw47p1,sys1-ice2-p-swi-bes11,sw50p1,L1
leaf-spine,sys1-ice2-p-swi-bel50,sw47p2,sys1-ice2-p-swi-bes11,sw50p2,L1
leaf-spine,sys1-ice2-p-swi-bel50,sw48p1,sys1-ice2-p-swi-bes12,sw50p1,L1
leaf-spine,sys1-ice2-p-swi-bel50,sw48p2,sys1-ice2-p-swi-bes12,sw50p2,L1
leaf-spine,sys1-ice2-p-swi-bel50,sw49p1,sys1-ice2-p-swi-bes13,sw50p1,L1
leaf-spine,sys1-ice2-p-swi-bel50,sw49p2,sys1-ice2-p-swi-bes13,sw50p2,L1
leaf-spine,sys1-ice2-p-swi-bel50,sw50p1,sys1-ice2-p-swi-bes14,sw50p1,L1
leaf-spine,sys1-ice2-p-swi-bel50,sw50p2,sys1-ice2-p-swi-bes14,sw50p2,L1
leaf-spine,sys1-ice2-p-swi-bel50,sw51p1,sys1-ice2-p-swi-bes15,sw50p1,L1
leaf-spine,sys1-ice2-p-swi-bel50,sw51p2,sys1-ice2-p-swi-bes15,sw50p2,L1
leaf-spine,sys1-ice2-p-swi-bel50,sw52p1,sys1-ice2-p-swi-bes16,sw50p1,L1
leaf-spine,sys1-ice2-p-swi-bel50,sw52p2,sys1-ice2-p-swi-bes16,sw50p2,L1
leaf-spine,sys1-ice2-p-swi-bel50,sw53p1,sys1-ice2-p-swi-bes17,sw50p1,L1
leaf-spine,sys1-ice2-p-swi-bel50,sw53p2,sys1-ice2-p-swi-bes17,sw50p2,L1
leaf-spine,sys1-ice2-p-swi-bel50,sw54p1,sys1-ice2-p-swi-bes18,sw50p1,L1
leaf-spine,sys1-ice2-p-swi-bel50,sw54p2,sys1-ice2-p-swi-bes18,sw50p2,L1
leaf-spine,sys1-ice2-p-swi-bel50,sw55p1,sys1-ice2-p-swi-bes19,sw50p1,L1
leaf-spine,sys1-ice2-p-swi-bel50,sw55p2,sys1-ice2-p-swi-bes19,sw50p2,L1
leaf-spine,sys1-ice2-p-swi-bel50,sw56p1,sys1-ice2-p-swi-bes20,sw50p1,L1
leaf-spine,sys1-ice2-p-swi-bel50,sw56p2,sys1-ice2-p-swi-bes20,sw50p2,L1
leaf-spine,sys1-ice2-p-swi-bel50,sw57p1,sys1-ice2-p-swi-bes21,sw50p1,L1
leaf-spine,sys1-ice2-p-swi-bel50,sw57p2,sys1-ice2-p-swi-bes21,sw50p2,L1
leaf-spine,sys1-ice2-p-swi-bel50,sw58p1,sys1-ice2-p-swi-bes22,sw50p1,L1
leaf-spine,sys1-ice2-p-swi-bel50,sw58p2,sys1-ice2-p-swi-bes22,sw50p2,L1
leaf-spine,sys1-ice2-p-swi-bel50,sw59p1,sys1-ice2-p-swi-bes23,sw50p1,L1
leaf-spine,sys1-ice2-p-swi-bel50,sw59p2,sys1-ice2-p-swi-bes23,sw50p2,L1
leaf-spine,sys1-ice2-p-swi-bel50,sw60p1,sys1-ice2-p-swi-bes24,sw50p1,L1
leaf-spine,sys1-ice2-p-swi-bel50,sw60p2,sys1-ice2-p-swi-bes24,sw50p2,L1
leaf-spine,sys1-ice2-p-swi-bel50,sw61p1,sys1-ice2-p-swi-bes25,sw50p1,L1
leaf-spine,sys1-ice2-p-swi-bel50,sw61p2,sys1-ice2-p-swi-bes25,sw50p2,L1
leaf-spine,sys1-ice2-p-swi-bel50,sw62p1,sys1-ice2-p-swi-bes26,sw50p1,L1
leaf-spine,sys1-ice2-p-swi-bel50,sw62p2,sys1-ice2-p-swi-bes26,sw50p2,L1
leaf-spine,sys1-ice2-p-swi-bel50,sw63p1,sys1-ice2-p-swi-bes27,sw50p1,L1
leaf-spine,sys1-ice2-p-swi-bel50,sw63p2,sys1-ice2-p-swi-bes27,sw50p2,L1
leaf-spine,sys1-ice2-p-swi-bel50,sw64p1,sys1-ice2-p-swi-bes28,sw50p1,L1
leaf-spine,sys1-ice2-p-swi-bel50,sw64p2,sys1-ice2-p-swi-bes28,sw50p2,L1
leaf-spine,sys1-ice2-p-swi-bel50,sw65p1,sys1-ice2-p-swi-bes29,sw50p1,L1
leaf-spine,sys1-ice2-p-swi-bel50,sw65p2,sys1-ice2-p-swi-bes29,sw50p2,L1
leaf-spine,sys1-ice2-p-swi-bel50,sw66p1,sys1-ice2-p-swi-bes30,sw50p1,L1
leaf-spine,sys1-ice2-p-swi-bel50,sw66p2,sys1-ice2-p-swi-bes30,sw50p2,L1
leaf-spine,sys1-ice2-p-swi-bel50,sw67p1,sys1-ice2-p-swi-bes31,sw50p1,L1
leaf-spine,sys1-ice2-p-swi-bel50,sw67p2,sys1-ice2-p-swi-bes31,sw50p2,L1
leaf-spine,sys1-ice2-p-swi-bel50,sw68p1,sys1-ice2-p-swi-bes32,sw50p1,L1
leaf-spine,sys1-ice2-p-swi-bel50,sw68p2,sys1-ice2-p-swi-bes32,sw50p2,L1
leaf-spine,sys1-ice2-p-swi-bel50,sw69p1,sys1-ice2-p-swi-bes33,sw50p1,L1
leaf-spine,sys1-ice2-p-swi-bel50,sw69p2,sys1-ice2-p-swi-bes33,sw50p2,L1
leaf-spine,sys1-ice2-p-swi-bel50,sw70p1,sys1-ice2-p-swi-bes34,sw50p1,L1
leaf-spine,sys1-ice2-p-swi-bel50,sw70p2,sys1-ice2-p-swi-bes34,sw50p2,L1
leaf-spine,sys1-ice2-p-swi-bel50,sw71p1,sys1-ice2-p-swi-bes35,sw50p1,L1
leaf-spine,sys1-ice2-p-swi-bel50,sw71p2,sys1-ice2-p-swi-bes35,sw50p2,L1
leaf-spine,sys1-ice2-p-swi-bel50,sw72p1,sys1-ice2-p-swi-bes36,sw50p1,L1
leaf-spine,sys1-ice2-p-swi-bel50,sw72p2,sys1-ice2-p-swi-bes36,sw50p2,L1
leaf-spine,sys1-ice2-p-swi-bel51,sw37p1,sys1-ice2-p-swi-bes1,sw51p1,L1
leaf-spine,sys1-ice2-p-swi-bel51,sw37p2,sys1-ice2-p-swi-bes1,sw51p2,L1
leaf-spine,sys1-ice2-p-swi-bel51,sw38p1,sys1-ice2-p-swi-bes2,sw51p1,L1
leaf-spine,sys1-ice2-p-swi-bel51,sw38p2,sys1-ice2-p-swi-bes2,sw51p2,L1
leaf-spine,sys1-ice2-p-swi-bel51,sw39p1,sys1-ice2-p-swi-bes3,sw51p1,L1
leaf-spine,sys1-ice2-p-swi-bel51,sw39p2,sys1-ice2-p-swi-bes3,sw51p2,L1
leaf-spine,sys1-ice2-p-swi-bel51,sw40p1,sys1-ice2-p-swi-bes4,sw51p1,L1
leaf-spine,sys1-ice2-p-swi-bel51,sw40p2,sys1-ice2-p-swi-bes4,sw51p2,L1
leaf-spine,sys1-ice2-p-swi-bel51,sw41p1,sys1-ice2-p-swi-bes5,sw51p1,L1
leaf-spine,sys1-ice2-p-swi-bel51,sw41p2,sys1-ice2-p-swi-bes5,sw51p2,L1
leaf-spine,sys1-ice2-p-swi-bel51,sw42p1,sys1-ice2-p-swi-bes6,sw51p1,L1
leaf-spine,sys1-ice2-p-swi-bel51,sw42p2,sys1-ice2-p-swi-bes6,sw51p2,L1
leaf-spine,sys1-ice2-p-swi-bel51,sw43p1,sys1-ice2-p-swi-bes7,sw51p1,L1
leaf-spine,sys1-ice2-p-swi-bel51,sw43p2,sys1-ice2-p-swi-bes7,sw51p2,L1
leaf-spine,sys1-ice2-p-swi-bel51,sw44p1,sys1-ice2-p-swi-bes8,sw51p1,L1
leaf-spine,sys1-ice2-p-swi-bel51,sw44p2,sys1-ice2-p-swi-bes8,sw51p2,L1
leaf-spine,sys1-ice2-p-swi-bel51,sw45p1,sys1-ice2-p-swi-bes9,sw51p1,L1
leaf-spine,sys1-ice2-p-swi-bel51,sw45p2,sys1-ice2-p-swi-bes9,sw51p2,L1
leaf-spine,sys1-ice2-p-swi-bel51,sw46p1,sys1-ice2-p-swi-bes10,sw51p1,L1
leaf-spine,sys1-ice2-p-swi-bel51,sw46p2,sys1-ice2-p-swi-bes10,sw51p2,L1
leaf-spine,sys1-ice2-p-swi-bel51,sw47p1,sys1-ice2-p-swi-bes11,sw51p1,L1
leaf-spine,sys1-ice2-p-swi-bel51,sw47p2,sys1-ice2-p-swi-bes11,sw51p2,L1
leaf-spine,sys1-ice2-p-swi-bel51,sw48p1,sys1-ice2-p-swi-bes12,sw51p1,L1
leaf-spine,sys1-ice2-p-swi-bel51,sw48p2,sys1-ice2-p-swi-bes12,sw51p2,L1
leaf-spine,sys1-ice2-p-swi-bel51,sw49p1,sys1-ice2-p-swi-bes13,sw51p1,L1
leaf-spine,sys1-ice2-p-swi-bel51,sw49p2,sys1-ice2-p-swi-bes13,sw51p2,L1
leaf-spine,sys1-ice2-p-swi-bel51,sw50p1,sys1-ice2-p-swi-bes14,sw51p1,L1
leaf-spine,sys1-ice2-p-swi-bel51,sw50p2,sys1-ice2-p-swi-bes14,sw51p2,L1
leaf-spine,sys1-ice2-p-swi-bel51,sw51p1,sys1-ice2-p-swi-bes15,sw51p1,L1
leaf-spine,sys1-ice2-p-swi-bel51,sw51p2,sys1-ice2-p-swi-bes15,sw51p2,L1
leaf-spine,sys1-ice2-p-swi-bel51,sw52p1,sys1-ice2-p-swi-bes16,sw51p1,L1
leaf-spine,sys1-ice2-p-swi-bel51,sw52p2,sys1-ice2-p-swi-bes16,sw51p2,L1
leaf-spine,sys1-ice2-p-swi-bel51,sw53p1,sys1-ice2-p-swi-bes17,sw51p1,L1
leaf-spine,sys1-ice2-p-swi-bel51,sw53p2,sys1-ice2-p-swi-bes17,sw51p2,L1
leaf-spine,sys1-ice2-p-swi-bel51,sw54p1,sys1-ice2-p-swi-bes18,sw51p1,L1
leaf-spine,sys1-ice2-p-swi-bel51,sw54p2,sys1-ice2-p-swi-bes18,sw51p2,L1
leaf-spine,sys1-ice2-p-swi-bel51,sw55p1,sys1-ice2-p-swi-bes19,sw51p1,L1
leaf-spine,sys1-ice2-p-swi-bel51,sw55p2,sys1-ice2-p-swi-bes19,sw51p2,L1
leaf-spine,sys1-ice2-p-swi-bel51,sw56p1,sys1-ice2-p-swi-bes20,sw51p1,L1
leaf-spine,sys1-ice2-p-swi-bel51,sw56p2,sys1-ice2-p-swi-bes20,sw51p2,L1
leaf-spine,sys1-ice2-p-swi-bel51,sw57p1,sys1-ice2-p-swi-bes21,sw51p1,L1
leaf-spine,sys1-ice2-p-swi-bel51,sw57p2,sys1-ice2-p-swi-bes21,sw51p2,L1
leaf-spine,sys1-ice2-p-swi-bel51,sw58p1,sys1-ice2-p-swi-bes22,sw51p1,L1
leaf-spine,sys1-ice2-p-swi-bel51,sw58p2,sys1-ice2-p-swi-bes22,sw51p2,L1
leaf-spine,sys1-ice2-p-swi-bel51,sw59p1,sys1-ice2-p-swi-bes23,sw51p1,L1
leaf-spine,sys1-ice2-p-swi-bel51,sw59p2,sys1-ice2-p-swi-bes23,sw51p2,L1
leaf-spine,sys1-ice2-p-swi-bel51,sw60p1,sys1-ice2-p-swi-bes24,sw51p1,L1
leaf-spine,sys1-ice2-p-swi-bel51,sw60p2,sys1-ice2-p-swi-bes24,sw51p2,L1
leaf-spine,sys1-ice2-p-swi-bel51,sw61p1,sys1-ice2-p-swi-bes25,sw51p1,L1
leaf-spine,sys1-ice2-p-swi-bel51,sw61p2,sys1-ice2-p-swi-bes25,sw51p2,L1
leaf-spine,sys1-ice2-p-swi-bel51,sw62p1,sys1-ice2-p-swi-bes26,sw51p1,L1
leaf-spine,sys1-ice2-p-swi-bel51,sw62p2,sys1-ice2-p-swi-bes26,sw51p2,L1
leaf-spine,sys1-ice2-p-swi-bel51,sw63p1,sys1-ice2-p-swi-bes27,sw51p1,L1
leaf-spine,sys1-ice2-p-swi-bel51,sw63p2,sys1-ice2-p-swi-bes27,sw51p2,L1
leaf-spine,sys1-ice2-p-swi-bel51,sw64p1,sys1-ice2-p-swi-bes28,sw51p1,L1
leaf-spine,sys1-ice2-p-swi-bel51,sw64p2,sys1-ice2-p-swi-bes28,sw51p2,L1
leaf-spine,sys1-ice2-p-swi-bel51,sw65p1,sys1-ice2-p-swi-bes29,sw51p1,L1
leaf-spine,sys1-ice2-p-swi-bel51,sw65p2,sys1-ice2-p-swi-bes29,sw51p2,L1
leaf-spine,sys1-ice2-p-swi-bel51,sw66p1,sys1-ice2-p-swi-bes30,sw51p1,L1
leaf-spine,sys1-ice2-p-swi-bel51,sw66p2,sys1-ice2-p-swi-bes30,sw51p2,L1
leaf-spine,sys1-ice2-p-swi-bel51,sw67p1,sys1-ice2-p-swi-bes31,sw51p1,L1
leaf-spine,sys1-ice2-p-swi-bel51,sw67p2,sys1-ice2-p-swi-bes31,sw51p2,L1
leaf-spine,sys1-ice2-p-swi-bel51,sw68p1,sys1-ice2-p-swi-bes32,sw51p1,L1
leaf-spine,sys1-ice2-p-swi-bel51,sw68p2,sys1-ice2-p-swi-bes32,sw51p2,L1
leaf-spine,sys1-ice2-p-swi-bel51,sw69p1,sys1-ice2-p-swi-bes33,sw51p1,L1
leaf-spine,sys1-ice2-p-swi-bel51,sw69p2,sys1-ice2-p-swi-bes33,sw51p2,L1
leaf-spine,sys1-ice2-p-swi-bel51,sw70p1,sys1-ice2-p-swi-bes34,sw51p1,L1
leaf-spine,sys1-ice2-p-swi-bel51,sw70p2,sys1-ice2-p-swi-bes34,sw51p2,L1
leaf-spine,sys1-ice2-p-swi-bel51,sw71p1,sys1-ice2-p-swi-bes35,sw51p1,L1
leaf-spine,sys1-ice2-p-swi-bel51,sw71p2,sys1-ice2-p-swi-bes35,sw51p2,L1
leaf-spine,sys1-ice2-p-swi-bel51,sw72p1,sys1-ice2-p-swi-bes36,sw51p1,L1
leaf-spine,sys1-ice2-p-swi-bel51,sw72p2,sys1-ice2-p-swi-bes36,sw51p2,L1
leaf-spine,sys1-ice2-p-swi-bel52,sw37p1,sys1-ice2-p-swi-bes1,sw52p1,L1
leaf-spine,sys1-ice2-p-swi-bel52,sw37p2,sys1-ice2-p-swi-bes1,sw52p2,L1
leaf-spine,sys1-ice2-p-swi-bel52,sw38p1,sys1-ice2-p-swi-bes2,sw52p1,L1
leaf-spine,sys1-ice2-p-swi-bel52,sw38p2,sys1-ice2-p-swi-bes2,sw52p2,L1
leaf-spine,sys1-ice2-p-swi-bel52,sw39p1,sys1-ice2-p-swi-bes3,sw52p1,L1
leaf-spine,sys1-ice2-p-swi-bel52,sw39p2,sys1-ice2-p-swi-bes3,sw52p2,L1
leaf-spine,sys1-ice2-p-swi-bel52,sw40p1,sys1-ice2-p-swi-bes4,sw52p1,L1
leaf-spine,sys1-ice2-p-swi-bel52,sw40p2,sys1-ice2-p-swi-bes4,sw52p2,L1
leaf-spine,sys1-ice2-p-swi-bel52,sw41p1,sys1-ice2-p-swi-bes5,sw52p1,L1
leaf-spine,sys1-ice2-p-swi-bel52,sw41p2,sys1-ice2-p-swi-bes5,sw52p2,L1
leaf-spine,sys1-ice2-p-swi-bel52,sw42p1,sys1-ice2-p-swi-bes6,sw52p1,L1
leaf-spine,sys1-ice2-p-swi-bel52,sw42p2,sys1-ice2-p-swi-bes6,sw52p2,L1
leaf-spine,sys1-ice2-p-swi-bel52,sw43p1,sys1-ice2-p-swi-bes7,sw52p1,L1
leaf-spine,sys1-ice2-p-swi-bel52,sw43p2,sys1-ice2-p-swi-bes7,sw52p2,L1
leaf-spine,sys1-ice2-p-swi-bel52,sw44p1,sys1-ice2-p-swi-bes8,sw52p1,L1
leaf-spine,sys1-ice2-p-swi-bel52,sw44p2,sys1-ice2-p-swi-bes8,sw52p2,L1
leaf-spine,sys1-ice2-p-swi-bel52,sw45p1,sys1-ice2-p-swi-bes9,sw52p1,L1
leaf-spine,sys1-ice2-p-swi-bel52,sw45p2,sys1-ice2-p-swi-bes9,sw52p2,L1
leaf-spine,sys1-ice2-p-swi-bel52,sw46p1,sys1-ice2-p-swi-bes10,sw52p1,L1
leaf-spine,sys1-ice2-p-swi-bel52,sw46p2,sys1-ice2-p-swi-bes10,sw52p2,L1
leaf-spine,sys1-ice2-p-swi-bel52,sw47p1,sys1-ice2-p-swi-bes11,sw52p1,L1
leaf-spine,sys1-ice2-p-swi-bel52,sw47p2,sys1-ice2-p-swi-bes11,sw52p2,L1
leaf-spine,sys1-ice2-p-swi-bel52,sw48p1,sys1-ice2-p-swi-bes12,sw52p1,L1
leaf-spine,sys1-ice2-p-swi-bel52,sw48p2,sys1-ice2-p-swi-bes12,sw52p2,L1
leaf-spine,sys1-ice2-p-swi-bel52,sw49p1,sys1-ice2-p-swi-bes13,sw52p1,L1
leaf-spine,sys1-ice2-p-swi-bel52,sw49p2,sys1-ice2-p-swi-bes13,sw52p2,L1
leaf-spine,sys1-ice2-p-swi-bel52,sw50p1,sys1-ice2-p-swi-bes14,sw52p1,L1
leaf-spine,sys1-ice2-p-swi-bel52,sw50p2,sys1-ice2-p-swi-bes14,sw52p2,L1
leaf-spine,sys1-ice2-p-swi-bel52,sw51p1,sys1-ice2-p-swi-bes15,sw52p1,L1
leaf-spine,sys1-ice2-p-swi-bel52,sw51p2,sys1-ice2-p-swi-bes15,sw52p2,L1
leaf-spine,sys1-ice2-p-swi-bel52,sw52p1,sys1-ice2-p-swi-bes16,sw52p1,L1
leaf-spine,sys1-ice2-p-swi-bel52,sw52p2,sys1-ice2-p-swi-bes16,sw52p2,L1
leaf-spine,sys1-ice2-p-swi-bel52,sw53p1,sys1-ice2-p-swi-bes17,sw52p1,L1
leaf-spine,sys1-ice2-p-swi-bel52,sw53p2,sys1-ice2-p-swi-bes17,sw52p2,L1
leaf-spine,sys1-ice2-p-swi-bel52,sw54p1,sys1-ice2-p-swi-bes18,sw52p1,L1
leaf-spine,sys1-ice2-p-swi-bel52,sw54p2,sys1-ice2-p-swi-bes18,sw52p2,L1
leaf-spine,sys1-ice2-p-swi-bel52,sw55p1,sys1-ice2-p-swi-bes19,sw52p1,L1
leaf-spine,sys1-ice2-p-swi-bel52,sw55p2,sys1-ice2-p-swi-bes19,sw52p2,L1
leaf-spine,sys1-ice2-p-swi-bel52,sw56p1,sys1-ice2-p-swi-bes20,sw52p1,L1
leaf-spine,sys1-ice2-p-swi-bel52,sw56p2,sys1-ice2-p-swi-bes20,sw52p2,L1
leaf-spine,sys1-ice2-p-swi-bel52,sw57p1,sys1-ice2-p-swi-bes21,sw52p1,L1
leaf-spine,sys1-ice2-p-swi-bel52,sw57p2,sys1-ice2-p-swi-bes21,sw52p2,L1
leaf-spine,sys1-ice2-p-swi-bel52,sw58p1,sys1-ice2-p-swi-bes22,sw52p1,L1
leaf-spine,sys1-ice2-p-swi-bel52,sw58p2,sys1-ice2-p-swi-bes22,sw52p2,L1
leaf-spine,sys1-ice2-p-swi-bel52,sw59p1,sys1-ice2-p-swi-bes23,sw52p1,L1
leaf-spine,sys1-ice2-p-swi-bel52,sw59p2,sys1-ice2-p-swi-bes23,sw52p2,L1
leaf-spine,sys1-ice2-p-swi-bel52,sw60p1,sys1-ice2-p-swi-bes24,sw52p1,L1
leaf-spine,sys1-ice2-p-swi-bel52,sw60p2,sys1-ice2-p-swi-bes24,sw52p2,L1
leaf-spine,sys1-ice2-p-swi-bel52,sw61p1,sys1-ice2-p-swi-bes25,sw52p1,L1
leaf-spine,sys1-ice2-p-swi-bel52,sw61p2,sys1-ice2-p-swi-bes25,sw52p2,L1
leaf-spine,sys1-ice2-p-swi-bel52,sw62p1,sys1-ice2-p-swi-bes26,sw52p1,L1
leaf-spine,sys1-ice2-p-swi-bel52,sw62p2,sys1-ice2-p-swi-bes26,sw52p2,L1
leaf-spine,sys1-ice2-p-swi-bel52,sw63p1,sys1-ice2-p-swi-bes27,sw52p1,L1
leaf-spine,sys1-ice2-p-swi-bel52,sw63p2,sys1-ice2-p-swi-bes27,sw52p2,L1
leaf-spine,sys1-ice2-p-swi-bel52,sw64p1,sys1-ice2-p-swi-bes28,sw52p1,L1
leaf-spine,sys1-ice2-p-swi-bel52,sw64p2,sys1-ice2-p-swi-bes28,sw52p2,L1
leaf-spine,sys1-ice2-p-swi-bel52,sw65p1,sys1-ice2-p-swi-bes29,sw52p1,L1
leaf-spine,sys1-ice2-p-swi-bel52,sw65p2,sys1-ice2-p-swi-bes29,sw52p2,L1
leaf-spine,sys1-ice2-p-swi-bel52,sw66p1,sys1-ice2-p-swi-bes30,sw52p1,L1
leaf-spine,sys1-ice2-p-swi-bel52,sw66p2,sys1-ice2-p-swi-bes30,sw52p2,L1
leaf-spine,sys1-ice2-p-swi-bel52,sw67p1,sys1-ice2-p-swi-bes31,sw52p1,L1
leaf-spine,sys1-ice2-p-swi-bel52,sw67p2,sys1-ice2-p-swi-bes31,sw52p2,L1
leaf-spine,sys1-ice2-p-swi-bel52,sw68p1,sys1-ice2-p-swi-bes32,sw52p1,L1
leaf-spine,sys1-ice2-p-swi-bel52,sw68p2,sys1-ice2-p-swi-bes32,sw52p2,L1
leaf-spine,sys1-ice2-p-swi-bel52,sw69p1,sys1-ice2-p-swi-bes33,sw52p1,L1
leaf-spine,sys1-ice2-p-swi-bel52,sw69p2,sys1-ice2-p-swi-bes33,sw52p2,L1
leaf-spine,sys1-ice2-p-swi-bel52,sw70p1,sys1-ice2-p-swi-bes34,sw52p1,L1
leaf-spine,sys1-ice2-p-swi-bel52,sw70p2,sys1-ice2-p-swi-bes34,sw52p2,L1
leaf-spine,sys1-ice2-p-swi-bel52,sw71p1,sys1-ice2-p-swi-bes35,sw52p1,L1
leaf-spine,sys1-ice2-p-swi-bel52,sw71p2,sys1-ice2-p-swi-bes35,sw52p2,L1
leaf-spine,sys1-ice2-p-swi-bel52,sw72p1,sys1-ice2-p-swi-bes36,sw52p1,L1
leaf-spine,sys1-ice2-p-swi-bel52,sw72p2,sys1-ice2-p-swi-bes36,sw52p2,L1
leaf-spine,sys1-ice2-p-swi-bel53,sw37p1,sys1-ice2-p-swi-bes1,sw53p1,L1
leaf-spine,sys1-ice2-p-swi-bel53,sw37p2,sys1-ice2-p-swi-bes1,sw53p2,L1
leaf-spine,sys1-ice2-p-swi-bel53,sw38p1,sys1-ice2-p-swi-bes2,sw53p1,L1
leaf-spine,sys1-ice2-p-swi-bel53,sw38p2,sys1-ice2-p-swi-bes2,sw53p2,L1
leaf-spine,sys1-ice2-p-swi-bel53,sw39p1,sys1-ice2-p-swi-bes3,sw53p1,L1
leaf-spine,sys1-ice2-p-swi-bel53,sw39p2,sys1-ice2-p-swi-bes3,sw53p2,L1
leaf-spine,sys1-ice2-p-swi-bel53,sw40p1,sys1-ice2-p-swi-bes4,sw53p1,L1
leaf-spine,sys1-ice2-p-swi-bel53,sw40p2,sys1-ice2-p-swi-bes4,sw53p2,L1
leaf-spine,sys1-ice2-p-swi-bel53,sw41p1,sys1-ice2-p-swi-bes5,sw53p1,L1
leaf-spine,sys1-ice2-p-swi-bel53,sw41p2,sys1-ice2-p-swi-bes5,sw53p2,L1
leaf-spine,sys1-ice2-p-swi-bel53,sw42p1,sys1-ice2-p-swi-bes6,sw53p1,L1
leaf-spine,sys1-ice2-p-swi-bel53,sw42p2,sys1-ice2-p-swi-bes6,sw53p2,L1
leaf-spine,sys1-ice2-p-swi-bel53,sw43p1,sys1-ice2-p-swi-bes7,sw53p1,L1
leaf-spine,sys1-ice2-p-swi-bel53,sw43p2,sys1-ice2-p-swi-bes7,sw53p2,L1
leaf-spine,sys1-ice2-p-swi-bel53,sw44p1,sys1-ice2-p-swi-bes8,sw53p1,L1
leaf-spine,sys1-ice2-p-swi-bel53,sw44p2,sys1-ice2-p-swi-bes8,sw53p2,L1
leaf-spine,sys1-ice2-p-swi-bel53,sw45p1,sys1-ice2-p-swi-bes9,sw53p1,L1
leaf-spine,sys1-ice2-p-swi-bel53,sw45p2,sys1-ice2-p-swi-bes9,sw53p2,L1
leaf-spine,sys1-ice2-p-swi-bel53,sw46p1,sys1-ice2-p-swi-bes10,sw53p1,L1
leaf-spine,sys1-ice2-p-swi-bel53,sw46p2,sys1-ice2-p-swi-bes10,sw53p2,L1
leaf-spine,sys1-ice2-p-swi-bel53,sw47p1,sys1-ice2-p-swi-bes11,sw53p1,L1
leaf-spine,sys1-ice2-p-swi-bel53,sw47p2,sys1-ice2-p-swi-bes11,sw53p2,L1
leaf-spine,sys1-ice2-p-swi-bel53,sw48p1,sys1-ice2-p-swi-bes12,sw53p1,L1
leaf-spine,sys1-ice2-p-swi-bel53,sw48p2,sys1-ice2-p-swi-bes12,sw53p2,L1
leaf-spine,sys1-ice2-p-swi-bel53,sw49p1,sys1-ice2-p-swi-bes13,sw53p1,L1
leaf-spine,sys1-ice2-p-swi-bel53,sw49p2,sys1-ice2-p-swi-bes13,sw53p2,L1
leaf-spine,sys1-ice2-p-swi-bel53,sw50p1,sys1-ice2-p-swi-bes14,sw53p1,L1
leaf-spine,sys1-ice2-p-swi-bel53,sw50p2,sys1-ice2-p-swi-bes14,sw53p2,L1
leaf-spine,sys1-ice2-p-swi-bel53,sw51p1,sys1-ice2-p-swi-bes15,sw53p1,L1
leaf-spine,sys1-ice2-p-swi-bel53,sw51p2,sys1-ice2-p-swi-bes15,sw53p2,L1
leaf-spine,sys1-ice2-p-swi-bel53,sw52p1,sys1-ice2-p-swi-bes16,sw53p1,L1
leaf-spine,sys1-ice2-p-swi-bel53,sw52p2,sys1-ice2-p-swi-bes16,sw53p2,L1
leaf-spine,sys1-ice2-p-swi-bel53,sw53p1,sys1-ice2-p-swi-bes17,sw53p1,L1
leaf-spine,sys1-ice2-p-swi-bel53,sw53p2,sys1-ice2-p-swi-bes17,sw53p2,L1
leaf-spine,sys1-ice2-p-swi-bel53,sw54p1,sys1-ice2-p-swi-bes18,sw53p1,L1
leaf-spine,sys1-ice2-p-swi-bel53,sw54p2,sys1-ice2-p-swi-bes18,sw53p2,L1
leaf-spine,sys1-ice2-p-swi-bel53,sw55p1,sys1-ice2-p-swi-bes19,sw53p1,L1
leaf-spine,sys1-ice2-p-swi-bel53,sw55p2,sys1-ice2-p-swi-bes19,sw53p2,L1
leaf-spine,sys1-ice2-p-swi-bel53,sw56p1,sys1-ice2-p-swi-bes20,sw53p1,L1
leaf-spine,sys1-ice2-p-swi-bel53,sw56p2,sys1-ice2-p-swi-bes20,sw53p2,L1
leaf-spine,sys1-ice2-p-swi-bel53,sw57p1,sys1-ice2-p-swi-bes21,sw53p1,L1
leaf-spine,sys1-ice2-p-swi-bel53,sw57p2,sys1-ice2-p-swi-bes21,sw53p2,L1
leaf-spine,sys1-ice2-p-swi-bel53,sw58p1,sys1-ice2-p-swi-bes22,sw53p1,L1
leaf-spine,sys1-ice2-p-swi-bel53,sw58p2,sys1-ice2-p-swi-bes22,sw53p2,L1
leaf-spine,sys1-ice2-p-swi-bel53,sw59p1,sys1-ice2-p-swi-bes23,sw53p1,L1
leaf-spine,sys1-ice2-p-swi-bel53,sw59p2,sys1-ice2-p-swi-bes23,sw53p2,L1
leaf-spine,sys1-ice2-p-swi-bel53,sw60p1,sys1-ice2-p-swi-bes24,sw53p1,L1
leaf-spine,sys1-ice2-p-swi-bel53,sw60p2,sys1-ice2-p-swi-bes24,sw53p2,L1
leaf-spine,sys1-ice2-p-swi-bel53,sw61p1,sys1-ice2-p-swi-bes25,sw53p1,L1
leaf-spine,sys1-ice2-p-swi-bel53,sw61p2,sys1-ice2-p-swi-bes25,sw53p2,L1
leaf-spine,sys1-ice2-p-swi-bel53,sw62p1,sys1-ice2-p-swi-bes26,sw53p1,L1
leaf-spine,sys1-ice2-p-swi-bel53,sw62p2,sys1-ice2-p-swi-bes26,sw53p2,L1
leaf-spine,sys1-ice2-p-swi-bel53,sw63p1,sys1-ice2-p-swi-bes27,sw53p1,L1
leaf-spine,sys1-ice2-p-swi-bel53,sw63p2,sys1-ice2-p-swi-bes27,sw53p2,L1
leaf-spine,sys1-ice2-p-swi-bel53,sw64p1,sys1-ice2-p-swi-bes28,sw53p1,L1
leaf-spine,sys1-ice2-p-swi-bel53,sw64p2,sys1-ice2-p-swi-bes28,sw53p2,L1
leaf-spine,sys1-ice2-p-swi-bel53,sw65p1,sys1-ice2-p-swi-bes29,sw53p1,L1
leaf-spine,sys1-ice2-p-swi-bel53,sw65p2,sys1-ice2-p-swi-bes29,sw53p2,L1
leaf-spine,sys1-ice2-p-swi-bel53,sw66p1,sys1-ice2-p-swi-bes30,sw53p1,L1
leaf-spine,sys1-ice2-p-swi-bel53,sw66p2,sys1-ice2-p-swi-bes30,sw53p2,L1
leaf-spine,sys1-ice2-p-swi-bel53,sw67p1,sys1-ice2-p-swi-bes31,sw53p1,L1
leaf-spine,sys1-ice2-p-swi-bel53,sw67p2,sys1-ice2-p-swi-bes31,sw53p2,L1
leaf-spine,sys1-ice2-p-swi-bel53,sw68p1,sys1-ice2-p-swi-bes32,sw53p1,L1
leaf-spine,sys1-ice2-p-swi-bel53,sw68p2,sys1-ice2-p-swi-bes32,sw53p2,L1
leaf-spine,sys1-ice2-p-swi-bel53,sw69p1,sys1-ice2-p-swi-bes33,sw53p1,L1
leaf-spine,sys1-ice2-p-swi-bel53,sw69p2,sys1-ice2-p-swi-bes33,sw53p2,L1
leaf-spine,sys1-ice2-p-swi-bel53,sw70p1,sys1-ice2-p-swi-bes34,sw53p1,L1
leaf-spine,sys1-ice2-p-swi-bel53,sw70p2,sys1-ice2-p-swi-bes34,sw53p2,L1
leaf-spine,sys1-ice2-p-swi-bel53,sw71p1,sys1-ice2-p-swi-bes35,sw53p1,L1
leaf-spine,sys1-ice2-p-swi-bel53,sw71p2,sys1-ice2-p-swi-bes35,sw53p2,L1
leaf-spine,sys1-ice2-p-swi-bel53,sw72p1,sys1-ice2-p-swi-bes36,sw53p1,L1
leaf-spine,sys1-ice2-p-swi-bel53,sw72p2,sys1-ice2-p-swi-bes36,sw53p2,L1
leaf-spine,sys1-ice2-p-swi-bel54,sw37p1,sys1-ice2-p-swi-bes1,sw54p1,L1
leaf-spine,sys1-ice2-p-swi-bel54,sw37p2,sys1-ice2-p-swi-bes1,sw54p2,L1
leaf-spine,sys1-ice2-p-swi-bel54,sw38p1,sys1-ice2-p-swi-bes2,sw54p1,L1
leaf-spine,sys1-ice2-p-swi-bel54,sw38p2,sys1-ice2-p-swi-bes2,sw54p2,L1
leaf-spine,sys1-ice2-p-swi-bel54,sw39p1,sys1-ice2-p-swi-bes3,sw54p1,L1
leaf-spine,sys1-ice2-p-swi-bel54,sw39p2,sys1-ice2-p-swi-bes3,sw54p2,L1
leaf-spine,sys1-ice2-p-swi-bel54,sw40p1,sys1-ice2-p-swi-bes4,sw54p1,L1
leaf-spine,sys1-ice2-p-swi-bel54,sw40p2,sys1-ice2-p-swi-bes4,sw54p2,L1
leaf-spine,sys1-ice2-p-swi-bel54,sw41p1,sys1-ice2-p-swi-bes5,sw54p1,L1
leaf-spine,sys1-ice2-p-swi-bel54,sw41p2,sys1-ice2-p-swi-bes5,sw54p2,L1
leaf-spine,sys1-ice2-p-swi-bel54,sw42p1,sys1-ice2-p-swi-bes6,sw54p1,L1
leaf-spine,sys1-ice2-p-swi-bel54,sw42p2,sys1-ice2-p-swi-bes6,sw54p2,L1
leaf-spine,sys1-ice2-p-swi-bel54,sw43p1,sys1-ice2-p-swi-bes7,sw54p1,L1
leaf-spine,sys1-ice2-p-swi-bel54,sw43p2,sys1-ice2-p-swi-bes7,sw54p2,L1
leaf-spine,sys1-ice2-p-swi-bel54,sw44p1,sys1-ice2-p-swi-bes8,sw54p1,L1
leaf-spine,sys1-ice2-p-swi-bel54,sw44p2,sys1-ice2-p-swi-bes8,sw54p2,L1
leaf-spine,sys1-ice2-p-swi-bel54,sw45p1,sys1-ice2-p-swi-bes9,sw54p1,L1
leaf-spine,sys1-ice2-p-swi-bel54,sw45p2,sys1-ice2-p-swi-bes9,sw54p2,L1
leaf-spine,sys1-ice2-p-swi-bel54,sw46p1,sys1-ice2-p-swi-bes10,sw54p1,L1
leaf-spine,sys1-ice2-p-swi-bel54,sw46p2,sys1-ice2-p-swi-bes10,sw54p2,L1
leaf-spine,sys1-ice2-p-swi-bel54,sw47p1,sys1-ice2-p-swi-bes11,sw54p1,L1
leaf-spine,sys1-ice2-p-swi-bel54,sw47p2,sys1-ice2-p-swi-bes11,sw54p2,L1
leaf-spine,sys1-ice2-p-swi-bel54,sw48p1,sys1-ice2-p-swi-bes12,sw54p1,L1
leaf-spine,sys1-ice2-p-swi-bel54,sw48p2,sys1-ice2-p-swi-bes12,sw54p2,L1
leaf-spine,sys1-ice2-p-swi-bel54,sw49p1,sys1-ice2-p-swi-bes13,sw54p1,L1
leaf-spine,sys1-ice2-p-swi-bel54,sw49p2,sys1-ice2-p-swi-bes13,sw54p2,L1
leaf-spine,sys1-ice2-p-swi-bel54,sw50p1,sys1-ice2-p-swi-bes14,sw54p1,L1
leaf-spine,sys1-ice2-p-swi-bel54,sw50p2,sys1-ice2-p-swi-bes14,sw54p2,L1
leaf-spine,sys1-ice2-p-swi-bel54,sw51p1,sys1-ice2-p-swi-bes15,sw54p1,L1
leaf-spine,sys1-ice2-p-swi-bel54,sw51p2,sys1-ice2-p-swi-bes15,sw54p2,L1
leaf-spine,sys1-ice2-p-swi-bel54,sw52p1,sys1-ice2-p-swi-bes16,sw54p1,L1
leaf-spine,sys1-ice2-p-swi-bel54,sw52p2,sys1-ice2-p-swi-bes16,sw54p2,L1
leaf-spine,sys1-ice2-p-swi-bel54,sw53p1,sys1-ice2-p-swi-bes17,sw54p1,L1
leaf-spine,sys1-ice2-p-swi-bel54,sw53p2,sys1-ice2-p-swi-bes17,sw54p2,L1
leaf-spine,sys1-ice2-p-swi-bel54,sw54p1,sys1-ice2-p-swi-bes18,sw54p1,L1
leaf-spine,sys1-ice2-p-swi-bel54,sw54p2,sys1-ice2-p-swi-bes18,sw54p2,L1
leaf-spine,sys1-ice2-p-swi-bel54,sw55p1,sys1-ice2-p-swi-bes19,sw54p1,L1
leaf-spine,sys1-ice2-p-swi-bel54,sw55p2,sys1-ice2-p-swi-bes19,sw54p2,L1
leaf-spine,sys1-ice2-p-swi-bel54,sw56p1,sys1-ice2-p-swi-bes20,sw54p1,L1
leaf-spine,sys1-ice2-p-swi-bel54,sw56p2,sys1-ice2-p-swi-bes20,sw54p2,L1
leaf-spine,sys1-ice2-p-swi-bel54,sw57p1,sys1-ice2-p-swi-bes21,sw54p1,L1
leaf-spine,sys1-ice2-p-swi-bel54,sw57p2,sys1-ice2-p-swi-bes21,sw54p2,L1
leaf-spine,sys1-ice2-p-swi-bel54,sw58p1,sys1-ice2-p-swi-bes22,sw54p1,L1
leaf-spine,sys1-ice2-p-swi-bel54,sw58p2,sys1-ice2-p-swi-bes22,sw54p2,L1
leaf-spine,sys1-ice2-p-swi-bel54,sw59p1,sys1-ice2-p-swi-bes23,sw54p1,L1
leaf-spine,sys1-ice2-p-swi-bel54,sw59p2,sys1-ice2-p-swi-bes23,sw54p2,L1
leaf-spine,sys1-ice2-p-swi-bel54,sw60p1,sys1-ice2-p-swi-bes24,sw54p1,L1
leaf-spine,sys1-ice2-p-swi-bel54,sw60p2,sys1-ice2-p-swi-bes24,sw54p2,L1
leaf-spine,sys1-ice2-p-swi-bel54,sw61p1,sys1-ice2-p-swi-bes25,sw54p1,L1
leaf-spine,sys1-ice2-p-swi-bel54,sw61p2,sys1-ice2-p-swi-bes25,sw54p2,L1
leaf-spine,sys1-ice2-p-swi-bel54,sw62p1,sys1-ice2-p-swi-bes26,sw54p1,L1
leaf-spine,sys1-ice2-p-swi-bel54,sw62p2,sys1-ice2-p-swi-bes26,sw54p2,L1
leaf-spine,sys1-ice2-p-swi-bel54,sw63p1,sys1-ice2-p-swi-bes27,sw54p1,L1
leaf-spine,sys1-ice2-p-swi-bel54,sw63p2,sys1-ice2-p-swi-bes27,sw54p2,L1
leaf-spine,sys1-ice2-p-swi-bel54,sw64p1,sys1-ice2-p-swi-bes28,sw54p1,L1
leaf-spine,sys1-ice2-p-swi-bel54,sw64p2,sys1-ice2-p-swi-bes28,sw54p2,L1
leaf-spine,sys1-ice2-p-swi-bel54,sw65p1,sys1-ice2-p-swi-bes29,sw54p1,L1
leaf-spine,sys1-ice2-p-swi-bel54,sw65p2,sys1-ice2-p-swi-bes29,sw54p2,L1
leaf-spine,sys1-ice2-p-swi-bel54,sw66p1,sys1-ice2-p-swi-bes30,sw54p1,L1
leaf-spine,sys1-ice2-p-swi-bel54,sw66p2,sys1-ice2-p-swi-bes30,sw54p2,L1
leaf-spine,sys1-ice2-p-swi-bel54,sw67p1,sys1-ice2-p-swi-bes31,sw54p1,L1
leaf-spine,sys1-ice2-p-swi-bel54,sw67p2,sys1-ice2-p-swi-bes31,sw54p2,L1
leaf-spine,sys1-ice2-p-swi-bel54,sw68p1,sys1-ice2-p-swi-bes32,sw54p1,L1
leaf-spine,sys1-ice2-p-swi-bel54,sw68p2,sys1-ice2-p-swi-bes32,sw54p2,L1
leaf-spine,sys1-ice2-p-swi-bel54,sw69p1,sys1-ice2-p-swi-bes33,sw54p1,L1
leaf-spine,sys1-ice2-p-swi-bel54,sw69p2,sys1-ice2-p-swi-bes33,sw54p2,L1
leaf-spine,sys1-ice2-p-swi-bel54,sw70p1,sys1-ice2-p-swi-bes34,sw54p1,L1
leaf-spine,sys1-ice2-p-swi-bel54,sw70p2,sys1-ice2-p-swi-bes34,sw54p2,L1
leaf-spine,sys1-ice2-p-swi-bel54,sw71p1,sys1-ice2-p-swi-bes35,sw54p1,L1
leaf-spine,sys1-ice2-p-swi-bel54,sw71p2,sys1-ice2-p-swi-bes35,sw54p2,L1
leaf-spine,sys1-ice2-p-swi-bel54,sw72p1,sys1-ice2-p-swi-bes36,sw54p1,L1
leaf-spine,sys1-ice2-p-swi-bel54,sw72p2,sys1-ice2-p-swi-bes36,sw54p2,L1
leaf-spine,sys1-ice2-p-swi-bel55,sw37p1,sys1-ice2-p-swi-bes1,sw55p1,L1
leaf-spine,sys1-ice2-p-swi-bel55,sw37p2,sys1-ice2-p-swi-bes1,sw55p2,L1
leaf-spine,sys1-ice2-p-swi-bel55,sw38p1,sys1-ice2-p-swi-bes2,sw55p1,L1
leaf-spine,sys1-ice2-p-swi-bel55,sw38p2,sys1-ice2-p-swi-bes2,sw55p2,L1
leaf-spine,sys1-ice2-p-swi-bel55,sw39p1,sys1-ice2-p-swi-bes3,sw55p1,L1
leaf-spine,sys1-ice2-p-swi-bel55,sw39p2,sys1-ice2-p-swi-bes3,sw55p2,L1
leaf-spine,sys1-ice2-p-swi-bel55,sw40p1,sys1-ice2-p-swi-bes4,sw55p1,L1
leaf-spine,sys1-ice2-p-swi-bel55,sw40p2,sys1-ice2-p-swi-bes4,sw55p2,L1
leaf-spine,sys1-ice2-p-swi-bel55,sw41p1,sys1-ice2-p-swi-bes5,sw55p1,L1
leaf-spine,sys1-ice2-p-swi-bel55,sw41p2,sys1-ice2-p-swi-bes5,sw55p2,L1
leaf-spine,sys1-ice2-p-swi-bel55,sw42p1,sys1-ice2-p-swi-bes6,sw55p1,L1
leaf-spine,sys1-ice2-p-swi-bel55,sw42p2,sys1-ice2-p-swi-bes6,sw55p2,L1
leaf-spine,sys1-ice2-p-swi-bel55,sw43p1,sys1-ice2-p-swi-bes7,sw55p1,L1
leaf-spine,sys1-ice2-p-swi-bel55,sw43p2,sys1-ice2-p-swi-bes7,sw55p2,L1
leaf-spine,sys1-ice2-p-swi-bel55,sw44p1,sys1-ice2-p-swi-bes8,sw55p1,L1
leaf-spine,sys1-ice2-p-swi-bel55,sw44p2,sys1-ice2-p-swi-bes8,sw55p2,L1
leaf-spine,sys1-ice2-p-swi-bel55,sw45p1,sys1-ice2-p-swi-bes9,sw55p1,L1
leaf-spine,sys1-ice2-p-swi-bel55,sw45p2,sys1-ice2-p-swi-bes9,sw55p2,L1
leaf-spine,sys1-ice2-p-swi-bel55,sw46p1,sys1-ice2-p-swi-bes10,sw55p1,L1
leaf-spine,sys1-ice2-p-swi-bel55,sw46p2,sys1-ice2-p-swi-bes10,sw55p2,L1
leaf-spine,sys1-ice2-p-swi-bel55,sw47p1,sys1-ice2-p-swi-bes11,sw55p1,L1
leaf-spine,sys1-ice2-p-swi-bel55,sw47p2,sys1-ice2-p-swi-bes11,sw55p2,L1
leaf-spine,sys1-ice2-p-swi-bel55,sw48p1,sys1-ice2-p-swi-bes12,sw55p1,L1
leaf-spine,sys1-ice2-p-swi-bel55,sw48p2,sys1-ice2-p-swi-bes12,sw55p2,L1
leaf-spine,sys1-ice2-p-swi-bel55,sw49p1,sys1-ice2-p-swi-bes13,sw55p1,L1
leaf-spine,sys1-ice2-p-swi-bel55,sw49p2,sys1-ice2-p-swi-bes13,sw55p2,L1
leaf-spine,sys1-ice2-p-swi-bel55,sw50p1,sys1-ice2-p-swi-bes14,sw55p1,L1
leaf-spine,sys1-ice2-p-swi-bel55,sw50p2,sys1-ice2-p-swi-bes14,sw55p2,L1
leaf-spine,sys1-ice2-p-swi-bel55,sw51p1,sys1-ice2-p-swi-bes15,sw55p1,L1
leaf-spine,sys1-ice2-p-swi-bel55,sw51p2,sys1-ice2-p-swi-bes15,sw55p2,L1
leaf-spine,sys1-ice2-p-swi-bel55,sw52p1,sys1-ice2-p-swi-bes16,sw55p1,L1
leaf-spine,sys1-ice2-p-swi-bel55,sw52p2,sys1-ice2-p-swi-bes16,sw55p2,L1
leaf-spine,sys1-ice2-p-swi-bel55,sw53p1,sys1-ice2-p-swi-bes17,sw55p1,L1
leaf-spine,sys1-ice2-p-swi-bel55,sw53p2,sys1-ice2-p-swi-bes17,sw55p2,L1
leaf-spine,sys1-ice2-p-swi-bel55,sw54p1,sys1-ice2-p-swi-bes18,sw55p1,L1
leaf-spine,sys1-ice2-p-swi-bel55,sw54p2,sys1-ice2-p-swi-bes18,sw55p2,L1
leaf-spine,sys1-ice2-p-swi-bel55,sw55p1,sys1-ice2-p-swi-bes19,sw55p1,L1
leaf-spine,sys1-ice2-p-swi-bel55,sw55p2,sys1-ice2-p-swi-bes19,sw55p2,L1
leaf-spine,sys1-ice2-p-swi-bel55,sw56p1,sys1-ice2-p-swi-bes20,sw55p1,L1
leaf-spine,sys1-ice2-p-swi-bel55,sw56p2,sys1-ice2-p-swi-bes20,sw55p2,L1
leaf-spine,sys1-ice2-p-swi-bel55,sw57p1,sys1-ice2-p-swi-bes21,sw55p1,L1
leaf-spine,sys1-ice2-p-swi-bel55,sw57p2,sys1-ice2-p-swi-bes21,sw55p2,L1
leaf-spine,sys1-ice2-p-swi-bel55,sw58p1,sys1-ice2-p-swi-bes22,sw55p1,L1
leaf-spine,sys1-ice2-p-swi-bel55,sw58p2,sys1-ice2-p-swi-bes22,sw55p2,L1
leaf-spine,sys1-ice2-p-swi-bel55,sw59p1,sys1-ice2-p-swi-bes23,sw55p1,L1
leaf-spine,sys1-ice2-p-swi-bel55,sw59p2,sys1-ice2-p-swi-bes23,sw55p2,L1
leaf-spine,sys1-ice2-p-swi-bel55,sw60p1,sys1-ice2-p-swi-bes24,sw55p1,L1
leaf-spine,sys1-ice2-p-swi-bel55,sw60p2,sys1-ice2-p-swi-bes24,sw55p2,L1
leaf-spine,sys1-ice2-p-swi-bel55,sw61p1,sys1-ice2-p-swi-bes25,sw55p1,L1
leaf-spine,sys1-ice2-p-swi-bel55,sw61p2,sys1-ice2-p-swi-bes25,sw55p2,L1
leaf-spine,sys1-ice2-p-swi-bel55,sw62p1,sys1-ice2-p-swi-bes26,sw55p1,L1
leaf-spine,sys1-ice2-p-swi-bel55,sw62p2,sys1-ice2-p-swi-bes26,sw55p2,L1
leaf-spine,sys1-ice2-p-swi-bel55,sw63p1,sys1-ice2-p-swi-bes27,sw55p1,L1
leaf-spine,sys1-ice2-p-swi-bel55,sw63p2,sys1-ice2-p-swi-bes27,sw55p2,L1
leaf-spine,sys1-ice2-p-swi-bel55,sw64p1,sys1-ice2-p-swi-bes28,sw55p1,L1
leaf-spine,sys1-ice2-p-swi-bel55,sw64p2,sys1-ice2-p-swi-bes28,sw55p2,L1
leaf-spine,sys1-ice2-p-swi-bel55,sw65p1,sys1-ice2-p-swi-bes29,sw55p1,L1
leaf-spine,sys1-ice2-p-swi-bel55,sw65p2,sys1-ice2-p-swi-bes29,sw55p2,L1
leaf-spine,sys1-ice2-p-swi-bel55,sw66p1,sys1-ice2-p-swi-bes30,sw55p1,L1
leaf-spine,sys1-ice2-p-swi-bel55,sw66p2,sys1-ice2-p-swi-bes30,sw55p2,L1
leaf-spine,sys1-ice2-p-swi-bel55,sw67p1,sys1-ice2-p-swi-bes31,sw55p1,L1
leaf-spine,sys1-ice2-p-swi-bel55,sw67p2,sys1-ice2-p-swi-bes31,sw55p2,L1
leaf-spine,sys1-ice2-p-swi-bel55,sw68p1,sys1-ice2-p-swi-bes32,sw55p1,L1
leaf-spine,sys1-ice2-p-swi-bel55,sw68p2,sys1-ice2-p-swi-bes32,sw55p2,L1
leaf-spine,sys1-ice2-p-swi-bel55,sw69p1,sys1-ice2-p-swi-bes33,sw55p1,L1
leaf-spine,sys1-ice2-p-swi-bel55,sw69p2,sys1-ice2-p-swi-bes33,sw55p2,L1
leaf-spine,sys1-ice2-p-swi-bel55,sw70p1,sys1-ice2-p-swi-bes34,sw55p1,L1
leaf-spine,sys1-ice2-p-swi-bel55,sw70p2,sys1-ice2-p-swi-bes34,sw55p2,L1
leaf-spine,sys1-ice2-p-swi-bel55,sw71p1,sys1-ice2-p-swi-bes35,sw55p1,L1
leaf-spine,sys1-ice2-p-swi-bel55,sw71p2,sys1-ice2-p-swi-bes35,sw55p2,L1
leaf-spine,sys1-ice2-p-swi-bel55,sw72p1,sys1-ice2-p-swi-bes36,sw55p1,L1
leaf-spine,sys1-ice2-p-swi-bel55,sw72p2,sys1-ice2-p-swi-bes36,sw55p2,L1
leaf-spine,sys1-ice2-p-swi-bel56,sw37p1,sys1-ice2-p-swi-bes1,sw56p1,L1
leaf-spine,sys1-ice2-p-swi-bel56,sw37p2,sys1-ice2-p-swi-bes1,sw56p2,L1
leaf-spine,sys1-ice2-p-swi-bel56,sw38p1,sys1-ice2-p-swi-bes2,sw56p1,L1
leaf-spine,sys1-ice2-p-swi-bel56,sw38p2,sys1-ice2-p-swi-bes2,sw56p2,L1
leaf-spine,sys1-ice2-p-swi-bel56,sw39p1,sys1-ice2-p-swi-bes3,sw56p1,L1
leaf-spine,sys1-ice2-p-swi-bel56,sw39p2,sys1-ice2-p-swi-bes3,sw56p2,L1
leaf-spine,sys1-ice2-p-swi-bel56,sw40p1,sys1-ice2-p-swi-bes4,sw56p1,L1
leaf-spine,sys1-ice2-p-swi-bel56,sw40p2,sys1-ice2-p-swi-bes4,sw56p2,L1
leaf-spine,sys1-ice2-p-swi-bel56,sw41p1,sys1-ice2-p-swi-bes5,sw56p1,L1
leaf-spine,sys1-ice2-p-swi-bel56,sw41p2,sys1-ice2-p-swi-bes5,sw56p2,L1
leaf-spine,sys1-ice2-p-swi-bel56,sw42p1,sys1-ice2-p-swi-bes6,sw56p1,L1
leaf-spine,sys1-ice2-p-swi-bel56,sw42p2,sys1-ice2-p-swi-bes6,sw56p2,L1
leaf-spine,sys1-ice2-p-swi-bel56,sw43p1,sys1-ice2-p-swi-bes7,sw56p1,L1
leaf-spine,sys1-ice2-p-swi-bel56,sw43p2,sys1-ice2-p-swi-bes7,sw56p2,L1
leaf-spine,sys1-ice2-p-swi-bel56,sw44p1,sys1-ice2-p-swi-bes8,sw56p1,L1
leaf-spine,sys1-ice2-p-swi-bel56,sw44p2,sys1-ice2-p-swi-bes8,sw56p2,L1
leaf-spine,sys1-ice2-p-swi-bel56,sw45p1,sys1-ice2-p-swi-bes9,sw56p1,L1
leaf-spine,sys1-ice2-p-swi-bel56,sw45p2,sys1-ice2-p-swi-bes9,sw56p2,L1
leaf-spine,sys1-ice2-p-swi-bel56,sw46p1,sys1-ice2-p-swi-bes10,sw56p1,L1
leaf-spine,sys1-ice2-p-swi-bel56,sw46p2,sys1-ice2-p-swi-bes10,sw56p2,L1
leaf-spine,sys1-ice2-p-swi-bel56,sw47p1,sys1-ice2-p-swi-bes11,sw56p1,L1
leaf-spine,sys1-ice2-p-swi-bel56,sw47p2,sys1-ice2-p-swi-bes11,sw56p2,L1
leaf-spine,sys1-ice2-p-swi-bel56,sw48p1,sys1-ice2-p-swi-bes12,sw56p1,L1
leaf-spine,sys1-ice2-p-swi-bel56,sw48p2,sys1-ice2-p-swi-bes12,sw56p2,L1
leaf-spine,sys1-ice2-p-swi-bel56,sw49p1,sys1-ice2-p-swi-bes13,sw56p1,L1
leaf-spine,sys1-ice2-p-swi-bel56,sw49p2,sys1-ice2-p-swi-bes13,sw56p2,L1
leaf-spine,sys1-ice2-p-swi-bel56,sw50p1,sys1-ice2-p-swi-bes14,sw56p1,L1
leaf-spine,sys1-ice2-p-swi-bel56,sw50p2,sys1-ice2-p-swi-bes14,sw56p2,L1
leaf-spine,sys1-ice2-p-swi-bel56,sw51p1,sys1-ice2-p-swi-bes15,sw56p1,L1
leaf-spine,sys1-ice2-p-swi-bel56,sw51p2,sys1-ice2-p-swi-bes15,sw56p2,L1
leaf-spine,sys1-ice2-p-swi-bel56,sw52p1,sys1-ice2-p-swi-bes16,sw56p1,L1
leaf-spine,sys1-ice2-p-swi-bel56,sw52p2,sys1-ice2-p-swi-bes16,sw56p2,L1
leaf-spine,sys1-ice2-p-swi-bel56,sw53p1,sys1-ice2-p-swi-bes17,sw56p1,L1
leaf-spine,sys1-ice2-p-swi-bel56,sw53p2,sys1-ice2-p-swi-bes17,sw56p2,L1
leaf-spine,sys1-ice2-p-swi-bel56,sw54p1,sys1-ice2-p-swi-bes18,sw56p1,L1
leaf-spine,sys1-ice2-p-swi-bel56,sw54p2,sys1-ice2-p-swi-bes18,sw56p2,L1
leaf-spine,sys1-ice2-p-swi-bel56,sw55p1,sys1-ice2-p-swi-bes19,sw56p1,L1
leaf-spine,sys1-ice2-p-swi-bel56,sw55p2,sys1-ice2-p-swi-bes19,sw56p2,L1
leaf-spine,sys1-ice2-p-swi-bel56,sw56p1,sys1-ice2-p-swi-bes20,sw56p1,L1
leaf-spine,sys1-ice2-p-swi-bel56,sw56p2,sys1-ice2-p-swi-bes20,sw56p2,L1
leaf-spine,sys1-ice2-p-swi-bel56,sw57p1,sys1-ice2-p-swi-bes21,sw56p1,L1
leaf-spine,sys1-ice2-p-swi-bel56,sw57p2,sys1-ice2-p-swi-bes21,sw56p2,L1
leaf-spine,sys1-ice2-p-swi-bel56,sw58p1,sys1-ice2-p-swi-bes22,sw56p1,L1
leaf-spine,sys1-ice2-p-swi-bel56,sw58p2,sys1-ice2-p-swi-bes22,sw56p2,L1
leaf-spine,sys1-ice2-p-swi-bel56,sw59p1,sys1-ice2-p-swi-bes23,sw56p1,L1
leaf-spine,sys1-ice2-p-swi-bel56,sw59p2,sys1-ice2-p-swi-bes23,sw56p2,L1
leaf-spine,sys1-ice2-p-swi-bel56,sw60p1,sys1-ice2-p-swi-bes24,sw56p1,L1
leaf-spine,sys1-ice2-p-swi-bel56,sw60p2,sys1-ice2-p-swi-bes24,sw56p2,L1
leaf-spine,sys1-ice2-p-swi-bel56,sw61p1,sys1-ice2-p-swi-bes25,sw56p1,L1
leaf-spine,sys1-ice2-p-swi-bel56,sw61p2,sys1-ice2-p-swi-bes25,sw56p2,L1
leaf-spine,sys1-ice2-p-swi-bel56,sw62p1,sys1-ice2-p-swi-bes26,sw56p1,L1
leaf-spine,sys1-ice2-p-swi-bel56,sw62p2,sys1-ice2-p-swi-bes26,sw56p2,L1
leaf-spine,sys1-ice2-p-swi-bel56,sw63p1,sys1-ice2-p-swi-bes27,sw56p1,L1
leaf-spine,sys1-ice2-p-swi-bel56,sw63p2,sys1-ice2-p-swi-bes27,sw56p2,L1
leaf-spine,sys1-ice2-p-swi-bel56,sw64p1,sys1-ice2-p-swi-bes28,sw56p1,L1
leaf-spine,sys1-ice2-p-swi-bel56,sw64p2,sys1-ice2-p-swi-bes28,sw56p2,L1
leaf-spine,sys1-ice2-p-swi-bel56,sw65p1,sys1-ice2-p-swi-bes29,sw56p1,L1
leaf-spine,sys1-ice2-p-swi-bel56,sw65p2,sys1-ice2-p-swi-bes29,sw56p2,L1
leaf-spine,sys1-ice2-p-swi-bel56,sw66p1,sys1-ice2-p-swi-bes30,sw56p1,L1
leaf-spine,sys1-ice2-p-swi-bel56,sw66p2,sys1-ice2-p-swi-bes30,sw56p2,L1
leaf-spine,sys1-ice2-p-swi-bel56,sw67p1,sys1-ice2-p-swi-bes31,sw56p1,L1
leaf-spine,sys1-ice2-p-swi-bel56,sw67p2,sys1-ice2-p-swi-bes31,sw56p2,L1
leaf-spine,sys1-ice2-p-swi-bel56,sw68p1,sys1-ice2-p-swi-bes32,sw56p1,L1
leaf-spine,sys1-ice2-p-swi-bel56,sw68p2,sys1-ice2-p-swi-bes32,sw56p2,L1
leaf-spine,sys1-ice2-p-swi-bel56,sw69p1,sys1-ice2-p-swi-bes33,sw56p1,L1
leaf-spine,sys1-ice2-p-swi-bel56,sw69p2,sys1-ice2-p-swi-bes33,sw56p2,L1
leaf-spine,sys1-ice2-p-swi-bel56,sw70p1,sys1-ice2-p-swi-bes34,sw56p1,L1
leaf-spine,sys1-ice2-p-swi-bel56,sw70p2,sys1-ice2-p-swi-bes34,sw56p2,L1
leaf-spine,sys1-ice2-p-swi-bel56,sw71p1,sys1-ice2-p-swi-bes35,sw56p1,L1
leaf-spine,sys1-ice2-p-swi-bel56,sw71p2,sys1-ice2-p-swi-bes35,sw56p2,L1
leaf-spine,sys1-ice2-p-swi-bel56,sw72p1,sys1-ice2-p-swi-bes36,sw56p1,L1
leaf-spine,sys1-ice2-p-swi-bel56,sw72p2,sys1-ice2-p-swi-bes36,sw56p2,L1
leaf-spine,sys1-ice2-p-swi-bel57,sw37p1,sys1-ice2-p-swi-bes1,sw57p1,L1
leaf-spine,sys1-ice2-p-swi-bel57,sw37p2,sys1-ice2-p-swi-bes1,sw57p2,L1
leaf-spine,sys1-ice2-p-swi-bel57,sw38p1,sys1-ice2-p-swi-bes2,sw57p1,L1
leaf-spine,sys1-ice2-p-swi-bel57,sw38p2,sys1-ice2-p-swi-bes2,sw57p2,L1
leaf-spine,sys1-ice2-p-swi-bel57,sw39p1,sys1-ice2-p-swi-bes3,sw57p1,L1
leaf-spine,sys1-ice2-p-swi-bel57,sw39p2,sys1-ice2-p-swi-bes3,sw57p2,L1
leaf-spine,sys1-ice2-p-swi-bel57,sw40p1,sys1-ice2-p-swi-bes4,sw57p1,L1
leaf-spine,sys1-ice2-p-swi-bel57,sw40p2,sys1-ice2-p-swi-bes4,sw57p2,L1
leaf-spine,sys1-ice2-p-swi-bel57,sw41p1,sys1-ice2-p-swi-bes5,sw57p1,L1
leaf-spine,sys1-ice2-p-swi-bel57,sw41p2,sys1-ice2-p-swi-bes5,sw57p2,L1
leaf-spine,sys1-ice2-p-swi-bel57,sw42p1,sys1-ice2-p-swi-bes6,sw57p1,L1
leaf-spine,sys1-ice2-p-swi-bel57,sw42p2,sys1-ice2-p-swi-bes6,sw57p2,L1
leaf-spine,sys1-ice2-p-swi-bel57,sw43p1,sys1-ice2-p-swi-bes7,sw57p1,L1
leaf-spine,sys1-ice2-p-swi-bel57,sw43p2,sys1-ice2-p-swi-bes7,sw57p2,L1
leaf-spine,sys1-ice2-p-swi-bel57,sw44p1,sys1-ice2-p-swi-bes8,sw57p1,L1
leaf-spine,sys1-ice2-p-swi-bel57,sw44p2,sys1-ice2-p-swi-bes8,sw57p2,L1
leaf-spine,sys1-ice2-p-swi-bel57,sw45p1,sys1-ice2-p-swi-bes9,sw57p1,L1
leaf-spine,sys1-ice2-p-swi-bel57,sw45p2,sys1-ice2-p-swi-bes9,sw57p2,L1
leaf-spine,sys1-ice2-p-swi-bel57,sw46p1,sys1-ice2-p-swi-bes10,sw57p1,L1
leaf-spine,sys1-ice2-p-swi-bel57,sw46p2,sys1-ice2-p-swi-bes10,sw57p2,L1
leaf-spine,sys1-ice2-p-swi-bel57,sw47p1,sys1-ice2-p-swi-bes11,sw57p1,L1
leaf-spine,sys1-ice2-p-swi-bel57,sw47p2,sys1-ice2-p-swi-bes11,sw57p2,L1
leaf-spine,sys1-ice2-p-swi-bel57,sw48p1,sys1-ice2-p-swi-bes12,sw57p1,L1
leaf-spine,sys1-ice2-p-swi-bel57,sw48p2,sys1-ice2-p-swi-bes12,sw57p2,L1
leaf-spine,sys1-ice2-p-swi-bel57,sw49p1,sys1-ice2-p-swi-bes13,sw57p1,L1
leaf-spine,sys1-ice2-p-swi-bel57,sw49p2,sys1-ice2-p-swi-bes13,sw57p2,L1
leaf-spine,sys1-ice2-p-swi-bel57,sw50p1,sys1-ice2-p-swi-bes14,sw57p1,L1
leaf-spine,sys1-ice2-p-swi-bel57,sw50p2,sys1-ice2-p-swi-bes14,sw57p2,L1
leaf-spine,sys1-ice2-p-swi-bel57,sw51p1,sys1-ice2-p-swi-bes15,sw57p1,L1
leaf-spine,sys1-ice2-p-swi-bel57,sw51p2,sys1-ice2-p-swi-bes15,sw57p2,L1
leaf-spine,sys1-ice2-p-swi-bel57,sw52p1,sys1-ice2-p-swi-bes16,sw57p1,L1
leaf-spine,sys1-ice2-p-swi-bel57,sw52p2,sys1-ice2-p-swi-bes16,sw57p2,L1
leaf-spine,sys1-ice2-p-swi-bel57,sw53p1,sys1-ice2-p-swi-bes17,sw57p1,L1
leaf-spine,sys1-ice2-p-swi-bel57,sw53p2,sys1-ice2-p-swi-bes17,sw57p2,L1
leaf-spine,sys1-ice2-p-swi-bel57,sw54p1,sys1-ice2-p-swi-bes18,sw57p1,L1
leaf-spine,sys1-ice2-p-swi-bel57,sw54p2,sys1-ice2-p-swi-bes18,sw57p2,L1
leaf-spine,sys1-ice2-p-swi-bel57,sw55p1,sys1-ice2-p-swi-bes19,sw57p1,L1
leaf-spine,sys1-ice2-p-swi-bel57,sw55p2,sys1-ice2-p-swi-bes19,sw57p2,L1
leaf-spine,sys1-ice2-p-swi-bel57,sw56p1,sys1-ice2-p-swi-bes20,sw57p1,L1
leaf-spine,sys1-ice2-p-swi-bel57,sw56p2,sys1-ice2-p-swi-bes20,sw57p2,L1
leaf-spine,sys1-ice2-p-swi-bel57,sw57p1,sys1-ice2-p-swi-bes21,sw57p1,L1
leaf-spine,sys1-ice2-p-swi-bel57,sw57p2,sys1-ice2-p-swi-bes21,sw57p2,L1
leaf-spine,sys1-ice2-p-swi-bel57,sw58p1,sys1-ice2-p-swi-bes22,sw57p1,L1
leaf-spine,sys1-ice2-p-swi-bel57,sw58p2,sys1-ice2-p-swi-bes22,sw57p2,L1
leaf-spine,sys1-ice2-p-swi-bel57,sw59p1,sys1-ice2-p-swi-bes23,sw57p1,L1
leaf-spine,sys1-ice2-p-swi-bel57,sw59p2,sys1-ice2-p-swi-bes23,sw57p2,L1
leaf-spine,sys1-ice2-p-swi-bel57,sw60p1,sys1-ice2-p-swi-bes24,sw57p1,L1
leaf-spine,sys1-ice2-p-swi-bel57,sw60p2,sys1-ice2-p-swi-bes24,sw57p2,L1
leaf-spine,sys1-ice2-p-swi-bel57,sw61p1,sys1-ice2-p-swi-bes25,sw57p1,L1
leaf-spine,sys1-ice2-p-swi-bel57,sw61p2,sys1-ice2-p-swi-bes25,sw57p2,L1
leaf-spine,sys1-ice2-p-swi-bel57,sw62p1,sys1-ice2-p-swi-bes26,sw57p1,L1
leaf-spine,sys1-ice2-p-swi-bel57,sw62p2,sys1-ice2-p-swi-bes26,sw57p2,L1
leaf-spine,sys1-ice2-p-swi-bel57,sw63p1,sys1-ice2-p-swi-bes27,sw57p1,L1
leaf-spine,sys1-ice2-p-swi-bel57,sw63p2,sys1-ice2-p-swi-bes27,sw57p2,L1
leaf-spine,sys1-ice2-p-swi-bel57,sw64p1,sys1-ice2-p-swi-bes28,sw57p1,L1
leaf-spine,sys1-ice2-p-swi-bel57,sw64p2,sys1-ice2-p-swi-bes28,sw57p2,L1
leaf-spine,sys1-ice2-p-swi-bel57,sw65p1,sys1-ice2-p-swi-bes29,sw57p1,L1
leaf-spine,sys1-ice2-p-swi-bel57,sw65p2,sys1-ice2-p-swi-bes29,sw57p2,L1
leaf-spine,sys1-ice2-p-swi-bel57,sw66p1,sys1-ice2-p-swi-bes30,sw57p1,L1
leaf-spine,sys1-ice2-p-swi-bel57,sw66p2,sys1-ice2-p-swi-bes30,sw57p2,L1
leaf-spine,sys1-ice2-p-swi-bel57,sw67p1,sys1-ice2-p-swi-bes31,sw57p1,L1
leaf-spine,sys1-ice2-p-swi-bel57,sw67p2,sys1-ice2-p-swi-bes31,sw57p2,L1
leaf-spine,sys1-ice2-p-swi-bel57,sw68p1,sys1-ice2-p-swi-bes32,sw57p1,L1
leaf-spine,sys1-ice2-p-swi-bel57,sw68p2,sys1-ice2-p-swi-bes32,sw57p2,L1
leaf-spine,sys1-ice2-p-swi-bel57,sw69p1,sys1-ice2-p-swi-bes33,sw57p1,L1
leaf-spine,sys1-ice2-p-swi-bel57,sw69p2,sys1-ice2-p-swi-bes33,sw57p2,L1
leaf-spine,sys1-ice2-p-swi-bel57,sw70p1,sys1-ice2-p-swi-bes34,sw57p1,L1
leaf-spine,sys1-ice2-p-swi-bel57,sw70p2,sys1-ice2-p-swi-bes34,sw57p2,L1
leaf-spine,sys1-ice2-p-swi-bel57,sw71p1,sys1-ice2-p-swi-bes35,sw57p1,L1
leaf-spine,sys1-ice2-p-swi-bel57,sw71p2,sys1-ice2-p-swi-bes35,sw57p2,L1
leaf-spine,sys1-ice2-p-swi-bel57,sw72p1,sys1-ice2-p-swi-bes36,sw57p1,L1
leaf-spine,sys1-ice2-p-swi-bel57,sw72p2,sys1-ice2-p-swi-bes36,sw57p2,L1
leaf-spine,sys1-ice2-p-swi-bel58,sw37p1,sys1-ice2-p-swi-bes1,sw58p1,L1
leaf-spine,sys1-ice2-p-swi-bel58,sw37p2,sys1-ice2-p-swi-bes1,sw58p2,L1
leaf-spine,sys1-ice2-p-swi-bel58,sw38p1,sys1-ice2-p-swi-bes2,sw58p1,L1
leaf-spine,sys1-ice2-p-swi-bel58,sw38p2,sys1-ice2-p-swi-bes2,sw58p2,L1
leaf-spine,sys1-ice2-p-swi-bel58,sw39p1,sys1-ice2-p-swi-bes3,sw58p1,L1
leaf-spine,sys1-ice2-p-swi-bel58,sw39p2,sys1-ice2-p-swi-bes3,sw58p2,L1
leaf-spine,sys1-ice2-p-swi-bel58,sw40p1,sys1-ice2-p-swi-bes4,sw58p1,L1
leaf-spine,sys1-ice2-p-swi-bel58,sw40p2,sys1-ice2-p-swi-bes4,sw58p2,L1
leaf-spine,sys1-ice2-p-swi-bel58,sw41p1,sys1-ice2-p-swi-bes5,sw58p1,L1
leaf-spine,sys1-ice2-p-swi-bel58,sw41p2,sys1-ice2-p-swi-bes5,sw58p2,L1
leaf-spine,sys1-ice2-p-swi-bel58,sw42p1,sys1-ice2-p-swi-bes6,sw58p1,L1
leaf-spine,sys1-ice2-p-swi-bel58,sw42p2,sys1-ice2-p-swi-bes6,sw58p2,L1
leaf-spine,sys1-ice2-p-swi-bel58,sw43p1,sys1-ice2-p-swi-bes7,sw58p1,L1
leaf-spine,sys1-ice2-p-swi-bel58,sw43p2,sys1-ice2-p-swi-bes7,sw58p2,L1
leaf-spine,sys1-ice2-p-swi-bel58,sw44p1,sys1-ice2-p-swi-bes8,sw58p1,L1
leaf-spine,sys1-ice2-p-swi-bel58,sw44p2,sys1-ice2-p-swi-bes8,sw58p2,L1
leaf-spine,sys1-ice2-p-swi-bel58,sw45p1,sys1-ice2-p-swi-bes9,sw58p1,L1
leaf-spine,sys1-ice2-p-swi-bel58,sw45p2,sys1-ice2-p-swi-bes9,sw58p2,L1
leaf-spine,sys1-ice2-p-swi-bel58,sw46p1,sys1-ice2-p-swi-bes10,sw58p1,L1
leaf-spine,sys1-ice2-p-swi-bel58,sw46p2,sys1-ice2-p-swi-bes10,sw58p2,L1
leaf-spine,sys1-ice2-p-swi-bel58,sw47p1,sys1-ice2-p-swi-bes11,sw58p1,L1
leaf-spine,sys1-ice2-p-swi-bel58,sw47p2,sys1-ice2-p-swi-bes11,sw58p2,L1
leaf-spine,sys1-ice2-p-swi-bel58,sw48p1,sys1-ice2-p-swi-bes12,sw58p1,L1
leaf-spine,sys1-ice2-p-swi-bel58,sw48p2,sys1-ice2-p-swi-bes12,sw58p2,L1
leaf-spine,sys1-ice2-p-swi-bel58,sw49p1,sys1-ice2-p-swi-bes13,sw58p1,L1
leaf-spine,sys1-ice2-p-swi-bel58,sw49p2,sys1-ice2-p-swi-bes13,sw58p2,L1
leaf-spine,sys1-ice2-p-swi-bel58,sw50p1,sys1-ice2-p-swi-bes14,sw58p1,L1
leaf-spine,sys1-ice2-p-swi-bel58,sw50p2,sys1-ice2-p-swi-bes14,sw58p2,L1
leaf-spine,sys1-ice2-p-swi-bel58,sw51p1,sys1-ice2-p-swi-bes15,sw58p1,L1
leaf-spine,sys1-ice2-p-swi-bel58,sw51p2,sys1-ice2-p-swi-bes15,sw58p2,L1
leaf-spine,sys1-ice2-p-swi-bel58,sw52p1,sys1-ice2-p-swi-bes16,sw58p1,L1
leaf-spine,sys1-ice2-p-swi-bel58,sw52p2,sys1-ice2-p-swi-bes16,sw58p2,L1
leaf-spine,sys1-ice2-p-swi-bel58,sw53p1,sys1-ice2-p-swi-bes17,sw58p1,L1
leaf-spine,sys1-ice2-p-swi-bel58,sw53p2,sys1-ice2-p-swi-bes17,sw58p2,L1
leaf-spine,sys1-ice2-p-swi-bel58,sw54p1,sys1-ice2-p-swi-bes18,sw58p1,L1
leaf-spine,sys1-ice2-p-swi-bel58,sw54p2,sys1-ice2-p-swi-bes18,sw58p2,L1
leaf-spine,sys1-ice2-p-swi-bel58,sw55p1,sys1-ice2-p-swi-bes19,sw58p1,L1
leaf-spine,sys1-ice2-p-swi-bel58,sw55p2,sys1-ice2-p-swi-bes19,sw58p2,L1
leaf-spine,sys1-ice2-p-swi-bel58,sw56p1,sys1-ice2-p-swi-bes20,sw58p1,L1
leaf-spine,sys1-ice2-p-swi-bel58,sw56p2,sys1-ice2-p-swi-bes20,sw58p2,L1
leaf-spine,sys1-ice2-p-swi-bel58,sw57p1,sys1-ice2-p-swi-bes21,sw58p1,L1
leaf-spine,sys1-ice2-p-swi-bel58,sw57p2,sys1-ice2-p-swi-bes21,sw58p2,L1
leaf-spine,sys1-ice2-p-swi-bel58,sw58p1,sys1-ice2-p-swi-bes22,sw58p1,L1
leaf-spine,sys1-ice2-p-swi-bel58,sw58p2,sys1-ice2-p-swi-bes22,sw58p2,L1
leaf-spine,sys1-ice2-p-swi-bel58,sw59p1,sys1-ice2-p-swi-bes23,sw58p1,L1
leaf-spine,sys1-ice2-p-swi-bel58,sw59p2,sys1-ice2-p-swi-bes23,sw58p2,L1
leaf-spine,sys1-ice2-p-swi-bel58,sw60p1,sys1-ice2-p-swi-bes24,sw58p1,L1
leaf-spine,sys1-ice2-p-swi-bel58,sw60p2,sys1-ice2-p-swi-bes24,sw58p2,L1
leaf-spine,sys1-ice2-p-swi-bel58,sw61p1,sys1-ice2-p-swi-bes25,sw58p1,L1
leaf-spine,sys1-ice2-p-swi-bel58,sw61p2,sys1-ice2-p-swi-bes25,sw58p2,L1
leaf-spine,sys1-ice2-p-swi-bel58,sw62p1,sys1-ice2-p-swi-bes26,sw58p1,L1
leaf-spine,sys1-ice2-p-swi-bel58,sw62p2,sys1-ice2-p-swi-bes26,sw58p2,L1
leaf-spine,sys1-ice2-p-swi-bel58,sw63p1,sys1-ice2-p-swi-bes27,sw58p1,L1
leaf-spine,sys1-ice2-p-swi-bel58,sw63p2,sys1-ice2-p-swi-bes27,sw58p2,L1
leaf-spine,sys1-ice2-p-swi-bel58,sw64p1,sys1-ice2-p-swi-bes28,sw58p1,L1
leaf-spine,sys1-ice2-p-swi-bel58,sw64p2,sys1-ice2-p-swi-bes28,sw58p2,L1
leaf-spine,sys1-ice2-p-swi-bel58,sw65p1,sys1-ice2-p-swi-bes29,sw58p1,L1
leaf-spine,sys1-ice2-p-swi-bel58,sw65p2,sys1-ice2-p-swi-bes29,sw58p2,L1
leaf-spine,sys1-ice2-p-swi-bel58,sw66p1,sys1-ice2-p-swi-bes30,sw58p1,L1
leaf-spine,sys1-ice2-p-swi-bel58,sw66p2,sys1-ice2-p-swi-bes30,sw58p2,L1
leaf-spine,sys1-ice2-p-swi-bel58,sw67p1,sys1-ice2-p-swi-bes31,sw58p1,L1
leaf-spine,sys1-ice2-p-swi-bel58,sw67p2,sys1-ice2-p-swi-bes31,sw58p2,L1
leaf-spine,sys1-ice2-p-swi-bel58,sw68p1,sys1-ice2-p-swi-bes32,sw58p1,L1
leaf-spine,sys1-ice2-p-swi-bel58,sw68p2,sys1-ice2-p-swi-bes32,sw58p2,L1
leaf-spine,sys1-ice2-p-swi-bel58,sw69p1,sys1-ice2-p-swi-bes33,sw58p1,L1
leaf-spine,sys1-ice2-p-swi-bel58,sw69p2,sys1-ice2-p-swi-bes33,sw58p2,L1
leaf-spine,sys1-ice2-p-swi-bel58,sw70p1,sys1-ice2-p-swi-bes34,sw58p1,L1
leaf-spine,sys1-ice2-p-swi-bel58,sw70p2,sys1-ice2-p-swi-bes34,sw58p2,L1
leaf-spine,sys1-ice2-p-swi-bel58,sw71p1,sys1-ice2-p-swi-bes35,sw58p1,L1
leaf-spine,sys1-ice2-p-swi-bel58,sw71p2,sys1-ice2-p-swi-bes35,sw58p2,L1
leaf-spine,sys1-ice2-p-swi-bel58,sw72p1,sys1-ice2-p-swi-bes36,sw58p1,L1
leaf-spine,sys1-ice2-p-swi-bel58,sw72p2,sys1-ice2-p-swi-bes36,sw58p2,L1
leaf-spine,sys1-ice2-p-swi-bel59,sw37p1,sys1-ice2-p-swi-bes1,sw59p1,L1
leaf-spine,sys1-ice2-p-swi-bel59,sw37p2,sys1-ice2-p-swi-bes1,sw59p2,L1
leaf-spine,sys1-ice2-p-swi-bel59,sw38p1,sys1-ice2-p-swi-bes2,sw59p1,L1
leaf-spine,sys1-ice2-p-swi-bel59,sw38p2,sys1-ice2-p-swi-bes2,sw59p2,L1
leaf-spine,sys1-ice2-p-swi-bel59,sw39p1,sys1-ice2-p-swi-bes3,sw59p1,L1
leaf-spine,sys1-ice2-p-swi-bel59,sw39p2,sys1-ice2-p-swi-bes3,sw59p2,L1
leaf-spine,sys1-ice2-p-swi-bel59,sw40p1,sys1-ice2-p-swi-bes4,sw59p1,L1
leaf-spine,sys1-ice2-p-swi-bel59,sw40p2,sys1-ice2-p-swi-bes4,sw59p2,L1
leaf-spine,sys1-ice2-p-swi-bel59,sw41p1,sys1-ice2-p-swi-bes5,sw59p1,L1
leaf-spine,sys1-ice2-p-swi-bel59,sw41p2,sys1-ice2-p-swi-bes5,sw59p2,L1
leaf-spine,sys1-ice2-p-swi-bel59,sw42p1,sys1-ice2-p-swi-bes6,sw59p1,L1
leaf-spine,sys1-ice2-p-swi-bel59,sw42p2,sys1-ice2-p-swi-bes6,sw59p2,L1
leaf-spine,sys1-ice2-p-swi-bel59,sw43p1,sys1-ice2-p-swi-bes7,sw59p1,L1
leaf-spine,sys1-ice2-p-swi-bel59,sw43p2,sys1-ice2-p-swi-bes7,sw59p2,L1
leaf-spine,sys1-ice2-p-swi-bel59,sw44p1,sys1-ice2-p-swi-bes8,sw59p1,L1
leaf-spine,sys1-ice2-p-swi-bel59,sw44p2,sys1-ice2-p-swi-bes8,sw59p2,L1
leaf-spine,sys1-ice2-p-swi-bel59,sw45p1,sys1-ice2-p-swi-bes9,sw59p1,L1
leaf-spine,sys1-ice2-p-swi-bel59,sw45p2,sys1-ice2-p-swi-bes9,sw59p2,L1
leaf-spine,sys1-ice2-p-swi-bel59,sw46p1,sys1-ice2-p-swi-bes10,sw59p1,L1
leaf-spine,sys1-ice2-p-swi-bel59,sw46p2,sys1-ice2-p-swi-bes10,sw59p2,L1
leaf-spine,sys1-ice2-p-swi-bel59,sw47p1,sys1-ice2-p-swi-bes11,sw59p1,L1
leaf-spine,sys1-ice2-p-swi-bel59,sw47p2,sys1-ice2-p-swi-bes11,sw59p2,L1
leaf-spine,sys1-ice2-p-swi-bel59,sw48p1,sys1-ice2-p-swi-bes12,sw59p1,L1
leaf-spine,sys1-ice2-p-swi-bel59,sw48p2,sys1-ice2-p-swi-bes12,sw59p2,L1
leaf-spine,sys1-ice2-p-swi-bel59,sw49p1,sys1-ice2-p-swi-bes13,sw59p1,L1
leaf-spine,sys1-ice2-p-swi-bel59,sw49p2,sys1-ice2-p-swi-bes13,sw59p2,L1
leaf-spine,sys1-ice2-p-swi-bel59,sw50p1,sys1-ice2-p-swi-bes14,sw59p1,L1
leaf-spine,sys1-ice2-p-swi-bel59,sw50p2,sys1-ice2-p-swi-bes14,sw59p2,L1
leaf-spine,sys1-ice2-p-swi-bel59,sw51p1,sys1-ice2-p-swi-bes15,sw59p1,L1
leaf-spine,sys1-ice2-p-swi-bel59,sw51p2,sys1-ice2-p-swi-bes15,sw59p2,L1
leaf-spine,sys1-ice2-p-swi-bel59,sw52p1,sys1-ice2-p-swi-bes16,sw59p1,L1
leaf-spine,sys1-ice2-p-swi-bel59,sw52p2,sys1-ice2-p-swi-bes16,sw59p2,L1
leaf-spine,sys1-ice2-p-swi-bel59,sw53p1,sys1-ice2-p-swi-bes17,sw59p1,L1
leaf-spine,sys1-ice2-p-swi-bel59,sw53p2,sys1-ice2-p-swi-bes17,sw59p2,L1
leaf-spine,sys1-ice2-p-swi-bel59,sw54p1,sys1-ice2-p-swi-bes18,sw59p1,L1
leaf-spine,sys1-ice2-p-swi-bel59,sw54p2,sys1-ice2-p-swi-bes18,sw59p2,L1
leaf-spine,sys1-ice2-p-swi-bel59,sw55p1,sys1-ice2-p-swi-bes19,sw59p1,L1
leaf-spine,sys1-ice2-p-swi-bel59,sw55p2,sys1-ice2-p-swi-bes19,sw59p2,L1
leaf-spine,sys1-ice2-p-swi-bel59,sw56p1,sys1-ice2-p-swi-bes20,sw59p1,L1
leaf-spine,sys1-ice2-p-swi-bel59,sw56p2,sys1-ice2-p-swi-bes20,sw59p2,L1
leaf-spine,sys1-ice2-p-swi-bel59,sw57p1,sys1-ice2-p-swi-bes21,sw59p1,L1
leaf-spine,sys1-ice2-p-swi-bel59,sw57p2,sys1-ice2-p-swi-bes21,sw59p2,L1
leaf-spine,sys1-ice2-p-swi-bel59,sw58p1,sys1-ice2-p-swi-bes22,sw59p1,L1
leaf-spine,sys1-ice2-p-swi-bel59,sw58p2,sys1-ice2-p-swi-bes22,sw59p2,L1
leaf-spine,sys1-ice2-p-swi-bel59,sw59p1,sys1-ice2-p-swi-bes23,sw59p1,L1
leaf-spine,sys1-ice2-p-swi-bel59,sw59p2,sys1-ice2-p-swi-bes23,sw59p2,L1
leaf-spine,sys1-ice2-p-swi-bel59,sw60p1,sys1-ice2-p-swi-bes24,sw59p1,L1
leaf-spine,sys1-ice2-p-swi-bel59,sw60p2,sys1-ice2-p-swi-bes24,sw59p2,L1
leaf-spine,sys1-ice2-p-swi-bel59,sw61p1,sys1-ice2-p-swi-bes25,sw59p1,L1
leaf-spine,sys1-ice2-p-swi-bel59,sw61p2,sys1-ice2-p-swi-bes25,sw59p2,L1
leaf-spine,sys1-ice2-p-swi-bel59,sw62p1,sys1-ice2-p-swi-bes26,sw59p1,L1
leaf-spine,sys1-ice2-p-swi-bel59,sw62p2,sys1-ice2-p-swi-bes26,sw59p2,L1
leaf-spine,sys1-ice2-p-swi-bel59,sw63p1,sys1-ice2-p-swi-bes27,sw59p1,L1
leaf-spine,sys1-ice2-p-swi-bel59,sw63p2,sys1-ice2-p-swi-bes27,sw59p2,L1
leaf-spine,sys1-ice2-p-swi-bel59,sw64p1,sys1-ice2-p-swi-bes28,sw59p1,L1
leaf-spine,sys1-ice2-p-swi-bel59,sw64p2,sys1-ice2-p-swi-bes28,sw59p2,L1
leaf-spine,sys1-ice2-p-swi-bel59,sw65p1,sys1-ice2-p-swi-bes29,sw59p1,L1
leaf-spine,sys1-ice2-p-swi-bel59,sw65p2,sys1-ice2-p-swi-bes29,sw59p2,L1
leaf-spine,sys1-ice2-p-swi-bel59,sw66p1,sys1-ice2-p-swi-bes30,sw59p1,L1
leaf-spine,sys1-ice2-p-swi-bel59,sw66p2,sys1-ice2-p-swi-bes30,sw59p2,L1
leaf-spine,sys1-ice2-p-swi-bel59,sw67p1,sys1-ice2-p-swi-bes31,sw59p1,L1
leaf-spine,sys1-ice2-p-swi-bel59,sw67p2,sys1-ice2-p-swi-bes31,sw59p2,L1
leaf-spine,sys1-ice2-p-swi-bel59,sw68p1,sys1-ice2-p-swi-bes32,sw59p1,L1
leaf-spine,sys1-ice2-p-swi-bel59,sw68p2,sys1-ice2-p-swi-bes32,sw59p2,L1
leaf-spine,sys1-ice2-p-swi-bel59,sw69p1,sys1-ice2-p-swi-bes33,sw59p1,L1
leaf-spine,sys1-ice2-p-swi-bel59,sw69p2,sys1-ice2-p-swi-bes33,sw59p2,L1
leaf-spine,sys1-ice2-p-swi-bel59,sw70p1,sys1-ice2-p-swi-bes34,sw59p1,L1
leaf-spine,sys1-ice2-p-swi-bel59,sw70p2,sys1-ice2-p-swi-bes34,sw59p2,L1
leaf-spine,sys1-ice2-p-swi-bel59,sw71p1,sys1-ice2-p-swi-bes35,sw59p1,L1
leaf-spine,sys1-ice2-p-swi-bel59,sw71p2,sys1-ice2-p-swi-bes35,sw59p2,L1
leaf-spine,sys1-ice2-p-swi-bel59,sw72p1,sys1-ice2-p-swi-bes36,sw59p1,L1
leaf-spine,sys1-ice2-p-swi-bel59,sw72p2,sys1-ice2-p-swi-bes36,sw59p2,L1
leaf-spine,sys1-ice2-p-swi-bel60,sw37p1,sys1-ice2-p-swi-bes1,sw60p1,L1
leaf-spine,sys1-ice2-p-swi-bel60,sw37p2,sys1-ice2-p-swi-bes1,sw60p2,L1
leaf-spine,sys1-ice2-p-swi-bel60,sw38p1,sys1-ice2-p-swi-bes2,sw60p1,L1
leaf-spine,sys1-ice2-p-swi-bel60,sw38p2,sys1-ice2-p-swi-bes2,sw60p2,L1
leaf-spine,sys1-ice2-p-swi-bel60,sw39p1,sys1-ice2-p-swi-bes3,sw60p1,L1
leaf-spine,sys1-ice2-p-swi-bel60,sw39p2,sys1-ice2-p-swi-bes3,sw60p2,L1
leaf-spine,sys1-ice2-p-swi-bel60,sw40p1,sys1-ice2-p-swi-bes4,sw60p1,L1
leaf-spine,sys1-ice2-p-swi-bel60,sw40p2,sys1-ice2-p-swi-bes4,sw60p2,L1
leaf-spine,sys1-ice2-p-swi-bel60,sw41p1,sys1-ice2-p-swi-bes5,sw60p1,L1
leaf-spine,sys1-ice2-p-swi-bel60,sw41p2,sys1-ice2-p-swi-bes5,sw60p2,L1
leaf-spine,sys1-ice2-p-swi-bel60,sw42p1,sys1-ice2-p-swi-bes6,sw60p1,L1
leaf-spine,sys1-ice2-p-swi-bel60,sw42p2,sys1-ice2-p-swi-bes6,sw60p2,L1
leaf-spine,sys1-ice2-p-swi-bel60,sw43p1,sys1-ice2-p-swi-bes7,sw60p1,L1
leaf-spine,sys1-ice2-p-swi-bel60,sw43p2,sys1-ice2-p-swi-bes7,sw60p2,L1
leaf-spine,sys1-ice2-p-swi-bel60,sw44p1,sys1-ice2-p-swi-bes8,sw60p1,L1
leaf-spine,sys1-ice2-p-swi-bel60,sw44p2,sys1-ice2-p-swi-bes8,sw60p2,L1
leaf-spine,sys1-ice2-p-swi-bel60,sw45p1,sys1-ice2-p-swi-bes9,sw60p1,L1
leaf-spine,sys1-ice2-p-swi-bel60,sw45p2,sys1-ice2-p-swi-bes9,sw60p2,L1
leaf-spine,sys1-ice2-p-swi-bel60,sw46p1,sys1-ice2-p-swi-bes10,sw60p1,L1
leaf-spine,sys1-ice2-p-swi-bel60,sw46p2,sys1-ice2-p-swi-bes10,sw60p2,L1
leaf-spine,sys1-ice2-p-swi-bel60,sw47p1,sys1-ice2-p-swi-bes11,sw60p1,L1
leaf-spine,sys1-ice2-p-swi-bel60,sw47p2,sys1-ice2-p-swi-bes11,sw60p2,L1
leaf-spine,sys1-ice2-p-swi-bel60,sw48p1,sys1-ice2-p-swi-bes12,sw60p1,L1
leaf-spine,sys1-ice2-p-swi-bel60,sw48p2,sys1-ice2-p-swi-bes12,sw60p2,L1
leaf-spine,sys1-ice2-p-swi-bel60,sw49p1,sys1-ice2-p-swi-bes13,sw60p1,L1
leaf-spine,sys1-ice2-p-swi-bel60,sw49p2,sys1-ice2-p-swi-bes13,sw60p2,L1
leaf-spine,sys1-ice2-p-swi-bel60,sw50p1,sys1-ice2-p-swi-bes14,sw60p1,L1
leaf-spine,sys1-ice2-p-swi-bel60,sw50p2,sys1-ice2-p-swi-bes14,sw60p2,L1
leaf-spine,sys1-ice2-p-swi-bel60,sw51p1,sys1-ice2-p-swi-bes15,sw60p1,L1
leaf-spine,sys1-ice2-p-swi-bel60,sw51p2,sys1-ice2-p-swi-bes15,sw60p2,L1
leaf-spine,sys1-ice2-p-swi-bel60,sw52p1,sys1-ice2-p-swi-bes16,sw60p1,L1
leaf-spine,sys1-ice2-p-swi-bel60,sw52p2,sys1-ice2-p-swi-bes16,sw60p2,L1
leaf-spine,sys1-ice2-p-swi-bel60,sw53p1,sys1-ice2-p-swi-bes17,sw60p1,L1
leaf-spine,sys1-ice2-p-swi-bel60,sw53p2,sys1-ice2-p-swi-bes17,sw60p2,L1
leaf-spine,sys1-ice2-p-swi-bel60,sw54p1,sys1-ice2-p-swi-bes18,sw60p1,L1
leaf-spine,sys1-ice2-p-swi-bel60,sw54p2,sys1-ice2-p-swi-bes18,sw60p2,L1
leaf-spine,sys1-ice2-p-swi-bel60,sw55p1,sys1-ice2-p-swi-bes19,sw60p1,L1
leaf-spine,sys1-ice2-p-swi-bel60,sw55p2,sys1-ice2-p-swi-bes19,sw60p2,L1
leaf-spine,sys1-ice2-p-swi-bel60,sw56p1,sys1-ice2-p-swi-bes20,sw60p1,L1
leaf-spine,sys1-ice2-p-swi-bel60,sw56p2,sys1-ice2-p-swi-bes20,sw60p2,L1
leaf-spine,sys1-ice2-p-swi-bel60,sw57p1,sys1-ice2-p-swi-bes21,sw60p1,L1
leaf-spine,sys1-ice2-p-swi-bel60,sw57p2,sys1-ice2-p-swi-bes21,sw60p2,L1
leaf-spine,sys1-ice2-p-swi-bel60,sw58p1,sys1-ice2-p-swi-bes22,sw60p1,L1
leaf-spine,sys1-ice2-p-swi-bel60,sw58p2,sys1-ice2-p-swi-bes22,sw60p2,L1
leaf-spine,sys1-ice2-p-swi-bel60,sw59p1,sys1-ice2-p-swi-bes23,sw60p1,L1
leaf-spine,sys1-ice2-p-swi-bel60,sw59p2,sys1-ice2-p-swi-bes23,sw60p2,L1
leaf-spine,sys1-ice2-p-swi-bel60,sw60p1,sys1-ice2-p-swi-bes24,sw60p1,L1
leaf-spine,sys1-ice2-p-swi-bel60,sw60p2,sys1-ice2-p-swi-bes24,sw60p2,L1
leaf-spine,sys1-ice2-p-swi-bel60,sw61p1,sys1-ice2-p-swi-bes25,sw60p1,L1
leaf-spine,sys1-ice2-p-swi-bel60,sw61p2,sys1-ice2-p-swi-bes25,sw60p2,L1
leaf-spine,sys1-ice2-p-swi-bel60,sw62p1,sys1-ice2-p-swi-bes26,sw60p1,L1
leaf-spine,sys1-ice2-p-swi-bel60,sw62p2,sys1-ice2-p-swi-bes26,sw60p2,L1
leaf-spine,sys1-ice2-p-swi-bel60,sw63p1,sys1-ice2-p-swi-bes27,sw60p1,L1
leaf-spine,sys1-ice2-p-swi-bel60,sw63p2,sys1-ice2-p-swi-bes27,sw60p2,L1
leaf-spine,sys1-ice2-p-swi-bel60,sw64p1,sys1-ice2-p-swi-bes28,sw60p1,L1
leaf-spine,sys1-ice2-p-swi-bel60,sw64p2,sys1-ice2-p-swi-bes28,sw60p2,L1
leaf-spine,sys1-ice2-p-swi-bel60,sw65p1,sys1-ice2-p-swi-bes29,sw60p1,L1
leaf-spine,sys1-ice2-p-swi-bel60,sw65p2,sys1-ice2-p-swi-bes29,sw60p2,L1
leaf-spine,sys1-ice2-p-swi-bel60,sw66p1,sys1-ice2-p-swi-bes30,sw60p1,L1
leaf-spine,sys1-ice2-p-swi-bel60,sw66p2,sys1-ice2-p-swi-bes30,sw60p2,L1
leaf-spine,sys1-ice2-p-swi-bel60,sw67p1,sys1-ice2-p-swi-bes31,sw60p1,L1
leaf-spine,sys1-ice2-p-swi-bel60,sw67p2,sys1-ice2-p-swi-bes31,sw60p2,L1
leaf-spine,sys1-ice2-p-swi-bel60,sw68p1,sys1-ice2-p-swi-bes32,sw60p1,L1
leaf-spine,sys1-ice2-p-swi-bel60,sw68p2,sys1-ice2-p-swi-bes32,sw60p2,L1
leaf-spine,sys1-ice2-p-swi-bel60,sw69p1,sys1-ice2-p-swi-bes33,sw60p1,L1
leaf-spine,sys1-ice2-p-swi-bel60,sw69p2,sys1-ice2-p-swi-bes33,sw60p2,L1
leaf-spine,sys1-ice2-p-swi-bel60,sw70p1,sys1-ice2-p-swi-bes34,sw60p1,L1
leaf-spine,sys1-ice2-p-swi-bel60,sw70p2,sys1-ice2-p-swi-bes34,sw60p2,L1
leaf-spine,sys1-ice2-p-swi-bel60,sw71p1,sys1-ice2-p-swi-bes35,sw60p1,L1
leaf-spine,sys1-ice2-p-swi-bel60,sw71p2,sys1-ice2-p-swi-bes35,sw60p2,L1
leaf-spine,sys1-ice2-p-swi-bel60,sw72p1,sys1-ice2-p-swi-bes36,sw60p1,L1
leaf-spine,sys1-ice2-p-swi-bel60,sw72p2,sys1-ice2-p-swi-bes36,sw60p2,L1
leaf-spine,sys1-ice2-p-swi-bel61,sw37p1,sys1-ice2-p-swi-bes1,sw61p1,L1
leaf-spine,sys1-ice2-p-swi-bel61,sw37p2,sys1-ice2-p-swi-bes1,sw61p2,L1
leaf-spine,sys1-ice2-p-swi-bel61,sw38p1,sys1-ice2-p-swi-bes2,sw61p1,L1
leaf-spine,sys1-ice2-p-swi-bel61,sw38p2,sys1-ice2-p-swi-bes2,sw61p2,L1
leaf-spine,sys1-ice2-p-swi-bel61,sw39p1,sys1-ice2-p-swi-bes3,sw61p1,L1
leaf-spine,sys1-ice2-p-swi-bel61,sw39p2,sys1-ice2-p-swi-bes3,sw61p2,L1
leaf-spine,sys1-ice2-p-swi-bel61,sw40p1,sys1-ice2-p-swi-bes4,sw61p1,L1
leaf-spine,sys1-ice2-p-swi-bel61,sw40p2,sys1-ice2-p-swi-bes4,sw61p2,L1
leaf-spine,sys1-ice2-p-swi-bel61,sw41p1,sys1-ice2-p-swi-bes5,sw61p1,L1
leaf-spine,sys1-ice2-p-swi-bel61,sw41p2,sys1-ice2-p-swi-bes5,sw61p2,L1
leaf-spine,sys1-ice2-p-swi-bel61,sw42p1,sys1-ice2-p-swi-bes6,sw61p1,L1
leaf-spine,sys1-ice2-p-swi-bel61,sw42p2,sys1-ice2-p-swi-bes6,sw61p2,L1
leaf-spine,sys1-ice2-p-swi-bel61,sw43p1,sys1-ice2-p-swi-bes7,sw61p1,L1
leaf-spine,sys1-ice2-p-swi-bel61,sw43p2,sys1-ice2-p-swi-bes7,sw61p2,L1
leaf-spine,sys1-ice2-p-swi-bel61,sw44p1,sys1-ice2-p-swi-bes8,sw61p1,L1
leaf-spine,sys1-ice2-p-swi-bel61,sw44p2,sys1-ice2-p-swi-bes8,sw61p2,L1
leaf-spine,sys1-ice2-p-swi-bel61,sw45p1,sys1-ice2-p-swi-bes9,sw61p1,L1
leaf-spine,sys1-ice2-p-swi-bel61,sw45p2,sys1-ice2-p-swi-bes9,sw61p2,L1
leaf-spine,sys1-ice2-p-swi-bel61,sw46p1,sys1-ice2-p-swi-bes10,sw61p1,L1
leaf-spine,sys1-ice2-p-swi-bel61,sw46p2,sys1-ice2-p-swi-bes10,sw61p2,L1
leaf-spine,sys1-ice2-p-swi-bel61,sw47p1,sys1-ice2-p-swi-bes11,sw61p1,L1
leaf-spine,sys1-ice2-p-swi-bel61,sw47p2,sys1-ice2-p-swi-bes11,sw61p2,L1
leaf-spine,sys1-ice2-p-swi-bel61,sw48p1,sys1-ice2-p-swi-bes12,sw61p1,L1
leaf-spine,sys1-ice2-p-swi-bel61,sw48p2,sys1-ice2-p-swi-bes12,sw61p2,L1
leaf-spine,sys1-ice2-p-swi-bel61,sw49p1,sys1-ice2-p-swi-bes13,sw61p1,L1
leaf-spine,sys1-ice2-p-swi-bel61,sw49p2,sys1-ice2-p-swi-bes13,sw61p2,L1
leaf-spine,sys1-ice2-p-swi-bel61,sw50p1,sys1-ice2-p-swi-bes14,sw61p1,L1
leaf-spine,sys1-ice2-p-swi-bel61,sw50p2,sys1-ice2-p-swi-bes14,sw61p2,L1
leaf-spine,sys1-ice2-p-swi-bel61,sw51p1,sys1-ice2-p-swi-bes15,sw61p1,L1
leaf-spine,sys1-ice2-p-swi-bel61,sw51p2,sys1-ice2-p-swi-bes15,sw61p2,L1
leaf-spine,sys1-ice2-p-swi-bel61,sw52p1,sys1-ice2-p-swi-bes16,sw61p1,L1
leaf-spine,sys1-ice2-p-swi-bel61,sw52p2,sys1-ice2-p-swi-bes16,sw61p2,L1
leaf-spine,sys1-ice2-p-swi-bel61,sw53p1,sys1-ice2-p-swi-bes17,sw61p1,L1
leaf-spine,sys1-ice2-p-swi-bel61,sw53p2,sys1-ice2-p-swi-bes17,sw61p2,L1
leaf-spine,sys1-ice2-p-swi-bel61,sw54p1,sys1-ice2-p-swi-bes18,sw61p1,L1
leaf-spine,sys1-ice2-p-swi-bel61,sw54p2,sys1-ice2-p-swi-bes18,sw61p2,L1
leaf-spine,sys1-ice2-p-swi-bel61,sw55p1,sys1-ice2-p-swi-bes19,sw61p1,L1
leaf-spine,sys1-ice2-p-swi-bel61,sw55p2,sys1-ice2-p-swi-bes19,sw61p2,L1
leaf-spine,sys1-ice2-p-swi-bel61,sw56p1,sys1-ice2-p-swi-bes20,sw61p1,L1
leaf-spine,sys1-ice2-p-swi-bel61,sw56p2,sys1-ice2-p-swi-bes20,sw61p2,L1
leaf-spine,sys1-ice2-p-swi-bel61,sw57p1,sys1-ice2-p-swi-bes21,sw61p1,L1
leaf-spine,sys1-ice2-p-swi-bel61,sw57p2,sys1-ice2-p-swi-bes21,sw61p2,L1
leaf-spine,sys1-ice2-p-swi-bel61,sw58p1,sys1-ice2-p-swi-bes22,sw61p1,L1
leaf-spine,sys1-ice2-p-swi-bel61,sw58p2,sys1-ice2-p-swi-bes22,sw61p2,L1
leaf-spine,sys1-ice2-p-swi-bel61,sw59p1,sys1-ice2-p-swi-bes23,sw61p1,L1
leaf-spine,sys1-ice2-p-swi-bel61,sw59p2,sys1-ice2-p-swi-bes23,sw61p2,L1
leaf-spine,sys1-ice2-p-swi-bel61,sw60p1,sys1-ice2-p-swi-bes24,sw61p1,L1
leaf-spine,sys1-ice2-p-swi-bel61,sw60p2,sys1-ice2-p-swi-bes24,sw61p2,L1
leaf-spine,sys1-ice2-p-swi-bel61,sw61p1,sys1-ice2-p-swi-bes25,sw61p1,L1
leaf-spine,sys1-ice2-p-swi-bel61,sw61p2,sys1-ice2-p-swi-bes25,sw61p2,L1
leaf-spine,sys1-ice2-p-swi-bel61,sw62p1,sys1-ice2-p-swi-bes26,sw61p1,L1
leaf-spine,sys1-ice2-p-swi-bel61,sw62p2,sys1-ice2-p-swi-bes26,sw61p2,L1
leaf-spine,sys1-ice2-p-swi-bel61,sw63p1,sys1-ice2-p-swi-bes27,sw61p1,L1
leaf-spine,sys1-ice2-p-swi-bel61,sw63p2,sys1-ice2-p-swi-bes27,sw61p2,L1
leaf-spine,sys1-ice2-p-swi-bel61,sw64p1,sys1-ice2-p-swi-bes28,sw61p1,L1
leaf-spine,sys1-ice2-p-swi-bel61,sw64p2,sys1-ice2-p-swi-bes28,sw61p2,L1
leaf-spine,sys1-ice2-p-swi-bel61,sw65p1,sys1-ice2-p-swi-bes29,sw61p1,L1
leaf-spine,sys1-ice2-p-swi-bel61,sw65p2,sys1-ice2-p-swi-bes29,sw61p2,L1
leaf-spine,sys1-ice2-p-swi-bel61,sw66p1,sys1-ice2-p-swi-bes30,sw61p1,L1
leaf-spine,sys1-ice2-p-swi-bel61,sw66p2,sys1-ice2-p-swi-bes30,sw61p2,L1
leaf-spine,sys1-ice2-p-swi-bel61,sw67p1,sys1-ice2-p-swi-bes31,sw61p1,L1
leaf-spine,sys1-ice2-p-swi-bel61,sw67p2,sys1-ice2-p-swi-bes31,sw61p2,L1
leaf-spine,sys1-ice2-p-swi-bel61,sw68p1,sys1-ice2-p-swi-bes32,sw61p1,L1
leaf-spine,sys1-ice2-p-swi-bel61,sw68p2,sys1-ice2-p-swi-bes32,sw61p2,L1
leaf-spine,sys1-ice2-p-swi-bel61,sw69p1,sys1-ice2-p-swi-bes33,sw61p1,L1
leaf-spine,sys1-ice2-p-swi-bel61,sw69p2,sys1-ice2-p-swi-bes33,sw61p2,L1
leaf-spine,sys1-ice2-p-swi-bel61,sw70p1,sys1-ice2-p-swi-bes34,sw61p1,L1
leaf-spine,sys1-ice2-p-swi-bel61,sw70p2,sys1-ice2-p-swi-bes34,sw61p2,L1
leaf-spine,sys1-ice2-p-swi-bel61,sw71p1,sys1-ice2-p-swi-bes35,sw61p1,L1
leaf-spine,sys1-ice2-p-swi-bel61,sw71p2,sys1-ice2-p-swi-bes35,sw61p2,L1
leaf-spine,sys1-ice2-p-swi-bel61,sw72p1,sys1-ice2-p-swi-bes36,sw61p1,L1
leaf-spine,sys1-ice2-p-swi-bel61,sw72p2,sys1-ice2-p-swi-bes36,sw61p2,L1
leaf-spine,sys1-ice2-p-swi-bel62,sw37p1,sys1-ice2-p-swi-bes1,sw62p1,L1
leaf-spine,sys1-ice2-p-swi-bel62,sw37p2,sys1-ice2-p-swi-bes1,sw62p2,L1
leaf-spine,sys1-ice2-p-swi-bel62,sw38p1,sys1-ice2-p-swi-bes2,sw62p1,L1
leaf-spine,sys1-ice2-p-swi-bel62,sw38p2,sys1-ice2-p-swi-bes2,sw62p2,L1
leaf-spine,sys1-ice2-p-swi-bel62,sw39p1,sys1-ice2-p-swi-bes3,sw62p1,L1
leaf-spine,sys1-ice2-p-swi-bel62,sw39p2,sys1-ice2-p-swi-bes3,sw62p2,L1
leaf-spine,sys1-ice2-p-swi-bel62,sw40p1,sys1-ice2-p-swi-bes4,sw62p1,L1
leaf-spine,sys1-ice2-p-swi-bel62,sw40p2,sys1-ice2-p-swi-bes4,sw62p2,L1
leaf-spine,sys1-ice2-p-swi-bel62,sw41p1,sys1-ice2-p-swi-bes5,sw62p1,L1
leaf-spine,sys1-ice2-p-swi-bel62,sw41p2,sys1-ice2-p-swi-bes5,sw62p2,L1
leaf-spine,sys1-ice2-p-swi-bel62,sw42p1,sys1-ice2-p-swi-bes6,sw62p1,L1
leaf-spine,sys1-ice2-p-swi-bel62,sw42p2,sys1-ice2-p-swi-bes6,sw62p2,L1
leaf-spine,sys1-ice2-p-swi-bel62,sw43p1,sys1-ice2-p-swi-bes7,sw62p1,L1
leaf-spine,sys1-ice2-p-swi-bel62,sw43p2,sys1-ice2-p-swi-bes7,sw62p2,L1
leaf-spine,sys1-ice2-p-swi-bel62,sw44p1,sys1-ice2-p-swi-bes8,sw62p1,L1
leaf-spine,sys1-ice2-p-swi-bel62,sw44p2,sys1-ice2-p-swi-bes8,sw62p2,L1
leaf-spine,sys1-ice2-p-swi-bel62,sw45p1,sys1-ice2-p-swi-bes9,sw62p1,L1
leaf-spine,sys1-ice2-p-swi-bel62,sw45p2,sys1-ice2-p-swi-bes9,sw62p2,L1
leaf-spine,sys1-ice2-p-swi-bel62,sw46p1,sys1-ice2-p-swi-bes10,sw62p1,L1
leaf-spine,sys1-ice2-p-swi-bel62,sw46p2,sys1-ice2-p-swi-bes10,sw62p2,L1
leaf-spine,sys1-ice2-p-swi-bel62,sw47p1,sys1-ice2-p-swi-bes11,sw62p1,L1
leaf-spine,sys1-ice2-p-swi-bel62,sw47p2,sys1-ice2-p-swi-bes11,sw62p2,L1
leaf-spine,sys1-ice2-p-swi-bel62,sw48p1,sys1-ice2-p-swi-bes12,sw62p1,L1
leaf-spine,sys1-ice2-p-swi-bel62,sw48p2,sys1-ice2-p-swi-bes12,sw62p2,L1
leaf-spine,sys1-ice2-p-swi-bel62,sw49p1,sys1-ice2-p-swi-bes13,sw62p1,L1
leaf-spine,sys1-ice2-p-swi-bel62,sw49p2,sys1-ice2-p-swi-bes13,sw62p2,L1
leaf-spine,sys1-ice2-p-swi-bel62,sw50p1,sys1-ice2-p-swi-bes14,sw62p1,L1
leaf-spine,sys1-ice2-p-swi-bel62,sw50p2,sys1-ice2-p-swi-bes14,sw62p2,L1
leaf-spine,sys1-ice2-p-swi-bel62,sw51p1,sys1-ice2-p-swi-bes15,sw62p1,L1
leaf-spine,sys1-ice2-p-swi-bel62,sw51p2,sys1-ice2-p-swi-bes15,sw62p2,L1
leaf-spine,sys1-ice2-p-swi-bel62,sw52p1,sys1-ice2-p-swi-bes16,sw62p1,L1
leaf-spine,sys1-ice2-p-swi-bel62,sw52p2,sys1-ice2-p-swi-bes16,sw62p2,L1
leaf-spine,sys1-ice2-p-swi-bel62,sw53p1,sys1-ice2-p-swi-bes17,sw62p1,L1
leaf-spine,sys1-ice2-p-swi-bel62,sw53p2,sys1-ice2-p-swi-bes17,sw62p2,L1
leaf-spine,sys1-ice2-p-swi-bel62,sw54p1,sys1-ice2-p-swi-bes18,sw62p1,L1
leaf-spine,sys1-ice2-p-swi-bel62,sw54p2,sys1-ice2-p-swi-bes18,sw62p2,L1
leaf-spine,sys1-ice2-p-swi-bel62,sw55p1,sys1-ice2-p-swi-bes19,sw62p1,L1
leaf-spine,sys1-ice2-p-swi-bel62,sw55p2,sys1-ice2-p-swi-bes19,sw62p2,L1
leaf-spine,sys1-ice2-p-swi-bel62,sw56p1,sys1-ice2-p-swi-bes20,sw62p1,L1
leaf-spine,sys1-ice2-p-swi-bel62,sw56p2,sys1-ice2-p-swi-bes20,sw62p2,L1
leaf-spine,sys1-ice2-p-swi-bel62,sw57p1,sys1-ice2-p-swi-bes21,sw62p1,L1
leaf-spine,sys1-ice2-p-swi-bel62,sw57p2,sys1-ice2-p-swi-bes21,sw62p2,L1
leaf-spine,sys1-ice2-p-swi-bel62,sw58p1,sys1-ice2-p-swi-bes22,sw62p1,L1
leaf-spine,sys1-ice2-p-swi-bel62,sw58p2,sys1-ice2-p-swi-bes22,sw62p2,L1
leaf-spine,sys1-ice2-p-swi-bel62,sw59p1,sys1-ice2-p-swi-bes23,sw62p1,L1
leaf-spine,sys1-ice2-p-swi-bel62,sw59p2,sys1-ice2-p-swi-bes23,sw62p2,L1
leaf-spine,sys1-ice2-p-swi-bel62,sw60p1,sys1-ice2-p-swi-bes24,sw62p1,L1
leaf-spine,sys1-ice2-p-swi-bel62,sw60p2,sys1-ice2-p-swi-bes24,sw62p2,L1
leaf-spine,sys1-ice2-p-swi-bel62,sw61p1,sys1-ice2-p-swi-bes25,sw62p1,L1
leaf-spine,sys1-ice2-p-swi-bel62,sw61p2,sys1-ice2-p-swi-bes25,sw62p2,L1
leaf-spine,sys1-ice2-p-swi-bel62,sw62p1,sys1-ice2-p-swi-bes26,sw62p1,L1
leaf-spine,sys1-ice2-p-swi-bel62,sw62p2,sys1-ice2-p-swi-bes26,sw62p2,L1
leaf-spine,sys1-ice2-p-swi-bel62,sw63p1,sys1-ice2-p-swi-bes27,sw62p1,L1
leaf-spine,sys1-ice2-p-swi-bel62,sw63p2,sys1-ice2-p-swi-bes27,sw62p2,L1
leaf-spine,sys1-ice2-p-swi-bel62,sw64p1,sys1-ice2-p-swi-bes28,sw62p1,L1
leaf-spine,sys1-ice2-p-swi-bel62,sw64p2,sys1-ice2-p-swi-bes28,sw62p2,L1
leaf-spine,sys1-ice2-p-swi-bel62,sw65p1,sys1-ice2-p-swi-bes29,sw62p1,L1
leaf-spine,sys1-ice2-p-swi-bel62,sw65p2,sys1-ice2-p-swi-bes29,sw62p2,L1
leaf-spine,sys1-ice2-p-swi-bel62,sw66p1,sys1-ice2-p-swi-bes30,sw62p1,L1
leaf-spine,sys1-ice2-p-swi-bel62,sw66p2,sys1-ice2-p-swi-bes30,sw62p2,L1
leaf-spine,sys1-ice2-p-swi-bel62,sw67p1,sys1-ice2-p-swi-bes31,sw62p1,L1
leaf-spine,sys1-ice2-p-swi-bel62,sw67p2,sys1-ice2-p-swi-bes31,sw62p2,L1
leaf-spine,sys1-ice2-p-swi-bel62,sw68p1,sys1-ice2-p-swi-bes32,sw62p1,L1
leaf-spine,sys1-ice2-p-swi-bel62,sw68p2,sys1-ice2-p-swi-bes32,sw62p2,L1
leaf-spine,sys1-ice2-p-swi-bel62,sw69p1,sys1-ice2-p-swi-bes33,sw62p1,L1
leaf-spine,sys1-ice2-p-swi-bel62,sw69p2,sys1-ice2-p-swi-bes33,sw62p2,L1
leaf-spine,sys1-ice2-p-swi-bel62,sw70p1,sys1-ice2-p-swi-bes34,sw62p1,L1
leaf-spine,sys1-ice2-p-swi-bel62,sw70p2,sys1-ice2-p-swi-bes34,sw62p2,L1
leaf-spine,sys1-ice2-p-swi-bel62,sw71p1,sys1-ice2-p-swi-bes35,sw62p1,L1
leaf-spine,sys1-ice2-p-swi-bel62,sw71p2,sys1-ice2-p-swi-bes35,sw62p2,L1
leaf-spine,sys1-ice2-p-swi-bel62,sw72p1,sys1-ice2-p-swi-bes36,sw62p1,L1
leaf-spine,sys1-ice2-p-swi-bel62,sw72p2,sys1-ice2-p-swi-bes36,sw62p2,L1
leaf-spine,sys1-ice2-p-swi-bel63,sw37p1,sys1-ice2-p-swi-bes1,sw63p1,L1
leaf-spine,sys1-ice2-p-swi-bel63,sw37p2,sys1-ice2-p-swi-bes1,sw63p2,L1
leaf-spine,sys1-ice2-p-swi-bel63,sw38p1,sys1-ice2-p-swi-bes2,sw63p1,L1
leaf-spine,sys1-ice2-p-swi-bel63,sw38p2,sys1-ice2-p-swi-bes2,sw63p2,L1
leaf-spine,sys1-ice2-p-swi-bel63,sw39p1,sys1-ice2-p-swi-bes3,sw63p1,L1
leaf-spine,sys1-ice2-p-swi-bel63,sw39p2,sys1-ice2-p-swi-bes3,sw63p2,L1
leaf-spine,sys1-ice2-p-swi-bel63,sw40p1,sys1-ice2-p-swi-bes4,sw63p1,L1
leaf-spine,sys1-ice2-p-swi-bel63,sw40p2,sys1-ice2-p-swi-bes4,sw63p2,L1
leaf-spine,sys1-ice2-p-swi-bel63,sw41p1,sys1-ice2-p-swi-bes5,sw63p1,L1
leaf-spine,sys1-ice2-p-swi-bel63,sw41p2,sys1-ice2-p-swi-bes5,sw63p2,L1
leaf-spine,sys1-ice2-p-swi-bel63,sw42p1,sys1-ice2-p-swi-bes6,sw63p1,L1
leaf-spine,sys1-ice2-p-swi-bel63,sw42p2,sys1-ice2-p-swi-bes6,sw63p2,L1
leaf-spine,sys1-ice2-p-swi-bel63,sw43p1,sys1-ice2-p-swi-bes7,sw63p1,L1
leaf-spine,sys1-ice2-p-swi-bel63,sw43p2,sys1-ice2-p-swi-bes7,sw63p2,L1
leaf-spine,sys1-ice2-p-swi-bel63,sw44p1,sys1-ice2-p-swi-bes8,sw63p1,L1
leaf-spine,sys1-ice2-p-swi-bel63,sw44p2,sys1-ice2-p-swi-bes8,sw63p2,L1
leaf-spine,sys1-ice2-p-swi-bel63,sw45p1,sys1-ice2-p-swi-bes9,sw63p1,L1
leaf-spine,sys1-ice2-p-swi-bel63,sw45p2,sys1-ice2-p-swi-bes9,sw63p2,L1
leaf-spine,sys1-ice2-p-swi-bel63,sw46p1,sys1-ice2-p-swi-bes10,sw63p1,L1
leaf-spine,sys1-ice2-p-swi-bel63,sw46p2,sys1-ice2-p-swi-bes10,sw63p2,L1
leaf-spine,sys1-ice2-p-swi-bel63,sw47p1,sys1-ice2-p-swi-bes11,sw63p1,L1
leaf-spine,sys1-ice2-p-swi-bel63,sw47p2,sys1-ice2-p-swi-bes11,sw63p2,L1
leaf-spine,sys1-ice2-p-swi-bel63,sw48p1,sys1-ice2-p-swi-bes12,sw63p1,L1
leaf-spine,sys1-ice2-p-swi-bel63,sw48p2,sys1-ice2-p-swi-bes12,sw63p2,L1
leaf-spine,sys1-ice2-p-swi-bel63,sw49p1,sys1-ice2-p-swi-bes13,sw63p1,L1
leaf-spine,sys1-ice2-p-swi-bel63,sw49p2,sys1-ice2-p-swi-bes13,sw63p2,L1
leaf-spine,sys1-ice2-p-swi-bel63,sw50p1,sys1-ice2-p-swi-bes14,sw63p1,L1
leaf-spine,sys1-ice2-p-swi-bel63,sw50p2,sys1-ice2-p-swi-bes14,sw63p2,L1
leaf-spine,sys1-ice2-p-swi-bel63,sw51p1,sys1-ice2-p-swi-bes15,sw63p1,L1
leaf-spine,sys1-ice2-p-swi-bel63,sw51p2,sys1-ice2-p-swi-bes15,sw63p2,L1
leaf-spine,sys1-ice2-p-swi-bel63,sw52p1,sys1-ice2-p-swi-bes16,sw63p1,L1
leaf-spine,sys1-ice2-p-swi-bel63,sw52p2,sys1-ice2-p-swi-bes16,sw63p2,L1
leaf-spine,sys1-ice2-p-swi-bel63,sw53p1,sys1-ice2-p-swi-bes17,sw63p1,L1
leaf-spine,sys1-ice2-p-swi-bel63,sw53p2,sys1-ice2-p-swi-bes17,sw63p2,L1
leaf-spine,sys1-ice2-p-swi-bel63,sw54p1,sys1-ice2-p-swi-bes18,sw63p1,L1
leaf-spine,sys1-ice2-p-swi-bel63,sw54p2,sys1-ice2-p-swi-bes18,sw63p2,L1
leaf-spine,sys1-ice2-p-swi-bel63,sw55p1,sys1-ice2-p-swi-bes19,sw63p1,L1
leaf-spine,sys1-ice2-p-swi-bel63,sw55p2,sys1-ice2-p-swi-bes19,sw63p2,L1
leaf-spine,sys1-ice2-p-swi-bel63,sw56p1,sys1-ice2-p-swi-bes20,sw63p1,L1
leaf-spine,sys1-ice2-p-swi-bel63,sw56p2,sys1-ice2-p-swi-bes20,sw63p2,L1
leaf-spine,sys1-ice2-p-swi-bel63,sw57p1,sys1-ice2-p-swi-bes21,sw63p1,L1
leaf-spine,sys1-ice2-p-swi-bel63,sw57p2,sys1-ice2-p-swi-bes21,sw63p2,L1
leaf-spine,sys1-ice2-p-swi-bel63,sw58p1,sys1-ice2-p-swi-bes22,sw63p1,L1
leaf-spine,sys1-ice2-p-swi-bel63,sw58p2,sys1-ice2-p-swi-bes22,sw63p2,L1
leaf-spine,sys1-ice2-p-swi-bel63,sw59p1,sys1-ice2-p-swi-bes23,sw63p1,L1
leaf-spine,sys1-ice2-p-swi-bel63,sw59p2,sys1-ice2-p-swi-bes23,sw63p2,L1
leaf-spine,sys1-ice2-p-swi-bel63,sw60p1,sys1-ice2-p-swi-bes24,sw63p1,L1
leaf-spine,sys1-ice2-p-swi-bel63,sw60p2,sys1-ice2-p-swi-bes24,sw63p2,L1
leaf-spine,sys1-ice2-p-swi-bel63,sw61p1,sys1-ice2-p-swi-bes25,sw63p1,L1
leaf-spine,sys1-ice2-p-swi-bel63,sw61p2,sys1-ice2-p-swi-bes25,sw63p2,L1
leaf-spine,sys1-ice2-p-swi-bel63,sw62p1,sys1-ice2-p-swi-bes26,sw63p1,L1
leaf-spine,sys1-ice2-p-swi-bel63,sw62p2,sys1-ice2-p-swi-bes26,sw63p2,L1
leaf-spine,sys1-ice2-p-swi-bel63,sw63p1,sys1-ice2-p-swi-bes27,sw63p1,L1
leaf-spine,sys1-ice2-p-swi-bel63,sw63p2,sys1-ice2-p-swi-bes27,sw63p2,L1
leaf-spine,sys1-ice2-p-swi-bel63,sw64p1,sys1-ice2-p-swi-bes28,sw63p1,L1
leaf-spine,sys1-ice2-p-swi-bel63,sw64p2,sys1-ice2-p-swi-bes28,sw63p2,L1
leaf-spine,sys1-ice2-p-swi-bel63,sw65p1,sys1-ice2-p-swi-bes29,sw63p1,L1
leaf-spine,sys1-ice2-p-swi-bel63,sw65p2,sys1-ice2-p-swi-bes29,sw63p2,L1
leaf-spine,sys1-ice2-p-swi-bel63,sw66p1,sys1-ice2-p-swi-bes30,sw63p1,L1
leaf-spine,sys1-ice2-p-swi-bel63,sw66p2,sys1-ice2-p-swi-bes30,sw63p2,L1
leaf-spine,sys1-ice2-p-swi-bel63,sw67p1,sys1-ice2-p-swi-bes31,sw63p1,L1
leaf-spine,sys1-ice2-p-swi-bel63,sw67p2,sys1-ice2-p-swi-bes31,sw63p2,L1
leaf-spine,sys1-ice2-p-swi-bel63,sw68p1,sys1-ice2-p-swi-bes32,sw63p1,L1
leaf-spine,sys1-ice2-p-swi-bel63,sw68p2,sys1-ice2-p-swi-bes32,sw63p2,L1
leaf-spine,sys1-ice2-p-swi-bel63,sw69p1,sys1-ice2-p-swi-bes33,sw63p1,L1
leaf-spine,sys1-ice2-p-swi-bel63,sw69p2,sys1-ice2-p-swi-bes33,sw63p2,L1
leaf-spine,sys1-ice2-p-swi-bel63,sw70p1,sys1-ice2-p-swi-bes34,sw63p1,L1
leaf-spine,sys1-ice2-p-swi-bel63,sw70p2,sys1-ice2-p-swi-bes34,sw63p2,L1
leaf-spine,sys1-ice2-p-swi-bel63,sw71p1,sys1-ice2-p-swi-bes35,sw63p1,L1
leaf-spine,sys1-ice2-p-swi-bel63,sw71p2,sys1-ice2-p-swi-bes35,sw63p2,L1
leaf-spine,sys1-ice2-p-swi-bel63,sw72p1,sys1-ice2-p-swi-bes36,sw63p1,L1
leaf-spine,sys1-ice2-p-swi-bel63,sw72p2,sys1-ice2-p-swi-bes36,sw63p2,L1
leaf-spine,sys1-ice2-p-swi-bel64,sw37p1,sys1-ice2-p-swi-bes1,sw64p1,L1
leaf-spine,sys1-ice2-p-swi-bel64,sw37p2,sys1-ice2-p-swi-bes1,sw64p2,L1
leaf-spine,sys1-ice2-p-swi-bel64,sw38p1,sys1-ice2-p-swi-bes2,sw64p1,L1
leaf-spine,sys1-ice2-p-swi-bel64,sw38p2,sys1-ice2-p-swi-bes2,sw64p2,L1
leaf-spine,sys1-ice2-p-swi-bel64,sw39p1,sys1-ice2-p-swi-bes3,sw64p1,L1
leaf-spine,sys1-ice2-p-swi-bel64,sw39p2,sys1-ice2-p-swi-bes3,sw64p2,L1
leaf-spine,sys1-ice2-p-swi-bel64,sw40p1,sys1-ice2-p-swi-bes4,sw64p1,L1
leaf-spine,sys1-ice2-p-swi-bel64,sw40p2,sys1-ice2-p-swi-bes4,sw64p2,L1
leaf-spine,sys1-ice2-p-swi-bel64,sw41p1,sys1-ice2-p-swi-bes5,sw64p1,L1
leaf-spine,sys1-ice2-p-swi-bel64,sw41p2,sys1-ice2-p-swi-bes5,sw64p2,L1
leaf-spine,sys1-ice2-p-swi-bel64,sw42p1,sys1-ice2-p-swi-bes6,sw64p1,L1
leaf-spine,sys1-ice2-p-swi-bel64,sw42p2,sys1-ice2-p-swi-bes6,sw64p2,L1
leaf-spine,sys1-ice2-p-swi-bel64,sw43p1,sys1-ice2-p-swi-bes7,sw64p1,L1
leaf-spine,sys1-ice2-p-swi-bel64,sw43p2,sys1-ice2-p-swi-bes7,sw64p2,L1
leaf-spine,sys1-ice2-p-swi-bel64,sw44p1,sys1-ice2-p-swi-bes8,sw64p1,L1
leaf-spine,sys1-ice2-p-swi-bel64,sw44p2,sys1-ice2-p-swi-bes8,sw64p2,L1
leaf-spine,sys1-ice2-p-swi-bel64,sw45p1,sys1-ice2-p-swi-bes9,sw64p1,L1
leaf-spine,sys1-ice2-p-swi-bel64,sw45p2,sys1-ice2-p-swi-bes9,sw64p2,L1
leaf-spine,sys1-ice2-p-swi-bel64,sw46p1,sys1-ice2-p-swi-bes10,sw64p1,L1
leaf-spine,sys1-ice2-p-swi-bel64,sw46p2,sys1-ice2-p-swi-bes10,sw64p2,L1
leaf-spine,sys1-ice2-p-swi-bel64,sw47p1,sys1-ice2-p-swi-bes11,sw64p1,L1
leaf-spine,sys1-ice2-p-swi-bel64,sw47p2,sys1-ice2-p-swi-bes11,sw64p2,L1
leaf-spine,sys1-ice2-p-swi-bel64,sw48p1,sys1-ice2-p-swi-bes12,sw64p1,L1
leaf-spine,sys1-ice2-p-swi-bel64,sw48p2,sys1-ice2-p-swi-bes12,sw64p2,L1
leaf-spine,sys1-ice2-p-swi-bel64,sw49p1,sys1-ice2-p-swi-bes13,sw64p1,L1
leaf-spine,sys1-ice2-p-swi-bel64,sw49p2,sys1-ice2-p-swi-bes13,sw64p2,L1
leaf-spine,sys1-ice2-p-swi-bel64,sw50p1,sys1-ice2-p-swi-bes14,sw64p1,L1
leaf-spine,sys1-ice2-p-swi-bel64,sw50p2,sys1-ice2-p-swi-bes14,sw64p2,L1
leaf-spine,sys1-ice2-p-swi-bel64,sw51p1,sys1-ice2-p-swi-bes15,sw64p1,L1
leaf-spine,sys1-ice2-p-swi-bel64,sw51p2,sys1-ice2-p-swi-bes15,sw64p2,L1
leaf-spine,sys1-ice2-p-swi-bel64,sw52p1,sys1-ice2-p-swi-bes16,sw64p1,L1
leaf-spine,sys1-ice2-p-swi-bel64,sw52p2,sys1-ice2-p-swi-bes16,sw64p2,L1
leaf-spine,sys1-ice2-p-swi-bel64,sw53p1,sys1-ice2-p-swi-bes17,sw64p1,L1
leaf-spine,sys1-ice2-p-swi-bel64,sw53p2,sys1-ice2-p-swi-bes17,sw64p2,L1
leaf-spine,sys1-ice2-p-swi-bel64,sw54p1,sys1-ice2-p-swi-bes18,sw64p1,L1
leaf-spine,sys1-ice2-p-swi-bel64,sw54p2,sys1-ice2-p-swi-bes18,sw64p2,L1
leaf-spine,sys1-ice2-p-swi-bel64,sw55p1,sys1-ice2-p-swi-bes19,sw64p1,L1
leaf-spine,sys1-ice2-p-swi-bel64,sw55p2,sys1-ice2-p-swi-bes19,sw64p2,L1
leaf-spine,sys1-ice2-p-swi-bel64,sw56p1,sys1-ice2-p-swi-bes20,sw64p1,L1
leaf-spine,sys1-ice2-p-swi-bel64,sw56p2,sys1-ice2-p-swi-bes20,sw64p2,L1
leaf-spine,sys1-ice2-p-swi-bel64,sw57p1,sys1-ice2-p-swi-bes21,sw64p1,L1
leaf-spine,sys1-ice2-p-swi-bel64,sw57p2,sys1-ice2-p-swi-bes21,sw64p2,L1
leaf-spine,sys1-ice2-p-swi-bel64,sw58p1,sys1-ice2-p-swi-bes22,sw64p1,L1
leaf-spine,sys1-ice2-p-swi-bel64,sw58p2,sys1-ice2-p-swi-bes22,sw64p2,L1
leaf-spine,sys1-ice2-p-swi-bel64,sw59p1,sys1-ice2-p-swi-bes23,sw64p1,L1
leaf-spine,sys1-ice2-p-swi-bel64,sw59p2,sys1-ice2-p-swi-bes23,sw64p2,L1
leaf-spine,sys1-ice2-p-swi-bel64,sw60p1,sys1-ice2-p-swi-bes24,sw64p1,L1
leaf-spine,sys1-ice2-p-swi-bel64,sw60p2,sys1-ice2-p-swi-bes24,sw64p2,L1
leaf-spine,sys1-ice2-p-swi-bel64,sw61p1,sys1-ice2-p-swi-bes25,sw64p1,L1
leaf-spine,sys1-ice2-p-swi-bel64,sw61p2,sys1-ice2-p-swi-bes25,sw64p2,L1
leaf-spine,sys1-ice2-p-swi-bel64,sw62p1,sys1-ice2-p-swi-bes26,sw64p1,L1
leaf-spine,sys1-ice2-p-swi-bel64,sw62p2,sys1-ice2-p-swi-bes26,sw64p2,L1
leaf-spine,sys1-ice2-p-swi-bel64,sw63p1,sys1-ice2-p-swi-bes27,sw64p1,L1
leaf-spine,sys1-ice2-p-swi-bel64,sw63p2,sys1-ice2-p-swi-bes27,sw64p2,L1
leaf-spine,sys1-ice2-p-swi-bel64,sw64p1,sys1-ice2-p-swi-bes28,sw64p1,L1
leaf-spine,sys1-ice2-p-swi-bel64,sw64p2,sys1-ice2-p-swi-bes28,sw64p2,L1
leaf-spine,sys1-ice2-p-swi-bel64,sw65p1,sys1-ice2-p-swi-bes29,sw64p1,L1
leaf-spine,sys1-ice2-p-swi-bel64,sw65p2,sys1-ice2-p-swi-bes29,sw64p2,L1
leaf-spine,sys1-ice2-p-swi-bel64,sw66p1,sys1-ice2-p-swi-bes30,sw64p1,L1
leaf-spine,sys1-ice2-p-swi-bel64,sw66p2,sys1-ice2-p-swi-bes30,sw64p2,L1
leaf-spine,sys1-ice2-p-swi-bel64,sw67p1,sys1-ice2-p-swi-bes31,sw64p1,L1
leaf-spine,sys1-ice2-p-swi-bel64,sw67p2,sys1-ice2-p-swi-bes31,sw64p2,L1
leaf-spine,sys1-ice2-p-swi-bel64,sw68p1,sys1-ice2-p-swi-bes32,sw64p1,L1
leaf-spine,sys1-ice2-p-swi-bel64,sw68p2,sys1-ice2-p-swi-bes32,sw64p2,L1
leaf-spine,sys1-ice2-p-swi-bel64,sw69p1,sys1-ice2-p-swi-bes33,sw64p1,L1
leaf-spine,sys1-ice2-p-swi-bel64,sw69p2,sys1-ice2-p-swi-bes33,sw64p2,L1
leaf-spine,sys1-ice2-p-swi-bel64,sw70p1,sys1-ice2-p-swi-bes34,sw64p1,L1
leaf-spine,sys1-ice2-p-swi-bel64,sw70p2,sys1-ice2-p-swi-bes34,sw64p2,L1
leaf-spine,sys1-ice2-p-swi-bel64,sw71p1,sys1-ice2-p-swi-bes35,sw64p1,L1
leaf-spine,sys1-ice2-p-swi-bel64,sw71p2,sys1-ice2-p-swi-bes35,sw64p2,L1
leaf-spine,sys1-ice2-p-swi-bel64,sw72p1,sys1-ice2-p-swi-bes36,sw64p1,L1
leaf-spine,sys1-ice2-p-swi-bel64,sw72p2,sys1-ice2-p-swi-bes36,sw64p2,L1
leaf-gpu,sys1-ice2-p-swi-bel1,sw1p1,SU1 slot 1,mlx5_0,G1-G3
leaf-gpu,sys1-ice2-p-swi-bel1,sw1p2,SU1 slot 2,mlx5_0,G1-G3
leaf-gpu,sys1-ice2-p-swi-bel1,sw2p1,SU1 slot 3,mlx5_0,G1-G3
leaf-gpu,sys1-ice2-p-swi-bel1,sw2p2,SU1 slot 4,mlx5_0,G1-G3
leaf-gpu,sys1-ice2-p-swi-bel1,sw3p1,SU1 slot 5,mlx5_0,G1-G3
leaf-gpu,sys1-ice2-p-swi-bel1,sw3p2,SU1 slot 6,mlx5_0,G1-G3
leaf-gpu,sys1-ice2-p-swi-bel1,sw4p1,SU1 slot 7,mlx5_0,G1-G3
leaf-gpu,sys1-ice2-p-swi-bel1,sw4p2,SU1 slot 8,mlx5_0,G1-G3
leaf-gpu,sys1-ice2-p-swi-bel1,sw5p1,SU1 slot 9,mlx5_0,G1-G3
leaf-gpu,sys1-ice2-p-swi-bel1,sw5p2,SU1 slot 10,mlx5_0,G1-G3
leaf-gpu,sys1-ice2-p-swi-bel1,sw6p1,SU1 slot 11,mlx5_0,G1-G3
leaf-gpu,sys1-ice2-p-swi-bel1,sw6p2,SU1 slot 12,mlx5_0,G1-G3
leaf-gpu,sys1-ice2-p-swi-bel1,sw7p1,SU1 slot 13,mlx5_0,G1-G3
leaf-gpu,sys1-ice2-p-swi-bel1,sw7p2,SU1 slot 14,mlx5_0,G1-G3
leaf-gpu,sys1-ice2-p-swi-bel1,sw8p1,SU1 slot 15,mlx5_0,G1-G3
leaf-gpu,sys1-ice2-p-swi-bel1,sw8p2,SU1 slot 16,mlx5_0,G1-G3
leaf-gpu,sys1-ice2-p-swi-bel1,sw9p1,SU1 slot 17,mlx5_0,G1-G3
leaf-gpu,sys1-ice2-p-swi-bel1,sw9p2,SU1 slot 18,mlx5_0,G1-G3
leaf-gpu,sys1-ice2-p-swi-bel1,sw10p1,SU1 slot 19,mlx5_0,G1-G3
leaf-gpu,sys1-ice2-p-swi-bel1,sw10p2,SU1 slot 20,mlx5_0,G1-G3
leaf-gpu,sys1-ice2-p-swi-bel1,sw11p1,SU1 slot 21,mlx5_0,G1-G3
leaf-gpu,sys1-ice2-p-swi-bel1,sw11p2,SU1 slot 22,mlx5_0,G1-G3
leaf-gpu,sys1-ice2-p-swi-bel1,sw12p1,SU1 slot 23,mlx5_0,G1-G3
leaf-gpu,sys1-ice2-p-swi-bel1,sw12p2,SU1 slot 24,mlx5_0,G1-G3
leaf-gpu,sys1-ice2-p-swi-bel1,sw13p1,SU1 slot 25,mlx5_0,G1-G3
leaf-gpu,sys1-ice2-p-swi-bel1,sw13p2,SU1 slot 26,mlx5_0,G1-G3
leaf-gpu,sys1-ice2-p-swi-bel1,sw14p1,SU1 slot 27,mlx5_0,G1-G3
leaf-gpu,sys1-ice2-p-swi-bel1,sw14p2,SU1 slot 28,mlx5_0,G1-G3
leaf-gpu,sys1-ice2-p-swi-bel1,sw15p1,SU1 slot 29,mlx5_0,G1-G3
leaf-gpu,sys1-ice2-p-swi-bel1,sw15p2,SU1 slot 30,mlx5_0,G1-G3
leaf-gpu,sys1-ice2-p-swi-bel1,sw16p1,SU1 slot 31,mlx5_0,G1-G3
leaf-gpu,sys1-ice2-p-swi-bel1,sw16p2,SU1 slot 32,mlx5_0,G1-G3
leaf-gpu,sys1-ice2-p-swi-bel1,sw17p1,SU1 slot 33,mlx5_0,G1-G3
leaf-gpu,sys1-ice2-p-swi-bel1,sw17p2,SU1 slot 34,mlx5_0,G1-G3
leaf-gpu,sys1-ice2-p-swi-bel1,sw18p1,SU1 slot 35,mlx5_0,G1-G3
leaf-gpu,sys1-ice2-p-swi-bel1,sw18p2,SU1 slot 36,mlx5_0,G1-G3
leaf-gpu,sys1-ice2-p-swi-bel1,sw19p1,SU1 slot 37,mlx5_0,G1-G3
leaf-gpu,sys1-ice2-p-swi-bel1,sw19p2,SU1 slot 38,mlx5_0,G1-G3
leaf-gpu,sys1-ice2-p-swi-bel1,sw20p1,SU1 slot 39,mlx5_0,G1-G3
leaf-gpu,sys1-ice2-p-swi-bel1,sw20p2,SU1 slot 40,mlx5_0,G1-G3
leaf-gpu,sys1-ice2-p-swi-bel1,sw21p1,SU1 slot 41,mlx5_0,G1-G3
leaf-gpu,sys1-ice2-p-swi-bel1,sw21p2,SU1 slot 42,mlx5_0,G1-G3
leaf-gpu,sys1-ice2-p-swi-bel1,sw22p1,SU1 slot 43,mlx5_0,G1-G3
leaf-gpu,sys1-ice2-p-swi-bel1,sw22p2,SU1 slot 44,mlx5_0,G1-G3
leaf-gpu,sys1-ice2-p-swi-bel1,sw23p1,SU1 slot 45,mlx5_0,G1-G3
leaf-gpu,sys1-ice2-p-swi-bel1,sw23p2,SU1 slot 46,mlx5_0,G1-G3
leaf-gpu,sys1-ice2-p-swi-bel1,sw24p1,SU1 slot 47,mlx5_0,G1-G3
leaf-gpu,sys1-ice2-p-swi-bel1,sw24p2,SU1 slot 48,mlx5_0,G1-G3
leaf-gpu,sys1-ice2-p-swi-bel1,sw25p1,SU1 slot 49,mlx5_0,G1-G3
leaf-gpu,sys1-ice2-p-swi-bel1,sw25p2,SU1 slot 50,mlx5_0,G1-G3
leaf-gpu,sys1-ice2-p-swi-bel1,sw26p1,SU1 slot 51,mlx5_0,G1-G3
leaf-gpu,sys1-ice2-p-swi-bel1,sw26p2,SU1 slot 52,mlx5_0,G1-G3
leaf-gpu,sys1-ice2-p-swi-bel1,sw27p1,SU1 slot 53,mlx5_0,G1-G3
leaf-gpu,sys1-ice2-p-swi-bel1,sw27p2,SU1 slot 54,mlx5_0,G1-G3
leaf-gpu,sys1-ice2-p-swi-bel1,sw28p1,SU1 slot 55,mlx5_0,G1-G3
leaf-gpu,sys1-ice2-p-swi-bel1,sw28p2,SU1 slot 56,mlx5_0,G1-G3
leaf-gpu,sys1-ice2-p-swi-bel1,sw29p1,SU1 slot 57,mlx5_0,G1-G3
leaf-gpu,sys1-ice2-p-swi-bel1,sw29p2,SU1 slot 58,mlx5_0,G1-G3
leaf-gpu,sys1-ice2-p-swi-bel1,sw30p1,SU1 slot 59,mlx5_0,G1-G3
leaf-gpu,sys1-ice2-p-swi-bel1,sw30p2,SU1 slot 60,mlx5_0,G1-G3
leaf-gpu,sys1-ice2-p-swi-bel1,sw31p1,SU1 slot 61,mlx5_0,G1-G3
leaf-gpu,sys1-ice2-p-swi-bel1,sw31p2,SU1 slot 62,mlx5_0,G1-G3
leaf-gpu,sys1-ice2-p-swi-bel1,sw32p1,SU1 slot 63,mlx5_0,G1-G3
leaf-gpu,sys1-ice2-p-swi-bel1,sw32p2,SU1 slot 64,mlx5_0,G1-G3
leaf-gpu,sys1-ice2-p-swi-bel1,sw33p1,SU1 slot 65,mlx5_0,G1-G3
leaf-gpu,sys1-ice2-p-swi-bel1,sw33p2,SU1 slot 66,mlx5_0,G1-G3
leaf-gpu,sys1-ice2-p-swi-bel1,sw34p1,SU1 slot 67,mlx5_0,G1-G3
leaf-gpu,sys1-ice2-p-swi-bel1,sw34p2,SU1 slot 68,mlx5_0,G1-G3
leaf-gpu,sys1-ice2-p-swi-bel1,sw35p1,SU1 slot 69,mlx5_0,G1-G3
leaf-gpu,sys1-ice2-p-swi-bel1,sw35p2,SU1 slot 70,mlx5_0,G1-G3
leaf-gpu,sys1-ice2-p-swi-bel1,sw36p1,SU1 slot 71,mlx5_0,G1-G3
leaf-gpu,sys1-ice2-p-swi-bel1,sw36p2,SU1 slot 72,mlx5_0,G1-G3
leaf-gpu,sys1-ice2-p-swi-bel2,sw1p1,SU2 slot 1,mlx5_0,G1-G3
leaf-gpu,sys1-ice2-p-swi-bel2,sw1p2,SU2 slot 2,mlx5_0,G1-G3
leaf-gpu,sys1-ice2-p-swi-bel2,sw2p1,SU2 slot 3,mlx5_0,G1-G3
leaf-gpu,sys1-ice2-p-swi-bel2,sw2p2,SU2 slot 4,mlx5_0,G1-G3
leaf-gpu,sys1-ice2-p-swi-bel2,sw3p1,SU2 slot 5,mlx5_0,G1-G3
leaf-gpu,sys1-ice2-p-swi-bel2,sw3p2,SU2 slot 6,mlx5_0,G1-G3
leaf-gpu,sys1-ice2-p-swi-bel2,sw4p1,SU2 slot 7,mlx5_0,G1-G3
leaf-gpu,sys1-ice2-p-swi-bel2,sw4p2,SU2 slot 8,mlx5_0,G1-G3
leaf-gpu,sys1-ice2-p-swi-bel2,sw5p1,SU2 slot 9,mlx5_0,G1-G3
leaf-gpu,sys1-ice2-p-swi-bel2,sw5p2,SU2 slot 10,mlx5_0,G1-G3
leaf-gpu,sys1-ice2-p-swi-bel2,sw6p1,SU2 slot 11,mlx5_0,G1-G3
leaf-gpu,sys1-ice2-p-swi-bel2,sw6p2,SU2 slot 12,mlx5_0,G1-G3
leaf-gpu,sys1-ice2-p-swi-bel2,sw7p1,SU2 slot 13,mlx5_0,G1-G3
leaf-gpu,sys1-ice2-p-swi-bel2,sw7p2,SU2 slot 14,mlx5_0,G1-G3
leaf-gpu,sys1-ice2-p-swi-bel2,sw8p1,SU2 slot 15,mlx5_0,G1-G3
leaf-gpu,sys1-ice2-p-swi-bel2,sw8p2,SU2 slot 16,mlx5_0,G1-G3
leaf-gpu,sys1-ice2-p-swi-bel2,sw9p1,SU2 slot 17,mlx5_0,G1-G3
leaf-gpu,sys1-ice2-p-swi-bel2,sw9p2,SU2 slot 18,mlx5_0,G1-G3
leaf-gpu,sys1-ice2-p-swi-bel2,sw10p1,SU2 slot 19,mlx5_0,G1-G3
leaf-gpu,sys1-ice2-p-swi-bel2,sw10p2,SU2 slot 20,mlx5_0,G1-G3
leaf-gpu,sys1-ice2-p-swi-bel2,sw11p1,SU2 slot 21,mlx5_0,G1-G3
leaf-gpu,sys1-ice2-p-swi-bel2,sw11p2,SU2 slot 22,mlx5_0,G1-G3
leaf-gpu,sys1-ice2-p-swi-bel2,sw12p1,SU2 slot 23,mlx5_0,G1-G3
leaf-gpu,sys1-ice2-p-swi-bel2,sw12p2,SU2 slot 24,mlx5_0,G1-G3
leaf-gpu,sys1-ice2-p-swi-bel2,sw13p1,SU2 slot 25,mlx5_0,G1-G3
leaf-gpu,sys1-ice2-p-swi-bel2,sw13p2,SU2 slot 26,mlx5_0,G1-G3
leaf-gpu,sys1-ice2-p-swi-bel2,sw14p1,SU2 slot 27,mlx5_0,G1-G3
leaf-gpu,sys1-ice2-p-swi-bel2,sw14p2,SU2 slot 28,mlx5_0,G1-G3
leaf-gpu,sys1-ice2-p-swi-bel2,sw15p1,SU2 slot 29,mlx5_0,G1-G3
leaf-gpu,sys1-ice2-p-swi-bel2,sw15p2,SU2 slot 30,mlx5_0,G1-G3
leaf-gpu,sys1-ice2-p-swi-bel2,sw16p1,SU2 slot 31,mlx5_0,G1-G3
leaf-gpu,sys1-ice2-p-swi-bel2,sw16p2,SU2 slot 32,mlx5_0,G1-G3
leaf-gpu,sys1-ice2-p-swi-bel2,sw17p1,SU2 slot 33,mlx5_0,G1-G3
leaf-gpu,sys1-ice2-p-swi-bel2,sw17p2,SU2 slot 34,mlx5_0,G1-G3
leaf-gpu,sys1-ice2-p-swi-bel2,sw18p1,SU2 slot 35,mlx5_0,G1-G3
leaf-gpu,sys1-ice2-p-swi-bel2,sw18p2,SU2 slot 36,mlx5_0,G1-G3
leaf-gpu,sys1-ice2-p-swi-bel2,sw19p1,SU2 slot 37,mlx5_0,G1-G3
leaf-gpu,sys1-ice2-p-swi-bel2,sw19p2,SU2 slot 38,mlx5_0,G1-G3
leaf-gpu,sys1-ice2-p-swi-bel2,sw20p1,SU2 slot 39,mlx5_0,G1-G3
leaf-gpu,sys1-ice2-p-swi-bel2,sw20p2,SU2 slot 40,mlx5_0,G1-G3
leaf-gpu,sys1-ice2-p-swi-bel2,sw21p1,SU2 slot 41,mlx5_0,G1-G3
leaf-gpu,sys1-ice2-p-swi-bel2,sw21p2,SU2 slot 42,mlx5_0,G1-G3
leaf-gpu,sys1-ice2-p-swi-bel2,sw22p1,SU2 slot 43,mlx5_0,G1-G3
leaf-gpu,sys1-ice2-p-swi-bel2,sw22p2,SU2 slot 44,mlx5_0,G1-G3
leaf-gpu,sys1-ice2-p-swi-bel2,sw23p1,SU2 slot 45,mlx5_0,G1-G3
leaf-gpu,sys1-ice2-p-swi-bel2,sw23p2,SU2 slot 46,mlx5_0,G1-G3
leaf-gpu,sys1-ice2-p-swi-bel2,sw24p1,SU2 slot 47,mlx5_0,G1-G3
leaf-gpu,sys1-ice2-p-swi-bel2,sw24p2,SU2 slot 48,mlx5_0,G1-G3
leaf-gpu,sys1-ice2-p-swi-bel2,sw25p1,SU2 slot 49,mlx5_0,G1-G3
leaf-gpu,sys1-ice2-p-swi-bel2,sw25p2,SU2 slot 50,mlx5_0,G1-G3
leaf-gpu,sys1-ice2-p-swi-bel2,sw26p1,SU2 slot 51,mlx5_0,G1-G3
leaf-gpu,sys1-ice2-p-swi-bel2,sw26p2,SU2 slot 52,mlx5_0,G1-G3
leaf-gpu,sys1-ice2-p-swi-bel2,sw27p1,SU2 slot 53,mlx5_0,G1-G3
leaf-gpu,sys1-ice2-p-swi-bel2,sw27p2,SU2 slot 54,mlx5_0,G1-G3
leaf-gpu,sys1-ice2-p-swi-bel2,sw28p1,SU2 slot 55,mlx5_0,G1-G3
leaf-gpu,sys1-ice2-p-swi-bel2,sw28p2,SU2 slot 56,mlx5_0,G1-G3
leaf-gpu,sys1-ice2-p-swi-bel2,sw29p1,SU2 slot 57,mlx5_0,G1-G3
leaf-gpu,sys1-ice2-p-swi-bel2,sw29p2,SU2 slot 58,mlx5_0,G1-G3
leaf-gpu,sys1-ice2-p-swi-bel2,sw30p1,SU2 slot 59,mlx5_0,G1-G3
leaf-gpu,sys1-ice2-p-swi-bel2,sw30p2,SU2 slot 60,mlx5_0,G1-G3
leaf-gpu,sys1-ice2-p-swi-bel2,sw31p1,SU2 slot 61,mlx5_0,G1-G3
leaf-gpu,sys1-ice2-p-swi-bel2,sw31p2,SU2 slot 62,mlx5_0,G1-G3
leaf-gpu,sys1-ice2-p-swi-bel2,sw32p1,SU2 slot 63,mlx5_0,G1-G3
leaf-gpu,sys1-ice2-p-swi-bel2,sw32p2,SU2 slot 64,mlx5_0,G1-G3
leaf-gpu,sys1-ice2-p-swi-bel2,sw33p1,SU2 slot 65,mlx5_0,G1-G3
leaf-gpu,sys1-ice2-p-swi-bel2,sw33p2,SU2 slot 66,mlx5_0,G1-G3
leaf-gpu,sys1-ice2-p-swi-bel2,sw34p1,SU2 slot 67,mlx5_0,G1-G3
leaf-gpu,sys1-ice2-p-swi-bel2,sw34p2,SU2 slot 68,mlx5_0,G1-G3
leaf-gpu,sys1-ice2-p-swi-bel2,sw35p1,SU2 slot 69,mlx5_0,G1-G3
leaf-gpu,sys1-ice2-p-swi-bel2,sw35p2,SU2 slot 70,mlx5_0,G1-G3
leaf-gpu,sys1-ice2-p-swi-bel2,sw36p1,SU2 slot 71,mlx5_0,G1-G3
leaf-gpu,sys1-ice2-p-swi-bel2,sw36p2,SU2 slot 72,mlx5_0,G1-G3
leaf-gpu,sys1-ice2-p-swi-bel3,sw1p1,SU3 slot 1,mlx5_0,G1-G3
leaf-gpu,sys1-ice2-p-swi-bel3,sw1p2,SU3 slot 2,mlx5_0,G1-G3
leaf-gpu,sys1-ice2-p-swi-bel3,sw2p1,SU3 slot 3,mlx5_0,G1-G3
leaf-gpu,sys1-ice2-p-swi-bel3,sw2p2,SU3 slot 4,mlx5_0,G1-G3
leaf-gpu,sys1-ice2-p-swi-bel3,sw3p1,SU3 slot 5,mlx5_0,G1-G3
leaf-gpu,sys1-ice2-p-swi-bel3,sw3p2,SU3 slot 6,mlx5_0,G1-G3
leaf-gpu,sys1-ice2-p-swi-bel3,sw4p1,SU3 slot 7,mlx5_0,G1-G3
leaf-gpu,sys1-ice2-p-swi-bel3,sw4p2,SU3 slot 8,mlx5_0,G1-G3
leaf-gpu,sys1-ice2-p-swi-bel3,sw5p1,SU3 slot 9,mlx5_0,G1-G3
leaf-gpu,sys1-ice2-p-swi-bel3,sw5p2,SU3 slot 10,mlx5_0,G1-G3
leaf-gpu,sys1-ice2-p-swi-bel3,sw6p1,SU3 slot 11,mlx5_0,G1-G3
leaf-gpu,sys1-ice2-p-swi-bel3,sw6p2,SU3 slot 12,mlx5_0,G1-G3
leaf-gpu,sys1-ice2-p-swi-bel3,sw7p1,SU3 slot 13,mlx5_0,G1-G3
leaf-gpu,sys1-ice2-p-swi-bel3,sw7p2,SU3 slot 14,mlx5_0,G1-G3
leaf-gpu,sys1-ice2-p-swi-bel3,sw8p1,SU3 slot 15,mlx5_0,G1-G3
leaf-gpu,sys1-ice2-p-swi-bel3,sw8p2,SU3 slot 16,mlx5_0,G1-G3
leaf-gpu,sys1-ice2-p-swi-bel3,sw9p1,SU3 slot 17,mlx5_0,G1-G3
leaf-gpu,sys1-ice2-p-swi-bel3,sw9p2,SU3 slot 18,mlx5_0,G1-G3
leaf-gpu,sys1-ice2-p-swi-bel3,sw10p1,SU3 slot 19,mlx5_0,G1-G3
leaf-gpu,sys1-ice2-p-swi-bel3,sw10p2,SU3 slot 20,mlx5_0,G1-G3
leaf-gpu,sys1-ice2-p-swi-bel3,sw11p1,SU3 slot 21,mlx5_0,G1-G3
leaf-gpu,sys1-ice2-p-swi-bel3,sw11p2,SU3 slot 22,mlx5_0,G1-G3
leaf-gpu,sys1-ice2-p-swi-bel3,sw12p1,SU3 slot 23,mlx5_0,G1-G3
leaf-gpu,sys1-ice2-p-swi-bel3,sw12p2,SU3 slot 24,mlx5_0,G1-G3
leaf-gpu,sys1-ice2-p-swi-bel3,sw13p1,SU3 slot 25,mlx5_0,G1-G3
leaf-gpu,sys1-ice2-p-swi-bel3,sw13p2,SU3 slot 26,mlx5_0,G1-G3
leaf-gpu,sys1-ice2-p-swi-bel3,sw14p1,SU3 slot 27,mlx5_0,G1-G3
leaf-gpu,sys1-ice2-p-swi-bel3,sw14p2,SU3 slot 28,mlx5_0,G1-G3
leaf-gpu,sys1-ice2-p-swi-bel3,sw15p1,SU3 slot 29,mlx5_0,G1-G3
leaf-gpu,sys1-ice2-p-swi-bel3,sw15p2,SU3 slot 30,mlx5_0,G1-G3
leaf-gpu,sys1-ice2-p-swi-bel3,sw16p1,SU3 slot 31,mlx5_0,G1-G3
leaf-gpu,sys1-ice2-p-swi-bel3,sw16p2,SU3 slot 32,mlx5_0,G1-G3
leaf-gpu,sys1-ice2-p-swi-bel3,sw17p1,SU3 slot 33,mlx5_0,G1-G3
leaf-gpu,sys1-ice2-p-swi-bel3,sw17p2,SU3 slot 34,mlx5_0,G1-G3
leaf-gpu,sys1-ice2-p-swi-bel3,sw18p1,SU3 slot 35,mlx5_0,G1-G3
leaf-gpu,sys1-ice2-p-swi-bel3,sw18p2,SU3 slot 36,mlx5_0,G1-G3
leaf-gpu,sys1-ice2-p-swi-bel3,sw19p1,SU3 slot 37,mlx5_0,G1-G3
leaf-gpu,sys1-ice2-p-swi-bel3,sw19p2,SU3 slot 38,mlx5_0,G1-G3
leaf-gpu,sys1-ice2-p-swi-bel3,sw20p1,SU3 slot 39,mlx5_0,G1-G3
leaf-gpu,sys1-ice2-p-swi-bel3,sw20p2,SU3 slot 40,mlx5_0,G1-G3
leaf-gpu,sys1-ice2-p-swi-bel3,sw21p1,SU3 slot 41,mlx5_0,G1-G3
leaf-gpu,sys1-ice2-p-swi-bel3,sw21p2,SU3 slot 42,mlx5_0,G1-G3
leaf-gpu,sys1-ice2-p-swi-bel3,sw22p1,SU3 slot 43,mlx5_0,G1-G3
leaf-gpu,sys1-ice2-p-swi-bel3,sw22p2,SU3 slot 44,mlx5_0,G1-G3
leaf-gpu,sys1-ice2-p-swi-bel3,sw23p1,SU3 slot 45,mlx5_0,G1-G3
leaf-gpu,sys1-ice2-p-swi-bel3,sw23p2,SU3 slot 46,mlx5_0,G1-G3
leaf-gpu,sys1-ice2-p-swi-bel3,sw24p1,SU3 slot 47,mlx5_0,G1-G3
leaf-gpu,sys1-ice2-p-swi-bel3,sw24p2,SU3 slot 48,mlx5_0,G1-G3
leaf-gpu,sys1-ice2-p-swi-bel3,sw25p1,SU3 slot 49,mlx5_0,G1-G3
leaf-gpu,sys1-ice2-p-swi-bel3,sw25p2,SU3 slot 50,mlx5_0,G1-G3
leaf-gpu,sys1-ice2-p-swi-bel3,sw26p1,SU3 slot 51,mlx5_0,G1-G3
leaf-gpu,sys1-ice2-p-swi-bel3,sw26p2,SU3 slot 52,mlx5_0,G1-G3
leaf-gpu,sys1-ice2-p-swi-bel3,sw27p1,SU3 slot 53,mlx5_0,G1-G3
leaf-gpu,sys1-ice2-p-swi-bel3,sw27p2,SU3 slot 54,mlx5_0,G1-G3
leaf-gpu,sys1-ice2-p-swi-bel3,sw28p1,SU3 slot 55,mlx5_0,G1-G3
leaf-gpu,sys1-ice2-p-swi-bel3,sw28p2,SU3 slot 56,mlx5_0,G1-G3
leaf-gpu,sys1-ice2-p-swi-bel3,sw29p1,SU3 slot 57,mlx5_0,G1-G3
leaf-gpu,sys1-ice2-p-swi-bel3,sw29p2,SU3 slot 58,mlx5_0,G1-G3
leaf-gpu,sys1-ice2-p-swi-bel3,sw30p1,SU3 slot 59,mlx5_0,G1-G3
leaf-gpu,sys1-ice2-p-swi-bel3,sw30p2,SU3 slot 60,mlx5_0,G1-G3
leaf-gpu,sys1-ice2-p-swi-bel3,sw31p1,SU3 slot 61,mlx5_0,G1-G3
leaf-gpu,sys1-ice2-p-swi-bel3,sw31p2,SU3 slot 62,mlx5_0,G1-G3
leaf-gpu,sys1-ice2-p-swi-bel3,sw32p1,SU3 slot 63,mlx5_0,G1-G3
leaf-gpu,sys1-ice2-p-swi-bel3,sw32p2,SU3 slot 64,mlx5_0,G1-G3
leaf-gpu,sys1-ice2-p-swi-bel3,sw33p1,SU3 slot 65,mlx5_0,G1-G3
leaf-gpu,sys1-ice2-p-swi-bel3,sw33p2,SU3 slot 66,mlx5_0,G1-G3
leaf-gpu,sys1-ice2-p-swi-bel3,sw34p1,SU3 slot 67,mlx5_0,G1-G3
leaf-gpu,sys1-ice2-p-swi-bel3,sw34p2,SU3 slot 68,mlx5_0,G1-G3
leaf-gpu,sys1-ice2-p-swi-bel3,sw35p1,SU3 slot 69,mlx5_0,G1-G3
leaf-gpu,sys1-ice2-p-swi-bel3,sw35p2,SU3 slot 70,mlx5_0,G1-G3
leaf-gpu,sys1-ice2-p-swi-bel3,sw36p1,SU3 slot 71,mlx5_0,G1-G3
leaf-gpu,sys1-ice2-p-swi-bel3,sw36p2,SU3 slot 72,mlx5_0,G1-G3
leaf-gpu,sys1-ice2-p-swi-bel4,sw1p1,SU4 slot 1,mlx5_0,G1-G3
leaf-gpu,sys1-ice2-p-swi-bel4,sw1p2,SU4 slot 2,mlx5_0,G1-G3
leaf-gpu,sys1-ice2-p-swi-bel4,sw2p1,SU4 slot 3,mlx5_0,G1-G3
leaf-gpu,sys1-ice2-p-swi-bel4,sw2p2,SU4 slot 4,mlx5_0,G1-G3
leaf-gpu,sys1-ice2-p-swi-bel4,sw3p1,SU4 slot 5,mlx5_0,G1-G3
leaf-gpu,sys1-ice2-p-swi-bel4,sw3p2,SU4 slot 6,mlx5_0,G1-G3
leaf-gpu,sys1-ice2-p-swi-bel4,sw4p1,SU4 slot 7,mlx5_0,G1-G3
leaf-gpu,sys1-ice2-p-swi-bel4,sw4p2,SU4 slot 8,mlx5_0,G1-G3
leaf-gpu,sys1-ice2-p-swi-bel4,sw5p1,SU4 slot 9,mlx5_0,G1-G3
leaf-gpu,sys1-ice2-p-swi-bel4,sw5p2,SU4 slot 10,mlx5_0,G1-G3
leaf-gpu,sys1-ice2-p-swi-bel4,sw6p1,SU4 slot 11,mlx5_0,G1-G3
leaf-gpu,sys1-ice2-p-swi-bel4,sw6p2,SU4 slot 12,mlx5_0,G1-G3
leaf-gpu,sys1-ice2-p-swi-bel4,sw7p1,SU4 slot 13,mlx5_0,G1-G3
leaf-gpu,sys1-ice2-p-swi-bel4,sw7p2,SU4 slot 14,mlx5_0,G1-G3
leaf-gpu,sys1-ice2-p-swi-bel4,sw8p1,SU4 slot 15,mlx5_0,G1-G3
leaf-gpu,sys1-ice2-p-swi-bel4,sw8p2,SU4 slot 16,mlx5_0,G1-G3
leaf-gpu,sys1-ice2-p-swi-bel4,sw9p1,SU4 slot 17,mlx5_0,G1-G3
leaf-gpu,sys1-ice2-p-swi-bel4,sw9p2,SU4 slot 18,mlx5_0,G1-G3
leaf-gpu,sys1-ice2-p-swi-bel4,sw10p1,SU4 slot 19,mlx5_0,G1-G3
leaf-gpu,sys1-ice2-p-swi-bel4,sw10p2,SU4 slot 20,mlx5_0,G1-G3
leaf-gpu,sys1-ice2-p-swi-bel4,sw11p1,SU4 slot 21,mlx5_0,G1-G3
leaf-gpu,sys1-ice2-p-swi-bel4,sw11p2,SU4 slot 22,mlx5_0,G1-G3
leaf-gpu,sys1-ice2-p-swi-bel4,sw12p1,SU4 slot 23,mlx5_0,G1-G3
leaf-gpu,sys1-ice2-p-swi-bel4,sw12p2,SU4 slot 24,mlx5_0,G1-G3
leaf-gpu,sys1-ice2-p-swi-bel4,sw13p1,SU4 slot 25,mlx5_0,G1-G3
leaf-gpu,sys1-ice2-p-swi-bel4,sw13p2,SU4 slot 26,mlx5_0,G1-G3
leaf-gpu,sys1-ice2-p-swi-bel4,sw14p1,SU4 slot 27,mlx5_0,G1-G3
leaf-gpu,sys1-ice2-p-swi-bel4,sw14p2,SU4 slot 28,mlx5_0,G1-G3
leaf-gpu,sys1-ice2-p-swi-bel4,sw15p1,SU4 slot 29,mlx5_0,G1-G3
leaf-gpu,sys1-ice2-p-swi-bel4,sw15p2,SU4 slot 30,mlx5_0,G1-G3
leaf-gpu,sys1-ice2-p-swi-bel4,sw16p1,SU4 slot 31,mlx5_0,G1-G3
leaf-gpu,sys1-ice2-p-swi-bel4,sw16p2,SU4 slot 32,mlx5_0,G1-G3
leaf-gpu,sys1-ice2-p-swi-bel4,sw17p1,SU4 slot 33,mlx5_0,G1-G3
leaf-gpu,sys1-ice2-p-swi-bel4,sw17p2,SU4 slot 34,mlx5_0,G1-G3
leaf-gpu,sys1-ice2-p-swi-bel4,sw18p1,SU4 slot 35,mlx5_0,G1-G3
leaf-gpu,sys1-ice2-p-swi-bel4,sw18p2,SU4 slot 36,mlx5_0,G1-G3
leaf-gpu,sys1-ice2-p-swi-bel4,sw19p1,SU4 slot 37,mlx5_0,G1-G3
leaf-gpu,sys1-ice2-p-swi-bel4,sw19p2,SU4 slot 38,mlx5_0,G1-G3
leaf-gpu,sys1-ice2-p-swi-bel4,sw20p1,SU4 slot 39,mlx5_0,G1-G3
leaf-gpu,sys1-ice2-p-swi-bel4,sw20p2,SU4 slot 40,mlx5_0,G1-G3
leaf-gpu,sys1-ice2-p-swi-bel4,sw21p1,SU4 slot 41,mlx5_0,G1-G3
leaf-gpu,sys1-ice2-p-swi-bel4,sw21p2,SU4 slot 42,mlx5_0,G1-G3
leaf-gpu,sys1-ice2-p-swi-bel4,sw22p1,SU4 slot 43,mlx5_0,G1-G3
leaf-gpu,sys1-ice2-p-swi-bel4,sw22p2,SU4 slot 44,mlx5_0,G1-G3
leaf-gpu,sys1-ice2-p-swi-bel4,sw23p1,SU4 slot 45,mlx5_0,G1-G3
leaf-gpu,sys1-ice2-p-swi-bel4,sw23p2,SU4 slot 46,mlx5_0,G1-G3
leaf-gpu,sys1-ice2-p-swi-bel4,sw24p1,SU4 slot 47,mlx5_0,G1-G3
leaf-gpu,sys1-ice2-p-swi-bel4,sw24p2,SU4 slot 48,mlx5_0,G1-G3
leaf-gpu,sys1-ice2-p-swi-bel4,sw25p1,SU4 slot 49,mlx5_0,G1-G3
leaf-gpu,sys1-ice2-p-swi-bel4,sw25p2,SU4 slot 50,mlx5_0,G1-G3
leaf-gpu,sys1-ice2-p-swi-bel4,sw26p1,SU4 slot 51,mlx5_0,G1-G3
leaf-gpu,sys1-ice2-p-swi-bel4,sw26p2,SU4 slot 52,mlx5_0,G1-G3
leaf-gpu,sys1-ice2-p-swi-bel4,sw27p1,SU4 slot 53,mlx5_0,G1-G3
leaf-gpu,sys1-ice2-p-swi-bel4,sw27p2,SU4 slot 54,mlx5_0,G1-G3
leaf-gpu,sys1-ice2-p-swi-bel4,sw28p1,SU4 slot 55,mlx5_0,G1-G3
leaf-gpu,sys1-ice2-p-swi-bel4,sw28p2,SU4 slot 56,mlx5_0,G1-G3
leaf-gpu,sys1-ice2-p-swi-bel4,sw29p1,SU4 slot 57,mlx5_0,G1-G3
leaf-gpu,sys1-ice2-p-swi-bel4,sw29p2,SU4 slot 58,mlx5_0,G1-G3
leaf-gpu,sys1-ice2-p-swi-bel4,sw30p1,SU4 slot 59,mlx5_0,G1-G3
leaf-gpu,sys1-ice2-p-swi-bel4,sw30p2,SU4 slot 60,mlx5_0,G1-G3
leaf-gpu,sys1-ice2-p-swi-bel4,sw31p1,SU4 slot 61,mlx5_0,G1-G3
leaf-gpu,sys1-ice2-p-swi-bel4,sw31p2,SU4 slot 62,mlx5_0,G1-G3
leaf-gpu,sys1-ice2-p-swi-bel4,sw32p1,SU4 slot 63,mlx5_0,G1-G3
leaf-gpu,sys1-ice2-p-swi-bel4,sw32p2,SU4 slot 64,mlx5_0,G1-G3
leaf-gpu,sys1-ice2-p-swi-bel4,sw33p1,SU4 slot 65,mlx5_0,G1-G3
leaf-gpu,sys1-ice2-p-swi-bel4,sw33p2,SU4 slot 66,mlx5_0,G1-G3
leaf-gpu,sys1-ice2-p-swi-bel4,sw34p1,SU4 slot 67,mlx5_0,G1-G3
leaf-gpu,sys1-ice2-p-swi-bel4,sw34p2,SU4 slot 68,mlx5_0,G1-G3
leaf-gpu,sys1-ice2-p-swi-bel4,sw35p1,SU4 slot 69,mlx5_0,G1-G3
leaf-gpu,sys1-ice2-p-swi-bel4,sw35p2,SU4 slot 70,mlx5_0,G1-G3
leaf-gpu,sys1-ice2-p-swi-bel4,sw36p1,SU4 slot 71,mlx5_0,G1-G3
leaf-gpu,sys1-ice2-p-swi-bel4,sw36p2,SU4 slot 72,mlx5_0,G1-G3
leaf-gpu,sys1-ice2-p-swi-bel5,sw1p1,SU1 slot 1,mlx5_1,G1-G3
leaf-gpu,sys1-ice2-p-swi-bel5,sw1p2,SU1 slot 2,mlx5_1,G1-G3
leaf-gpu,sys1-ice2-p-swi-bel5,sw2p1,SU1 slot 3,mlx5_1,G1-G3
leaf-gpu,sys1-ice2-p-swi-bel5,sw2p2,SU1 slot 4,mlx5_1,G1-G3
leaf-gpu,sys1-ice2-p-swi-bel5,sw3p1,SU1 slot 5,mlx5_1,G1-G3
leaf-gpu,sys1-ice2-p-swi-bel5,sw3p2,SU1 slot 6,mlx5_1,G1-G3
leaf-gpu,sys1-ice2-p-swi-bel5,sw4p1,SU1 slot 7,mlx5_1,G1-G3
leaf-gpu,sys1-ice2-p-swi-bel5,sw4p2,SU1 slot 8,mlx5_1,G1-G3
leaf-gpu,sys1-ice2-p-swi-bel5,sw5p1,SU1 slot 9,mlx5_1,G1-G3
leaf-gpu,sys1-ice2-p-swi-bel5,sw5p2,SU1 slot 10,mlx5_1,G1-G3
leaf-gpu,sys1-ice2-p-swi-bel5,sw6p1,SU1 slot 11,mlx5_1,G1-G3
leaf-gpu,sys1-ice2-p-swi-bel5,sw6p2,SU1 slot 12,mlx5_1,G1-G3
leaf-gpu,sys1-ice2-p-swi-bel5,sw7p1,SU1 slot 13,mlx5_1,G1-G3
leaf-gpu,sys1-ice2-p-swi-bel5,sw7p2,SU1 slot 14,mlx5_1,G1-G3
leaf-gpu,sys1-ice2-p-swi-bel5,sw8p1,SU1 slot 15,mlx5_1,G1-G3
leaf-gpu,sys1-ice2-p-swi-bel5,sw8p2,SU1 slot 16,mlx5_1,G1-G3
leaf-gpu,sys1-ice2-p-swi-bel5,sw9p1,SU1 slot 17,mlx5_1,G1-G3
leaf-gpu,sys1-ice2-p-swi-bel5,sw9p2,SU1 slot 18,mlx5_1,G1-G3
leaf-gpu,sys1-ice2-p-swi-bel5,sw10p1,SU1 slot 19,mlx5_1,G1-G3
leaf-gpu,sys1-ice2-p-swi-bel5,sw10p2,SU1 slot 20,mlx5_1,G1-G3
leaf-gpu,sys1-ice2-p-swi-bel5,sw11p1,SU1 slot 21,mlx5_1,G1-G3
leaf-gpu,sys1-ice2-p-swi-bel5,sw11p2,SU1 slot 22,mlx5_1,G1-G3
leaf-gpu,sys1-ice2-p-swi-bel5,sw12p1,SU1 slot 23,mlx5_1,G1-G3
leaf-gpu,sys1-ice2-p-swi-bel5,sw12p2,SU1 slot 24,mlx5_1,G1-G3
leaf-gpu,sys1-ice2-p-swi-bel5,sw13p1,SU1 slot 25,mlx5_1,G1-G3
leaf-gpu,sys1-ice2-p-swi-bel5,sw13p2,SU1 slot 26,mlx5_1,G1-G3
leaf-gpu,sys1-ice2-p-swi-bel5,sw14p1,SU1 slot 27,mlx5_1,G1-G3
leaf-gpu,sys1-ice2-p-swi-bel5,sw14p2,SU1 slot 28,mlx5_1,G1-G3
leaf-gpu,sys1-ice2-p-swi-bel5,sw15p1,SU1 slot 29,mlx5_1,G1-G3
leaf-gpu,sys1-ice2-p-swi-bel5,sw15p2,SU1 slot 30,mlx5_1,G1-G3
leaf-gpu,sys1-ice2-p-swi-bel5,sw16p1,SU1 slot 31,mlx5_1,G1-G3
leaf-gpu,sys1-ice2-p-swi-bel5,sw16p2,SU1 slot 32,mlx5_1,G1-G3
leaf-gpu,sys1-ice2-p-swi-bel5,sw17p1,SU1 slot 33,mlx5_1,G1-G3
leaf-gpu,sys1-ice2-p-swi-bel5,sw17p2,SU1 slot 34,mlx5_1,G1-G3
leaf-gpu,sys1-ice2-p-swi-bel5,sw18p1,SU1 slot 35,mlx5_1,G1-G3
leaf-gpu,sys1-ice2-p-swi-bel5,sw18p2,SU1 slot 36,mlx5_1,G1-G3
leaf-gpu,sys1-ice2-p-swi-bel5,sw19p1,SU1 slot 37,mlx5_1,G1-G3
leaf-gpu,sys1-ice2-p-swi-bel5,sw19p2,SU1 slot 38,mlx5_1,G1-G3
leaf-gpu,sys1-ice2-p-swi-bel5,sw20p1,SU1 slot 39,mlx5_1,G1-G3
leaf-gpu,sys1-ice2-p-swi-bel5,sw20p2,SU1 slot 40,mlx5_1,G1-G3
leaf-gpu,sys1-ice2-p-swi-bel5,sw21p1,SU1 slot 41,mlx5_1,G1-G3
leaf-gpu,sys1-ice2-p-swi-bel5,sw21p2,SU1 slot 42,mlx5_1,G1-G3
leaf-gpu,sys1-ice2-p-swi-bel5,sw22p1,SU1 slot 43,mlx5_1,G1-G3
leaf-gpu,sys1-ice2-p-swi-bel5,sw22p2,SU1 slot 44,mlx5_1,G1-G3
leaf-gpu,sys1-ice2-p-swi-bel5,sw23p1,SU1 slot 45,mlx5_1,G1-G3
leaf-gpu,sys1-ice2-p-swi-bel5,sw23p2,SU1 slot 46,mlx5_1,G1-G3
leaf-gpu,sys1-ice2-p-swi-bel5,sw24p1,SU1 slot 47,mlx5_1,G1-G3
leaf-gpu,sys1-ice2-p-swi-bel5,sw24p2,SU1 slot 48,mlx5_1,G1-G3
leaf-gpu,sys1-ice2-p-swi-bel5,sw25p1,SU1 slot 49,mlx5_1,G1-G3
leaf-gpu,sys1-ice2-p-swi-bel5,sw25p2,SU1 slot 50,mlx5_1,G1-G3
leaf-gpu,sys1-ice2-p-swi-bel5,sw26p1,SU1 slot 51,mlx5_1,G1-G3
leaf-gpu,sys1-ice2-p-swi-bel5,sw26p2,SU1 slot 52,mlx5_1,G1-G3
leaf-gpu,sys1-ice2-p-swi-bel5,sw27p1,SU1 slot 53,mlx5_1,G1-G3
leaf-gpu,sys1-ice2-p-swi-bel5,sw27p2,SU1 slot 54,mlx5_1,G1-G3
leaf-gpu,sys1-ice2-p-swi-bel5,sw28p1,SU1 slot 55,mlx5_1,G1-G3
leaf-gpu,sys1-ice2-p-swi-bel5,sw28p2,SU1 slot 56,mlx5_1,G1-G3
leaf-gpu,sys1-ice2-p-swi-bel5,sw29p1,SU1 slot 57,mlx5_1,G1-G3
leaf-gpu,sys1-ice2-p-swi-bel5,sw29p2,SU1 slot 58,mlx5_1,G1-G3
leaf-gpu,sys1-ice2-p-swi-bel5,sw30p1,SU1 slot 59,mlx5_1,G1-G3
leaf-gpu,sys1-ice2-p-swi-bel5,sw30p2,SU1 slot 60,mlx5_1,G1-G3
leaf-gpu,sys1-ice2-p-swi-bel5,sw31p1,SU1 slot 61,mlx5_1,G1-G3
leaf-gpu,sys1-ice2-p-swi-bel5,sw31p2,SU1 slot 62,mlx5_1,G1-G3
leaf-gpu,sys1-ice2-p-swi-bel5,sw32p1,SU1 slot 63,mlx5_1,G1-G3
leaf-gpu,sys1-ice2-p-swi-bel5,sw32p2,SU1 slot 64,mlx5_1,G1-G3
leaf-gpu,sys1-ice2-p-swi-bel5,sw33p1,SU1 slot 65,mlx5_1,G1-G3
leaf-gpu,sys1-ice2-p-swi-bel5,sw33p2,SU1 slot 66,mlx5_1,G1-G3
leaf-gpu,sys1-ice2-p-swi-bel5,sw34p1,SU1 slot 67,mlx5_1,G1-G3
leaf-gpu,sys1-ice2-p-swi-bel5,sw34p2,SU1 slot 68,mlx5_1,G1-G3
leaf-gpu,sys1-ice2-p-swi-bel5,sw35p1,SU1 slot 69,mlx5_1,G1-G3
leaf-gpu,sys1-ice2-p-swi-bel5,sw35p2,SU1 slot 70,mlx5_1,G1-G3
leaf-gpu,sys1-ice2-p-swi-bel5,sw36p1,SU1 slot 71,mlx5_1,G1-G3
leaf-gpu,sys1-ice2-p-swi-bel5,sw36p2,SU1 slot 72,mlx5_1,G1-G3
leaf-gpu,sys1-ice2-p-swi-bel6,sw1p1,SU2 slot 1,mlx5_1,G1-G3
leaf-gpu,sys1-ice2-p-swi-bel6,sw1p2,SU2 slot 2,mlx5_1,G1-G3
leaf-gpu,sys1-ice2-p-swi-bel6,sw2p1,SU2 slot 3,mlx5_1,G1-G3
leaf-gpu,sys1-ice2-p-swi-bel6,sw2p2,SU2 slot 4,mlx5_1,G1-G3
leaf-gpu,sys1-ice2-p-swi-bel6,sw3p1,SU2 slot 5,mlx5_1,G1-G3
leaf-gpu,sys1-ice2-p-swi-bel6,sw3p2,SU2 slot 6,mlx5_1,G1-G3
leaf-gpu,sys1-ice2-p-swi-bel6,sw4p1,SU2 slot 7,mlx5_1,G1-G3
leaf-gpu,sys1-ice2-p-swi-bel6,sw4p2,SU2 slot 8,mlx5_1,G1-G3
leaf-gpu,sys1-ice2-p-swi-bel6,sw5p1,SU2 slot 9,mlx5_1,G1-G3
leaf-gpu,sys1-ice2-p-swi-bel6,sw5p2,SU2 slot 10,mlx5_1,G1-G3
leaf-gpu,sys1-ice2-p-swi-bel6,sw6p1,SU2 slot 11,mlx5_1,G1-G3
leaf-gpu,sys1-ice2-p-swi-bel6,sw6p2,SU2 slot 12,mlx5_1,G1-G3
leaf-gpu,sys1-ice2-p-swi-bel6,sw7p1,SU2 slot 13,mlx5_1,G1-G3
leaf-gpu,sys1-ice2-p-swi-bel6,sw7p2,SU2 slot 14,mlx5_1,G1-G3
leaf-gpu,sys1-ice2-p-swi-bel6,sw8p1,SU2 slot 15,mlx5_1,G1-G3
leaf-gpu,sys1-ice2-p-swi-bel6,sw8p2,SU2 slot 16,mlx5_1,G1-G3
leaf-gpu,sys1-ice2-p-swi-bel6,sw9p1,SU2 slot 17,mlx5_1,G1-G3
leaf-gpu,sys1-ice2-p-swi-bel6,sw9p2,SU2 slot 18,mlx5_1,G1-G3
leaf-gpu,sys1-ice2-p-swi-bel6,sw10p1,SU2 slot 19,mlx5_1,G1-G3
leaf-gpu,sys1-ice2-p-swi-bel6,sw10p2,SU2 slot 20,mlx5_1,G1-G3
leaf-gpu,sys1-ice2-p-swi-bel6,sw11p1,SU2 slot 21,mlx5_1,G1-G3
leaf-gpu,sys1-ice2-p-swi-bel6,sw11p2,SU2 slot 22,mlx5_1,G1-G3
leaf-gpu,sys1-ice2-p-swi-bel6,sw12p1,SU2 slot 23,mlx5_1,G1-G3
leaf-gpu,sys1-ice2-p-swi-bel6,sw12p2,SU2 slot 24,mlx5_1,G1-G3
leaf-gpu,sys1-ice2-p-swi-bel6,sw13p1,SU2 slot 25,mlx5_1,G1-G3
leaf-gpu,sys1-ice2-p-swi-bel6,sw13p2,SU2 slot 26,mlx5_1,G1-G3
leaf-gpu,sys1-ice2-p-swi-bel6,sw14p1,SU2 slot 27,mlx5_1,G1-G3
leaf-gpu,sys1-ice2-p-swi-bel6,sw14p2,SU2 slot 28,mlx5_1,G1-G3
leaf-gpu,sys1-ice2-p-swi-bel6,sw15p1,SU2 slot 29,mlx5_1,G1-G3
leaf-gpu,sys1-ice2-p-swi-bel6,sw15p2,SU2 slot 30,mlx5_1,G1-G3
leaf-gpu,sys1-ice2-p-swi-bel6,sw16p1,SU2 slot 31,mlx5_1,G1-G3
leaf-gpu,sys1-ice2-p-swi-bel6,sw16p2,SU2 slot 32,mlx5_1,G1-G3
leaf-gpu,sys1-ice2-p-swi-bel6,sw17p1,SU2 slot 33,mlx5_1,G1-G3
leaf-gpu,sys1-ice2-p-swi-bel6,sw17p2,SU2 slot 34,mlx5_1,G1-G3
leaf-gpu,sys1-ice2-p-swi-bel6,sw18p1,SU2 slot 35,mlx5_1,G1-G3
leaf-gpu,sys1-ice2-p-swi-bel6,sw18p2,SU2 slot 36,mlx5_1,G1-G3
leaf-gpu,sys1-ice2-p-swi-bel6,sw19p1,SU2 slot 37,mlx5_1,G1-G3
leaf-gpu,sys1-ice2-p-swi-bel6,sw19p2,SU2 slot 38,mlx5_1,G1-G3
leaf-gpu,sys1-ice2-p-swi-bel6,sw20p1,SU2 slot 39,mlx5_1,G1-G3
leaf-gpu,sys1-ice2-p-swi-bel6,sw20p2,SU2 slot 40,mlx5_1,G1-G3
leaf-gpu,sys1-ice2-p-swi-bel6,sw21p1,SU2 slot 41,mlx5_1,G1-G3
leaf-gpu,sys1-ice2-p-swi-bel6,sw21p2,SU2 slot 42,mlx5_1,G1-G3
leaf-gpu,sys1-ice2-p-swi-bel6,sw22p1,SU2 slot 43,mlx5_1,G1-G3
leaf-gpu,sys1-ice2-p-swi-bel6,sw22p2,SU2 slot 44,mlx5_1,G1-G3
leaf-gpu,sys1-ice2-p-swi-bel6,sw23p1,SU2 slot 45,mlx5_1,G1-G3
leaf-gpu,sys1-ice2-p-swi-bel6,sw23p2,SU2 slot 46,mlx5_1,G1-G3
leaf-gpu,sys1-ice2-p-swi-bel6,sw24p1,SU2 slot 47,mlx5_1,G1-G3
leaf-gpu,sys1-ice2-p-swi-bel6,sw24p2,SU2 slot 48,mlx5_1,G1-G3
leaf-gpu,sys1-ice2-p-swi-bel6,sw25p1,SU2 slot 49,mlx5_1,G1-G3
leaf-gpu,sys1-ice2-p-swi-bel6,sw25p2,SU2 slot 50,mlx5_1,G1-G3
leaf-gpu,sys1-ice2-p-swi-bel6,sw26p1,SU2 slot 51,mlx5_1,G1-G3
leaf-gpu,sys1-ice2-p-swi-bel6,sw26p2,SU2 slot 52,mlx5_1,G1-G3
leaf-gpu,sys1-ice2-p-swi-bel6,sw27p1,SU2 slot 53,mlx5_1,G1-G3
leaf-gpu,sys1-ice2-p-swi-bel6,sw27p2,SU2 slot 54,mlx5_1,G1-G3
leaf-gpu,sys1-ice2-p-swi-bel6,sw28p1,SU2 slot 55,mlx5_1,G1-G3
leaf-gpu,sys1-ice2-p-swi-bel6,sw28p2,SU2 slot 56,mlx5_1,G1-G3
leaf-gpu,sys1-ice2-p-swi-bel6,sw29p1,SU2 slot 57,mlx5_1,G1-G3
leaf-gpu,sys1-ice2-p-swi-bel6,sw29p2,SU2 slot 58,mlx5_1,G1-G3
leaf-gpu,sys1-ice2-p-swi-bel6,sw30p1,SU2 slot 59,mlx5_1,G1-G3
leaf-gpu,sys1-ice2-p-swi-bel6,sw30p2,SU2 slot 60,mlx5_1,G1-G3
leaf-gpu,sys1-ice2-p-swi-bel6,sw31p1,SU2 slot 61,mlx5_1,G1-G3
leaf-gpu,sys1-ice2-p-swi-bel6,sw31p2,SU2 slot 62,mlx5_1,G1-G3
leaf-gpu,sys1-ice2-p-swi-bel6,sw32p1,SU2 slot 63,mlx5_1,G1-G3
leaf-gpu,sys1-ice2-p-swi-bel6,sw32p2,SU2 slot 64,mlx5_1,G1-G3
leaf-gpu,sys1-ice2-p-swi-bel6,sw33p1,SU2 slot 65,mlx5_1,G1-G3
leaf-gpu,sys1-ice2-p-swi-bel6,sw33p2,SU2 slot 66,mlx5_1,G1-G3
leaf-gpu,sys1-ice2-p-swi-bel6,sw34p1,SU2 slot 67,mlx5_1,G1-G3
leaf-gpu,sys1-ice2-p-swi-bel6,sw34p2,SU2 slot 68,mlx5_1,G1-G3
leaf-gpu,sys1-ice2-p-swi-bel6,sw35p1,SU2 slot 69,mlx5_1,G1-G3
leaf-gpu,sys1-ice2-p-swi-bel6,sw35p2,SU2 slot 70,mlx5_1,G1-G3
leaf-gpu,sys1-ice2-p-swi-bel6,sw36p1,SU2 slot 71,mlx5_1,G1-G3
leaf-gpu,sys1-ice2-p-swi-bel6,sw36p2,SU2 slot 72,mlx5_1,G1-G3
leaf-gpu,sys1-ice2-p-swi-bel7,sw1p1,SU3 slot 1,mlx5_1,G1-G3
leaf-gpu,sys1-ice2-p-swi-bel7,sw1p2,SU3 slot 2,mlx5_1,G1-G3
leaf-gpu,sys1-ice2-p-swi-bel7,sw2p1,SU3 slot 3,mlx5_1,G1-G3
leaf-gpu,sys1-ice2-p-swi-bel7,sw2p2,SU3 slot 4,mlx5_1,G1-G3
leaf-gpu,sys1-ice2-p-swi-bel7,sw3p1,SU3 slot 5,mlx5_1,G1-G3
leaf-gpu,sys1-ice2-p-swi-bel7,sw3p2,SU3 slot 6,mlx5_1,G1-G3
leaf-gpu,sys1-ice2-p-swi-bel7,sw4p1,SU3 slot 7,mlx5_1,G1-G3
leaf-gpu,sys1-ice2-p-swi-bel7,sw4p2,SU3 slot 8,mlx5_1,G1-G3
leaf-gpu,sys1-ice2-p-swi-bel7,sw5p1,SU3 slot 9,mlx5_1,G1-G3
leaf-gpu,sys1-ice2-p-swi-bel7,sw5p2,SU3 slot 10,mlx5_1,G1-G3
leaf-gpu,sys1-ice2-p-swi-bel7,sw6p1,SU3 slot 11,mlx5_1,G1-G3
leaf-gpu,sys1-ice2-p-swi-bel7,sw6p2,SU3 slot 12,mlx5_1,G1-G3
leaf-gpu,sys1-ice2-p-swi-bel7,sw7p1,SU3 slot 13,mlx5_1,G1-G3
leaf-gpu,sys1-ice2-p-swi-bel7,sw7p2,SU3 slot 14,mlx5_1,G1-G3
leaf-gpu,sys1-ice2-p-swi-bel7,sw8p1,SU3 slot 15,mlx5_1,G1-G3
leaf-gpu,sys1-ice2-p-swi-bel7,sw8p2,SU3 slot 16,mlx5_1,G1-G3
leaf-gpu,sys1-ice2-p-swi-bel7,sw9p1,SU3 slot 17,mlx5_1,G1-G3
leaf-gpu,sys1-ice2-p-swi-bel7,sw9p2,SU3 slot 18,mlx5_1,G1-G3
leaf-gpu,sys1-ice2-p-swi-bel7,sw10p1,SU3 slot 19,mlx5_1,G1-G3
leaf-gpu,sys1-ice2-p-swi-bel7,sw10p2,SU3 slot 20,mlx5_1,G1-G3
leaf-gpu,sys1-ice2-p-swi-bel7,sw11p1,SU3 slot 21,mlx5_1,G1-G3
leaf-gpu,sys1-ice2-p-swi-bel7,sw11p2,SU3 slot 22,mlx5_1,G1-G3
leaf-gpu,sys1-ice2-p-swi-bel7,sw12p1,SU3 slot 23,mlx5_1,G1-G3
leaf-gpu,sys1-ice2-p-swi-bel7,sw12p2,SU3 slot 24,mlx5_1,G1-G3
leaf-gpu,sys1-ice2-p-swi-bel7,sw13p1,SU3 slot 25,mlx5_1,G1-G3
leaf-gpu,sys1-ice2-p-swi-bel7,sw13p2,SU3 slot 26,mlx5_1,G1-G3
leaf-gpu,sys1-ice2-p-swi-bel7,sw14p1,SU3 slot 27,mlx5_1,G1-G3
leaf-gpu,sys1-ice2-p-swi-bel7,sw14p2,SU3 slot 28,mlx5_1,G1-G3
leaf-gpu,sys1-ice2-p-swi-bel7,sw15p1,SU3 slot 29,mlx5_1,G1-G3
leaf-gpu,sys1-ice2-p-swi-bel7,sw15p2,SU3 slot 30,mlx5_1,G1-G3
leaf-gpu,sys1-ice2-p-swi-bel7,sw16p1,SU3 slot 31,mlx5_1,G1-G3
leaf-gpu,sys1-ice2-p-swi-bel7,sw16p2,SU3 slot 32,mlx5_1,G1-G3
leaf-gpu,sys1-ice2-p-swi-bel7,sw17p1,SU3 slot 33,mlx5_1,G1-G3
leaf-gpu,sys1-ice2-p-swi-bel7,sw17p2,SU3 slot 34,mlx5_1,G1-G3
leaf-gpu,sys1-ice2-p-swi-bel7,sw18p1,SU3 slot 35,mlx5_1,G1-G3
leaf-gpu,sys1-ice2-p-swi-bel7,sw18p2,SU3 slot 36,mlx5_1,G1-G3
leaf-gpu,sys1-ice2-p-swi-bel7,sw19p1,SU3 slot 37,mlx5_1,G1-G3
leaf-gpu,sys1-ice2-p-swi-bel7,sw19p2,SU3 slot 38,mlx5_1,G1-G3
leaf-gpu,sys1-ice2-p-swi-bel7,sw20p1,SU3 slot 39,mlx5_1,G1-G3
leaf-gpu,sys1-ice2-p-swi-bel7,sw20p2,SU3 slot 40,mlx5_1,G1-G3
leaf-gpu,sys1-ice2-p-swi-bel7,sw21p1,SU3 slot 41,mlx5_1,G1-G3
leaf-gpu,sys1-ice2-p-swi-bel7,sw21p2,SU3 slot 42,mlx5_1,G1-G3
leaf-gpu,sys1-ice2-p-swi-bel7,sw22p1,SU3 slot 43,mlx5_1,G1-G3
leaf-gpu,sys1-ice2-p-swi-bel7,sw22p2,SU3 slot 44,mlx5_1,G1-G3
leaf-gpu,sys1-ice2-p-swi-bel7,sw23p1,SU3 slot 45,mlx5_1,G1-G3
leaf-gpu,sys1-ice2-p-swi-bel7,sw23p2,SU3 slot 46,mlx5_1,G1-G3
leaf-gpu,sys1-ice2-p-swi-bel7,sw24p1,SU3 slot 47,mlx5_1,G1-G3
leaf-gpu,sys1-ice2-p-swi-bel7,sw24p2,SU3 slot 48,mlx5_1,G1-G3
leaf-gpu,sys1-ice2-p-swi-bel7,sw25p1,SU3 slot 49,mlx5_1,G1-G3
leaf-gpu,sys1-ice2-p-swi-bel7,sw25p2,SU3 slot 50,mlx5_1,G1-G3
leaf-gpu,sys1-ice2-p-swi-bel7,sw26p1,SU3 slot 51,mlx5_1,G1-G3
leaf-gpu,sys1-ice2-p-swi-bel7,sw26p2,SU3 slot 52,mlx5_1,G1-G3
leaf-gpu,sys1-ice2-p-swi-bel7,sw27p1,SU3 slot 53,mlx5_1,G1-G3
leaf-gpu,sys1-ice2-p-swi-bel7,sw27p2,SU3 slot 54,mlx5_1,G1-G3
leaf-gpu,sys1-ice2-p-swi-bel7,sw28p1,SU3 slot 55,mlx5_1,G1-G3
leaf-gpu,sys1-ice2-p-swi-bel7,sw28p2,SU3 slot 56,mlx5_1,G1-G3
leaf-gpu,sys1-ice2-p-swi-bel7,sw29p1,SU3 slot 57,mlx5_1,G1-G3
leaf-gpu,sys1-ice2-p-swi-bel7,sw29p2,SU3 slot 58,mlx5_1,G1-G3
leaf-gpu,sys1-ice2-p-swi-bel7,sw30p1,SU3 slot 59,mlx5_1,G1-G3
leaf-gpu,sys1-ice2-p-swi-bel7,sw30p2,SU3 slot 60,mlx5_1,G1-G3
leaf-gpu,sys1-ice2-p-swi-bel7,sw31p1,SU3 slot 61,mlx5_1,G1-G3
leaf-gpu,sys1-ice2-p-swi-bel7,sw31p2,SU3 slot 62,mlx5_1,G1-G3
leaf-gpu,sys1-ice2-p-swi-bel7,sw32p1,SU3 slot 63,mlx5_1,G1-G3
leaf-gpu,sys1-ice2-p-swi-bel7,sw32p2,SU3 slot 64,mlx5_1,G1-G3
leaf-gpu,sys1-ice2-p-swi-bel7,sw33p1,SU3 slot 65,mlx5_1,G1-G3
leaf-gpu,sys1-ice2-p-swi-bel7,sw33p2,SU3 slot 66,mlx5_1,G1-G3
leaf-gpu,sys1-ice2-p-swi-bel7,sw34p1,SU3 slot 67,mlx5_1,G1-G3
leaf-gpu,sys1-ice2-p-swi-bel7,sw34p2,SU3 slot 68,mlx5_1,G1-G3
leaf-gpu,sys1-ice2-p-swi-bel7,sw35p1,SU3 slot 69,mlx5_1,G1-G3
leaf-gpu,sys1-ice2-p-swi-bel7,sw35p2,SU3 slot 70,mlx5_1,G1-G3
leaf-gpu,sys1-ice2-p-swi-bel7,sw36p1,SU3 slot 71,mlx5_1,G1-G3
leaf-gpu,sys1-ice2-p-swi-bel7,sw36p2,SU3 slot 72,mlx5_1,G1-G3
leaf-gpu,sys1-ice2-p-swi-bel8,sw1p1,SU4 slot 1,mlx5_1,G1-G3
leaf-gpu,sys1-ice2-p-swi-bel8,sw1p2,SU4 slot 2,mlx5_1,G1-G3
leaf-gpu,sys1-ice2-p-swi-bel8,sw2p1,SU4 slot 3,mlx5_1,G1-G3
leaf-gpu,sys1-ice2-p-swi-bel8,sw2p2,SU4 slot 4,mlx5_1,G1-G3
leaf-gpu,sys1-ice2-p-swi-bel8,sw3p1,SU4 slot 5,mlx5_1,G1-G3
leaf-gpu,sys1-ice2-p-swi-bel8,sw3p2,SU4 slot 6,mlx5_1,G1-G3
leaf-gpu,sys1-ice2-p-swi-bel8,sw4p1,SU4 slot 7,mlx5_1,G1-G3
leaf-gpu,sys1-ice2-p-swi-bel8,sw4p2,SU4 slot 8,mlx5_1,G1-G3
leaf-gpu,sys1-ice2-p-swi-bel8,sw5p1,SU4 slot 9,mlx5_1,G1-G3
leaf-gpu,sys1-ice2-p-swi-bel8,sw5p2,SU4 slot 10,mlx5_1,G1-G3
leaf-gpu,sys1-ice2-p-swi-bel8,sw6p1,SU4 slot 11,mlx5_1,G1-G3
leaf-gpu,sys1-ice2-p-swi-bel8,sw6p2,SU4 slot 12,mlx5_1,G1-G3
leaf-gpu,sys1-ice2-p-swi-bel8,sw7p1,SU4 slot 13,mlx5_1,G1-G3
leaf-gpu,sys1-ice2-p-swi-bel8,sw7p2,SU4 slot 14,mlx5_1,G1-G3
leaf-gpu,sys1-ice2-p-swi-bel8,sw8p1,SU4 slot 15,mlx5_1,G1-G3
leaf-gpu,sys1-ice2-p-swi-bel8,sw8p2,SU4 slot 16,mlx5_1,G1-G3
leaf-gpu,sys1-ice2-p-swi-bel8,sw9p1,SU4 slot 17,mlx5_1,G1-G3
leaf-gpu,sys1-ice2-p-swi-bel8,sw9p2,SU4 slot 18,mlx5_1,G1-G3
leaf-gpu,sys1-ice2-p-swi-bel8,sw10p1,SU4 slot 19,mlx5_1,G1-G3
leaf-gpu,sys1-ice2-p-swi-bel8,sw10p2,SU4 slot 20,mlx5_1,G1-G3
leaf-gpu,sys1-ice2-p-swi-bel8,sw11p1,SU4 slot 21,mlx5_1,G1-G3
leaf-gpu,sys1-ice2-p-swi-bel8,sw11p2,SU4 slot 22,mlx5_1,G1-G3
leaf-gpu,sys1-ice2-p-swi-bel8,sw12p1,SU4 slot 23,mlx5_1,G1-G3
leaf-gpu,sys1-ice2-p-swi-bel8,sw12p2,SU4 slot 24,mlx5_1,G1-G3
leaf-gpu,sys1-ice2-p-swi-bel8,sw13p1,SU4 slot 25,mlx5_1,G1-G3
leaf-gpu,sys1-ice2-p-swi-bel8,sw13p2,SU4 slot 26,mlx5_1,G1-G3
leaf-gpu,sys1-ice2-p-swi-bel8,sw14p1,SU4 slot 27,mlx5_1,G1-G3
leaf-gpu,sys1-ice2-p-swi-bel8,sw14p2,SU4 slot 28,mlx5_1,G1-G3
leaf-gpu,sys1-ice2-p-swi-bel8,sw15p1,SU4 slot 29,mlx5_1,G1-G3
leaf-gpu,sys1-ice2-p-swi-bel8,sw15p2,SU4 slot 30,mlx5_1,G1-G3
leaf-gpu,sys1-ice2-p-swi-bel8,sw16p1,SU4 slot 31,mlx5_1,G1-G3
leaf-gpu,sys1-ice2-p-swi-bel8,sw16p2,SU4 slot 32,mlx5_1,G1-G3
leaf-gpu,sys1-ice2-p-swi-bel8,sw17p1,SU4 slot 33,mlx5_1,G1-G3
leaf-gpu,sys1-ice2-p-swi-bel8,sw17p2,SU4 slot 34,mlx5_1,G1-G3
leaf-gpu,sys1-ice2-p-swi-bel8,sw18p1,SU4 slot 35,mlx5_1,G1-G3
leaf-gpu,sys1-ice2-p-swi-bel8,sw18p2,SU4 slot 36,mlx5_1,G1-G3
leaf-gpu,sys1-ice2-p-swi-bel8,sw19p1,SU4 slot 37,mlx5_1,G1-G3
leaf-gpu,sys1-ice2-p-swi-bel8,sw19p2,SU4 slot 38,mlx5_1,G1-G3
leaf-gpu,sys1-ice2-p-swi-bel8,sw20p1,SU4 slot 39,mlx5_1,G1-G3
leaf-gpu,sys1-ice2-p-swi-bel8,sw20p2,SU4 slot 40,mlx5_1,G1-G3
leaf-gpu,sys1-ice2-p-swi-bel8,sw21p1,SU4 slot 41,mlx5_1,G1-G3
leaf-gpu,sys1-ice2-p-swi-bel8,sw21p2,SU4 slot 42,mlx5_1,G1-G3
leaf-gpu,sys1-ice2-p-swi-bel8,sw22p1,SU4 slot 43,mlx5_1,G1-G3
leaf-gpu,sys1-ice2-p-swi-bel8,sw22p2,SU4 slot 44,mlx5_1,G1-G3
leaf-gpu,sys1-ice2-p-swi-bel8,sw23p1,SU4 slot 45,mlx5_1,G1-G3
leaf-gpu,sys1-ice2-p-swi-bel8,sw23p2,SU4 slot 46,mlx5_1,G1-G3
leaf-gpu,sys1-ice2-p-swi-bel8,sw24p1,SU4 slot 47,mlx5_1,G1-G3
leaf-gpu,sys1-ice2-p-swi-bel8,sw24p2,SU4 slot 48,mlx5_1,G1-G3
leaf-gpu,sys1-ice2-p-swi-bel8,sw25p1,SU4 slot 49,mlx5_1,G1-G3
leaf-gpu,sys1-ice2-p-swi-bel8,sw25p2,SU4 slot 50,mlx5_1,G1-G3
leaf-gpu,sys1-ice2-p-swi-bel8,sw26p1,SU4 slot 51,mlx5_1,G1-G3
leaf-gpu,sys1-ice2-p-swi-bel8,sw26p2,SU4 slot 52,mlx5_1,G1-G3
leaf-gpu,sys1-ice2-p-swi-bel8,sw27p1,SU4 slot 53,mlx5_1,G1-G3
leaf-gpu,sys1-ice2-p-swi-bel8,sw27p2,SU4 slot 54,mlx5_1,G1-G3
leaf-gpu,sys1-ice2-p-swi-bel8,sw28p1,SU4 slot 55,mlx5_1,G1-G3
leaf-gpu,sys1-ice2-p-swi-bel8,sw28p2,SU4 slot 56,mlx5_1,G1-G3
leaf-gpu,sys1-ice2-p-swi-bel8,sw29p1,SU4 slot 57,mlx5_1,G1-G3
leaf-gpu,sys1-ice2-p-swi-bel8,sw29p2,SU4 slot 58,mlx5_1,G1-G3
leaf-gpu,sys1-ice2-p-swi-bel8,sw30p1,SU4 slot 59,mlx5_1,G1-G3
leaf-gpu,sys1-ice2-p-swi-bel8,sw30p2,SU4 slot 60,mlx5_1,G1-G3
leaf-gpu,sys1-ice2-p-swi-bel8,sw31p1,SU4 slot 61,mlx5_1,G1-G3
leaf-gpu,sys1-ice2-p-swi-bel8,sw31p2,SU4 slot 62,mlx5_1,G1-G3
leaf-gpu,sys1-ice2-p-swi-bel8,sw32p1,SU4 slot 63,mlx5_1,G1-G3
leaf-gpu,sys1-ice2-p-swi-bel8,sw32p2,SU4 slot 64,mlx5_1,G1-G3
leaf-gpu,sys1-ice2-p-swi-bel8,sw33p1,SU4 slot 65,mlx5_1,G1-G3
leaf-gpu,sys1-ice2-p-swi-bel8,sw33p2,SU4 slot 66,mlx5_1,G1-G3
leaf-gpu,sys1-ice2-p-swi-bel8,sw34p1,SU4 slot 67,mlx5_1,G1-G3
leaf-gpu,sys1-ice2-p-swi-bel8,sw34p2,SU4 slot 68,mlx5_1,G1-G3
leaf-gpu,sys1-ice2-p-swi-bel8,sw35p1,SU4 slot 69,mlx5_1,G1-G3
leaf-gpu,sys1-ice2-p-swi-bel8,sw35p2,SU4 slot 70,mlx5_1,G1-G3
leaf-gpu,sys1-ice2-p-swi-bel8,sw36p1,SU4 slot 71,mlx5_1,G1-G3
leaf-gpu,sys1-ice2-p-swi-bel8,sw36p2,SU4 slot 72,mlx5_1,G1-G3
leaf-gpu,sys1-ice2-p-swi-bel9,sw1p1,SU1 slot 1,mlx5_2,G1-G3
leaf-gpu,sys1-ice2-p-swi-bel9,sw1p2,SU1 slot 2,mlx5_2,G1-G3
leaf-gpu,sys1-ice2-p-swi-bel9,sw2p1,SU1 slot 3,mlx5_2,G1-G3
leaf-gpu,sys1-ice2-p-swi-bel9,sw2p2,SU1 slot 4,mlx5_2,G1-G3
leaf-gpu,sys1-ice2-p-swi-bel9,sw3p1,SU1 slot 5,mlx5_2,G1-G3
leaf-gpu,sys1-ice2-p-swi-bel9,sw3p2,SU1 slot 6,mlx5_2,G1-G3
leaf-gpu,sys1-ice2-p-swi-bel9,sw4p1,SU1 slot 7,mlx5_2,G1-G3
leaf-gpu,sys1-ice2-p-swi-bel9,sw4p2,SU1 slot 8,mlx5_2,G1-G3
leaf-gpu,sys1-ice2-p-swi-bel9,sw5p1,SU1 slot 9,mlx5_2,G1-G3
leaf-gpu,sys1-ice2-p-swi-bel9,sw5p2,SU1 slot 10,mlx5_2,G1-G3
leaf-gpu,sys1-ice2-p-swi-bel9,sw6p1,SU1 slot 11,mlx5_2,G1-G3
leaf-gpu,sys1-ice2-p-swi-bel9,sw6p2,SU1 slot 12,mlx5_2,G1-G3
leaf-gpu,sys1-ice2-p-swi-bel9,sw7p1,SU1 slot 13,mlx5_2,G1-G3
leaf-gpu,sys1-ice2-p-swi-bel9,sw7p2,SU1 slot 14,mlx5_2,G1-G3
leaf-gpu,sys1-ice2-p-swi-bel9,sw8p1,SU1 slot 15,mlx5_2,G1-G3
leaf-gpu,sys1-ice2-p-swi-bel9,sw8p2,SU1 slot 16,mlx5_2,G1-G3
leaf-gpu,sys1-ice2-p-swi-bel9,sw9p1,SU1 slot 17,mlx5_2,G1-G3
leaf-gpu,sys1-ice2-p-swi-bel9,sw9p2,SU1 slot 18,mlx5_2,G1-G3
leaf-gpu,sys1-ice2-p-swi-bel9,sw10p1,SU1 slot 19,mlx5_2,G1-G3
leaf-gpu,sys1-ice2-p-swi-bel9,sw10p2,SU1 slot 20,mlx5_2,G1-G3
leaf-gpu,sys1-ice2-p-swi-bel9,sw11p1,SU1 slot 21,mlx5_2,G1-G3
leaf-gpu,sys1-ice2-p-swi-bel9,sw11p2,SU1 slot 22,mlx5_2,G1-G3
leaf-gpu,sys1-ice2-p-swi-bel9,sw12p1,SU1 slot 23,mlx5_2,G1-G3
leaf-gpu,sys1-ice2-p-swi-bel9,sw12p2,SU1 slot 24,mlx5_2,G1-G3
leaf-gpu,sys1-ice2-p-swi-bel9,sw13p1,SU1 slot 25,mlx5_2,G1-G3
leaf-gpu,sys1-ice2-p-swi-bel9,sw13p2,SU1 slot 26,mlx5_2,G1-G3
leaf-gpu,sys1-ice2-p-swi-bel9,sw14p1,SU1 slot 27,mlx5_2,G1-G3
leaf-gpu,sys1-ice2-p-swi-bel9,sw14p2,SU1 slot 28,mlx5_2,G1-G3
leaf-gpu,sys1-ice2-p-swi-bel9,sw15p1,SU1 slot 29,mlx5_2,G1-G3
leaf-gpu,sys1-ice2-p-swi-bel9,sw15p2,SU1 slot 30,mlx5_2,G1-G3
leaf-gpu,sys1-ice2-p-swi-bel9,sw16p1,SU1 slot 31,mlx5_2,G1-G3
leaf-gpu,sys1-ice2-p-swi-bel9,sw16p2,SU1 slot 32,mlx5_2,G1-G3
leaf-gpu,sys1-ice2-p-swi-bel9,sw17p1,SU1 slot 33,mlx5_2,G1-G3
leaf-gpu,sys1-ice2-p-swi-bel9,sw17p2,SU1 slot 34,mlx5_2,G1-G3
leaf-gpu,sys1-ice2-p-swi-bel9,sw18p1,SU1 slot 35,mlx5_2,G1-G3
leaf-gpu,sys1-ice2-p-swi-bel9,sw18p2,SU1 slot 36,mlx5_2,G1-G3
leaf-gpu,sys1-ice2-p-swi-bel9,sw19p1,SU1 slot 37,mlx5_2,G1-G3
leaf-gpu,sys1-ice2-p-swi-bel9,sw19p2,SU1 slot 38,mlx5_2,G1-G3
leaf-gpu,sys1-ice2-p-swi-bel9,sw20p1,SU1 slot 39,mlx5_2,G1-G3
leaf-gpu,sys1-ice2-p-swi-bel9,sw20p2,SU1 slot 40,mlx5_2,G1-G3
leaf-gpu,sys1-ice2-p-swi-bel9,sw21p1,SU1 slot 41,mlx5_2,G1-G3
leaf-gpu,sys1-ice2-p-swi-bel9,sw21p2,SU1 slot 42,mlx5_2,G1-G3
leaf-gpu,sys1-ice2-p-swi-bel9,sw22p1,SU1 slot 43,mlx5_2,G1-G3
leaf-gpu,sys1-ice2-p-swi-bel9,sw22p2,SU1 slot 44,mlx5_2,G1-G3
leaf-gpu,sys1-ice2-p-swi-bel9,sw23p1,SU1 slot 45,mlx5_2,G1-G3
leaf-gpu,sys1-ice2-p-swi-bel9,sw23p2,SU1 slot 46,mlx5_2,G1-G3
leaf-gpu,sys1-ice2-p-swi-bel9,sw24p1,SU1 slot 47,mlx5_2,G1-G3
leaf-gpu,sys1-ice2-p-swi-bel9,sw24p2,SU1 slot 48,mlx5_2,G1-G3
leaf-gpu,sys1-ice2-p-swi-bel9,sw25p1,SU1 slot 49,mlx5_2,G1-G3
leaf-gpu,sys1-ice2-p-swi-bel9,sw25p2,SU1 slot 50,mlx5_2,G1-G3
leaf-gpu,sys1-ice2-p-swi-bel9,sw26p1,SU1 slot 51,mlx5_2,G1-G3
leaf-gpu,sys1-ice2-p-swi-bel9,sw26p2,SU1 slot 52,mlx5_2,G1-G3
leaf-gpu,sys1-ice2-p-swi-bel9,sw27p1,SU1 slot 53,mlx5_2,G1-G3
leaf-gpu,sys1-ice2-p-swi-bel9,sw27p2,SU1 slot 54,mlx5_2,G1-G3
leaf-gpu,sys1-ice2-p-swi-bel9,sw28p1,SU1 slot 55,mlx5_2,G1-G3
leaf-gpu,sys1-ice2-p-swi-bel9,sw28p2,SU1 slot 56,mlx5_2,G1-G3
leaf-gpu,sys1-ice2-p-swi-bel9,sw29p1,SU1 slot 57,mlx5_2,G1-G3
leaf-gpu,sys1-ice2-p-swi-bel9,sw29p2,SU1 slot 58,mlx5_2,G1-G3
leaf-gpu,sys1-ice2-p-swi-bel9,sw30p1,SU1 slot 59,mlx5_2,G1-G3
leaf-gpu,sys1-ice2-p-swi-bel9,sw30p2,SU1 slot 60,mlx5_2,G1-G3
leaf-gpu,sys1-ice2-p-swi-bel9,sw31p1,SU1 slot 61,mlx5_2,G1-G3
leaf-gpu,sys1-ice2-p-swi-bel9,sw31p2,SU1 slot 62,mlx5_2,G1-G3
leaf-gpu,sys1-ice2-p-swi-bel9,sw32p1,SU1 slot 63,mlx5_2,G1-G3
leaf-gpu,sys1-ice2-p-swi-bel9,sw32p2,SU1 slot 64,mlx5_2,G1-G3
leaf-gpu,sys1-ice2-p-swi-bel9,sw33p1,SU1 slot 65,mlx5_2,G1-G3
leaf-gpu,sys1-ice2-p-swi-bel9,sw33p2,SU1 slot 66,mlx5_2,G1-G3
leaf-gpu,sys1-ice2-p-swi-bel9,sw34p1,SU1 slot 67,mlx5_2,G1-G3
leaf-gpu,sys1-ice2-p-swi-bel9,sw34p2,SU1 slot 68,mlx5_2,G1-G3
leaf-gpu,sys1-ice2-p-swi-bel9,sw35p1,SU1 slot 69,mlx5_2,G1-G3
leaf-gpu,sys1-ice2-p-swi-bel9,sw35p2,SU1 slot 70,mlx5_2,G1-G3
leaf-gpu,sys1-ice2-p-swi-bel9,sw36p1,SU1 slot 71,mlx5_2,G1-G3
leaf-gpu,sys1-ice2-p-swi-bel9,sw36p2,SU1 slot 72,mlx5_2,G1-G3
leaf-gpu,sys1-ice2-p-swi-bel10,sw1p1,SU2 slot 1,mlx5_2,G1-G3
leaf-gpu,sys1-ice2-p-swi-bel10,sw1p2,SU2 slot 2,mlx5_2,G1-G3
leaf-gpu,sys1-ice2-p-swi-bel10,sw2p1,SU2 slot 3,mlx5_2,G1-G3
leaf-gpu,sys1-ice2-p-swi-bel10,sw2p2,SU2 slot 4,mlx5_2,G1-G3
leaf-gpu,sys1-ice2-p-swi-bel10,sw3p1,SU2 slot 5,mlx5_2,G1-G3
leaf-gpu,sys1-ice2-p-swi-bel10,sw3p2,SU2 slot 6,mlx5_2,G1-G3
leaf-gpu,sys1-ice2-p-swi-bel10,sw4p1,SU2 slot 7,mlx5_2,G1-G3
leaf-gpu,sys1-ice2-p-swi-bel10,sw4p2,SU2 slot 8,mlx5_2,G1-G3
leaf-gpu,sys1-ice2-p-swi-bel10,sw5p1,SU2 slot 9,mlx5_2,G1-G3
leaf-gpu,sys1-ice2-p-swi-bel10,sw5p2,SU2 slot 10,mlx5_2,G1-G3
leaf-gpu,sys1-ice2-p-swi-bel10,sw6p1,SU2 slot 11,mlx5_2,G1-G3
leaf-gpu,sys1-ice2-p-swi-bel10,sw6p2,SU2 slot 12,mlx5_2,G1-G3
leaf-gpu,sys1-ice2-p-swi-bel10,sw7p1,SU2 slot 13,mlx5_2,G1-G3
leaf-gpu,sys1-ice2-p-swi-bel10,sw7p2,SU2 slot 14,mlx5_2,G1-G3
leaf-gpu,sys1-ice2-p-swi-bel10,sw8p1,SU2 slot 15,mlx5_2,G1-G3
leaf-gpu,sys1-ice2-p-swi-bel10,sw8p2,SU2 slot 16,mlx5_2,G1-G3
leaf-gpu,sys1-ice2-p-swi-bel10,sw9p1,SU2 slot 17,mlx5_2,G1-G3
leaf-gpu,sys1-ice2-p-swi-bel10,sw9p2,SU2 slot 18,mlx5_2,G1-G3
leaf-gpu,sys1-ice2-p-swi-bel10,sw10p1,SU2 slot 19,mlx5_2,G1-G3
leaf-gpu,sys1-ice2-p-swi-bel10,sw10p2,SU2 slot 20,mlx5_2,G1-G3
leaf-gpu,sys1-ice2-p-swi-bel10,sw11p1,SU2 slot 21,mlx5_2,G1-G3
leaf-gpu,sys1-ice2-p-swi-bel10,sw11p2,SU2 slot 22,mlx5_2,G1-G3
leaf-gpu,sys1-ice2-p-swi-bel10,sw12p1,SU2 slot 23,mlx5_2,G1-G3
leaf-gpu,sys1-ice2-p-swi-bel10,sw12p2,SU2 slot 24,mlx5_2,G1-G3
leaf-gpu,sys1-ice2-p-swi-bel10,sw13p1,SU2 slot 25,mlx5_2,G1-G3
leaf-gpu,sys1-ice2-p-swi-bel10,sw13p2,SU2 slot 26,mlx5_2,G1-G3
leaf-gpu,sys1-ice2-p-swi-bel10,sw14p1,SU2 slot 27,mlx5_2,G1-G3
leaf-gpu,sys1-ice2-p-swi-bel10,sw14p2,SU2 slot 28,mlx5_2,G1-G3
leaf-gpu,sys1-ice2-p-swi-bel10,sw15p1,SU2 slot 29,mlx5_2,G1-G3
leaf-gpu,sys1-ice2-p-swi-bel10,sw15p2,SU2 slot 30,mlx5_2,G1-G3
leaf-gpu,sys1-ice2-p-swi-bel10,sw16p1,SU2 slot 31,mlx5_2,G1-G3
leaf-gpu,sys1-ice2-p-swi-bel10,sw16p2,SU2 slot 32,mlx5_2,G1-G3
leaf-gpu,sys1-ice2-p-swi-bel10,sw17p1,SU2 slot 33,mlx5_2,G1-G3
leaf-gpu,sys1-ice2-p-swi-bel10,sw17p2,SU2 slot 34,mlx5_2,G1-G3
leaf-gpu,sys1-ice2-p-swi-bel10,sw18p1,SU2 slot 35,mlx5_2,G1-G3
leaf-gpu,sys1-ice2-p-swi-bel10,sw18p2,SU2 slot 36,mlx5_2,G1-G3
leaf-gpu,sys1-ice2-p-swi-bel10,sw19p1,SU2 slot 37,mlx5_2,G1-G3
leaf-gpu,sys1-ice2-p-swi-bel10,sw19p2,SU2 slot 38,mlx5_2,G1-G3
leaf-gpu,sys1-ice2-p-swi-bel10,sw20p1,SU2 slot 39,mlx5_2,G1-G3
leaf-gpu,sys1-ice2-p-swi-bel10,sw20p2,SU2 slot 40,mlx5_2,G1-G3
leaf-gpu,sys1-ice2-p-swi-bel10,sw21p1,SU2 slot 41,mlx5_2,G1-G3
leaf-gpu,sys1-ice2-p-swi-bel10,sw21p2,SU2 slot 42,mlx5_2,G1-G3
leaf-gpu,sys1-ice2-p-swi-bel10,sw22p1,SU2 slot 43,mlx5_2,G1-G3
leaf-gpu,sys1-ice2-p-swi-bel10,sw22p2,SU2 slot 44,mlx5_2,G1-G3
leaf-gpu,sys1-ice2-p-swi-bel10,sw23p1,SU2 slot 45,mlx5_2,G1-G3
leaf-gpu,sys1-ice2-p-swi-bel10,sw23p2,SU2 slot 46,mlx5_2,G1-G3
leaf-gpu,sys1-ice2-p-swi-bel10,sw24p1,SU2 slot 47,mlx5_2,G1-G3
leaf-gpu,sys1-ice2-p-swi-bel10,sw24p2,SU2 slot 48,mlx5_2,G1-G3
leaf-gpu,sys1-ice2-p-swi-bel10,sw25p1,SU2 slot 49,mlx5_2,G1-G3
leaf-gpu,sys1-ice2-p-swi-bel10,sw25p2,SU2 slot 50,mlx5_2,G1-G3
leaf-gpu,sys1-ice2-p-swi-bel10,sw26p1,SU2 slot 51,mlx5_2,G1-G3
leaf-gpu,sys1-ice2-p-swi-bel10,sw26p2,SU2 slot 52,mlx5_2,G1-G3
leaf-gpu,sys1-ice2-p-swi-bel10,sw27p1,SU2 slot 53,mlx5_2,G1-G3
leaf-gpu,sys1-ice2-p-swi-bel10,sw27p2,SU2 slot 54,mlx5_2,G1-G3
leaf-gpu,sys1-ice2-p-swi-bel10,sw28p1,SU2 slot 55,mlx5_2,G1-G3
leaf-gpu,sys1-ice2-p-swi-bel10,sw28p2,SU2 slot 56,mlx5_2,G1-G3
leaf-gpu,sys1-ice2-p-swi-bel10,sw29p1,SU2 slot 57,mlx5_2,G1-G3
leaf-gpu,sys1-ice2-p-swi-bel10,sw29p2,SU2 slot 58,mlx5_2,G1-G3
leaf-gpu,sys1-ice2-p-swi-bel10,sw30p1,SU2 slot 59,mlx5_2,G1-G3
leaf-gpu,sys1-ice2-p-swi-bel10,sw30p2,SU2 slot 60,mlx5_2,G1-G3
leaf-gpu,sys1-ice2-p-swi-bel10,sw31p1,SU2 slot 61,mlx5_2,G1-G3
leaf-gpu,sys1-ice2-p-swi-bel10,sw31p2,SU2 slot 62,mlx5_2,G1-G3
leaf-gpu,sys1-ice2-p-swi-bel10,sw32p1,SU2 slot 63,mlx5_2,G1-G3
leaf-gpu,sys1-ice2-p-swi-bel10,sw32p2,SU2 slot 64,mlx5_2,G1-G3
leaf-gpu,sys1-ice2-p-swi-bel10,sw33p1,SU2 slot 65,mlx5_2,G1-G3
leaf-gpu,sys1-ice2-p-swi-bel10,sw33p2,SU2 slot 66,mlx5_2,G1-G3
leaf-gpu,sys1-ice2-p-swi-bel10,sw34p1,SU2 slot 67,mlx5_2,G1-G3
leaf-gpu,sys1-ice2-p-swi-bel10,sw34p2,SU2 slot 68,mlx5_2,G1-G3
leaf-gpu,sys1-ice2-p-swi-bel10,sw35p1,SU2 slot 69,mlx5_2,G1-G3
leaf-gpu,sys1-ice2-p-swi-bel10,sw35p2,SU2 slot 70,mlx5_2,G1-G3
leaf-gpu,sys1-ice2-p-swi-bel10,sw36p1,SU2 slot 71,mlx5_2,G1-G3
leaf-gpu,sys1-ice2-p-swi-bel10,sw36p2,SU2 slot 72,mlx5_2,G1-G3
leaf-gpu,sys1-ice2-p-swi-bel11,sw1p1,SU3 slot 1,mlx5_2,G1-G3
leaf-gpu,sys1-ice2-p-swi-bel11,sw1p2,SU3 slot 2,mlx5_2,G1-G3
leaf-gpu,sys1-ice2-p-swi-bel11,sw2p1,SU3 slot 3,mlx5_2,G1-G3
leaf-gpu,sys1-ice2-p-swi-bel11,sw2p2,SU3 slot 4,mlx5_2,G1-G3
leaf-gpu,sys1-ice2-p-swi-bel11,sw3p1,SU3 slot 5,mlx5_2,G1-G3
leaf-gpu,sys1-ice2-p-swi-bel11,sw3p2,SU3 slot 6,mlx5_2,G1-G3
leaf-gpu,sys1-ice2-p-swi-bel11,sw4p1,SU3 slot 7,mlx5_2,G1-G3
leaf-gpu,sys1-ice2-p-swi-bel11,sw4p2,SU3 slot 8,mlx5_2,G1-G3
leaf-gpu,sys1-ice2-p-swi-bel11,sw5p1,SU3 slot 9,mlx5_2,G1-G3
leaf-gpu,sys1-ice2-p-swi-bel11,sw5p2,SU3 slot 10,mlx5_2,G1-G3
leaf-gpu,sys1-ice2-p-swi-bel11,sw6p1,SU3 slot 11,mlx5_2,G1-G3
leaf-gpu,sys1-ice2-p-swi-bel11,sw6p2,SU3 slot 12,mlx5_2,G1-G3
leaf-gpu,sys1-ice2-p-swi-bel11,sw7p1,SU3 slot 13,mlx5_2,G1-G3
leaf-gpu,sys1-ice2-p-swi-bel11,sw7p2,SU3 slot 14,mlx5_2,G1-G3
leaf-gpu,sys1-ice2-p-swi-bel11,sw8p1,SU3 slot 15,mlx5_2,G1-G3
leaf-gpu,sys1-ice2-p-swi-bel11,sw8p2,SU3 slot 16,mlx5_2,G1-G3
leaf-gpu,sys1-ice2-p-swi-bel11,sw9p1,SU3 slot 17,mlx5_2,G1-G3
leaf-gpu,sys1-ice2-p-swi-bel11,sw9p2,SU3 slot 18,mlx5_2,G1-G3
leaf-gpu,sys1-ice2-p-swi-bel11,sw10p1,SU3 slot 19,mlx5_2,G1-G3
leaf-gpu,sys1-ice2-p-swi-bel11,sw10p2,SU3 slot 20,mlx5_2,G1-G3
leaf-gpu,sys1-ice2-p-swi-bel11,sw11p1,SU3 slot 21,mlx5_2,G1-G3
leaf-gpu,sys1-ice2-p-swi-bel11,sw11p2,SU3 slot 22,mlx5_2,G1-G3
leaf-gpu,sys1-ice2-p-swi-bel11,sw12p1,SU3 slot 23,mlx5_2,G1-G3
leaf-gpu,sys1-ice2-p-swi-bel11,sw12p2,SU3 slot 24,mlx5_2,G1-G3
leaf-gpu,sys1-ice2-p-swi-bel11,sw13p1,SU3 slot 25,mlx5_2,G1-G3
leaf-gpu,sys1-ice2-p-swi-bel11,sw13p2,SU3 slot 26,mlx5_2,G1-G3
leaf-gpu,sys1-ice2-p-swi-bel11,sw14p1,SU3 slot 27,mlx5_2,G1-G3
leaf-gpu,sys1-ice2-p-swi-bel11,sw14p2,SU3 slot 28,mlx5_2,G1-G3
leaf-gpu,sys1-ice2-p-swi-bel11,sw15p1,SU3 slot 29,mlx5_2,G1-G3
leaf-gpu,sys1-ice2-p-swi-bel11,sw15p2,SU3 slot 30,mlx5_2,G1-G3
leaf-gpu,sys1-ice2-p-swi-bel11,sw16p1,SU3 slot 31,mlx5_2,G1-G3
leaf-gpu,sys1-ice2-p-swi-bel11,sw16p2,SU3 slot 32,mlx5_2,G1-G3
leaf-gpu,sys1-ice2-p-swi-bel11,sw17p1,SU3 slot 33,mlx5_2,G1-G3
leaf-gpu,sys1-ice2-p-swi-bel11,sw17p2,SU3 slot 34,mlx5_2,G1-G3
leaf-gpu,sys1-ice2-p-swi-bel11,sw18p1,SU3 slot 35,mlx5_2,G1-G3
leaf-gpu,sys1-ice2-p-swi-bel11,sw18p2,SU3 slot 36,mlx5_2,G1-G3
leaf-gpu,sys1-ice2-p-swi-bel11,sw19p1,SU3 slot 37,mlx5_2,G1-G3
leaf-gpu,sys1-ice2-p-swi-bel11,sw19p2,SU3 slot 38,mlx5_2,G1-G3
leaf-gpu,sys1-ice2-p-swi-bel11,sw20p1,SU3 slot 39,mlx5_2,G1-G3
leaf-gpu,sys1-ice2-p-swi-bel11,sw20p2,SU3 slot 40,mlx5_2,G1-G3
leaf-gpu,sys1-ice2-p-swi-bel11,sw21p1,SU3 slot 41,mlx5_2,G1-G3
leaf-gpu,sys1-ice2-p-swi-bel11,sw21p2,SU3 slot 42,mlx5_2,G1-G3
leaf-gpu,sys1-ice2-p-swi-bel11,sw22p1,SU3 slot 43,mlx5_2,G1-G3
leaf-gpu,sys1-ice2-p-swi-bel11,sw22p2,SU3 slot 44,mlx5_2,G1-G3
leaf-gpu,sys1-ice2-p-swi-bel11,sw23p1,SU3 slot 45,mlx5_2,G1-G3
leaf-gpu,sys1-ice2-p-swi-bel11,sw23p2,SU3 slot 46,mlx5_2,G1-G3
leaf-gpu,sys1-ice2-p-swi-bel11,sw24p1,SU3 slot 47,mlx5_2,G1-G3
leaf-gpu,sys1-ice2-p-swi-bel11,sw24p2,SU3 slot 48,mlx5_2,G1-G3
leaf-gpu,sys1-ice2-p-swi-bel11,sw25p1,SU3 slot 49,mlx5_2,G1-G3
leaf-gpu,sys1-ice2-p-swi-bel11,sw25p2,SU3 slot 50,mlx5_2,G1-G3
leaf-gpu,sys1-ice2-p-swi-bel11,sw26p1,SU3 slot 51,mlx5_2,G1-G3
leaf-gpu,sys1-ice2-p-swi-bel11,sw26p2,SU3 slot 52,mlx5_2,G1-G3
leaf-gpu,sys1-ice2-p-swi-bel11,sw27p1,SU3 slot 53,mlx5_2,G1-G3
leaf-gpu,sys1-ice2-p-swi-bel11,sw27p2,SU3 slot 54,mlx5_2,G1-G3
leaf-gpu,sys1-ice2-p-swi-bel11,sw28p1,SU3 slot 55,mlx5_2,G1-G3
leaf-gpu,sys1-ice2-p-swi-bel11,sw28p2,SU3 slot 56,mlx5_2,G1-G3
leaf-gpu,sys1-ice2-p-swi-bel11,sw29p1,SU3 slot 57,mlx5_2,G1-G3
leaf-gpu,sys1-ice2-p-swi-bel11,sw29p2,SU3 slot 58,mlx5_2,G1-G3
leaf-gpu,sys1-ice2-p-swi-bel11,sw30p1,SU3 slot 59,mlx5_2,G1-G3
leaf-gpu,sys1-ice2-p-swi-bel11,sw30p2,SU3 slot 60,mlx5_2,G1-G3
leaf-gpu,sys1-ice2-p-swi-bel11,sw31p1,SU3 slot 61,mlx5_2,G1-G3
leaf-gpu,sys1-ice2-p-swi-bel11,sw31p2,SU3 slot 62,mlx5_2,G1-G3
leaf-gpu,sys1-ice2-p-swi-bel11,sw32p1,SU3 slot 63,mlx5_2,G1-G3
leaf-gpu,sys1-ice2-p-swi-bel11,sw32p2,SU3 slot 64,mlx5_2,G1-G3
leaf-gpu,sys1-ice2-p-swi-bel11,sw33p1,SU3 slot 65,mlx5_2,G1-G3
leaf-gpu,sys1-ice2-p-swi-bel11,sw33p2,SU3 slot 66,mlx5_2,G1-G3
leaf-gpu,sys1-ice2-p-swi-bel11,sw34p1,SU3 slot 67,mlx5_2,G1-G3
leaf-gpu,sys1-ice2-p-swi-bel11,sw34p2,SU3 slot 68,mlx5_2,G1-G3
leaf-gpu,sys1-ice2-p-swi-bel11,sw35p1,SU3 slot 69,mlx5_2,G1-G3
leaf-gpu,sys1-ice2-p-swi-bel11,sw35p2,SU3 slot 70,mlx5_2,G1-G3
leaf-gpu,sys1-ice2-p-swi-bel11,sw36p1,SU3 slot 71,mlx5_2,G1-G3
leaf-gpu,sys1-ice2-p-swi-bel11,sw36p2,SU3 slot 72,mlx5_2,G1-G3
leaf-gpu,sys1-ice2-p-swi-bel12,sw1p1,SU4 slot 1,mlx5_2,G1-G3
leaf-gpu,sys1-ice2-p-swi-bel12,sw1p2,SU4 slot 2,mlx5_2,G1-G3
leaf-gpu,sys1-ice2-p-swi-bel12,sw2p1,SU4 slot 3,mlx5_2,G1-G3
leaf-gpu,sys1-ice2-p-swi-bel12,sw2p2,SU4 slot 4,mlx5_2,G1-G3
leaf-gpu,sys1-ice2-p-swi-bel12,sw3p1,SU4 slot 5,mlx5_2,G1-G3
leaf-gpu,sys1-ice2-p-swi-bel12,sw3p2,SU4 slot 6,mlx5_2,G1-G3
leaf-gpu,sys1-ice2-p-swi-bel12,sw4p1,SU4 slot 7,mlx5_2,G1-G3
leaf-gpu,sys1-ice2-p-swi-bel12,sw4p2,SU4 slot 8,mlx5_2,G1-G3
leaf-gpu,sys1-ice2-p-swi-bel12,sw5p1,SU4 slot 9,mlx5_2,G1-G3
leaf-gpu,sys1-ice2-p-swi-bel12,sw5p2,SU4 slot 10,mlx5_2,G1-G3
leaf-gpu,sys1-ice2-p-swi-bel12,sw6p1,SU4 slot 11,mlx5_2,G1-G3
leaf-gpu,sys1-ice2-p-swi-bel12,sw6p2,SU4 slot 12,mlx5_2,G1-G3
leaf-gpu,sys1-ice2-p-swi-bel12,sw7p1,SU4 slot 13,mlx5_2,G1-G3
leaf-gpu,sys1-ice2-p-swi-bel12,sw7p2,SU4 slot 14,mlx5_2,G1-G3
leaf-gpu,sys1-ice2-p-swi-bel12,sw8p1,SU4 slot 15,mlx5_2,G1-G3
leaf-gpu,sys1-ice2-p-swi-bel12,sw8p2,SU4 slot 16,mlx5_2,G1-G3
leaf-gpu,sys1-ice2-p-swi-bel12,sw9p1,SU4 slot 17,mlx5_2,G1-G3
leaf-gpu,sys1-ice2-p-swi-bel12,sw9p2,SU4 slot 18,mlx5_2,G1-G3
leaf-gpu,sys1-ice2-p-swi-bel12,sw10p1,SU4 slot 19,mlx5_2,G1-G3
leaf-gpu,sys1-ice2-p-swi-bel12,sw10p2,SU4 slot 20,mlx5_2,G1-G3
leaf-gpu,sys1-ice2-p-swi-bel12,sw11p1,SU4 slot 21,mlx5_2,G1-G3
leaf-gpu,sys1-ice2-p-swi-bel12,sw11p2,SU4 slot 22,mlx5_2,G1-G3
leaf-gpu,sys1-ice2-p-swi-bel12,sw12p1,SU4 slot 23,mlx5_2,G1-G3
leaf-gpu,sys1-ice2-p-swi-bel12,sw12p2,SU4 slot 24,mlx5_2,G1-G3
leaf-gpu,sys1-ice2-p-swi-bel12,sw13p1,SU4 slot 25,mlx5_2,G1-G3
leaf-gpu,sys1-ice2-p-swi-bel12,sw13p2,SU4 slot 26,mlx5_2,G1-G3
leaf-gpu,sys1-ice2-p-swi-bel12,sw14p1,SU4 slot 27,mlx5_2,G1-G3
leaf-gpu,sys1-ice2-p-swi-bel12,sw14p2,SU4 slot 28,mlx5_2,G1-G3
leaf-gpu,sys1-ice2-p-swi-bel12,sw15p1,SU4 slot 29,mlx5_2,G1-G3
leaf-gpu,sys1-ice2-p-swi-bel12,sw15p2,SU4 slot 30,mlx5_2,G1-G3
leaf-gpu,sys1-ice2-p-swi-bel12,sw16p1,SU4 slot 31,mlx5_2,G1-G3
leaf-gpu,sys1-ice2-p-swi-bel12,sw16p2,SU4 slot 32,mlx5_2,G1-G3
leaf-gpu,sys1-ice2-p-swi-bel12,sw17p1,SU4 slot 33,mlx5_2,G1-G3
leaf-gpu,sys1-ice2-p-swi-bel12,sw17p2,SU4 slot 34,mlx5_2,G1-G3
leaf-gpu,sys1-ice2-p-swi-bel12,sw18p1,SU4 slot 35,mlx5_2,G1-G3
leaf-gpu,sys1-ice2-p-swi-bel12,sw18p2,SU4 slot 36,mlx5_2,G1-G3
leaf-gpu,sys1-ice2-p-swi-bel12,sw19p1,SU4 slot 37,mlx5_2,G1-G3
leaf-gpu,sys1-ice2-p-swi-bel12,sw19p2,SU4 slot 38,mlx5_2,G1-G3
leaf-gpu,sys1-ice2-p-swi-bel12,sw20p1,SU4 slot 39,mlx5_2,G1-G3
leaf-gpu,sys1-ice2-p-swi-bel12,sw20p2,SU4 slot 40,mlx5_2,G1-G3
leaf-gpu,sys1-ice2-p-swi-bel12,sw21p1,SU4 slot 41,mlx5_2,G1-G3
leaf-gpu,sys1-ice2-p-swi-bel12,sw21p2,SU4 slot 42,mlx5_2,G1-G3
leaf-gpu,sys1-ice2-p-swi-bel12,sw22p1,SU4 slot 43,mlx5_2,G1-G3
leaf-gpu,sys1-ice2-p-swi-bel12,sw22p2,SU4 slot 44,mlx5_2,G1-G3
leaf-gpu,sys1-ice2-p-swi-bel12,sw23p1,SU4 slot 45,mlx5_2,G1-G3
leaf-gpu,sys1-ice2-p-swi-bel12,sw23p2,SU4 slot 46,mlx5_2,G1-G3
leaf-gpu,sys1-ice2-p-swi-bel12,sw24p1,SU4 slot 47,mlx5_2,G1-G3
leaf-gpu,sys1-ice2-p-swi-bel12,sw24p2,SU4 slot 48,mlx5_2,G1-G3
leaf-gpu,sys1-ice2-p-swi-bel12,sw25p1,SU4 slot 49,mlx5_2,G1-G3
leaf-gpu,sys1-ice2-p-swi-bel12,sw25p2,SU4 slot 50,mlx5_2,G1-G3
leaf-gpu,sys1-ice2-p-swi-bel12,sw26p1,SU4 slot 51,mlx5_2,G1-G3
leaf-gpu,sys1-ice2-p-swi-bel12,sw26p2,SU4 slot 52,mlx5_2,G1-G3
leaf-gpu,sys1-ice2-p-swi-bel12,sw27p1,SU4 slot 53,mlx5_2,G1-G3
leaf-gpu,sys1-ice2-p-swi-bel12,sw27p2,SU4 slot 54,mlx5_2,G1-G3
leaf-gpu,sys1-ice2-p-swi-bel12,sw28p1,SU4 slot 55,mlx5_2,G1-G3
leaf-gpu,sys1-ice2-p-swi-bel12,sw28p2,SU4 slot 56,mlx5_2,G1-G3
leaf-gpu,sys1-ice2-p-swi-bel12,sw29p1,SU4 slot 57,mlx5_2,G1-G3
leaf-gpu,sys1-ice2-p-swi-bel12,sw29p2,SU4 slot 58,mlx5_2,G1-G3
leaf-gpu,sys1-ice2-p-swi-bel12,sw30p1,SU4 slot 59,mlx5_2,G1-G3
leaf-gpu,sys1-ice2-p-swi-bel12,sw30p2,SU4 slot 60,mlx5_2,G1-G3
leaf-gpu,sys1-ice2-p-swi-bel12,sw31p1,SU4 slot 61,mlx5_2,G1-G3
leaf-gpu,sys1-ice2-p-swi-bel12,sw31p2,SU4 slot 62,mlx5_2,G1-G3
leaf-gpu,sys1-ice2-p-swi-bel12,sw32p1,SU4 slot 63,mlx5_2,G1-G3
leaf-gpu,sys1-ice2-p-swi-bel12,sw32p2,SU4 slot 64,mlx5_2,G1-G3
leaf-gpu,sys1-ice2-p-swi-bel12,sw33p1,SU4 slot 65,mlx5_2,G1-G3
leaf-gpu,sys1-ice2-p-swi-bel12,sw33p2,SU4 slot 66,mlx5_2,G1-G3
leaf-gpu,sys1-ice2-p-swi-bel12,sw34p1,SU4 slot 67,mlx5_2,G1-G3
leaf-gpu,sys1-ice2-p-swi-bel12,sw34p2,SU4 slot 68,mlx5_2,G1-G3
leaf-gpu,sys1-ice2-p-swi-bel12,sw35p1,SU4 slot 69,mlx5_2,G1-G3
leaf-gpu,sys1-ice2-p-swi-bel12,sw35p2,SU4 slot 70,mlx5_2,G1-G3
leaf-gpu,sys1-ice2-p-swi-bel12,sw36p1,SU4 slot 71,mlx5_2,G1-G3
leaf-gpu,sys1-ice2-p-swi-bel12,sw36p2,SU4 slot 72,mlx5_2,G1-G3
leaf-gpu,sys1-ice2-p-swi-bel13,sw1p1,SU1 slot 1,mlx5_3,G1-G3
leaf-gpu,sys1-ice2-p-swi-bel13,sw1p2,SU1 slot 2,mlx5_3,G1-G3
leaf-gpu,sys1-ice2-p-swi-bel13,sw2p1,SU1 slot 3,mlx5_3,G1-G3
leaf-gpu,sys1-ice2-p-swi-bel13,sw2p2,SU1 slot 4,mlx5_3,G1-G3
leaf-gpu,sys1-ice2-p-swi-bel13,sw3p1,SU1 slot 5,mlx5_3,G1-G3
leaf-gpu,sys1-ice2-p-swi-bel13,sw3p2,SU1 slot 6,mlx5_3,G1-G3
leaf-gpu,sys1-ice2-p-swi-bel13,sw4p1,SU1 slot 7,mlx5_3,G1-G3
leaf-gpu,sys1-ice2-p-swi-bel13,sw4p2,SU1 slot 8,mlx5_3,G1-G3
leaf-gpu,sys1-ice2-p-swi-bel13,sw5p1,SU1 slot 9,mlx5_3,G1-G3
leaf-gpu,sys1-ice2-p-swi-bel13,sw5p2,SU1 slot 10,mlx5_3,G1-G3
leaf-gpu,sys1-ice2-p-swi-bel13,sw6p1,SU1 slot 11,mlx5_3,G1-G3
leaf-gpu,sys1-ice2-p-swi-bel13,sw6p2,SU1 slot 12,mlx5_3,G1-G3
leaf-gpu,sys1-ice2-p-swi-bel13,sw7p1,SU1 slot 13,mlx5_3,G1-G3
leaf-gpu,sys1-ice2-p-swi-bel13,sw7p2,SU1 slot 14,mlx5_3,G1-G3
leaf-gpu,sys1-ice2-p-swi-bel13,sw8p1,SU1 slot 15,mlx5_3,G1-G3
leaf-gpu,sys1-ice2-p-swi-bel13,sw8p2,SU1 slot 16,mlx5_3,G1-G3
leaf-gpu,sys1-ice2-p-swi-bel13,sw9p1,SU1 slot 17,mlx5_3,G1-G3
leaf-gpu,sys1-ice2-p-swi-bel13,sw9p2,SU1 slot 18,mlx5_3,G1-G3
leaf-gpu,sys1-ice2-p-swi-bel13,sw10p1,SU1 slot 19,mlx5_3,G1-G3
leaf-gpu,sys1-ice2-p-swi-bel13,sw10p2,SU1 slot 20,mlx5_3,G1-G3
leaf-gpu,sys1-ice2-p-swi-bel13,sw11p1,SU1 slot 21,mlx5_3,G1-G3
leaf-gpu,sys1-ice2-p-swi-bel13,sw11p2,SU1 slot 22,mlx5_3,G1-G3
leaf-gpu,sys1-ice2-p-swi-bel13,sw12p1,SU1 slot 23,mlx5_3,G1-G3
leaf-gpu,sys1-ice2-p-swi-bel13,sw12p2,SU1 slot 24,mlx5_3,G1-G3
leaf-gpu,sys1-ice2-p-swi-bel13,sw13p1,SU1 slot 25,mlx5_3,G1-G3
leaf-gpu,sys1-ice2-p-swi-bel13,sw13p2,SU1 slot 26,mlx5_3,G1-G3
leaf-gpu,sys1-ice2-p-swi-bel13,sw14p1,SU1 slot 27,mlx5_3,G1-G3
leaf-gpu,sys1-ice2-p-swi-bel13,sw14p2,SU1 slot 28,mlx5_3,G1-G3
leaf-gpu,sys1-ice2-p-swi-bel13,sw15p1,SU1 slot 29,mlx5_3,G1-G3
leaf-gpu,sys1-ice2-p-swi-bel13,sw15p2,SU1 slot 30,mlx5_3,G1-G3
leaf-gpu,sys1-ice2-p-swi-bel13,sw16p1,SU1 slot 31,mlx5_3,G1-G3
leaf-gpu,sys1-ice2-p-swi-bel13,sw16p2,SU1 slot 32,mlx5_3,G1-G3
leaf-gpu,sys1-ice2-p-swi-bel13,sw17p1,SU1 slot 33,mlx5_3,G1-G3
leaf-gpu,sys1-ice2-p-swi-bel13,sw17p2,SU1 slot 34,mlx5_3,G1-G3
leaf-gpu,sys1-ice2-p-swi-bel13,sw18p1,SU1 slot 35,mlx5_3,G1-G3
leaf-gpu,sys1-ice2-p-swi-bel13,sw18p2,SU1 slot 36,mlx5_3,G1-G3
leaf-gpu,sys1-ice2-p-swi-bel13,sw19p1,SU1 slot 37,mlx5_3,G1-G3
leaf-gpu,sys1-ice2-p-swi-bel13,sw19p2,SU1 slot 38,mlx5_3,G1-G3
leaf-gpu,sys1-ice2-p-swi-bel13,sw20p1,SU1 slot 39,mlx5_3,G1-G3
leaf-gpu,sys1-ice2-p-swi-bel13,sw20p2,SU1 slot 40,mlx5_3,G1-G3
leaf-gpu,sys1-ice2-p-swi-bel13,sw21p1,SU1 slot 41,mlx5_3,G1-G3
leaf-gpu,sys1-ice2-p-swi-bel13,sw21p2,SU1 slot 42,mlx5_3,G1-G3
leaf-gpu,sys1-ice2-p-swi-bel13,sw22p1,SU1 slot 43,mlx5_3,G1-G3
leaf-gpu,sys1-ice2-p-swi-bel13,sw22p2,SU1 slot 44,mlx5_3,G1-G3
leaf-gpu,sys1-ice2-p-swi-bel13,sw23p1,SU1 slot 45,mlx5_3,G1-G3
leaf-gpu,sys1-ice2-p-swi-bel13,sw23p2,SU1 slot 46,mlx5_3,G1-G3
leaf-gpu,sys1-ice2-p-swi-bel13,sw24p1,SU1 slot 47,mlx5_3,G1-G3
leaf-gpu,sys1-ice2-p-swi-bel13,sw24p2,SU1 slot 48,mlx5_3,G1-G3
leaf-gpu,sys1-ice2-p-swi-bel13,sw25p1,SU1 slot 49,mlx5_3,G1-G3
leaf-gpu,sys1-ice2-p-swi-bel13,sw25p2,SU1 slot 50,mlx5_3,G1-G3
leaf-gpu,sys1-ice2-p-swi-bel13,sw26p1,SU1 slot 51,mlx5_3,G1-G3
leaf-gpu,sys1-ice2-p-swi-bel13,sw26p2,SU1 slot 52,mlx5_3,G1-G3
leaf-gpu,sys1-ice2-p-swi-bel13,sw27p1,SU1 slot 53,mlx5_3,G1-G3
leaf-gpu,sys1-ice2-p-swi-bel13,sw27p2,SU1 slot 54,mlx5_3,G1-G3
leaf-gpu,sys1-ice2-p-swi-bel13,sw28p1,SU1 slot 55,mlx5_3,G1-G3
leaf-gpu,sys1-ice2-p-swi-bel13,sw28p2,SU1 slot 56,mlx5_3,G1-G3
leaf-gpu,sys1-ice2-p-swi-bel13,sw29p1,SU1 slot 57,mlx5_3,G1-G3
leaf-gpu,sys1-ice2-p-swi-bel13,sw29p2,SU1 slot 58,mlx5_3,G1-G3
leaf-gpu,sys1-ice2-p-swi-bel13,sw30p1,SU1 slot 59,mlx5_3,G1-G3
leaf-gpu,sys1-ice2-p-swi-bel13,sw30p2,SU1 slot 60,mlx5_3,G1-G3
leaf-gpu,sys1-ice2-p-swi-bel13,sw31p1,SU1 slot 61,mlx5_3,G1-G3
leaf-gpu,sys1-ice2-p-swi-bel13,sw31p2,SU1 slot 62,mlx5_3,G1-G3
leaf-gpu,sys1-ice2-p-swi-bel13,sw32p1,SU1 slot 63,mlx5_3,G1-G3
leaf-gpu,sys1-ice2-p-swi-bel13,sw32p2,SU1 slot 64,mlx5_3,G1-G3
leaf-gpu,sys1-ice2-p-swi-bel13,sw33p1,SU1 slot 65,mlx5_3,G1-G3
leaf-gpu,sys1-ice2-p-swi-bel13,sw33p2,SU1 slot 66,mlx5_3,G1-G3
leaf-gpu,sys1-ice2-p-swi-bel13,sw34p1,SU1 slot 67,mlx5_3,G1-G3
leaf-gpu,sys1-ice2-p-swi-bel13,sw34p2,SU1 slot 68,mlx5_3,G1-G3
leaf-gpu,sys1-ice2-p-swi-bel13,sw35p1,SU1 slot 69,mlx5_3,G1-G3
leaf-gpu,sys1-ice2-p-swi-bel13,sw35p2,SU1 slot 70,mlx5_3,G1-G3
leaf-gpu,sys1-ice2-p-swi-bel13,sw36p1,SU1 slot 71,mlx5_3,G1-G3
leaf-gpu,sys1-ice2-p-swi-bel13,sw36p2,SU1 slot 72,mlx5_3,G1-G3
leaf-gpu,sys1-ice2-p-swi-bel14,sw1p1,SU2 slot 1,mlx5_3,G1-G3
leaf-gpu,sys1-ice2-p-swi-bel14,sw1p2,SU2 slot 2,mlx5_3,G1-G3
leaf-gpu,sys1-ice2-p-swi-bel14,sw2p1,SU2 slot 3,mlx5_3,G1-G3
leaf-gpu,sys1-ice2-p-swi-bel14,sw2p2,SU2 slot 4,mlx5_3,G1-G3
leaf-gpu,sys1-ice2-p-swi-bel14,sw3p1,SU2 slot 5,mlx5_3,G1-G3
leaf-gpu,sys1-ice2-p-swi-bel14,sw3p2,SU2 slot 6,mlx5_3,G1-G3
leaf-gpu,sys1-ice2-p-swi-bel14,sw4p1,SU2 slot 7,mlx5_3,G1-G3
leaf-gpu,sys1-ice2-p-swi-bel14,sw4p2,SU2 slot 8,mlx5_3,G1-G3
leaf-gpu,sys1-ice2-p-swi-bel14,sw5p1,SU2 slot 9,mlx5_3,G1-G3
leaf-gpu,sys1-ice2-p-swi-bel14,sw5p2,SU2 slot 10,mlx5_3,G1-G3
leaf-gpu,sys1-ice2-p-swi-bel14,sw6p1,SU2 slot 11,mlx5_3,G1-G3
leaf-gpu,sys1-ice2-p-swi-bel14,sw6p2,SU2 slot 12,mlx5_3,G1-G3
leaf-gpu,sys1-ice2-p-swi-bel14,sw7p1,SU2 slot 13,mlx5_3,G1-G3
leaf-gpu,sys1-ice2-p-swi-bel14,sw7p2,SU2 slot 14,mlx5_3,G1-G3
leaf-gpu,sys1-ice2-p-swi-bel14,sw8p1,SU2 slot 15,mlx5_3,G1-G3
leaf-gpu,sys1-ice2-p-swi-bel14,sw8p2,SU2 slot 16,mlx5_3,G1-G3
leaf-gpu,sys1-ice2-p-swi-bel14,sw9p1,SU2 slot 17,mlx5_3,G1-G3
leaf-gpu,sys1-ice2-p-swi-bel14,sw9p2,SU2 slot 18,mlx5_3,G1-G3
leaf-gpu,sys1-ice2-p-swi-bel14,sw10p1,SU2 slot 19,mlx5_3,G1-G3
leaf-gpu,sys1-ice2-p-swi-bel14,sw10p2,SU2 slot 20,mlx5_3,G1-G3
leaf-gpu,sys1-ice2-p-swi-bel14,sw11p1,SU2 slot 21,mlx5_3,G1-G3
leaf-gpu,sys1-ice2-p-swi-bel14,sw11p2,SU2 slot 22,mlx5_3,G1-G3
leaf-gpu,sys1-ice2-p-swi-bel14,sw12p1,SU2 slot 23,mlx5_3,G1-G3
leaf-gpu,sys1-ice2-p-swi-bel14,sw12p2,SU2 slot 24,mlx5_3,G1-G3
leaf-gpu,sys1-ice2-p-swi-bel14,sw13p1,SU2 slot 25,mlx5_3,G1-G3
leaf-gpu,sys1-ice2-p-swi-bel14,sw13p2,SU2 slot 26,mlx5_3,G1-G3
leaf-gpu,sys1-ice2-p-swi-bel14,sw14p1,SU2 slot 27,mlx5_3,G1-G3
leaf-gpu,sys1-ice2-p-swi-bel14,sw14p2,SU2 slot 28,mlx5_3,G1-G3
leaf-gpu,sys1-ice2-p-swi-bel14,sw15p1,SU2 slot 29,mlx5_3,G1-G3
leaf-gpu,sys1-ice2-p-swi-bel14,sw15p2,SU2 slot 30,mlx5_3,G1-G3
leaf-gpu,sys1-ice2-p-swi-bel14,sw16p1,SU2 slot 31,mlx5_3,G1-G3
leaf-gpu,sys1-ice2-p-swi-bel14,sw16p2,SU2 slot 32,mlx5_3,G1-G3
leaf-gpu,sys1-ice2-p-swi-bel14,sw17p1,SU2 slot 33,mlx5_3,G1-G3
leaf-gpu,sys1-ice2-p-swi-bel14,sw17p2,SU2 slot 34,mlx5_3,G1-G3
leaf-gpu,sys1-ice2-p-swi-bel14,sw18p1,SU2 slot 35,mlx5_3,G1-G3
leaf-gpu,sys1-ice2-p-swi-bel14,sw18p2,SU2 slot 36,mlx5_3,G1-G3
leaf-gpu,sys1-ice2-p-swi-bel14,sw19p1,SU2 slot 37,mlx5_3,G1-G3
leaf-gpu,sys1-ice2-p-swi-bel14,sw19p2,SU2 slot 38,mlx5_3,G1-G3
leaf-gpu,sys1-ice2-p-swi-bel14,sw20p1,SU2 slot 39,mlx5_3,G1-G3
leaf-gpu,sys1-ice2-p-swi-bel14,sw20p2,SU2 slot 40,mlx5_3,G1-G3
leaf-gpu,sys1-ice2-p-swi-bel14,sw21p1,SU2 slot 41,mlx5_3,G1-G3
leaf-gpu,sys1-ice2-p-swi-bel14,sw21p2,SU2 slot 42,mlx5_3,G1-G3
leaf-gpu,sys1-ice2-p-swi-bel14,sw22p1,SU2 slot 43,mlx5_3,G1-G3
leaf-gpu,sys1-ice2-p-swi-bel14,sw22p2,SU2 slot 44,mlx5_3,G1-G3
leaf-gpu,sys1-ice2-p-swi-bel14,sw23p1,SU2 slot 45,mlx5_3,G1-G3
leaf-gpu,sys1-ice2-p-swi-bel14,sw23p2,SU2 slot 46,mlx5_3,G1-G3
leaf-gpu,sys1-ice2-p-swi-bel14,sw24p1,SU2 slot 47,mlx5_3,G1-G3
leaf-gpu,sys1-ice2-p-swi-bel14,sw24p2,SU2 slot 48,mlx5_3,G1-G3
leaf-gpu,sys1-ice2-p-swi-bel14,sw25p1,SU2 slot 49,mlx5_3,G1-G3
leaf-gpu,sys1-ice2-p-swi-bel14,sw25p2,SU2 slot 50,mlx5_3,G1-G3
leaf-gpu,sys1-ice2-p-swi-bel14,sw26p1,SU2 slot 51,mlx5_3,G1-G3
leaf-gpu,sys1-ice2-p-swi-bel14,sw26p2,SU2 slot 52,mlx5_3,G1-G3
leaf-gpu,sys1-ice2-p-swi-bel14,sw27p1,SU2 slot 53,mlx5_3,G1-G3
leaf-gpu,sys1-ice2-p-swi-bel14,sw27p2,SU2 slot 54,mlx5_3,G1-G3
leaf-gpu,sys1-ice2-p-swi-bel14,sw28p1,SU2 slot 55,mlx5_3,G1-G3
leaf-gpu,sys1-ice2-p-swi-bel14,sw28p2,SU2 slot 56,mlx5_3,G1-G3
leaf-gpu,sys1-ice2-p-swi-bel14,sw29p1,SU2 slot 57,mlx5_3,G1-G3
leaf-gpu,sys1-ice2-p-swi-bel14,sw29p2,SU2 slot 58,mlx5_3,G1-G3
leaf-gpu,sys1-ice2-p-swi-bel14,sw30p1,SU2 slot 59,mlx5_3,G1-G3
leaf-gpu,sys1-ice2-p-swi-bel14,sw30p2,SU2 slot 60,mlx5_3,G1-G3
leaf-gpu,sys1-ice2-p-swi-bel14,sw31p1,SU2 slot 61,mlx5_3,G1-G3
leaf-gpu,sys1-ice2-p-swi-bel14,sw31p2,SU2 slot 62,mlx5_3,G1-G3
leaf-gpu,sys1-ice2-p-swi-bel14,sw32p1,SU2 slot 63,mlx5_3,G1-G3
leaf-gpu,sys1-ice2-p-swi-bel14,sw32p2,SU2 slot 64,mlx5_3,G1-G3
leaf-gpu,sys1-ice2-p-swi-bel14,sw33p1,SU2 slot 65,mlx5_3,G1-G3
leaf-gpu,sys1-ice2-p-swi-bel14,sw33p2,SU2 slot 66,mlx5_3,G1-G3
leaf-gpu,sys1-ice2-p-swi-bel14,sw34p1,SU2 slot 67,mlx5_3,G1-G3
leaf-gpu,sys1-ice2-p-swi-bel14,sw34p2,SU2 slot 68,mlx5_3,G1-G3
leaf-gpu,sys1-ice2-p-swi-bel14,sw35p1,SU2 slot 69,mlx5_3,G1-G3
leaf-gpu,sys1-ice2-p-swi-bel14,sw35p2,SU2 slot 70,mlx5_3,G1-G3
leaf-gpu,sys1-ice2-p-swi-bel14,sw36p1,SU2 slot 71,mlx5_3,G1-G3
leaf-gpu,sys1-ice2-p-swi-bel14,sw36p2,SU2 slot 72,mlx5_3,G1-G3
leaf-gpu,sys1-ice2-p-swi-bel15,sw1p1,SU3 slot 1,mlx5_3,G1-G3
leaf-gpu,sys1-ice2-p-swi-bel15,sw1p2,SU3 slot 2,mlx5_3,G1-G3
leaf-gpu,sys1-ice2-p-swi-bel15,sw2p1,SU3 slot 3,mlx5_3,G1-G3
leaf-gpu,sys1-ice2-p-swi-bel15,sw2p2,SU3 slot 4,mlx5_3,G1-G3
leaf-gpu,sys1-ice2-p-swi-bel15,sw3p1,SU3 slot 5,mlx5_3,G1-G3
leaf-gpu,sys1-ice2-p-swi-bel15,sw3p2,SU3 slot 6,mlx5_3,G1-G3
leaf-gpu,sys1-ice2-p-swi-bel15,sw4p1,SU3 slot 7,mlx5_3,G1-G3
leaf-gpu,sys1-ice2-p-swi-bel15,sw4p2,SU3 slot 8,mlx5_3,G1-G3
leaf-gpu,sys1-ice2-p-swi-bel15,sw5p1,SU3 slot 9,mlx5_3,G1-G3
leaf-gpu,sys1-ice2-p-swi-bel15,sw5p2,SU3 slot 10,mlx5_3,G1-G3
leaf-gpu,sys1-ice2-p-swi-bel15,sw6p1,SU3 slot 11,mlx5_3,G1-G3
leaf-gpu,sys1-ice2-p-swi-bel15,sw6p2,SU3 slot 12,mlx5_3,G1-G3
leaf-gpu,sys1-ice2-p-swi-bel15,sw7p1,SU3 slot 13,mlx5_3,G1-G3
leaf-gpu,sys1-ice2-p-swi-bel15,sw7p2,SU3 slot 14,mlx5_3,G1-G3
leaf-gpu,sys1-ice2-p-swi-bel15,sw8p1,SU3 slot 15,mlx5_3,G1-G3
leaf-gpu,sys1-ice2-p-swi-bel15,sw8p2,SU3 slot 16,mlx5_3,G1-G3
leaf-gpu,sys1-ice2-p-swi-bel15,sw9p1,SU3 slot 17,mlx5_3,G1-G3
leaf-gpu,sys1-ice2-p-swi-bel15,sw9p2,SU3 slot 18,mlx5_3,G1-G3
leaf-gpu,sys1-ice2-p-swi-bel15,sw10p1,SU3 slot 19,mlx5_3,G1-G3
leaf-gpu,sys1-ice2-p-swi-bel15,sw10p2,SU3 slot 20,mlx5_3,G1-G3
leaf-gpu,sys1-ice2-p-swi-bel15,sw11p1,SU3 slot 21,mlx5_3,G1-G3
leaf-gpu,sys1-ice2-p-swi-bel15,sw11p2,SU3 slot 22,mlx5_3,G1-G3
leaf-gpu,sys1-ice2-p-swi-bel15,sw12p1,SU3 slot 23,mlx5_3,G1-G3
leaf-gpu,sys1-ice2-p-swi-bel15,sw12p2,SU3 slot 24,mlx5_3,G1-G3
leaf-gpu,sys1-ice2-p-swi-bel15,sw13p1,SU3 slot 25,mlx5_3,G1-G3
leaf-gpu,sys1-ice2-p-swi-bel15,sw13p2,SU3 slot 26,mlx5_3,G1-G3
leaf-gpu,sys1-ice2-p-swi-bel15,sw14p1,SU3 slot 27,mlx5_3,G1-G3
leaf-gpu,sys1-ice2-p-swi-bel15,sw14p2,SU3 slot 28,mlx5_3,G1-G3
leaf-gpu,sys1-ice2-p-swi-bel15,sw15p1,SU3 slot 29,mlx5_3,G1-G3
leaf-gpu,sys1-ice2-p-swi-bel15,sw15p2,SU3 slot 30,mlx5_3,G1-G3
leaf-gpu,sys1-ice2-p-swi-bel15,sw16p1,SU3 slot 31,mlx5_3,G1-G3
leaf-gpu,sys1-ice2-p-swi-bel15,sw16p2,SU3 slot 32,mlx5_3,G1-G3
leaf-gpu,sys1-ice2-p-swi-bel15,sw17p1,SU3 slot 33,mlx5_3,G1-G3
leaf-gpu,sys1-ice2-p-swi-bel15,sw17p2,SU3 slot 34,mlx5_3,G1-G3
leaf-gpu,sys1-ice2-p-swi-bel15,sw18p1,SU3 slot 35,mlx5_3,G1-G3
leaf-gpu,sys1-ice2-p-swi-bel15,sw18p2,SU3 slot 36,mlx5_3,G1-G3
leaf-gpu,sys1-ice2-p-swi-bel15,sw19p1,SU3 slot 37,mlx5_3,G1-G3
leaf-gpu,sys1-ice2-p-swi-bel15,sw19p2,SU3 slot 38,mlx5_3,G1-G3
leaf-gpu,sys1-ice2-p-swi-bel15,sw20p1,SU3 slot 39,mlx5_3,G1-G3
leaf-gpu,sys1-ice2-p-swi-bel15,sw20p2,SU3 slot 40,mlx5_3,G1-G3
leaf-gpu,sys1-ice2-p-swi-bel15,sw21p1,SU3 slot 41,mlx5_3,G1-G3
leaf-gpu,sys1-ice2-p-swi-bel15,sw21p2,SU3 slot 42,mlx5_3,G1-G3
leaf-gpu,sys1-ice2-p-swi-bel15,sw22p1,SU3 slot 43,mlx5_3,G1-G3
leaf-gpu,sys1-ice2-p-swi-bel15,sw22p2,SU3 slot 44,mlx5_3,G1-G3
leaf-gpu,sys1-ice2-p-swi-bel15,sw23p1,SU3 slot 45,mlx5_3,G1-G3
leaf-gpu,sys1-ice2-p-swi-bel15,sw23p2,SU3 slot 46,mlx5_3,G1-G3
leaf-gpu,sys1-ice2-p-swi-bel15,sw24p1,SU3 slot 47,mlx5_3,G1-G3
leaf-gpu,sys1-ice2-p-swi-bel15,sw24p2,SU3 slot 48,mlx5_3,G1-G3
leaf-gpu,sys1-ice2-p-swi-bel15,sw25p1,SU3 slot 49,mlx5_3,G1-G3
leaf-gpu,sys1-ice2-p-swi-bel15,sw25p2,SU3 slot 50,mlx5_3,G1-G3
leaf-gpu,sys1-ice2-p-swi-bel15,sw26p1,SU3 slot 51,mlx5_3,G1-G3
leaf-gpu,sys1-ice2-p-swi-bel15,sw26p2,SU3 slot 52,mlx5_3,G1-G3
leaf-gpu,sys1-ice2-p-swi-bel15,sw27p1,SU3 slot 53,mlx5_3,G1-G3
leaf-gpu,sys1-ice2-p-swi-bel15,sw27p2,SU3 slot 54,mlx5_3,G1-G3
leaf-gpu,sys1-ice2-p-swi-bel15,sw28p1,SU3 slot 55,mlx5_3,G1-G3
leaf-gpu,sys1-ice2-p-swi-bel15,sw28p2,SU3 slot 56,mlx5_3,G1-G3
leaf-gpu,sys1-ice2-p-swi-bel15,sw29p1,SU3 slot 57,mlx5_3,G1-G3
leaf-gpu,sys1-ice2-p-swi-bel15,sw29p2,SU3 slot 58,mlx5_3,G1-G3
leaf-gpu,sys1-ice2-p-swi-bel15,sw30p1,SU3 slot 59,mlx5_3,G1-G3
leaf-gpu,sys1-ice2-p-swi-bel15,sw30p2,SU3 slot 60,mlx5_3,G1-G3
leaf-gpu,sys1-ice2-p-swi-bel15,sw31p1,SU3 slot 61,mlx5_3,G1-G3
leaf-gpu,sys1-ice2-p-swi-bel15,sw31p2,SU3 slot 62,mlx5_3,G1-G3
leaf-gpu,sys1-ice2-p-swi-bel15,sw32p1,SU3 slot 63,mlx5_3,G1-G3
leaf-gpu,sys1-ice2-p-swi-bel15,sw32p2,SU3 slot 64,mlx5_3,G1-G3
leaf-gpu,sys1-ice2-p-swi-bel15,sw33p1,SU3 slot 65,mlx5_3,G1-G3
leaf-gpu,sys1-ice2-p-swi-bel15,sw33p2,SU3 slot 66,mlx5_3,G1-G3
leaf-gpu,sys1-ice2-p-swi-bel15,sw34p1,SU3 slot 67,mlx5_3,G1-G3
leaf-gpu,sys1-ice2-p-swi-bel15,sw34p2,SU3 slot 68,mlx5_3,G1-G3
leaf-gpu,sys1-ice2-p-swi-bel15,sw35p1,SU3 slot 69,mlx5_3,G1-G3
leaf-gpu,sys1-ice2-p-swi-bel15,sw35p2,SU3 slot 70,mlx5_3,G1-G3
leaf-gpu,sys1-ice2-p-swi-bel15,sw36p1,SU3 slot 71,mlx5_3,G1-G3
leaf-gpu,sys1-ice2-p-swi-bel15,sw36p2,SU3 slot 72,mlx5_3,G1-G3
leaf-gpu,sys1-ice2-p-swi-bel16,sw1p1,SU4 slot 1,mlx5_3,G1-G3
leaf-gpu,sys1-ice2-p-swi-bel16,sw1p2,SU4 slot 2,mlx5_3,G1-G3
leaf-gpu,sys1-ice2-p-swi-bel16,sw2p1,SU4 slot 3,mlx5_3,G1-G3
leaf-gpu,sys1-ice2-p-swi-bel16,sw2p2,SU4 slot 4,mlx5_3,G1-G3
leaf-gpu,sys1-ice2-p-swi-bel16,sw3p1,SU4 slot 5,mlx5_3,G1-G3
leaf-gpu,sys1-ice2-p-swi-bel16,sw3p2,SU4 slot 6,mlx5_3,G1-G3
leaf-gpu,sys1-ice2-p-swi-bel16,sw4p1,SU4 slot 7,mlx5_3,G1-G3
leaf-gpu,sys1-ice2-p-swi-bel16,sw4p2,SU4 slot 8,mlx5_3,G1-G3
leaf-gpu,sys1-ice2-p-swi-bel16,sw5p1,SU4 slot 9,mlx5_3,G1-G3
leaf-gpu,sys1-ice2-p-swi-bel16,sw5p2,SU4 slot 10,mlx5_3,G1-G3
leaf-gpu,sys1-ice2-p-swi-bel16,sw6p1,SU4 slot 11,mlx5_3,G1-G3
leaf-gpu,sys1-ice2-p-swi-bel16,sw6p2,SU4 slot 12,mlx5_3,G1-G3
leaf-gpu,sys1-ice2-p-swi-bel16,sw7p1,SU4 slot 13,mlx5_3,G1-G3
leaf-gpu,sys1-ice2-p-swi-bel16,sw7p2,SU4 slot 14,mlx5_3,G1-G3
leaf-gpu,sys1-ice2-p-swi-bel16,sw8p1,SU4 slot 15,mlx5_3,G1-G3
leaf-gpu,sys1-ice2-p-swi-bel16,sw8p2,SU4 slot 16,mlx5_3,G1-G3
leaf-gpu,sys1-ice2-p-swi-bel16,sw9p1,SU4 slot 17,mlx5_3,G1-G3
leaf-gpu,sys1-ice2-p-swi-bel16,sw9p2,SU4 slot 18,mlx5_3,G1-G3
leaf-gpu,sys1-ice2-p-swi-bel16,sw10p1,SU4 slot 19,mlx5_3,G1-G3
leaf-gpu,sys1-ice2-p-swi-bel16,sw10p2,SU4 slot 20,mlx5_3,G1-G3
leaf-gpu,sys1-ice2-p-swi-bel16,sw11p1,SU4 slot 21,mlx5_3,G1-G3
leaf-gpu,sys1-ice2-p-swi-bel16,sw11p2,SU4 slot 22,mlx5_3,G1-G3
leaf-gpu,sys1-ice2-p-swi-bel16,sw12p1,SU4 slot 23,mlx5_3,G1-G3
leaf-gpu,sys1-ice2-p-swi-bel16,sw12p2,SU4 slot 24,mlx5_3,G1-G3
leaf-gpu,sys1-ice2-p-swi-bel16,sw13p1,SU4 slot 25,mlx5_3,G1-G3
leaf-gpu,sys1-ice2-p-swi-bel16,sw13p2,SU4 slot 26,mlx5_3,G1-G3
leaf-gpu,sys1-ice2-p-swi-bel16,sw14p1,SU4 slot 27,mlx5_3,G1-G3
leaf-gpu,sys1-ice2-p-swi-bel16,sw14p2,SU4 slot 28,mlx5_3,G1-G3
leaf-gpu,sys1-ice2-p-swi-bel16,sw15p1,SU4 slot 29,mlx5_3,G1-G3
leaf-gpu,sys1-ice2-p-swi-bel16,sw15p2,SU4 slot 30,mlx5_3,G1-G3
leaf-gpu,sys1-ice2-p-swi-bel16,sw16p1,SU4 slot 31,mlx5_3,G1-G3
leaf-gpu,sys1-ice2-p-swi-bel16,sw16p2,SU4 slot 32,mlx5_3,G1-G3
leaf-gpu,sys1-ice2-p-swi-bel16,sw17p1,SU4 slot 33,mlx5_3,G1-G3
leaf-gpu,sys1-ice2-p-swi-bel16,sw17p2,SU4 slot 34,mlx5_3,G1-G3
leaf-gpu,sys1-ice2-p-swi-bel16,sw18p1,SU4 slot 35,mlx5_3,G1-G3
leaf-gpu,sys1-ice2-p-swi-bel16,sw18p2,SU4 slot 36,mlx5_3,G1-G3
leaf-gpu,sys1-ice2-p-swi-bel16,sw19p1,SU4 slot 37,mlx5_3,G1-G3
leaf-gpu,sys1-ice2-p-swi-bel16,sw19p2,SU4 slot 38,mlx5_3,G1-G3
leaf-gpu,sys1-ice2-p-swi-bel16,sw20p1,SU4 slot 39,mlx5_3,G1-G3
leaf-gpu,sys1-ice2-p-swi-bel16,sw20p2,SU4 slot 40,mlx5_3,G1-G3
leaf-gpu,sys1-ice2-p-swi-bel16,sw21p1,SU4 slot 41,mlx5_3,G1-G3
leaf-gpu,sys1-ice2-p-swi-bel16,sw21p2,SU4 slot 42,mlx5_3,G1-G3
leaf-gpu,sys1-ice2-p-swi-bel16,sw22p1,SU4 slot 43,mlx5_3,G1-G3
leaf-gpu,sys1-ice2-p-swi-bel16,sw22p2,SU4 slot 44,mlx5_3,G1-G3
leaf-gpu,sys1-ice2-p-swi-bel16,sw23p1,SU4 slot 45,mlx5_3,G1-G3
leaf-gpu,sys1-ice2-p-swi-bel16,sw23p2,SU4 slot 46,mlx5_3,G1-G3
leaf-gpu,sys1-ice2-p-swi-bel16,sw24p1,SU4 slot 47,mlx5_3,G1-G3
leaf-gpu,sys1-ice2-p-swi-bel16,sw24p2,SU4 slot 48,mlx5_3,G1-G3
leaf-gpu,sys1-ice2-p-swi-bel16,sw25p1,SU4 slot 49,mlx5_3,G1-G3
leaf-gpu,sys1-ice2-p-swi-bel16,sw25p2,SU4 slot 50,mlx5_3,G1-G3
leaf-gpu,sys1-ice2-p-swi-bel16,sw26p1,SU4 slot 51,mlx5_3,G1-G3
leaf-gpu,sys1-ice2-p-swi-bel16,sw26p2,SU4 slot 52,mlx5_3,G1-G3
leaf-gpu,sys1-ice2-p-swi-bel16,sw27p1,SU4 slot 53,mlx5_3,G1-G3
leaf-gpu,sys1-ice2-p-swi-bel16,sw27p2,SU4 slot 54,mlx5_3,G1-G3
leaf-gpu,sys1-ice2-p-swi-bel16,sw28p1,SU4 slot 55,mlx5_3,G1-G3
leaf-gpu,sys1-ice2-p-swi-bel16,sw28p2,SU4 slot 56,mlx5_3,G1-G3
leaf-gpu,sys1-ice2-p-swi-bel16,sw29p1,SU4 slot 57,mlx5_3,G1-G3
leaf-gpu,sys1-ice2-p-swi-bel16,sw29p2,SU4 slot 58,mlx5_3,G1-G3
leaf-gpu,sys1-ice2-p-swi-bel16,sw30p1,SU4 slot 59,mlx5_3,G1-G3
leaf-gpu,sys1-ice2-p-swi-bel16,sw30p2,SU4 slot 60,mlx5_3,G1-G3
leaf-gpu,sys1-ice2-p-swi-bel16,sw31p1,SU4 slot 61,mlx5_3,G1-G3
leaf-gpu,sys1-ice2-p-swi-bel16,sw31p2,SU4 slot 62,mlx5_3,G1-G3
leaf-gpu,sys1-ice2-p-swi-bel16,sw32p1,SU4 slot 63,mlx5_3,G1-G3
leaf-gpu,sys1-ice2-p-swi-bel16,sw32p2,SU4 slot 64,mlx5_3,G1-G3
leaf-gpu,sys1-ice2-p-swi-bel16,sw33p1,SU4 slot 65,mlx5_3,G1-G3
leaf-gpu,sys1-ice2-p-swi-bel16,sw33p2,SU4 slot 66,mlx5_3,G1-G3
leaf-gpu,sys1-ice2-p-swi-bel16,sw34p1,SU4 slot 67,mlx5_3,G1-G3
leaf-gpu,sys1-ice2-p-swi-bel16,sw34p2,SU4 slot 68,mlx5_3,G1-G3
leaf-gpu,sys1-ice2-p-swi-bel16,sw35p1,SU4 slot 69,mlx5_3,G1-G3
leaf-gpu,sys1-ice2-p-swi-bel16,sw35p2,SU4 slot 70,mlx5_3,G1-G3
leaf-gpu,sys1-ice2-p-swi-bel16,sw36p1,SU4 slot 71,mlx5_3,G1-G3
leaf-gpu,sys1-ice2-p-swi-bel16,sw36p2,SU4 slot 72,mlx5_3,G1-G3
leaf-gpu,sys1-ice2-p-swi-bel17,sw1p1,SU5 slot 1,mlx5_0,G1-G3
leaf-gpu,sys1-ice2-p-swi-bel17,sw1p2,SU5 slot 2,mlx5_0,G1-G3
leaf-gpu,sys1-ice2-p-swi-bel17,sw2p1,SU5 slot 3,mlx5_0,G1-G3
leaf-gpu,sys1-ice2-p-swi-bel17,sw2p2,SU5 slot 4,mlx5_0,G1-G3
leaf-gpu,sys1-ice2-p-swi-bel17,sw3p1,SU5 slot 5,mlx5_0,G1-G3
leaf-gpu,sys1-ice2-p-swi-bel17,sw3p2,SU5 slot 6,mlx5_0,G1-G3
leaf-gpu,sys1-ice2-p-swi-bel17,sw4p1,SU5 slot 7,mlx5_0,G1-G3
leaf-gpu,sys1-ice2-p-swi-bel17,sw4p2,SU5 slot 8,mlx5_0,G1-G3
leaf-gpu,sys1-ice2-p-swi-bel17,sw5p1,SU5 slot 9,mlx5_0,G1-G3
leaf-gpu,sys1-ice2-p-swi-bel17,sw5p2,SU5 slot 10,mlx5_0,G1-G3
leaf-gpu,sys1-ice2-p-swi-bel17,sw6p1,SU5 slot 11,mlx5_0,G1-G3
leaf-gpu,sys1-ice2-p-swi-bel17,sw6p2,SU5 slot 12,mlx5_0,G1-G3
leaf-gpu,sys1-ice2-p-swi-bel17,sw7p1,SU5 slot 13,mlx5_0,G1-G3
leaf-gpu,sys1-ice2-p-swi-bel17,sw7p2,SU5 slot 14,mlx5_0,G1-G3
leaf-gpu,sys1-ice2-p-swi-bel17,sw8p1,SU5 slot 15,mlx5_0,G1-G3
leaf-gpu,sys1-ice2-p-swi-bel17,sw8p2,SU5 slot 16,mlx5_0,G1-G3
leaf-gpu,sys1-ice2-p-swi-bel17,sw9p1,SU5 slot 17,mlx5_0,G1-G3
leaf-gpu,sys1-ice2-p-swi-bel17,sw9p2,SU5 slot 18,mlx5_0,G1-G3
leaf-gpu,sys1-ice2-p-swi-bel17,sw10p1,SU5 slot 19,mlx5_0,G1-G3
leaf-gpu,sys1-ice2-p-swi-bel17,sw10p2,SU5 slot 20,mlx5_0,G1-G3
leaf-gpu,sys1-ice2-p-swi-bel17,sw11p1,SU5 slot 21,mlx5_0,G1-G3
leaf-gpu,sys1-ice2-p-swi-bel17,sw11p2,SU5 slot 22,mlx5_0,G1-G3
leaf-gpu,sys1-ice2-p-swi-bel17,sw12p1,SU5 slot 23,mlx5_0,G1-G3
leaf-gpu,sys1-ice2-p-swi-bel17,sw12p2,SU5 slot 24,mlx5_0,G1-G3
leaf-gpu,sys1-ice2-p-swi-bel17,sw13p1,SU5 slot 25,mlx5_0,G1-G3
leaf-gpu,sys1-ice2-p-swi-bel17,sw13p2,SU5 slot 26,mlx5_0,G1-G3
leaf-gpu,sys1-ice2-p-swi-bel17,sw14p1,SU5 slot 27,mlx5_0,G1-G3
leaf-gpu,sys1-ice2-p-swi-bel17,sw14p2,SU5 slot 28,mlx5_0,G1-G3
leaf-gpu,sys1-ice2-p-swi-bel17,sw15p1,SU5 slot 29,mlx5_0,G1-G3
leaf-gpu,sys1-ice2-p-swi-bel17,sw15p2,SU5 slot 30,mlx5_0,G1-G3
leaf-gpu,sys1-ice2-p-swi-bel17,sw16p1,SU5 slot 31,mlx5_0,G1-G3
leaf-gpu,sys1-ice2-p-swi-bel17,sw16p2,SU5 slot 32,mlx5_0,G1-G3
leaf-gpu,sys1-ice2-p-swi-bel17,sw17p1,SU5 slot 33,mlx5_0,G1-G3
leaf-gpu,sys1-ice2-p-swi-bel17,sw17p2,SU5 slot 34,mlx5_0,G1-G3
leaf-gpu,sys1-ice2-p-swi-bel17,sw18p1,SU5 slot 35,mlx5_0,G1-G3
leaf-gpu,sys1-ice2-p-swi-bel17,sw18p2,SU5 slot 36,mlx5_0,G1-G3
leaf-gpu,sys1-ice2-p-swi-bel17,sw19p1,SU5 slot 37,mlx5_0,G1-G3
leaf-gpu,sys1-ice2-p-swi-bel17,sw19p2,SU5 slot 38,mlx5_0,G1-G3
leaf-gpu,sys1-ice2-p-swi-bel17,sw20p1,SU5 slot 39,mlx5_0,G1-G3
leaf-gpu,sys1-ice2-p-swi-bel17,sw20p2,SU5 slot 40,mlx5_0,G1-G3
leaf-gpu,sys1-ice2-p-swi-bel17,sw21p1,SU5 slot 41,mlx5_0,G1-G3
leaf-gpu,sys1-ice2-p-swi-bel17,sw21p2,SU5 slot 42,mlx5_0,G1-G3
leaf-gpu,sys1-ice2-p-swi-bel17,sw22p1,SU5 slot 43,mlx5_0,G1-G3
leaf-gpu,sys1-ice2-p-swi-bel17,sw22p2,SU5 slot 44,mlx5_0,G1-G3
leaf-gpu,sys1-ice2-p-swi-bel17,sw23p1,SU5 slot 45,mlx5_0,G1-G3
leaf-gpu,sys1-ice2-p-swi-bel17,sw23p2,SU5 slot 46,mlx5_0,G1-G3
leaf-gpu,sys1-ice2-p-swi-bel17,sw24p1,SU5 slot 47,mlx5_0,G1-G3
leaf-gpu,sys1-ice2-p-swi-bel17,sw24p2,SU5 slot 48,mlx5_0,G1-G3
leaf-gpu,sys1-ice2-p-swi-bel17,sw25p1,SU5 slot 49,mlx5_0,G1-G3
leaf-gpu,sys1-ice2-p-swi-bel17,sw25p2,SU5 slot 50,mlx5_0,G1-G3
leaf-gpu,sys1-ice2-p-swi-bel17,sw26p1,SU5 slot 51,mlx5_0,G1-G3
leaf-gpu,sys1-ice2-p-swi-bel17,sw26p2,SU5 slot 52,mlx5_0,G1-G3
leaf-gpu,sys1-ice2-p-swi-bel17,sw27p1,SU5 slot 53,mlx5_0,G1-G3
leaf-gpu,sys1-ice2-p-swi-bel17,sw27p2,SU5 slot 54,mlx5_0,G1-G3
leaf-gpu,sys1-ice2-p-swi-bel17,sw28p1,SU5 slot 55,mlx5_0,G1-G3
leaf-gpu,sys1-ice2-p-swi-bel17,sw28p2,SU5 slot 56,mlx5_0,G1-G3
leaf-gpu,sys1-ice2-p-swi-bel17,sw29p1,SU5 slot 57,mlx5_0,G1-G3
leaf-gpu,sys1-ice2-p-swi-bel17,sw29p2,SU5 slot 58,mlx5_0,G1-G3
leaf-gpu,sys1-ice2-p-swi-bel17,sw30p1,SU5 slot 59,mlx5_0,G1-G3
leaf-gpu,sys1-ice2-p-swi-bel17,sw30p2,SU5 slot 60,mlx5_0,G1-G3
leaf-gpu,sys1-ice2-p-swi-bel17,sw31p1,SU5 slot 61,mlx5_0,G1-G3
leaf-gpu,sys1-ice2-p-swi-bel17,sw31p2,SU5 slot 62,mlx5_0,G1-G3
leaf-gpu,sys1-ice2-p-swi-bel17,sw32p1,SU5 slot 63,mlx5_0,G1-G3
leaf-gpu,sys1-ice2-p-swi-bel17,sw32p2,SU5 slot 64,mlx5_0,G1-G3
leaf-gpu,sys1-ice2-p-swi-bel17,sw33p1,SU5 slot 65,mlx5_0,G1-G3
leaf-gpu,sys1-ice2-p-swi-bel17,sw33p2,SU5 slot 66,mlx5_0,G1-G3
leaf-gpu,sys1-ice2-p-swi-bel17,sw34p1,SU5 slot 67,mlx5_0,G1-G3
leaf-gpu,sys1-ice2-p-swi-bel17,sw34p2,SU5 slot 68,mlx5_0,G1-G3
leaf-gpu,sys1-ice2-p-swi-bel17,sw35p1,SU5 slot 69,mlx5_0,G1-G3
leaf-gpu,sys1-ice2-p-swi-bel17,sw35p2,SU5 slot 70,mlx5_0,G1-G3
leaf-gpu,sys1-ice2-p-swi-bel17,sw36p1,SU5 slot 71,mlx5_0,G1-G3
leaf-gpu,sys1-ice2-p-swi-bel17,sw36p2,SU5 slot 72,mlx5_0,G1-G3
leaf-gpu,sys1-ice2-p-swi-bel18,sw1p1,SU6 slot 1,mlx5_0,G1-G3
leaf-gpu,sys1-ice2-p-swi-bel18,sw1p2,SU6 slot 2,mlx5_0,G1-G3
leaf-gpu,sys1-ice2-p-swi-bel18,sw2p1,SU6 slot 3,mlx5_0,G1-G3
leaf-gpu,sys1-ice2-p-swi-bel18,sw2p2,SU6 slot 4,mlx5_0,G1-G3
leaf-gpu,sys1-ice2-p-swi-bel18,sw3p1,SU6 slot 5,mlx5_0,G1-G3
leaf-gpu,sys1-ice2-p-swi-bel18,sw3p2,SU6 slot 6,mlx5_0,G1-G3
leaf-gpu,sys1-ice2-p-swi-bel18,sw4p1,SU6 slot 7,mlx5_0,G1-G3
leaf-gpu,sys1-ice2-p-swi-bel18,sw4p2,SU6 slot 8,mlx5_0,G1-G3
leaf-gpu,sys1-ice2-p-swi-bel18,sw5p1,SU6 slot 9,mlx5_0,G1-G3
leaf-gpu,sys1-ice2-p-swi-bel18,sw5p2,SU6 slot 10,mlx5_0,G1-G3
leaf-gpu,sys1-ice2-p-swi-bel18,sw6p1,SU6 slot 11,mlx5_0,G1-G3
leaf-gpu,sys1-ice2-p-swi-bel18,sw6p2,SU6 slot 12,mlx5_0,G1-G3
leaf-gpu,sys1-ice2-p-swi-bel18,sw7p1,SU6 slot 13,mlx5_0,G1-G3
leaf-gpu,sys1-ice2-p-swi-bel18,sw7p2,SU6 slot 14,mlx5_0,G1-G3
leaf-gpu,sys1-ice2-p-swi-bel18,sw8p1,SU6 slot 15,mlx5_0,G1-G3
leaf-gpu,sys1-ice2-p-swi-bel18,sw8p2,SU6 slot 16,mlx5_0,G1-G3
leaf-gpu,sys1-ice2-p-swi-bel18,sw9p1,SU6 slot 17,mlx5_0,G1-G3
leaf-gpu,sys1-ice2-p-swi-bel18,sw9p2,SU6 slot 18,mlx5_0,G1-G3
leaf-gpu,sys1-ice2-p-swi-bel18,sw10p1,SU6 slot 19,mlx5_0,G1-G3
leaf-gpu,sys1-ice2-p-swi-bel18,sw10p2,SU6 slot 20,mlx5_0,G1-G3
leaf-gpu,sys1-ice2-p-swi-bel18,sw11p1,SU6 slot 21,mlx5_0,G1-G3
leaf-gpu,sys1-ice2-p-swi-bel18,sw11p2,SU6 slot 22,mlx5_0,G1-G3
leaf-gpu,sys1-ice2-p-swi-bel18,sw12p1,SU6 slot 23,mlx5_0,G1-G3
leaf-gpu,sys1-ice2-p-swi-bel18,sw12p2,SU6 slot 24,mlx5_0,G1-G3
leaf-gpu,sys1-ice2-p-swi-bel18,sw13p1,SU6 slot 25,mlx5_0,G1-G3
leaf-gpu,sys1-ice2-p-swi-bel18,sw13p2,SU6 slot 26,mlx5_0,G1-G3
leaf-gpu,sys1-ice2-p-swi-bel18,sw14p1,SU6 slot 27,mlx5_0,G1-G3
leaf-gpu,sys1-ice2-p-swi-bel18,sw14p2,SU6 slot 28,mlx5_0,G1-G3
leaf-gpu,sys1-ice2-p-swi-bel18,sw15p1,SU6 slot 29,mlx5_0,G1-G3
leaf-gpu,sys1-ice2-p-swi-bel18,sw15p2,SU6 slot 30,mlx5_0,G1-G3
leaf-gpu,sys1-ice2-p-swi-bel18,sw16p1,SU6 slot 31,mlx5_0,G1-G3
leaf-gpu,sys1-ice2-p-swi-bel18,sw16p2,SU6 slot 32,mlx5_0,G1-G3
leaf-gpu,sys1-ice2-p-swi-bel18,sw17p1,SU6 slot 33,mlx5_0,G1-G3
leaf-gpu,sys1-ice2-p-swi-bel18,sw17p2,SU6 slot 34,mlx5_0,G1-G3
leaf-gpu,sys1-ice2-p-swi-bel18,sw18p1,SU6 slot 35,mlx5_0,G1-G3
leaf-gpu,sys1-ice2-p-swi-bel18,sw18p2,SU6 slot 36,mlx5_0,G1-G3
leaf-gpu,sys1-ice2-p-swi-bel18,sw19p1,SU6 slot 37,mlx5_0,G1-G3
leaf-gpu,sys1-ice2-p-swi-bel18,sw19p2,SU6 slot 38,mlx5_0,G1-G3
leaf-gpu,sys1-ice2-p-swi-bel18,sw20p1,SU6 slot 39,mlx5_0,G1-G3
leaf-gpu,sys1-ice2-p-swi-bel18,sw20p2,SU6 slot 40,mlx5_0,G1-G3
leaf-gpu,sys1-ice2-p-swi-bel18,sw21p1,SU6 slot 41,mlx5_0,G1-G3
leaf-gpu,sys1-ice2-p-swi-bel18,sw21p2,SU6 slot 42,mlx5_0,G1-G3
leaf-gpu,sys1-ice2-p-swi-bel18,sw22p1,SU6 slot 43,mlx5_0,G1-G3
leaf-gpu,sys1-ice2-p-swi-bel18,sw22p2,SU6 slot 44,mlx5_0,G1-G3
leaf-gpu,sys1-ice2-p-swi-bel18,sw23p1,SU6 slot 45,mlx5_0,G1-G3
leaf-gpu,sys1-ice2-p-swi-bel18,sw23p2,SU6 slot 46,mlx5_0,G1-G3
leaf-gpu,sys1-ice2-p-swi-bel18,sw24p1,SU6 slot 47,mlx5_0,G1-G3
leaf-gpu,sys1-ice2-p-swi-bel18,sw24p2,SU6 slot 48,mlx5_0,G1-G3
leaf-gpu,sys1-ice2-p-swi-bel18,sw25p1,SU6 slot 49,mlx5_0,G1-G3
leaf-gpu,sys1-ice2-p-swi-bel18,sw25p2,SU6 slot 50,mlx5_0,G1-G3
leaf-gpu,sys1-ice2-p-swi-bel18,sw26p1,SU6 slot 51,mlx5_0,G1-G3
leaf-gpu,sys1-ice2-p-swi-bel18,sw26p2,SU6 slot 52,mlx5_0,G1-G3
leaf-gpu,sys1-ice2-p-swi-bel18,sw27p1,SU6 slot 53,mlx5_0,G1-G3
leaf-gpu,sys1-ice2-p-swi-bel18,sw27p2,SU6 slot 54,mlx5_0,G1-G3
leaf-gpu,sys1-ice2-p-swi-bel18,sw28p1,SU6 slot 55,mlx5_0,G1-G3
leaf-gpu,sys1-ice2-p-swi-bel18,sw28p2,SU6 slot 56,mlx5_0,G1-G3
leaf-gpu,sys1-ice2-p-swi-bel18,sw29p1,SU6 slot 57,mlx5_0,G1-G3
leaf-gpu,sys1-ice2-p-swi-bel18,sw29p2,SU6 slot 58,mlx5_0,G1-G3
leaf-gpu,sys1-ice2-p-swi-bel18,sw30p1,SU6 slot 59,mlx5_0,G1-G3
leaf-gpu,sys1-ice2-p-swi-bel18,sw30p2,SU6 slot 60,mlx5_0,G1-G3
leaf-gpu,sys1-ice2-p-swi-bel18,sw31p1,SU6 slot 61,mlx5_0,G1-G3
leaf-gpu,sys1-ice2-p-swi-bel18,sw31p2,SU6 slot 62,mlx5_0,G1-G3
leaf-gpu,sys1-ice2-p-swi-bel18,sw32p1,SU6 slot 63,mlx5_0,G1-G3
leaf-gpu,sys1-ice2-p-swi-bel18,sw32p2,SU6 slot 64,mlx5_0,G1-G3
leaf-gpu,sys1-ice2-p-swi-bel18,sw33p1,SU6 slot 65,mlx5_0,G1-G3
leaf-gpu,sys1-ice2-p-swi-bel18,sw33p2,SU6 slot 66,mlx5_0,G1-G3
leaf-gpu,sys1-ice2-p-swi-bel18,sw34p1,SU6 slot 67,mlx5_0,G1-G3
leaf-gpu,sys1-ice2-p-swi-bel18,sw34p2,SU6 slot 68,mlx5_0,G1-G3
leaf-gpu,sys1-ice2-p-swi-bel18,sw35p1,SU6 slot 69,mlx5_0,G1-G3
leaf-gpu,sys1-ice2-p-swi-bel18,sw35p2,SU6 slot 70,mlx5_0,G1-G3
leaf-gpu,sys1-ice2-p-swi-bel18,sw36p1,SU6 slot 71,mlx5_0,G1-G3
leaf-gpu,sys1-ice2-p-swi-bel18,sw36p2,SU6 slot 72,mlx5_0,G1-G3
leaf-gpu,sys1-ice2-p-swi-bel19,sw1p1,SU7 slot 1,mlx5_0,G1-G3
leaf-gpu,sys1-ice2-p-swi-bel19,sw1p2,SU7 slot 2,mlx5_0,G1-G3
leaf-gpu,sys1-ice2-p-swi-bel19,sw2p1,SU7 slot 3,mlx5_0,G1-G3
leaf-gpu,sys1-ice2-p-swi-bel19,sw2p2,SU7 slot 4,mlx5_0,G1-G3
leaf-gpu,sys1-ice2-p-swi-bel19,sw3p1,SU7 slot 5,mlx5_0,G1-G3
leaf-gpu,sys1-ice2-p-swi-bel19,sw3p2,SU7 slot 6,mlx5_0,G1-G3
leaf-gpu,sys1-ice2-p-swi-bel19,sw4p1,SU7 slot 7,mlx5_0,G1-G3
leaf-gpu,sys1-ice2-p-swi-bel19,sw4p2,SU7 slot 8,mlx5_0,G1-G3
leaf-gpu,sys1-ice2-p-swi-bel19,sw5p1,SU7 slot 9,mlx5_0,G1-G3
leaf-gpu,sys1-ice2-p-swi-bel19,sw5p2,SU7 slot 10,mlx5_0,G1-G3
leaf-gpu,sys1-ice2-p-swi-bel19,sw6p1,SU7 slot 11,mlx5_0,G1-G3
leaf-gpu,sys1-ice2-p-swi-bel19,sw6p2,SU7 slot 12,mlx5_0,G1-G3
leaf-gpu,sys1-ice2-p-swi-bel19,sw7p1,SU7 slot 13,mlx5_0,G1-G3
leaf-gpu,sys1-ice2-p-swi-bel19,sw7p2,SU7 slot 14,mlx5_0,G1-G3
leaf-gpu,sys1-ice2-p-swi-bel19,sw8p1,SU7 slot 15,mlx5_0,G1-G3
leaf-gpu,sys1-ice2-p-swi-bel19,sw8p2,SU7 slot 16,mlx5_0,G1-G3
leaf-gpu,sys1-ice2-p-swi-bel19,sw9p1,SU7 slot 17,mlx5_0,G1-G3
leaf-gpu,sys1-ice2-p-swi-bel19,sw9p2,SU7 slot 18,mlx5_0,G1-G3
leaf-gpu,sys1-ice2-p-swi-bel19,sw10p1,SU7 slot 19,mlx5_0,G1-G3
leaf-gpu,sys1-ice2-p-swi-bel19,sw10p2,SU7 slot 20,mlx5_0,G1-G3
leaf-gpu,sys1-ice2-p-swi-bel19,sw11p1,SU7 slot 21,mlx5_0,G1-G3
leaf-gpu,sys1-ice2-p-swi-bel19,sw11p2,SU7 slot 22,mlx5_0,G1-G3
leaf-gpu,sys1-ice2-p-swi-bel19,sw12p1,SU7 slot 23,mlx5_0,G1-G3
leaf-gpu,sys1-ice2-p-swi-bel19,sw12p2,SU7 slot 24,mlx5_0,G1-G3
leaf-gpu,sys1-ice2-p-swi-bel19,sw13p1,SU7 slot 25,mlx5_0,G1-G3
leaf-gpu,sys1-ice2-p-swi-bel19,sw13p2,SU7 slot 26,mlx5_0,G1-G3
leaf-gpu,sys1-ice2-p-swi-bel19,sw14p1,SU7 slot 27,mlx5_0,G1-G3
leaf-gpu,sys1-ice2-p-swi-bel19,sw14p2,SU7 slot 28,mlx5_0,G1-G3
leaf-gpu,sys1-ice2-p-swi-bel19,sw15p1,SU7 slot 29,mlx5_0,G1-G3
leaf-gpu,sys1-ice2-p-swi-bel19,sw15p2,SU7 slot 30,mlx5_0,G1-G3
leaf-gpu,sys1-ice2-p-swi-bel19,sw16p1,SU7 slot 31,mlx5_0,G1-G3
leaf-gpu,sys1-ice2-p-swi-bel19,sw16p2,SU7 slot 32,mlx5_0,G1-G3
leaf-gpu,sys1-ice2-p-swi-bel19,sw17p1,SU7 slot 33,mlx5_0,G1-G3
leaf-gpu,sys1-ice2-p-swi-bel19,sw17p2,SU7 slot 34,mlx5_0,G1-G3
leaf-gpu,sys1-ice2-p-swi-bel19,sw18p1,SU7 slot 35,mlx5_0,G1-G3
leaf-gpu,sys1-ice2-p-swi-bel19,sw18p2,SU7 slot 36,mlx5_0,G1-G3
leaf-gpu,sys1-ice2-p-swi-bel19,sw19p1,SU7 slot 37,mlx5_0,G1-G3
leaf-gpu,sys1-ice2-p-swi-bel19,sw19p2,SU7 slot 38,mlx5_0,G1-G3
leaf-gpu,sys1-ice2-p-swi-bel19,sw20p1,SU7 slot 39,mlx5_0,G1-G3
leaf-gpu,sys1-ice2-p-swi-bel19,sw20p2,SU7 slot 40,mlx5_0,G1-G3
leaf-gpu,sys1-ice2-p-swi-bel19,sw21p1,SU7 slot 41,mlx5_0,G1-G3
leaf-gpu,sys1-ice2-p-swi-bel19,sw21p2,SU7 slot 42,mlx5_0,G1-G3
leaf-gpu,sys1-ice2-p-swi-bel19,sw22p1,SU7 slot 43,mlx5_0,G1-G3
leaf-gpu,sys1-ice2-p-swi-bel19,sw22p2,SU7 slot 44,mlx5_0,G1-G3
leaf-gpu,sys1-ice2-p-swi-bel19,sw23p1,SU7 slot 45,mlx5_0,G1-G3
leaf-gpu,sys1-ice2-p-swi-bel19,sw23p2,SU7 slot 46,mlx5_0,G1-G3
leaf-gpu,sys1-ice2-p-swi-bel19,sw24p1,SU7 slot 47,mlx5_0,G1-G3
leaf-gpu,sys1-ice2-p-swi-bel19,sw24p2,SU7 slot 48,mlx5_0,G1-G3
leaf-gpu,sys1-ice2-p-swi-bel19,sw25p1,SU7 slot 49,mlx5_0,G1-G3
leaf-gpu,sys1-ice2-p-swi-bel19,sw25p2,SU7 slot 50,mlx5_0,G1-G3
leaf-gpu,sys1-ice2-p-swi-bel19,sw26p1,SU7 slot 51,mlx5_0,G1-G3
leaf-gpu,sys1-ice2-p-swi-bel19,sw26p2,SU7 slot 52,mlx5_0,G1-G3
leaf-gpu,sys1-ice2-p-swi-bel19,sw27p1,SU7 slot 53,mlx5_0,G1-G3
leaf-gpu,sys1-ice2-p-swi-bel19,sw27p2,SU7 slot 54,mlx5_0,G1-G3
leaf-gpu,sys1-ice2-p-swi-bel19,sw28p1,SU7 slot 55,mlx5_0,G1-G3
leaf-gpu,sys1-ice2-p-swi-bel19,sw28p2,SU7 slot 56,mlx5_0,G1-G3
leaf-gpu,sys1-ice2-p-swi-bel19,sw29p1,SU7 slot 57,mlx5_0,G1-G3
leaf-gpu,sys1-ice2-p-swi-bel19,sw29p2,SU7 slot 58,mlx5_0,G1-G3
leaf-gpu,sys1-ice2-p-swi-bel19,sw30p1,SU7 slot 59,mlx5_0,G1-G3
leaf-gpu,sys1-ice2-p-swi-bel19,sw30p2,SU7 slot 60,mlx5_0,G1-G3
leaf-gpu,sys1-ice2-p-swi-bel19,sw31p1,SU7 slot 61,mlx5_0,G1-G3
leaf-gpu,sys1-ice2-p-swi-bel19,sw31p2,SU7 slot 62,mlx5_0,G1-G3
leaf-gpu,sys1-ice2-p-swi-bel19,sw32p1,SU7 slot 63,mlx5_0,G1-G3
leaf-gpu,sys1-ice2-p-swi-bel19,sw32p2,SU7 slot 64,mlx5_0,G1-G3
leaf-gpu,sys1-ice2-p-swi-bel19,sw33p1,SU7 slot 65,mlx5_0,G1-G3
leaf-gpu,sys1-ice2-p-swi-bel19,sw33p2,SU7 slot 66,mlx5_0,G1-G3
leaf-gpu,sys1-ice2-p-swi-bel19,sw34p1,SU7 slot 67,mlx5_0,G1-G3
leaf-gpu,sys1-ice2-p-swi-bel19,sw34p2,SU7 slot 68,mlx5_0,G1-G3
leaf-gpu,sys1-ice2-p-swi-bel19,sw35p1,SU7 slot 69,mlx5_0,G1-G3
leaf-gpu,sys1-ice2-p-swi-bel19,sw35p2,SU7 slot 70,mlx5_0,G1-G3
leaf-gpu,sys1-ice2-p-swi-bel19,sw36p1,SU7 slot 71,mlx5_0,G1-G3
leaf-gpu,sys1-ice2-p-swi-bel19,sw36p2,SU7 slot 72,mlx5_0,G1-G3
leaf-gpu,sys1-ice2-p-swi-bel20,sw1p1,SU8 slot 1,mlx5_0,G1-G3
leaf-gpu,sys1-ice2-p-swi-bel20,sw1p2,SU8 slot 2,mlx5_0,G1-G3
leaf-gpu,sys1-ice2-p-swi-bel20,sw2p1,SU8 slot 3,mlx5_0,G1-G3
leaf-gpu,sys1-ice2-p-swi-bel20,sw2p2,SU8 slot 4,mlx5_0,G1-G3
leaf-gpu,sys1-ice2-p-swi-bel20,sw3p1,SU8 slot 5,mlx5_0,G1-G3
leaf-gpu,sys1-ice2-p-swi-bel20,sw3p2,SU8 slot 6,mlx5_0,G1-G3
leaf-gpu,sys1-ice2-p-swi-bel20,sw4p1,SU8 slot 7,mlx5_0,G1-G3
leaf-gpu,sys1-ice2-p-swi-bel20,sw4p2,SU8 slot 8,mlx5_0,G1-G3
leaf-gpu,sys1-ice2-p-swi-bel20,sw5p1,SU8 slot 9,mlx5_0,G1-G3
leaf-gpu,sys1-ice2-p-swi-bel20,sw5p2,SU8 slot 10,mlx5_0,G1-G3
leaf-gpu,sys1-ice2-p-swi-bel20,sw6p1,SU8 slot 11,mlx5_0,G1-G3
leaf-gpu,sys1-ice2-p-swi-bel20,sw6p2,SU8 slot 12,mlx5_0,G1-G3
leaf-gpu,sys1-ice2-p-swi-bel20,sw7p1,SU8 slot 13,mlx5_0,G1-G3
leaf-gpu,sys1-ice2-p-swi-bel20,sw7p2,SU8 slot 14,mlx5_0,G1-G3
leaf-gpu,sys1-ice2-p-swi-bel20,sw8p1,SU8 slot 15,mlx5_0,G1-G3
leaf-gpu,sys1-ice2-p-swi-bel20,sw8p2,SU8 slot 16,mlx5_0,G1-G3
leaf-gpu,sys1-ice2-p-swi-bel20,sw9p1,SU8 slot 17,mlx5_0,G1-G3
leaf-gpu,sys1-ice2-p-swi-bel20,sw9p2,SU8 slot 18,mlx5_0,G1-G3
leaf-gpu,sys1-ice2-p-swi-bel20,sw10p1,SU8 slot 19,mlx5_0,G1-G3
leaf-gpu,sys1-ice2-p-swi-bel20,sw10p2,SU8 slot 20,mlx5_0,G1-G3
leaf-gpu,sys1-ice2-p-swi-bel20,sw11p1,SU8 slot 21,mlx5_0,G1-G3
leaf-gpu,sys1-ice2-p-swi-bel20,sw11p2,SU8 slot 22,mlx5_0,G1-G3
leaf-gpu,sys1-ice2-p-swi-bel20,sw12p1,SU8 slot 23,mlx5_0,G1-G3
leaf-gpu,sys1-ice2-p-swi-bel20,sw12p2,SU8 slot 24,mlx5_0,G1-G3
leaf-gpu,sys1-ice2-p-swi-bel20,sw13p1,SU8 slot 25,mlx5_0,G1-G3
leaf-gpu,sys1-ice2-p-swi-bel20,sw13p2,SU8 slot 26,mlx5_0,G1-G3
leaf-gpu,sys1-ice2-p-swi-bel20,sw14p1,SU8 slot 27,mlx5_0,G1-G3
leaf-gpu,sys1-ice2-p-swi-bel20,sw14p2,SU8 slot 28,mlx5_0,G1-G3
leaf-gpu,sys1-ice2-p-swi-bel20,sw15p1,SU8 slot 29,mlx5_0,G1-G3
leaf-gpu,sys1-ice2-p-swi-bel20,sw15p2,SU8 slot 30,mlx5_0,G1-G3
leaf-gpu,sys1-ice2-p-swi-bel20,sw16p1,SU8 slot 31,mlx5_0,G1-G3
leaf-gpu,sys1-ice2-p-swi-bel20,sw16p2,SU8 slot 32,mlx5_0,G1-G3
leaf-gpu,sys1-ice2-p-swi-bel20,sw17p1,SU8 slot 33,mlx5_0,G1-G3
leaf-gpu,sys1-ice2-p-swi-bel20,sw17p2,SU8 slot 34,mlx5_0,G1-G3
leaf-gpu,sys1-ice2-p-swi-bel20,sw18p1,SU8 slot 35,mlx5_0,G1-G3
leaf-gpu,sys1-ice2-p-swi-bel20,sw18p2,SU8 slot 36,mlx5_0,G1-G3
leaf-gpu,sys1-ice2-p-swi-bel20,sw19p1,SU8 slot 37,mlx5_0,G1-G3
leaf-gpu,sys1-ice2-p-swi-bel20,sw19p2,SU8 slot 38,mlx5_0,G1-G3
leaf-gpu,sys1-ice2-p-swi-bel20,sw20p1,SU8 slot 39,mlx5_0,G1-G3
leaf-gpu,sys1-ice2-p-swi-bel20,sw20p2,SU8 slot 40,mlx5_0,G1-G3
leaf-gpu,sys1-ice2-p-swi-bel20,sw21p1,SU8 slot 41,mlx5_0,G1-G3
leaf-gpu,sys1-ice2-p-swi-bel20,sw21p2,SU8 slot 42,mlx5_0,G1-G3
leaf-gpu,sys1-ice2-p-swi-bel20,sw22p1,SU8 slot 43,mlx5_0,G1-G3
leaf-gpu,sys1-ice2-p-swi-bel20,sw22p2,SU8 slot 44,mlx5_0,G1-G3
leaf-gpu,sys1-ice2-p-swi-bel20,sw23p1,SU8 slot 45,mlx5_0,G1-G3
leaf-gpu,sys1-ice2-p-swi-bel20,sw23p2,SU8 slot 46,mlx5_0,G1-G3
leaf-gpu,sys1-ice2-p-swi-bel20,sw24p1,SU8 slot 47,mlx5_0,G1-G3
leaf-gpu,sys1-ice2-p-swi-bel20,sw24p2,SU8 slot 48,mlx5_0,G1-G3
leaf-gpu,sys1-ice2-p-swi-bel20,sw25p1,SU8 slot 49,mlx5_0,G1-G3
leaf-gpu,sys1-ice2-p-swi-bel20,sw25p2,SU8 slot 50,mlx5_0,G1-G3
leaf-gpu,sys1-ice2-p-swi-bel20,sw26p1,SU8 slot 51,mlx5_0,G1-G3
leaf-gpu,sys1-ice2-p-swi-bel20,sw26p2,SU8 slot 52,mlx5_0,G1-G3
leaf-gpu,sys1-ice2-p-swi-bel20,sw27p1,SU8 slot 53,mlx5_0,G1-G3
leaf-gpu,sys1-ice2-p-swi-bel20,sw27p2,SU8 slot 54,mlx5_0,G1-G3
leaf-gpu,sys1-ice2-p-swi-bel20,sw28p1,SU8 slot 55,mlx5_0,G1-G3
leaf-gpu,sys1-ice2-p-swi-bel20,sw28p2,SU8 slot 56,mlx5_0,G1-G3
leaf-gpu,sys1-ice2-p-swi-bel20,sw29p1,SU8 slot 57,mlx5_0,G1-G3
leaf-gpu,sys1-ice2-p-swi-bel20,sw29p2,SU8 slot 58,mlx5_0,G1-G3
leaf-gpu,sys1-ice2-p-swi-bel20,sw30p1,SU8 slot 59,mlx5_0,G1-G3
leaf-gpu,sys1-ice2-p-swi-bel20,sw30p2,SU8 slot 60,mlx5_0,G1-G3
leaf-gpu,sys1-ice2-p-swi-bel20,sw31p1,SU8 slot 61,mlx5_0,G1-G3
leaf-gpu,sys1-ice2-p-swi-bel20,sw31p2,SU8 slot 62,mlx5_0,G1-G3
leaf-gpu,sys1-ice2-p-swi-bel20,sw32p1,SU8 slot 63,mlx5_0,G1-G3
leaf-gpu,sys1-ice2-p-swi-bel20,sw32p2,SU8 slot 64,mlx5_0,G1-G3
leaf-gpu,sys1-ice2-p-swi-bel20,sw33p1,SU8 slot 65,mlx5_0,G1-G3
leaf-gpu,sys1-ice2-p-swi-bel20,sw33p2,SU8 slot 66,mlx5_0,G1-G3
leaf-gpu,sys1-ice2-p-swi-bel20,sw34p1,SU8 slot 67,mlx5_0,G1-G3
leaf-gpu,sys1-ice2-p-swi-bel20,sw34p2,SU8 slot 68,mlx5_0,G1-G3
leaf-gpu,sys1-ice2-p-swi-bel20,sw35p1,SU8 slot 69,mlx5_0,G1-G3
leaf-gpu,sys1-ice2-p-swi-bel20,sw35p2,SU8 slot 70,mlx5_0,G1-G3
leaf-gpu,sys1-ice2-p-swi-bel20,sw36p1,SU8 slot 71,mlx5_0,G1-G3
leaf-gpu,sys1-ice2-p-swi-bel20,sw36p2,SU8 slot 72,mlx5_0,G1-G3
leaf-gpu,sys1-ice2-p-swi-bel21,sw1p1,SU5 slot 1,mlx5_1,G1-G3
leaf-gpu,sys1-ice2-p-swi-bel21,sw1p2,SU5 slot 2,mlx5_1,G1-G3
leaf-gpu,sys1-ice2-p-swi-bel21,sw2p1,SU5 slot 3,mlx5_1,G1-G3
leaf-gpu,sys1-ice2-p-swi-bel21,sw2p2,SU5 slot 4,mlx5_1,G1-G3
leaf-gpu,sys1-ice2-p-swi-bel21,sw3p1,SU5 slot 5,mlx5_1,G1-G3
leaf-gpu,sys1-ice2-p-swi-bel21,sw3p2,SU5 slot 6,mlx5_1,G1-G3
leaf-gpu,sys1-ice2-p-swi-bel21,sw4p1,SU5 slot 7,mlx5_1,G1-G3
leaf-gpu,sys1-ice2-p-swi-bel21,sw4p2,SU5 slot 8,mlx5_1,G1-G3
leaf-gpu,sys1-ice2-p-swi-bel21,sw5p1,SU5 slot 9,mlx5_1,G1-G3
leaf-gpu,sys1-ice2-p-swi-bel21,sw5p2,SU5 slot 10,mlx5_1,G1-G3
leaf-gpu,sys1-ice2-p-swi-bel21,sw6p1,SU5 slot 11,mlx5_1,G1-G3
leaf-gpu,sys1-ice2-p-swi-bel21,sw6p2,SU5 slot 12,mlx5_1,G1-G3
leaf-gpu,sys1-ice2-p-swi-bel21,sw7p1,SU5 slot 13,mlx5_1,G1-G3
leaf-gpu,sys1-ice2-p-swi-bel21,sw7p2,SU5 slot 14,mlx5_1,G1-G3
leaf-gpu,sys1-ice2-p-swi-bel21,sw8p1,SU5 slot 15,mlx5_1,G1-G3
leaf-gpu,sys1-ice2-p-swi-bel21,sw8p2,SU5 slot 16,mlx5_1,G1-G3
leaf-gpu,sys1-ice2-p-swi-bel21,sw9p1,SU5 slot 17,mlx5_1,G1-G3
leaf-gpu,sys1-ice2-p-swi-bel21,sw9p2,SU5 slot 18,mlx5_1,G1-G3
leaf-gpu,sys1-ice2-p-swi-bel21,sw10p1,SU5 slot 19,mlx5_1,G1-G3
leaf-gpu,sys1-ice2-p-swi-bel21,sw10p2,SU5 slot 20,mlx5_1,G1-G3
leaf-gpu,sys1-ice2-p-swi-bel21,sw11p1,SU5 slot 21,mlx5_1,G1-G3
leaf-gpu,sys1-ice2-p-swi-bel21,sw11p2,SU5 slot 22,mlx5_1,G1-G3
leaf-gpu,sys1-ice2-p-swi-bel21,sw12p1,SU5 slot 23,mlx5_1,G1-G3
leaf-gpu,sys1-ice2-p-swi-bel21,sw12p2,SU5 slot 24,mlx5_1,G1-G3
leaf-gpu,sys1-ice2-p-swi-bel21,sw13p1,SU5 slot 25,mlx5_1,G1-G3
leaf-gpu,sys1-ice2-p-swi-bel21,sw13p2,SU5 slot 26,mlx5_1,G1-G3
leaf-gpu,sys1-ice2-p-swi-bel21,sw14p1,SU5 slot 27,mlx5_1,G1-G3
leaf-gpu,sys1-ice2-p-swi-bel21,sw14p2,SU5 slot 28,mlx5_1,G1-G3
leaf-gpu,sys1-ice2-p-swi-bel21,sw15p1,SU5 slot 29,mlx5_1,G1-G3
leaf-gpu,sys1-ice2-p-swi-bel21,sw15p2,SU5 slot 30,mlx5_1,G1-G3
leaf-gpu,sys1-ice2-p-swi-bel21,sw16p1,SU5 slot 31,mlx5_1,G1-G3
leaf-gpu,sys1-ice2-p-swi-bel21,sw16p2,SU5 slot 32,mlx5_1,G1-G3
leaf-gpu,sys1-ice2-p-swi-bel21,sw17p1,SU5 slot 33,mlx5_1,G1-G3
leaf-gpu,sys1-ice2-p-swi-bel21,sw17p2,SU5 slot 34,mlx5_1,G1-G3
leaf-gpu,sys1-ice2-p-swi-bel21,sw18p1,SU5 slot 35,mlx5_1,G1-G3
leaf-gpu,sys1-ice2-p-swi-bel21,sw18p2,SU5 slot 36,mlx5_1,G1-G3
leaf-gpu,sys1-ice2-p-swi-bel21,sw19p1,SU5 slot 37,mlx5_1,G1-G3
leaf-gpu,sys1-ice2-p-swi-bel21,sw19p2,SU5 slot 38,mlx5_1,G1-G3
leaf-gpu,sys1-ice2-p-swi-bel21,sw20p1,SU5 slot 39,mlx5_1,G1-G3
leaf-gpu,sys1-ice2-p-swi-bel21,sw20p2,SU5 slot 40,mlx5_1,G1-G3
leaf-gpu,sys1-ice2-p-swi-bel21,sw21p1,SU5 slot 41,mlx5_1,G1-G3
leaf-gpu,sys1-ice2-p-swi-bel21,sw21p2,SU5 slot 42,mlx5_1,G1-G3
leaf-gpu,sys1-ice2-p-swi-bel21,sw22p1,SU5 slot 43,mlx5_1,G1-G3
leaf-gpu,sys1-ice2-p-swi-bel21,sw22p2,SU5 slot 44,mlx5_1,G1-G3
leaf-gpu,sys1-ice2-p-swi-bel21,sw23p1,SU5 slot 45,mlx5_1,G1-G3
leaf-gpu,sys1-ice2-p-swi-bel21,sw23p2,SU5 slot 46,mlx5_1,G1-G3
leaf-gpu,sys1-ice2-p-swi-bel21,sw24p1,SU5 slot 47,mlx5_1,G1-G3
leaf-gpu,sys1-ice2-p-swi-bel21,sw24p2,SU5 slot 48,mlx5_1,G1-G3
leaf-gpu,sys1-ice2-p-swi-bel21,sw25p1,SU5 slot 49,mlx5_1,G1-G3
leaf-gpu,sys1-ice2-p-swi-bel21,sw25p2,SU5 slot 50,mlx5_1,G1-G3
leaf-gpu,sys1-ice2-p-swi-bel21,sw26p1,SU5 slot 51,mlx5_1,G1-G3
leaf-gpu,sys1-ice2-p-swi-bel21,sw26p2,SU5 slot 52,mlx5_1,G1-G3
leaf-gpu,sys1-ice2-p-swi-bel21,sw27p1,SU5 slot 53,mlx5_1,G1-G3
leaf-gpu,sys1-ice2-p-swi-bel21,sw27p2,SU5 slot 54,mlx5_1,G1-G3
leaf-gpu,sys1-ice2-p-swi-bel21,sw28p1,SU5 slot 55,mlx5_1,G1-G3
leaf-gpu,sys1-ice2-p-swi-bel21,sw28p2,SU5 slot 56,mlx5_1,G1-G3
leaf-gpu,sys1-ice2-p-swi-bel21,sw29p1,SU5 slot 57,mlx5_1,G1-G3
leaf-gpu,sys1-ice2-p-swi-bel21,sw29p2,SU5 slot 58,mlx5_1,G1-G3
leaf-gpu,sys1-ice2-p-swi-bel21,sw30p1,SU5 slot 59,mlx5_1,G1-G3
leaf-gpu,sys1-ice2-p-swi-bel21,sw30p2,SU5 slot 60,mlx5_1,G1-G3
leaf-gpu,sys1-ice2-p-swi-bel21,sw31p1,SU5 slot 61,mlx5_1,G1-G3
leaf-gpu,sys1-ice2-p-swi-bel21,sw31p2,SU5 slot 62,mlx5_1,G1-G3
leaf-gpu,sys1-ice2-p-swi-bel21,sw32p1,SU5 slot 63,mlx5_1,G1-G3
leaf-gpu,sys1-ice2-p-swi-bel21,sw32p2,SU5 slot 64,mlx5_1,G1-G3
leaf-gpu,sys1-ice2-p-swi-bel21,sw33p1,SU5 slot 65,mlx5_1,G1-G3
leaf-gpu,sys1-ice2-p-swi-bel21,sw33p2,SU5 slot 66,mlx5_1,G1-G3
leaf-gpu,sys1-ice2-p-swi-bel21,sw34p1,SU5 slot 67,mlx5_1,G1-G3
leaf-gpu,sys1-ice2-p-swi-bel21,sw34p2,SU5 slot 68,mlx5_1,G1-G3
leaf-gpu,sys1-ice2-p-swi-bel21,sw35p1,SU5 slot 69,mlx5_1,G1-G3
leaf-gpu,sys1-ice2-p-swi-bel21,sw35p2,SU5 slot 70,mlx5_1,G1-G3
leaf-gpu,sys1-ice2-p-swi-bel21,sw36p1,SU5 slot 71,mlx5_1,G1-G3
leaf-gpu,sys1-ice2-p-swi-bel21,sw36p2,SU5 slot 72,mlx5_1,G1-G3
leaf-gpu,sys1-ice2-p-swi-bel22,sw1p1,SU6 slot 1,mlx5_1,G1-G3
leaf-gpu,sys1-ice2-p-swi-bel22,sw1p2,SU6 slot 2,mlx5_1,G1-G3
leaf-gpu,sys1-ice2-p-swi-bel22,sw2p1,SU6 slot 3,mlx5_1,G1-G3
leaf-gpu,sys1-ice2-p-swi-bel22,sw2p2,SU6 slot 4,mlx5_1,G1-G3
leaf-gpu,sys1-ice2-p-swi-bel22,sw3p1,SU6 slot 5,mlx5_1,G1-G3
leaf-gpu,sys1-ice2-p-swi-bel22,sw3p2,SU6 slot 6,mlx5_1,G1-G3
leaf-gpu,sys1-ice2-p-swi-bel22,sw4p1,SU6 slot 7,mlx5_1,G1-G3
leaf-gpu,sys1-ice2-p-swi-bel22,sw4p2,SU6 slot 8,mlx5_1,G1-G3
leaf-gpu,sys1-ice2-p-swi-bel22,sw5p1,SU6 slot 9,mlx5_1,G1-G3
leaf-gpu,sys1-ice2-p-swi-bel22,sw5p2,SU6 slot 10,mlx5_1,G1-G3
leaf-gpu,sys1-ice2-p-swi-bel22,sw6p1,SU6 slot 11,mlx5_1,G1-G3
leaf-gpu,sys1-ice2-p-swi-bel22,sw6p2,SU6 slot 12,mlx5_1,G1-G3
leaf-gpu,sys1-ice2-p-swi-bel22,sw7p1,SU6 slot 13,mlx5_1,G1-G3
leaf-gpu,sys1-ice2-p-swi-bel22,sw7p2,SU6 slot 14,mlx5_1,G1-G3
leaf-gpu,sys1-ice2-p-swi-bel22,sw8p1,SU6 slot 15,mlx5_1,G1-G3
leaf-gpu,sys1-ice2-p-swi-bel22,sw8p2,SU6 slot 16,mlx5_1,G1-G3
leaf-gpu,sys1-ice2-p-swi-bel22,sw9p1,SU6 slot 17,mlx5_1,G1-G3
leaf-gpu,sys1-ice2-p-swi-bel22,sw9p2,SU6 slot 18,mlx5_1,G1-G3
leaf-gpu,sys1-ice2-p-swi-bel22,sw10p1,SU6 slot 19,mlx5_1,G1-G3
leaf-gpu,sys1-ice2-p-swi-bel22,sw10p2,SU6 slot 20,mlx5_1,G1-G3
leaf-gpu,sys1-ice2-p-swi-bel22,sw11p1,SU6 slot 21,mlx5_1,G1-G3
leaf-gpu,sys1-ice2-p-swi-bel22,sw11p2,SU6 slot 22,mlx5_1,G1-G3
leaf-gpu,sys1-ice2-p-swi-bel22,sw12p1,SU6 slot 23,mlx5_1,G1-G3
leaf-gpu,sys1-ice2-p-swi-bel22,sw12p2,SU6 slot 24,mlx5_1,G1-G3
leaf-gpu,sys1-ice2-p-swi-bel22,sw13p1,SU6 slot 25,mlx5_1,G1-G3
leaf-gpu,sys1-ice2-p-swi-bel22,sw13p2,SU6 slot 26,mlx5_1,G1-G3
leaf-gpu,sys1-ice2-p-swi-bel22,sw14p1,SU6 slot 27,mlx5_1,G1-G3
leaf-gpu,sys1-ice2-p-swi-bel22,sw14p2,SU6 slot 28,mlx5_1,G1-G3
leaf-gpu,sys1-ice2-p-swi-bel22,sw15p1,SU6 slot 29,mlx5_1,G1-G3
leaf-gpu,sys1-ice2-p-swi-bel22,sw15p2,SU6 slot 30,mlx5_1,G1-G3
leaf-gpu,sys1-ice2-p-swi-bel22,sw16p1,SU6 slot 31,mlx5_1,G1-G3
leaf-gpu,sys1-ice2-p-swi-bel22,sw16p2,SU6 slot 32,mlx5_1,G1-G3
leaf-gpu,sys1-ice2-p-swi-bel22,sw17p1,SU6 slot 33,mlx5_1,G1-G3
leaf-gpu,sys1-ice2-p-swi-bel22,sw17p2,SU6 slot 34,mlx5_1,G1-G3
leaf-gpu,sys1-ice2-p-swi-bel22,sw18p1,SU6 slot 35,mlx5_1,G1-G3
leaf-gpu,sys1-ice2-p-swi-bel22,sw18p2,SU6 slot 36,mlx5_1,G1-G3
leaf-gpu,sys1-ice2-p-swi-bel22,sw19p1,SU6 slot 37,mlx5_1,G1-G3
leaf-gpu,sys1-ice2-p-swi-bel22,sw19p2,SU6 slot 38,mlx5_1,G1-G3
leaf-gpu,sys1-ice2-p-swi-bel22,sw20p1,SU6 slot 39,mlx5_1,G1-G3
leaf-gpu,sys1-ice2-p-swi-bel22,sw20p2,SU6 slot 40,mlx5_1,G1-G3
leaf-gpu,sys1-ice2-p-swi-bel22,sw21p1,SU6 slot 41,mlx5_1,G1-G3
leaf-gpu,sys1-ice2-p-swi-bel22,sw21p2,SU6 slot 42,mlx5_1,G1-G3
leaf-gpu,sys1-ice2-p-swi-bel22,sw22p1,SU6 slot 43,mlx5_1,G1-G3
leaf-gpu,sys1-ice2-p-swi-bel22,sw22p2,SU6 slot 44,mlx5_1,G1-G3
leaf-gpu,sys1-ice2-p-swi-bel22,sw23p1,SU6 slot 45,mlx5_1,G1-G3
leaf-gpu,sys1-ice2-p-swi-bel22,sw23p2,SU6 slot 46,mlx5_1,G1-G3
leaf-gpu,sys1-ice2-p-swi-bel22,sw24p1,SU6 slot 47,mlx5_1,G1-G3
leaf-gpu,sys1-ice2-p-swi-bel22,sw24p2,SU6 slot 48,mlx5_1,G1-G3
leaf-gpu,sys1-ice2-p-swi-bel22,sw25p1,SU6 slot 49,mlx5_1,G1-G3
leaf-gpu,sys1-ice2-p-swi-bel22,sw25p2,SU6 slot 50,mlx5_1,G1-G3
leaf-gpu,sys1-ice2-p-swi-bel22,sw26p1,SU6 slot 51,mlx5_1,G1-G3
leaf-gpu,sys1-ice2-p-swi-bel22,sw26p2,SU6 slot 52,mlx5_1,G1-G3
leaf-gpu,sys1-ice2-p-swi-bel22,sw27p1,SU6 slot 53,mlx5_1,G1-G3
leaf-gpu,sys1-ice2-p-swi-bel22,sw27p2,SU6 slot 54,mlx5_1,G1-G3
leaf-gpu,sys1-ice2-p-swi-bel22,sw28p1,SU6 slot 55,mlx5_1,G1-G3
leaf-gpu,sys1-ice2-p-swi-bel22,sw28p2,SU6 slot 56,mlx5_1,G1-G3
leaf-gpu,sys1-ice2-p-swi-bel22,sw29p1,SU6 slot 57,mlx5_1,G1-G3
leaf-gpu,sys1-ice2-p-swi-bel22,sw29p2,SU6 slot 58,mlx5_1,G1-G3
leaf-gpu,sys1-ice2-p-swi-bel22,sw30p1,SU6 slot 59,mlx5_1,G1-G3
leaf-gpu,sys1-ice2-p-swi-bel22,sw30p2,SU6 slot 60,mlx5_1,G1-G3
leaf-gpu,sys1-ice2-p-swi-bel22,sw31p1,SU6 slot 61,mlx5_1,G1-G3
leaf-gpu,sys1-ice2-p-swi-bel22,sw31p2,SU6 slot 62,mlx5_1,G1-G3
leaf-gpu,sys1-ice2-p-swi-bel22,sw32p1,SU6 slot 63,mlx5_1,G1-G3
leaf-gpu,sys1-ice2-p-swi-bel22,sw32p2,SU6 slot 64,mlx5_1,G1-G3
leaf-gpu,sys1-ice2-p-swi-bel22,sw33p1,SU6 slot 65,mlx5_1,G1-G3
leaf-gpu,sys1-ice2-p-swi-bel22,sw33p2,SU6 slot 66,mlx5_1,G1-G3
leaf-gpu,sys1-ice2-p-swi-bel22,sw34p1,SU6 slot 67,mlx5_1,G1-G3
leaf-gpu,sys1-ice2-p-swi-bel22,sw34p2,SU6 slot 68,mlx5_1,G1-G3
leaf-gpu,sys1-ice2-p-swi-bel22,sw35p1,SU6 slot 69,mlx5_1,G1-G3
leaf-gpu,sys1-ice2-p-swi-bel22,sw35p2,SU6 slot 70,mlx5_1,G1-G3
leaf-gpu,sys1-ice2-p-swi-bel22,sw36p1,SU6 slot 71,mlx5_1,G1-G3
leaf-gpu,sys1-ice2-p-swi-bel22,sw36p2,SU6 slot 72,mlx5_1,G1-G3
leaf-gpu,sys1-ice2-p-swi-bel23,sw1p1,SU7 slot 1,mlx5_1,G1-G3
leaf-gpu,sys1-ice2-p-swi-bel23,sw1p2,SU7 slot 2,mlx5_1,G1-G3
leaf-gpu,sys1-ice2-p-swi-bel23,sw2p1,SU7 slot 3,mlx5_1,G1-G3
leaf-gpu,sys1-ice2-p-swi-bel23,sw2p2,SU7 slot 4,mlx5_1,G1-G3
leaf-gpu,sys1-ice2-p-swi-bel23,sw3p1,SU7 slot 5,mlx5_1,G1-G3
leaf-gpu,sys1-ice2-p-swi-bel23,sw3p2,SU7 slot 6,mlx5_1,G1-G3
leaf-gpu,sys1-ice2-p-swi-bel23,sw4p1,SU7 slot 7,mlx5_1,G1-G3
leaf-gpu,sys1-ice2-p-swi-bel23,sw4p2,SU7 slot 8,mlx5_1,G1-G3
leaf-gpu,sys1-ice2-p-swi-bel23,sw5p1,SU7 slot 9,mlx5_1,G1-G3
leaf-gpu,sys1-ice2-p-swi-bel23,sw5p2,SU7 slot 10,mlx5_1,G1-G3
leaf-gpu,sys1-ice2-p-swi-bel23,sw6p1,SU7 slot 11,mlx5_1,G1-G3
leaf-gpu,sys1-ice2-p-swi-bel23,sw6p2,SU7 slot 12,mlx5_1,G1-G3
leaf-gpu,sys1-ice2-p-swi-bel23,sw7p1,SU7 slot 13,mlx5_1,G1-G3
leaf-gpu,sys1-ice2-p-swi-bel23,sw7p2,SU7 slot 14,mlx5_1,G1-G3
leaf-gpu,sys1-ice2-p-swi-bel23,sw8p1,SU7 slot 15,mlx5_1,G1-G3
leaf-gpu,sys1-ice2-p-swi-bel23,sw8p2,SU7 slot 16,mlx5_1,G1-G3
leaf-gpu,sys1-ice2-p-swi-bel23,sw9p1,SU7 slot 17,mlx5_1,G1-G3
leaf-gpu,sys1-ice2-p-swi-bel23,sw9p2,SU7 slot 18,mlx5_1,G1-G3
leaf-gpu,sys1-ice2-p-swi-bel23,sw10p1,SU7 slot 19,mlx5_1,G1-G3
leaf-gpu,sys1-ice2-p-swi-bel23,sw10p2,SU7 slot 20,mlx5_1,G1-G3
leaf-gpu,sys1-ice2-p-swi-bel23,sw11p1,SU7 slot 21,mlx5_1,G1-G3
leaf-gpu,sys1-ice2-p-swi-bel23,sw11p2,SU7 slot 22,mlx5_1,G1-G3
leaf-gpu,sys1-ice2-p-swi-bel23,sw12p1,SU7 slot 23,mlx5_1,G1-G3
leaf-gpu,sys1-ice2-p-swi-bel23,sw12p2,SU7 slot 24,mlx5_1,G1-G3
leaf-gpu,sys1-ice2-p-swi-bel23,sw13p1,SU7 slot 25,mlx5_1,G1-G3
leaf-gpu,sys1-ice2-p-swi-bel23,sw13p2,SU7 slot 26,mlx5_1,G1-G3
leaf-gpu,sys1-ice2-p-swi-bel23,sw14p1,SU7 slot 27,mlx5_1,G1-G3
leaf-gpu,sys1-ice2-p-swi-bel23,sw14p2,SU7 slot 28,mlx5_1,G1-G3
leaf-gpu,sys1-ice2-p-swi-bel23,sw15p1,SU7 slot 29,mlx5_1,G1-G3
leaf-gpu,sys1-ice2-p-swi-bel23,sw15p2,SU7 slot 30,mlx5_1,G1-G3
leaf-gpu,sys1-ice2-p-swi-bel23,sw16p1,SU7 slot 31,mlx5_1,G1-G3
leaf-gpu,sys1-ice2-p-swi-bel23,sw16p2,SU7 slot 32,mlx5_1,G1-G3
leaf-gpu,sys1-ice2-p-swi-bel23,sw17p1,SU7 slot 33,mlx5_1,G1-G3
leaf-gpu,sys1-ice2-p-swi-bel23,sw17p2,SU7 slot 34,mlx5_1,G1-G3
leaf-gpu,sys1-ice2-p-swi-bel23,sw18p1,SU7 slot 35,mlx5_1,G1-G3
leaf-gpu,sys1-ice2-p-swi-bel23,sw18p2,SU7 slot 36,mlx5_1,G1-G3
leaf-gpu,sys1-ice2-p-swi-bel23,sw19p1,SU7 slot 37,mlx5_1,G1-G3
leaf-gpu,sys1-ice2-p-swi-bel23,sw19p2,SU7 slot 38,mlx5_1,G1-G3
leaf-gpu,sys1-ice2-p-swi-bel23,sw20p1,SU7 slot 39,mlx5_1,G1-G3
leaf-gpu,sys1-ice2-p-swi-bel23,sw20p2,SU7 slot 40,mlx5_1,G1-G3
leaf-gpu,sys1-ice2-p-swi-bel23,sw21p1,SU7 slot 41,mlx5_1,G1-G3
leaf-gpu,sys1-ice2-p-swi-bel23,sw21p2,SU7 slot 42,mlx5_1,G1-G3
leaf-gpu,sys1-ice2-p-swi-bel23,sw22p1,SU7 slot 43,mlx5_1,G1-G3
leaf-gpu,sys1-ice2-p-swi-bel23,sw22p2,SU7 slot 44,mlx5_1,G1-G3
leaf-gpu,sys1-ice2-p-swi-bel23,sw23p1,SU7 slot 45,mlx5_1,G1-G3
leaf-gpu,sys1-ice2-p-swi-bel23,sw23p2,SU7 slot 46,mlx5_1,G1-G3
leaf-gpu,sys1-ice2-p-swi-bel23,sw24p1,SU7 slot 47,mlx5_1,G1-G3
leaf-gpu,sys1-ice2-p-swi-bel23,sw24p2,SU7 slot 48,mlx5_1,G1-G3
leaf-gpu,sys1-ice2-p-swi-bel23,sw25p1,SU7 slot 49,mlx5_1,G1-G3
leaf-gpu,sys1-ice2-p-swi-bel23,sw25p2,SU7 slot 50,mlx5_1,G1-G3
leaf-gpu,sys1-ice2-p-swi-bel23,sw26p1,SU7 slot 51,mlx5_1,G1-G3
leaf-gpu,sys1-ice2-p-swi-bel23,sw26p2,SU7 slot 52,mlx5_1,G1-G3
leaf-gpu,sys1-ice2-p-swi-bel23,sw27p1,SU7 slot 53,mlx5_1,G1-G3
leaf-gpu,sys1-ice2-p-swi-bel23,sw27p2,SU7 slot 54,mlx5_1,G1-G3
leaf-gpu,sys1-ice2-p-swi-bel23,sw28p1,SU7 slot 55,mlx5_1,G1-G3
leaf-gpu,sys1-ice2-p-swi-bel23,sw28p2,SU7 slot 56,mlx5_1,G1-G3
leaf-gpu,sys1-ice2-p-swi-bel23,sw29p1,SU7 slot 57,mlx5_1,G1-G3
leaf-gpu,sys1-ice2-p-swi-bel23,sw29p2,SU7 slot 58,mlx5_1,G1-G3
leaf-gpu,sys1-ice2-p-swi-bel23,sw30p1,SU7 slot 59,mlx5_1,G1-G3
leaf-gpu,sys1-ice2-p-swi-bel23,sw30p2,SU7 slot 60,mlx5_1,G1-G3
leaf-gpu,sys1-ice2-p-swi-bel23,sw31p1,SU7 slot 61,mlx5_1,G1-G3
leaf-gpu,sys1-ice2-p-swi-bel23,sw31p2,SU7 slot 62,mlx5_1,G1-G3
leaf-gpu,sys1-ice2-p-swi-bel23,sw32p1,SU7 slot 63,mlx5_1,G1-G3
leaf-gpu,sys1-ice2-p-swi-bel23,sw32p2,SU7 slot 64,mlx5_1,G1-G3
leaf-gpu,sys1-ice2-p-swi-bel23,sw33p1,SU7 slot 65,mlx5_1,G1-G3
leaf-gpu,sys1-ice2-p-swi-bel23,sw33p2,SU7 slot 66,mlx5_1,G1-G3
leaf-gpu,sys1-ice2-p-swi-bel23,sw34p1,SU7 slot 67,mlx5_1,G1-G3
leaf-gpu,sys1-ice2-p-swi-bel23,sw34p2,SU7 slot 68,mlx5_1,G1-G3
leaf-gpu,sys1-ice2-p-swi-bel23,sw35p1,SU7 slot 69,mlx5_1,G1-G3
leaf-gpu,sys1-ice2-p-swi-bel23,sw35p2,SU7 slot 70,mlx5_1,G1-G3
leaf-gpu,sys1-ice2-p-swi-bel23,sw36p1,SU7 slot 71,mlx5_1,G1-G3
leaf-gpu,sys1-ice2-p-swi-bel23,sw36p2,SU7 slot 72,mlx5_1,G1-G3
leaf-gpu,sys1-ice2-p-swi-bel24,sw1p1,SU8 slot 1,mlx5_1,G1-G3
leaf-gpu,sys1-ice2-p-swi-bel24,sw1p2,SU8 slot 2,mlx5_1,G1-G3
leaf-gpu,sys1-ice2-p-swi-bel24,sw2p1,SU8 slot 3,mlx5_1,G1-G3
leaf-gpu,sys1-ice2-p-swi-bel24,sw2p2,SU8 slot 4,mlx5_1,G1-G3
leaf-gpu,sys1-ice2-p-swi-bel24,sw3p1,SU8 slot 5,mlx5_1,G1-G3
leaf-gpu,sys1-ice2-p-swi-bel24,sw3p2,SU8 slot 6,mlx5_1,G1-G3
leaf-gpu,sys1-ice2-p-swi-bel24,sw4p1,SU8 slot 7,mlx5_1,G1-G3
leaf-gpu,sys1-ice2-p-swi-bel24,sw4p2,SU8 slot 8,mlx5_1,G1-G3
leaf-gpu,sys1-ice2-p-swi-bel24,sw5p1,SU8 slot 9,mlx5_1,G1-G3
leaf-gpu,sys1-ice2-p-swi-bel24,sw5p2,SU8 slot 10,mlx5_1,G1-G3
leaf-gpu,sys1-ice2-p-swi-bel24,sw6p1,SU8 slot 11,mlx5_1,G1-G3
leaf-gpu,sys1-ice2-p-swi-bel24,sw6p2,SU8 slot 12,mlx5_1,G1-G3
leaf-gpu,sys1-ice2-p-swi-bel24,sw7p1,SU8 slot 13,mlx5_1,G1-G3
leaf-gpu,sys1-ice2-p-swi-bel24,sw7p2,SU8 slot 14,mlx5_1,G1-G3
leaf-gpu,sys1-ice2-p-swi-bel24,sw8p1,SU8 slot 15,mlx5_1,G1-G3
leaf-gpu,sys1-ice2-p-swi-bel24,sw8p2,SU8 slot 16,mlx5_1,G1-G3
leaf-gpu,sys1-ice2-p-swi-bel24,sw9p1,SU8 slot 17,mlx5_1,G1-G3
leaf-gpu,sys1-ice2-p-swi-bel24,sw9p2,SU8 slot 18,mlx5_1,G1-G3
leaf-gpu,sys1-ice2-p-swi-bel24,sw10p1,SU8 slot 19,mlx5_1,G1-G3
leaf-gpu,sys1-ice2-p-swi-bel24,sw10p2,SU8 slot 20,mlx5_1,G1-G3
leaf-gpu,sys1-ice2-p-swi-bel24,sw11p1,SU8 slot 21,mlx5_1,G1-G3
leaf-gpu,sys1-ice2-p-swi-bel24,sw11p2,SU8 slot 22,mlx5_1,G1-G3
leaf-gpu,sys1-ice2-p-swi-bel24,sw12p1,SU8 slot 23,mlx5_1,G1-G3
leaf-gpu,sys1-ice2-p-swi-bel24,sw12p2,SU8 slot 24,mlx5_1,G1-G3
leaf-gpu,sys1-ice2-p-swi-bel24,sw13p1,SU8 slot 25,mlx5_1,G1-G3
leaf-gpu,sys1-ice2-p-swi-bel24,sw13p2,SU8 slot 26,mlx5_1,G1-G3
leaf-gpu,sys1-ice2-p-swi-bel24,sw14p1,SU8 slot 27,mlx5_1,G1-G3
leaf-gpu,sys1-ice2-p-swi-bel24,sw14p2,SU8 slot 28,mlx5_1,G1-G3
leaf-gpu,sys1-ice2-p-swi-bel24,sw15p1,SU8 slot 29,mlx5_1,G1-G3
leaf-gpu,sys1-ice2-p-swi-bel24,sw15p2,SU8 slot 30,mlx5_1,G1-G3
leaf-gpu,sys1-ice2-p-swi-bel24,sw16p1,SU8 slot 31,mlx5_1,G1-G3
leaf-gpu,sys1-ice2-p-swi-bel24,sw16p2,SU8 slot 32,mlx5_1,G1-G3
leaf-gpu,sys1-ice2-p-swi-bel24,sw17p1,SU8 slot 33,mlx5_1,G1-G3
leaf-gpu,sys1-ice2-p-swi-bel24,sw17p2,SU8 slot 34,mlx5_1,G1-G3
leaf-gpu,sys1-ice2-p-swi-bel24,sw18p1,SU8 slot 35,mlx5_1,G1-G3
leaf-gpu,sys1-ice2-p-swi-bel24,sw18p2,SU8 slot 36,mlx5_1,G1-G3
leaf-gpu,sys1-ice2-p-swi-bel24,sw19p1,SU8 slot 37,mlx5_1,G1-G3
leaf-gpu,sys1-ice2-p-swi-bel24,sw19p2,SU8 slot 38,mlx5_1,G1-G3
leaf-gpu,sys1-ice2-p-swi-bel24,sw20p1,SU8 slot 39,mlx5_1,G1-G3
leaf-gpu,sys1-ice2-p-swi-bel24,sw20p2,SU8 slot 40,mlx5_1,G1-G3
leaf-gpu,sys1-ice2-p-swi-bel24,sw21p1,SU8 slot 41,mlx5_1,G1-G3
leaf-gpu,sys1-ice2-p-swi-bel24,sw21p2,SU8 slot 42,mlx5_1,G1-G3
leaf-gpu,sys1-ice2-p-swi-bel24,sw22p1,SU8 slot 43,mlx5_1,G1-G3
leaf-gpu,sys1-ice2-p-swi-bel24,sw22p2,SU8 slot 44,mlx5_1,G1-G3
leaf-gpu,sys1-ice2-p-swi-bel24,sw23p1,SU8 slot 45,mlx5_1,G1-G3
leaf-gpu,sys1-ice2-p-swi-bel24,sw23p2,SU8 slot 46,mlx5_1,G1-G3
leaf-gpu,sys1-ice2-p-swi-bel24,sw24p1,SU8 slot 47,mlx5_1,G1-G3
leaf-gpu,sys1-ice2-p-swi-bel24,sw24p2,SU8 slot 48,mlx5_1,G1-G3
leaf-gpu,sys1-ice2-p-swi-bel24,sw25p1,SU8 slot 49,mlx5_1,G1-G3
leaf-gpu,sys1-ice2-p-swi-bel24,sw25p2,SU8 slot 50,mlx5_1,G1-G3
leaf-gpu,sys1-ice2-p-swi-bel24,sw26p1,SU8 slot 51,mlx5_1,G1-G3
leaf-gpu,sys1-ice2-p-swi-bel24,sw26p2,SU8 slot 52,mlx5_1,G1-G3
leaf-gpu,sys1-ice2-p-swi-bel24,sw27p1,SU8 slot 53,mlx5_1,G1-G3
leaf-gpu,sys1-ice2-p-swi-bel24,sw27p2,SU8 slot 54,mlx5_1,G1-G3
leaf-gpu,sys1-ice2-p-swi-bel24,sw28p1,SU8 slot 55,mlx5_1,G1-G3
leaf-gpu,sys1-ice2-p-swi-bel24,sw28p2,SU8 slot 56,mlx5_1,G1-G3
leaf-gpu,sys1-ice2-p-swi-bel24,sw29p1,SU8 slot 57,mlx5_1,G1-G3
leaf-gpu,sys1-ice2-p-swi-bel24,sw29p2,SU8 slot 58,mlx5_1,G1-G3
leaf-gpu,sys1-ice2-p-swi-bel24,sw30p1,SU8 slot 59,mlx5_1,G1-G3
leaf-gpu,sys1-ice2-p-swi-bel24,sw30p2,SU8 slot 60,mlx5_1,G1-G3
leaf-gpu,sys1-ice2-p-swi-bel24,sw31p1,SU8 slot 61,mlx5_1,G1-G3
leaf-gpu,sys1-ice2-p-swi-bel24,sw31p2,SU8 slot 62,mlx5_1,G1-G3
leaf-gpu,sys1-ice2-p-swi-bel24,sw32p1,SU8 slot 63,mlx5_1,G1-G3
leaf-gpu,sys1-ice2-p-swi-bel24,sw32p2,SU8 slot 64,mlx5_1,G1-G3
leaf-gpu,sys1-ice2-p-swi-bel24,sw33p1,SU8 slot 65,mlx5_1,G1-G3
leaf-gpu,sys1-ice2-p-swi-bel24,sw33p2,SU8 slot 66,mlx5_1,G1-G3
leaf-gpu,sys1-ice2-p-swi-bel24,sw34p1,SU8 slot 67,mlx5_1,G1-G3
leaf-gpu,sys1-ice2-p-swi-bel24,sw34p2,SU8 slot 68,mlx5_1,G1-G3
leaf-gpu,sys1-ice2-p-swi-bel24,sw35p1,SU8 slot 69,mlx5_1,G1-G3
leaf-gpu,sys1-ice2-p-swi-bel24,sw35p2,SU8 slot 70,mlx5_1,G1-G3
leaf-gpu,sys1-ice2-p-swi-bel24,sw36p1,SU8 slot 71,mlx5_1,G1-G3
leaf-gpu,sys1-ice2-p-swi-bel24,sw36p2,SU8 slot 72,mlx5_1,G1-G3
leaf-gpu,sys1-ice2-p-swi-bel25,sw1p1,SU5 slot 1,mlx5_2,G1-G3
leaf-gpu,sys1-ice2-p-swi-bel25,sw1p2,SU5 slot 2,mlx5_2,G1-G3
leaf-gpu,sys1-ice2-p-swi-bel25,sw2p1,SU5 slot 3,mlx5_2,G1-G3
leaf-gpu,sys1-ice2-p-swi-bel25,sw2p2,SU5 slot 4,mlx5_2,G1-G3
leaf-gpu,sys1-ice2-p-swi-bel25,sw3p1,SU5 slot 5,mlx5_2,G1-G3
leaf-gpu,sys1-ice2-p-swi-bel25,sw3p2,SU5 slot 6,mlx5_2,G1-G3
leaf-gpu,sys1-ice2-p-swi-bel25,sw4p1,SU5 slot 7,mlx5_2,G1-G3
leaf-gpu,sys1-ice2-p-swi-bel25,sw4p2,SU5 slot 8,mlx5_2,G1-G3
leaf-gpu,sys1-ice2-p-swi-bel25,sw5p1,SU5 slot 9,mlx5_2,G1-G3
leaf-gpu,sys1-ice2-p-swi-bel25,sw5p2,SU5 slot 10,mlx5_2,G1-G3
leaf-gpu,sys1-ice2-p-swi-bel25,sw6p1,SU5 slot 11,mlx5_2,G1-G3
leaf-gpu,sys1-ice2-p-swi-bel25,sw6p2,SU5 slot 12,mlx5_2,G1-G3
leaf-gpu,sys1-ice2-p-swi-bel25,sw7p1,SU5 slot 13,mlx5_2,G1-G3
leaf-gpu,sys1-ice2-p-swi-bel25,sw7p2,SU5 slot 14,mlx5_2,G1-G3
leaf-gpu,sys1-ice2-p-swi-bel25,sw8p1,SU5 slot 15,mlx5_2,G1-G3
leaf-gpu,sys1-ice2-p-swi-bel25,sw8p2,SU5 slot 16,mlx5_2,G1-G3
leaf-gpu,sys1-ice2-p-swi-bel25,sw9p1,SU5 slot 17,mlx5_2,G1-G3
leaf-gpu,sys1-ice2-p-swi-bel25,sw9p2,SU5 slot 18,mlx5_2,G1-G3
leaf-gpu,sys1-ice2-p-swi-bel25,sw10p1,SU5 slot 19,mlx5_2,G1-G3
leaf-gpu,sys1-ice2-p-swi-bel25,sw10p2,SU5 slot 20,mlx5_2,G1-G3
leaf-gpu,sys1-ice2-p-swi-bel25,sw11p1,SU5 slot 21,mlx5_2,G1-G3
leaf-gpu,sys1-ice2-p-swi-bel25,sw11p2,SU5 slot 22,mlx5_2,G1-G3
leaf-gpu,sys1-ice2-p-swi-bel25,sw12p1,SU5 slot 23,mlx5_2,G1-G3
leaf-gpu,sys1-ice2-p-swi-bel25,sw12p2,SU5 slot 24,mlx5_2,G1-G3
leaf-gpu,sys1-ice2-p-swi-bel25,sw13p1,SU5 slot 25,mlx5_2,G1-G3
leaf-gpu,sys1-ice2-p-swi-bel25,sw13p2,SU5 slot 26,mlx5_2,G1-G3
leaf-gpu,sys1-ice2-p-swi-bel25,sw14p1,SU5 slot 27,mlx5_2,G1-G3
leaf-gpu,sys1-ice2-p-swi-bel25,sw14p2,SU5 slot 28,mlx5_2,G1-G3
leaf-gpu,sys1-ice2-p-swi-bel25,sw15p1,SU5 slot 29,mlx5_2,G1-G3
leaf-gpu,sys1-ice2-p-swi-bel25,sw15p2,SU5 slot 30,mlx5_2,G1-G3
leaf-gpu,sys1-ice2-p-swi-bel25,sw16p1,SU5 slot 31,mlx5_2,G1-G3
leaf-gpu,sys1-ice2-p-swi-bel25,sw16p2,SU5 slot 32,mlx5_2,G1-G3
leaf-gpu,sys1-ice2-p-swi-bel25,sw17p1,SU5 slot 33,mlx5_2,G1-G3
leaf-gpu,sys1-ice2-p-swi-bel25,sw17p2,SU5 slot 34,mlx5_2,G1-G3
leaf-gpu,sys1-ice2-p-swi-bel25,sw18p1,SU5 slot 35,mlx5_2,G1-G3
leaf-gpu,sys1-ice2-p-swi-bel25,sw18p2,SU5 slot 36,mlx5_2,G1-G3
leaf-gpu,sys1-ice2-p-swi-bel25,sw19p1,SU5 slot 37,mlx5_2,G1-G3
leaf-gpu,sys1-ice2-p-swi-bel25,sw19p2,SU5 slot 38,mlx5_2,G1-G3
leaf-gpu,sys1-ice2-p-swi-bel25,sw20p1,SU5 slot 39,mlx5_2,G1-G3
leaf-gpu,sys1-ice2-p-swi-bel25,sw20p2,SU5 slot 40,mlx5_2,G1-G3
leaf-gpu,sys1-ice2-p-swi-bel25,sw21p1,SU5 slot 41,mlx5_2,G1-G3
leaf-gpu,sys1-ice2-p-swi-bel25,sw21p2,SU5 slot 42,mlx5_2,G1-G3
leaf-gpu,sys1-ice2-p-swi-bel25,sw22p1,SU5 slot 43,mlx5_2,G1-G3
leaf-gpu,sys1-ice2-p-swi-bel25,sw22p2,SU5 slot 44,mlx5_2,G1-G3
leaf-gpu,sys1-ice2-p-swi-bel25,sw23p1,SU5 slot 45,mlx5_2,G1-G3
leaf-gpu,sys1-ice2-p-swi-bel25,sw23p2,SU5 slot 46,mlx5_2,G1-G3
leaf-gpu,sys1-ice2-p-swi-bel25,sw24p1,SU5 slot 47,mlx5_2,G1-G3
leaf-gpu,sys1-ice2-p-swi-bel25,sw24p2,SU5 slot 48,mlx5_2,G1-G3
leaf-gpu,sys1-ice2-p-swi-bel25,sw25p1,SU5 slot 49,mlx5_2,G1-G3
leaf-gpu,sys1-ice2-p-swi-bel25,sw25p2,SU5 slot 50,mlx5_2,G1-G3
leaf-gpu,sys1-ice2-p-swi-bel25,sw26p1,SU5 slot 51,mlx5_2,G1-G3
leaf-gpu,sys1-ice2-p-swi-bel25,sw26p2,SU5 slot 52,mlx5_2,G1-G3
leaf-gpu,sys1-ice2-p-swi-bel25,sw27p1,SU5 slot 53,mlx5_2,G1-G3
leaf-gpu,sys1-ice2-p-swi-bel25,sw27p2,SU5 slot 54,mlx5_2,G1-G3
leaf-gpu,sys1-ice2-p-swi-bel25,sw28p1,SU5 slot 55,mlx5_2,G1-G3
leaf-gpu,sys1-ice2-p-swi-bel25,sw28p2,SU5 slot 56,mlx5_2,G1-G3
leaf-gpu,sys1-ice2-p-swi-bel25,sw29p1,SU5 slot 57,mlx5_2,G1-G3
leaf-gpu,sys1-ice2-p-swi-bel25,sw29p2,SU5 slot 58,mlx5_2,G1-G3
leaf-gpu,sys1-ice2-p-swi-bel25,sw30p1,SU5 slot 59,mlx5_2,G1-G3
leaf-gpu,sys1-ice2-p-swi-bel25,sw30p2,SU5 slot 60,mlx5_2,G1-G3
leaf-gpu,sys1-ice2-p-swi-bel25,sw31p1,SU5 slot 61,mlx5_2,G1-G3
leaf-gpu,sys1-ice2-p-swi-bel25,sw31p2,SU5 slot 62,mlx5_2,G1-G3
leaf-gpu,sys1-ice2-p-swi-bel25,sw32p1,SU5 slot 63,mlx5_2,G1-G3
leaf-gpu,sys1-ice2-p-swi-bel25,sw32p2,SU5 slot 64,mlx5_2,G1-G3
leaf-gpu,sys1-ice2-p-swi-bel25,sw33p1,SU5 slot 65,mlx5_2,G1-G3
leaf-gpu,sys1-ice2-p-swi-bel25,sw33p2,SU5 slot 66,mlx5_2,G1-G3
leaf-gpu,sys1-ice2-p-swi-bel25,sw34p1,SU5 slot 67,mlx5_2,G1-G3
leaf-gpu,sys1-ice2-p-swi-bel25,sw34p2,SU5 slot 68,mlx5_2,G1-G3
leaf-gpu,sys1-ice2-p-swi-bel25,sw35p1,SU5 slot 69,mlx5_2,G1-G3
leaf-gpu,sys1-ice2-p-swi-bel25,sw35p2,SU5 slot 70,mlx5_2,G1-G3
leaf-gpu,sys1-ice2-p-swi-bel25,sw36p1,SU5 slot 71,mlx5_2,G1-G3
leaf-gpu,sys1-ice2-p-swi-bel25,sw36p2,SU5 slot 72,mlx5_2,G1-G3
leaf-gpu,sys1-ice2-p-swi-bel26,sw1p1,SU6 slot 1,mlx5_2,G1-G3
leaf-gpu,sys1-ice2-p-swi-bel26,sw1p2,SU6 slot 2,mlx5_2,G1-G3
leaf-gpu,sys1-ice2-p-swi-bel26,sw2p1,SU6 slot 3,mlx5_2,G1-G3
leaf-gpu,sys1-ice2-p-swi-bel26,sw2p2,SU6 slot 4,mlx5_2,G1-G3
leaf-gpu,sys1-ice2-p-swi-bel26,sw3p1,SU6 slot 5,mlx5_2,G1-G3
leaf-gpu,sys1-ice2-p-swi-bel26,sw3p2,SU6 slot 6,mlx5_2,G1-G3
leaf-gpu,sys1-ice2-p-swi-bel26,sw4p1,SU6 slot 7,mlx5_2,G1-G3
leaf-gpu,sys1-ice2-p-swi-bel26,sw4p2,SU6 slot 8,mlx5_2,G1-G3
leaf-gpu,sys1-ice2-p-swi-bel26,sw5p1,SU6 slot 9,mlx5_2,G1-G3
leaf-gpu,sys1-ice2-p-swi-bel26,sw5p2,SU6 slot 10,mlx5_2,G1-G3
leaf-gpu,sys1-ice2-p-swi-bel26,sw6p1,SU6 slot 11,mlx5_2,G1-G3
leaf-gpu,sys1-ice2-p-swi-bel26,sw6p2,SU6 slot 12,mlx5_2,G1-G3
leaf-gpu,sys1-ice2-p-swi-bel26,sw7p1,SU6 slot 13,mlx5_2,G1-G3
leaf-gpu,sys1-ice2-p-swi-bel26,sw7p2,SU6 slot 14,mlx5_2,G1-G3
leaf-gpu,sys1-ice2-p-swi-bel26,sw8p1,SU6 slot 15,mlx5_2,G1-G3
leaf-gpu,sys1-ice2-p-swi-bel26,sw8p2,SU6 slot 16,mlx5_2,G1-G3
leaf-gpu,sys1-ice2-p-swi-bel26,sw9p1,SU6 slot 17,mlx5_2,G1-G3
leaf-gpu,sys1-ice2-p-swi-bel26,sw9p2,SU6 slot 18,mlx5_2,G1-G3
leaf-gpu,sys1-ice2-p-swi-bel26,sw10p1,SU6 slot 19,mlx5_2,G1-G3
leaf-gpu,sys1-ice2-p-swi-bel26,sw10p2,SU6 slot 20,mlx5_2,G1-G3
leaf-gpu,sys1-ice2-p-swi-bel26,sw11p1,SU6 slot 21,mlx5_2,G1-G3
leaf-gpu,sys1-ice2-p-swi-bel26,sw11p2,SU6 slot 22,mlx5_2,G1-G3
leaf-gpu,sys1-ice2-p-swi-bel26,sw12p1,SU6 slot 23,mlx5_2,G1-G3
leaf-gpu,sys1-ice2-p-swi-bel26,sw12p2,SU6 slot 24,mlx5_2,G1-G3
leaf-gpu,sys1-ice2-p-swi-bel26,sw13p1,SU6 slot 25,mlx5_2,G1-G3
leaf-gpu,sys1-ice2-p-swi-bel26,sw13p2,SU6 slot 26,mlx5_2,G1-G3
leaf-gpu,sys1-ice2-p-swi-bel26,sw14p1,SU6 slot 27,mlx5_2,G1-G3
leaf-gpu,sys1-ice2-p-swi-bel26,sw14p2,SU6 slot 28,mlx5_2,G1-G3
leaf-gpu,sys1-ice2-p-swi-bel26,sw15p1,SU6 slot 29,mlx5_2,G1-G3
leaf-gpu,sys1-ice2-p-swi-bel26,sw15p2,SU6 slot 30,mlx5_2,G1-G3
leaf-gpu,sys1-ice2-p-swi-bel26,sw16p1,SU6 slot 31,mlx5_2,G1-G3
leaf-gpu,sys1-ice2-p-swi-bel26,sw16p2,SU6 slot 32,mlx5_2,G1-G3
leaf-gpu,sys1-ice2-p-swi-bel26,sw17p1,SU6 slot 33,mlx5_2,G1-G3
leaf-gpu,sys1-ice2-p-swi-bel26,sw17p2,SU6 slot 34,mlx5_2,G1-G3
leaf-gpu,sys1-ice2-p-swi-bel26,sw18p1,SU6 slot 35,mlx5_2,G1-G3
leaf-gpu,sys1-ice2-p-swi-bel26,sw18p2,SU6 slot 36,mlx5_2,G1-G3
leaf-gpu,sys1-ice2-p-swi-bel26,sw19p1,SU6 slot 37,mlx5_2,G1-G3
leaf-gpu,sys1-ice2-p-swi-bel26,sw19p2,SU6 slot 38,mlx5_2,G1-G3
leaf-gpu,sys1-ice2-p-swi-bel26,sw20p1,SU6 slot 39,mlx5_2,G1-G3
leaf-gpu,sys1-ice2-p-swi-bel26,sw20p2,SU6 slot 40,mlx5_2,G1-G3
leaf-gpu,sys1-ice2-p-swi-bel26,sw21p1,SU6 slot 41,mlx5_2,G1-G3
leaf-gpu,sys1-ice2-p-swi-bel26,sw21p2,SU6 slot 42,mlx5_2,G1-G3
leaf-gpu,sys1-ice2-p-swi-bel26,sw22p1,SU6 slot 43,mlx5_2,G1-G3
leaf-gpu,sys1-ice2-p-swi-bel26,sw22p2,SU6 slot 44,mlx5_2,G1-G3
leaf-gpu,sys1-ice2-p-swi-bel26,sw23p1,SU6 slot 45,mlx5_2,G1-G3
leaf-gpu,sys1-ice2-p-swi-bel26,sw23p2,SU6 slot 46,mlx5_2,G1-G3
leaf-gpu,sys1-ice2-p-swi-bel26,sw24p1,SU6 slot 47,mlx5_2,G1-G3
leaf-gpu,sys1-ice2-p-swi-bel26,sw24p2,SU6 slot 48,mlx5_2,G1-G3
leaf-gpu,sys1-ice2-p-swi-bel26,sw25p1,SU6 slot 49,mlx5_2,G1-G3
leaf-gpu,sys1-ice2-p-swi-bel26,sw25p2,SU6 slot 50,mlx5_2,G1-G3
leaf-gpu,sys1-ice2-p-swi-bel26,sw26p1,SU6 slot 51,mlx5_2,G1-G3
leaf-gpu,sys1-ice2-p-swi-bel26,sw26p2,SU6 slot 52,mlx5_2,G1-G3
leaf-gpu,sys1-ice2-p-swi-bel26,sw27p1,SU6 slot 53,mlx5_2,G1-G3
leaf-gpu,sys1-ice2-p-swi-bel26,sw27p2,SU6 slot 54,mlx5_2,G1-G3
leaf-gpu,sys1-ice2-p-swi-bel26,sw28p1,SU6 slot 55,mlx5_2,G1-G3
leaf-gpu,sys1-ice2-p-swi-bel26,sw28p2,SU6 slot 56,mlx5_2,G1-G3
leaf-gpu,sys1-ice2-p-swi-bel26,sw29p1,SU6 slot 57,mlx5_2,G1-G3
leaf-gpu,sys1-ice2-p-swi-bel26,sw29p2,SU6 slot 58,mlx5_2,G1-G3
leaf-gpu,sys1-ice2-p-swi-bel26,sw30p1,SU6 slot 59,mlx5_2,G1-G3
leaf-gpu,sys1-ice2-p-swi-bel26,sw30p2,SU6 slot 60,mlx5_2,G1-G3
leaf-gpu,sys1-ice2-p-swi-bel26,sw31p1,SU6 slot 61,mlx5_2,G1-G3
leaf-gpu,sys1-ice2-p-swi-bel26,sw31p2,SU6 slot 62,mlx5_2,G1-G3
leaf-gpu,sys1-ice2-p-swi-bel26,sw32p1,SU6 slot 63,mlx5_2,G1-G3
leaf-gpu,sys1-ice2-p-swi-bel26,sw32p2,SU6 slot 64,mlx5_2,G1-G3
leaf-gpu,sys1-ice2-p-swi-bel26,sw33p1,SU6 slot 65,mlx5_2,G1-G3
leaf-gpu,sys1-ice2-p-swi-bel26,sw33p2,SU6 slot 66,mlx5_2,G1-G3
leaf-gpu,sys1-ice2-p-swi-bel26,sw34p1,SU6 slot 67,mlx5_2,G1-G3
leaf-gpu,sys1-ice2-p-swi-bel26,sw34p2,SU6 slot 68,mlx5_2,G1-G3
leaf-gpu,sys1-ice2-p-swi-bel26,sw35p1,SU6 slot 69,mlx5_2,G1-G3
leaf-gpu,sys1-ice2-p-swi-bel26,sw35p2,SU6 slot 70,mlx5_2,G1-G3
leaf-gpu,sys1-ice2-p-swi-bel26,sw36p1,SU6 slot 71,mlx5_2,G1-G3
leaf-gpu,sys1-ice2-p-swi-bel26,sw36p2,SU6 slot 72,mlx5_2,G1-G3
leaf-gpu,sys1-ice2-p-swi-bel27,sw1p1,SU7 slot 1,mlx5_2,G1-G3
leaf-gpu,sys1-ice2-p-swi-bel27,sw1p2,SU7 slot 2,mlx5_2,G1-G3
leaf-gpu,sys1-ice2-p-swi-bel27,sw2p1,SU7 slot 3,mlx5_2,G1-G3
leaf-gpu,sys1-ice2-p-swi-bel27,sw2p2,SU7 slot 4,mlx5_2,G1-G3
leaf-gpu,sys1-ice2-p-swi-bel27,sw3p1,SU7 slot 5,mlx5_2,G1-G3
leaf-gpu,sys1-ice2-p-swi-bel27,sw3p2,SU7 slot 6,mlx5_2,G1-G3
leaf-gpu,sys1-ice2-p-swi-bel27,sw4p1,SU7 slot 7,mlx5_2,G1-G3
leaf-gpu,sys1-ice2-p-swi-bel27,sw4p2,SU7 slot 8,mlx5_2,G1-G3
leaf-gpu,sys1-ice2-p-swi-bel27,sw5p1,SU7 slot 9,mlx5_2,G1-G3
leaf-gpu,sys1-ice2-p-swi-bel27,sw5p2,SU7 slot 10,mlx5_2,G1-G3
leaf-gpu,sys1-ice2-p-swi-bel27,sw6p1,SU7 slot 11,mlx5_2,G1-G3
leaf-gpu,sys1-ice2-p-swi-bel27,sw6p2,SU7 slot 12,mlx5_2,G1-G3
leaf-gpu,sys1-ice2-p-swi-bel27,sw7p1,SU7 slot 13,mlx5_2,G1-G3
leaf-gpu,sys1-ice2-p-swi-bel27,sw7p2,SU7 slot 14,mlx5_2,G1-G3
leaf-gpu,sys1-ice2-p-swi-bel27,sw8p1,SU7 slot 15,mlx5_2,G1-G3
leaf-gpu,sys1-ice2-p-swi-bel27,sw8p2,SU7 slot 16,mlx5_2,G1-G3
leaf-gpu,sys1-ice2-p-swi-bel27,sw9p1,SU7 slot 17,mlx5_2,G1-G3
leaf-gpu,sys1-ice2-p-swi-bel27,sw9p2,SU7 slot 18,mlx5_2,G1-G3
leaf-gpu,sys1-ice2-p-swi-bel27,sw10p1,SU7 slot 19,mlx5_2,G1-G3
leaf-gpu,sys1-ice2-p-swi-bel27,sw10p2,SU7 slot 20,mlx5_2,G1-G3
leaf-gpu,sys1-ice2-p-swi-bel27,sw11p1,SU7 slot 21,mlx5_2,G1-G3
leaf-gpu,sys1-ice2-p-swi-bel27,sw11p2,SU7 slot 22,mlx5_2,G1-G3
leaf-gpu,sys1-ice2-p-swi-bel27,sw12p1,SU7 slot 23,mlx5_2,G1-G3
leaf-gpu,sys1-ice2-p-swi-bel27,sw12p2,SU7 slot 24,mlx5_2,G1-G3
leaf-gpu,sys1-ice2-p-swi-bel27,sw13p1,SU7 slot 25,mlx5_2,G1-G3
leaf-gpu,sys1-ice2-p-swi-bel27,sw13p2,SU7 slot 26,mlx5_2,G1-G3
leaf-gpu,sys1-ice2-p-swi-bel27,sw14p1,SU7 slot 27,mlx5_2,G1-G3
leaf-gpu,sys1-ice2-p-swi-bel27,sw14p2,SU7 slot 28,mlx5_2,G1-G3
leaf-gpu,sys1-ice2-p-swi-bel27,sw15p1,SU7 slot 29,mlx5_2,G1-G3
leaf-gpu,sys1-ice2-p-swi-bel27,sw15p2,SU7 slot 30,mlx5_2,G1-G3
leaf-gpu,sys1-ice2-p-swi-bel27,sw16p1,SU7 slot 31,mlx5_2,G1-G3
leaf-gpu,sys1-ice2-p-swi-bel27,sw16p2,SU7 slot 32,mlx5_2,G1-G3
leaf-gpu,sys1-ice2-p-swi-bel27,sw17p1,SU7 slot 33,mlx5_2,G1-G3
leaf-gpu,sys1-ice2-p-swi-bel27,sw17p2,SU7 slot 34,mlx5_2,G1-G3
leaf-gpu,sys1-ice2-p-swi-bel27,sw18p1,SU7 slot 35,mlx5_2,G1-G3
leaf-gpu,sys1-ice2-p-swi-bel27,sw18p2,SU7 slot 36,mlx5_2,G1-G3
leaf-gpu,sys1-ice2-p-swi-bel27,sw19p1,SU7 slot 37,mlx5_2,G1-G3
leaf-gpu,sys1-ice2-p-swi-bel27,sw19p2,SU7 slot 38,mlx5_2,G1-G3
leaf-gpu,sys1-ice2-p-swi-bel27,sw20p1,SU7 slot 39,mlx5_2,G1-G3
leaf-gpu,sys1-ice2-p-swi-bel27,sw20p2,SU7 slot 40,mlx5_2,G1-G3
leaf-gpu,sys1-ice2-p-swi-bel27,sw21p1,SU7 slot 41,mlx5_2,G1-G3
leaf-gpu,sys1-ice2-p-swi-bel27,sw21p2,SU7 slot 42,mlx5_2,G1-G3
leaf-gpu,sys1-ice2-p-swi-bel27,sw22p1,SU7 slot 43,mlx5_2,G1-G3
leaf-gpu,sys1-ice2-p-swi-bel27,sw22p2,SU7 slot 44,mlx5_2,G1-G3
leaf-gpu,sys1-ice2-p-swi-bel27,sw23p1,SU7 slot 45,mlx5_2,G1-G3
leaf-gpu,sys1-ice2-p-swi-bel27,sw23p2,SU7 slot 46,mlx5_2,G1-G3
leaf-gpu,sys1-ice2-p-swi-bel27,sw24p1,SU7 slot 47,mlx5_2,G1-G3
leaf-gpu,sys1-ice2-p-swi-bel27,sw24p2,SU7 slot 48,mlx5_2,G1-G3
leaf-gpu,sys1-ice2-p-swi-bel27,sw25p1,SU7 slot 49,mlx5_2,G1-G3
leaf-gpu,sys1-ice2-p-swi-bel27,sw25p2,SU7 slot 50,mlx5_2,G1-G3
leaf-gpu,sys1-ice2-p-swi-bel27,sw26p1,SU7 slot 51,mlx5_2,G1-G3
leaf-gpu,sys1-ice2-p-swi-bel27,sw26p2,SU7 slot 52,mlx5_2,G1-G3
leaf-gpu,sys1-ice2-p-swi-bel27,sw27p1,SU7 slot 53,mlx5_2,G1-G3
leaf-gpu,sys1-ice2-p-swi-bel27,sw27p2,SU7 slot 54,mlx5_2,G1-G3
leaf-gpu,sys1-ice2-p-swi-bel27,sw28p1,SU7 slot 55,mlx5_2,G1-G3
leaf-gpu,sys1-ice2-p-swi-bel27,sw28p2,SU7 slot 56,mlx5_2,G1-G3
leaf-gpu,sys1-ice2-p-swi-bel27,sw29p1,SU7 slot 57,mlx5_2,G1-G3
leaf-gpu,sys1-ice2-p-swi-bel27,sw29p2,SU7 slot 58,mlx5_2,G1-G3
leaf-gpu,sys1-ice2-p-swi-bel27,sw30p1,SU7 slot 59,mlx5_2,G1-G3
leaf-gpu,sys1-ice2-p-swi-bel27,sw30p2,SU7 slot 60,mlx5_2,G1-G3
leaf-gpu,sys1-ice2-p-swi-bel27,sw31p1,SU7 slot 61,mlx5_2,G1-G3
leaf-gpu,sys1-ice2-p-swi-bel27,sw31p2,SU7 slot 62,mlx5_2,G1-G3
leaf-gpu,sys1-ice2-p-swi-bel27,sw32p1,SU7 slot 63,mlx5_2,G1-G3
leaf-gpu,sys1-ice2-p-swi-bel27,sw32p2,SU7 slot 64,mlx5_2,G1-G3
leaf-gpu,sys1-ice2-p-swi-bel27,sw33p1,SU7 slot 65,mlx5_2,G1-G3
leaf-gpu,sys1-ice2-p-swi-bel27,sw33p2,SU7 slot 66,mlx5_2,G1-G3
leaf-gpu,sys1-ice2-p-swi-bel27,sw34p1,SU7 slot 67,mlx5_2,G1-G3
leaf-gpu,sys1-ice2-p-swi-bel27,sw34p2,SU7 slot 68,mlx5_2,G1-G3
leaf-gpu,sys1-ice2-p-swi-bel27,sw35p1,SU7 slot 69,mlx5_2,G1-G3
leaf-gpu,sys1-ice2-p-swi-bel27,sw35p2,SU7 slot 70,mlx5_2,G1-G3
leaf-gpu,sys1-ice2-p-swi-bel27,sw36p1,SU7 slot 71,mlx5_2,G1-G3
leaf-gpu,sys1-ice2-p-swi-bel27,sw36p2,SU7 slot 72,mlx5_2,G1-G3
leaf-gpu,sys1-ice2-p-swi-bel28,sw1p1,SU8 slot 1,mlx5_2,G1-G3
leaf-gpu,sys1-ice2-p-swi-bel28,sw1p2,SU8 slot 2,mlx5_2,G1-G3
leaf-gpu,sys1-ice2-p-swi-bel28,sw2p1,SU8 slot 3,mlx5_2,G1-G3
leaf-gpu,sys1-ice2-p-swi-bel28,sw2p2,SU8 slot 4,mlx5_2,G1-G3
leaf-gpu,sys1-ice2-p-swi-bel28,sw3p1,SU8 slot 5,mlx5_2,G1-G3
leaf-gpu,sys1-ice2-p-swi-bel28,sw3p2,SU8 slot 6,mlx5_2,G1-G3
leaf-gpu,sys1-ice2-p-swi-bel28,sw4p1,SU8 slot 7,mlx5_2,G1-G3
leaf-gpu,sys1-ice2-p-swi-bel28,sw4p2,SU8 slot 8,mlx5_2,G1-G3
leaf-gpu,sys1-ice2-p-swi-bel28,sw5p1,SU8 slot 9,mlx5_2,G1-G3
leaf-gpu,sys1-ice2-p-swi-bel28,sw5p2,SU8 slot 10,mlx5_2,G1-G3
leaf-gpu,sys1-ice2-p-swi-bel28,sw6p1,SU8 slot 11,mlx5_2,G1-G3
leaf-gpu,sys1-ice2-p-swi-bel28,sw6p2,SU8 slot 12,mlx5_2,G1-G3
leaf-gpu,sys1-ice2-p-swi-bel28,sw7p1,SU8 slot 13,mlx5_2,G1-G3
leaf-gpu,sys1-ice2-p-swi-bel28,sw7p2,SU8 slot 14,mlx5_2,G1-G3
leaf-gpu,sys1-ice2-p-swi-bel28,sw8p1,SU8 slot 15,mlx5_2,G1-G3
leaf-gpu,sys1-ice2-p-swi-bel28,sw8p2,SU8 slot 16,mlx5_2,G1-G3
leaf-gpu,sys1-ice2-p-swi-bel28,sw9p1,SU8 slot 17,mlx5_2,G1-G3
leaf-gpu,sys1-ice2-p-swi-bel28,sw9p2,SU8 slot 18,mlx5_2,G1-G3
leaf-gpu,sys1-ice2-p-swi-bel28,sw10p1,SU8 slot 19,mlx5_2,G1-G3
leaf-gpu,sys1-ice2-p-swi-bel28,sw10p2,SU8 slot 20,mlx5_2,G1-G3
leaf-gpu,sys1-ice2-p-swi-bel28,sw11p1,SU8 slot 21,mlx5_2,G1-G3
leaf-gpu,sys1-ice2-p-swi-bel28,sw11p2,SU8 slot 22,mlx5_2,G1-G3
leaf-gpu,sys1-ice2-p-swi-bel28,sw12p1,SU8 slot 23,mlx5_2,G1-G3
leaf-gpu,sys1-ice2-p-swi-bel28,sw12p2,SU8 slot 24,mlx5_2,G1-G3
leaf-gpu,sys1-ice2-p-swi-bel28,sw13p1,SU8 slot 25,mlx5_2,G1-G3
leaf-gpu,sys1-ice2-p-swi-bel28,sw13p2,SU8 slot 26,mlx5_2,G1-G3
leaf-gpu,sys1-ice2-p-swi-bel28,sw14p1,SU8 slot 27,mlx5_2,G1-G3
leaf-gpu,sys1-ice2-p-swi-bel28,sw14p2,SU8 slot 28,mlx5_2,G1-G3
leaf-gpu,sys1-ice2-p-swi-bel28,sw15p1,SU8 slot 29,mlx5_2,G1-G3
leaf-gpu,sys1-ice2-p-swi-bel28,sw15p2,SU8 slot 30,mlx5_2,G1-G3
leaf-gpu,sys1-ice2-p-swi-bel28,sw16p1,SU8 slot 31,mlx5_2,G1-G3
leaf-gpu,sys1-ice2-p-swi-bel28,sw16p2,SU8 slot 32,mlx5_2,G1-G3
leaf-gpu,sys1-ice2-p-swi-bel28,sw17p1,SU8 slot 33,mlx5_2,G1-G3
leaf-gpu,sys1-ice2-p-swi-bel28,sw17p2,SU8 slot 34,mlx5_2,G1-G3
leaf-gpu,sys1-ice2-p-swi-bel28,sw18p1,SU8 slot 35,mlx5_2,G1-G3
leaf-gpu,sys1-ice2-p-swi-bel28,sw18p2,SU8 slot 36,mlx5_2,G1-G3
leaf-gpu,sys1-ice2-p-swi-bel28,sw19p1,SU8 slot 37,mlx5_2,G1-G3
leaf-gpu,sys1-ice2-p-swi-bel28,sw19p2,SU8 slot 38,mlx5_2,G1-G3
leaf-gpu,sys1-ice2-p-swi-bel28,sw20p1,SU8 slot 39,mlx5_2,G1-G3
leaf-gpu,sys1-ice2-p-swi-bel28,sw20p2,SU8 slot 40,mlx5_2,G1-G3
leaf-gpu,sys1-ice2-p-swi-bel28,sw21p1,SU8 slot 41,mlx5_2,G1-G3
leaf-gpu,sys1-ice2-p-swi-bel28,sw21p2,SU8 slot 42,mlx5_2,G1-G3
leaf-gpu,sys1-ice2-p-swi-bel28,sw22p1,SU8 slot 43,mlx5_2,G1-G3
leaf-gpu,sys1-ice2-p-swi-bel28,sw22p2,SU8 slot 44,mlx5_2,G1-G3
leaf-gpu,sys1-ice2-p-swi-bel28,sw23p1,SU8 slot 45,mlx5_2,G1-G3
leaf-gpu,sys1-ice2-p-swi-bel28,sw23p2,SU8 slot 46,mlx5_2,G1-G3
leaf-gpu,sys1-ice2-p-swi-bel28,sw24p1,SU8 slot 47,mlx5_2,G1-G3
leaf-gpu,sys1-ice2-p-swi-bel28,sw24p2,SU8 slot 48,mlx5_2,G1-G3
leaf-gpu,sys1-ice2-p-swi-bel28,sw25p1,SU8 slot 49,mlx5_2,G1-G3
leaf-gpu,sys1-ice2-p-swi-bel28,sw25p2,SU8 slot 50,mlx5_2,G1-G3
leaf-gpu,sys1-ice2-p-swi-bel28,sw26p1,SU8 slot 51,mlx5_2,G1-G3
leaf-gpu,sys1-ice2-p-swi-bel28,sw26p2,SU8 slot 52,mlx5_2,G1-G3
leaf-gpu,sys1-ice2-p-swi-bel28,sw27p1,SU8 slot 53,mlx5_2,G1-G3
leaf-gpu,sys1-ice2-p-swi-bel28,sw27p2,SU8 slot 54,mlx5_2,G1-G3
leaf-gpu,sys1-ice2-p-swi-bel28,sw28p1,SU8 slot 55,mlx5_2,G1-G3
leaf-gpu,sys1-ice2-p-swi-bel28,sw28p2,SU8 slot 56,mlx5_2,G1-G3
leaf-gpu,sys1-ice2-p-swi-bel28,sw29p1,SU8 slot 57,mlx5_2,G1-G3
leaf-gpu,sys1-ice2-p-swi-bel28,sw29p2,SU8 slot 58,mlx5_2,G1-G3
leaf-gpu,sys1-ice2-p-swi-bel28,sw30p1,SU8 slot 59,mlx5_2,G1-G3
leaf-gpu,sys1-ice2-p-swi-bel28,sw30p2,SU8 slot 60,mlx5_2,G1-G3
leaf-gpu,sys1-ice2-p-swi-bel28,sw31p1,SU8 slot 61,mlx5_2,G1-G3
leaf-gpu,sys1-ice2-p-swi-bel28,sw31p2,SU8 slot 62,mlx5_2,G1-G3
leaf-gpu,sys1-ice2-p-swi-bel28,sw32p1,SU8 slot 63,mlx5_2,G1-G3
leaf-gpu,sys1-ice2-p-swi-bel28,sw32p2,SU8 slot 64,mlx5_2,G1-G3
leaf-gpu,sys1-ice2-p-swi-bel28,sw33p1,SU8 slot 65,mlx5_2,G1-G3
leaf-gpu,sys1-ice2-p-swi-bel28,sw33p2,SU8 slot 66,mlx5_2,G1-G3
leaf-gpu,sys1-ice2-p-swi-bel28,sw34p1,SU8 slot 67,mlx5_2,G1-G3
leaf-gpu,sys1-ice2-p-swi-bel28,sw34p2,SU8 slot 68,mlx5_2,G1-G3
leaf-gpu,sys1-ice2-p-swi-bel28,sw35p1,SU8 slot 69,mlx5_2,G1-G3
leaf-gpu,sys1-ice2-p-swi-bel28,sw35p2,SU8 slot 70,mlx5_2,G1-G3
leaf-gpu,sys1-ice2-p-swi-bel28,sw36p1,SU8 slot 71,mlx5_2,G1-G3
leaf-gpu,sys1-ice2-p-swi-bel28,sw36p2,SU8 slot 72,mlx5_2,G1-G3
leaf-gpu,sys1-ice2-p-swi-bel29,sw1p1,SU5 slot 1,mlx5_3,G1-G3
leaf-gpu,sys1-ice2-p-swi-bel29,sw1p2,SU5 slot 2,mlx5_3,G1-G3
leaf-gpu,sys1-ice2-p-swi-bel29,sw2p1,SU5 slot 3,mlx5_3,G1-G3
leaf-gpu,sys1-ice2-p-swi-bel29,sw2p2,SU5 slot 4,mlx5_3,G1-G3
leaf-gpu,sys1-ice2-p-swi-bel29,sw3p1,SU5 slot 5,mlx5_3,G1-G3
leaf-gpu,sys1-ice2-p-swi-bel29,sw3p2,SU5 slot 6,mlx5_3,G1-G3
leaf-gpu,sys1-ice2-p-swi-bel29,sw4p1,SU5 slot 7,mlx5_3,G1-G3
leaf-gpu,sys1-ice2-p-swi-bel29,sw4p2,SU5 slot 8,mlx5_3,G1-G3
leaf-gpu,sys1-ice2-p-swi-bel29,sw5p1,SU5 slot 9,mlx5_3,G1-G3
leaf-gpu,sys1-ice2-p-swi-bel29,sw5p2,SU5 slot 10,mlx5_3,G1-G3
leaf-gpu,sys1-ice2-p-swi-bel29,sw6p1,SU5 slot 11,mlx5_3,G1-G3
leaf-gpu,sys1-ice2-p-swi-bel29,sw6p2,SU5 slot 12,mlx5_3,G1-G3
leaf-gpu,sys1-ice2-p-swi-bel29,sw7p1,SU5 slot 13,mlx5_3,G1-G3
leaf-gpu,sys1-ice2-p-swi-bel29,sw7p2,SU5 slot 14,mlx5_3,G1-G3
leaf-gpu,sys1-ice2-p-swi-bel29,sw8p1,SU5 slot 15,mlx5_3,G1-G3
leaf-gpu,sys1-ice2-p-swi-bel29,sw8p2,SU5 slot 16,mlx5_3,G1-G3
leaf-gpu,sys1-ice2-p-swi-bel29,sw9p1,SU5 slot 17,mlx5_3,G1-G3
leaf-gpu,sys1-ice2-p-swi-bel29,sw9p2,SU5 slot 18,mlx5_3,G1-G3
leaf-gpu,sys1-ice2-p-swi-bel29,sw10p1,SU5 slot 19,mlx5_3,G1-G3
leaf-gpu,sys1-ice2-p-swi-bel29,sw10p2,SU5 slot 20,mlx5_3,G1-G3
leaf-gpu,sys1-ice2-p-swi-bel29,sw11p1,SU5 slot 21,mlx5_3,G1-G3
leaf-gpu,sys1-ice2-p-swi-bel29,sw11p2,SU5 slot 22,mlx5_3,G1-G3
leaf-gpu,sys1-ice2-p-swi-bel29,sw12p1,SU5 slot 23,mlx5_3,G1-G3
leaf-gpu,sys1-ice2-p-swi-bel29,sw12p2,SU5 slot 24,mlx5_3,G1-G3
leaf-gpu,sys1-ice2-p-swi-bel29,sw13p1,SU5 slot 25,mlx5_3,G1-G3
leaf-gpu,sys1-ice2-p-swi-bel29,sw13p2,SU5 slot 26,mlx5_3,G1-G3
leaf-gpu,sys1-ice2-p-swi-bel29,sw14p1,SU5 slot 27,mlx5_3,G1-G3
leaf-gpu,sys1-ice2-p-swi-bel29,sw14p2,SU5 slot 28,mlx5_3,G1-G3
leaf-gpu,sys1-ice2-p-swi-bel29,sw15p1,SU5 slot 29,mlx5_3,G1-G3
leaf-gpu,sys1-ice2-p-swi-bel29,sw15p2,SU5 slot 30,mlx5_3,G1-G3
leaf-gpu,sys1-ice2-p-swi-bel29,sw16p1,SU5 slot 31,mlx5_3,G1-G3
leaf-gpu,sys1-ice2-p-swi-bel29,sw16p2,SU5 slot 32,mlx5_3,G1-G3
leaf-gpu,sys1-ice2-p-swi-bel29,sw17p1,SU5 slot 33,mlx5_3,G1-G3
leaf-gpu,sys1-ice2-p-swi-bel29,sw17p2,SU5 slot 34,mlx5_3,G1-G3
leaf-gpu,sys1-ice2-p-swi-bel29,sw18p1,SU5 slot 35,mlx5_3,G1-G3
leaf-gpu,sys1-ice2-p-swi-bel29,sw18p2,SU5 slot 36,mlx5_3,G1-G3
leaf-gpu,sys1-ice2-p-swi-bel29,sw19p1,SU5 slot 37,mlx5_3,G1-G3
leaf-gpu,sys1-ice2-p-swi-bel29,sw19p2,SU5 slot 38,mlx5_3,G1-G3
leaf-gpu,sys1-ice2-p-swi-bel29,sw20p1,SU5 slot 39,mlx5_3,G1-G3
leaf-gpu,sys1-ice2-p-swi-bel29,sw20p2,SU5 slot 40,mlx5_3,G1-G3
leaf-gpu,sys1-ice2-p-swi-bel29,sw21p1,SU5 slot 41,mlx5_3,G1-G3
leaf-gpu,sys1-ice2-p-swi-bel29,sw21p2,SU5 slot 42,mlx5_3,G1-G3
leaf-gpu,sys1-ice2-p-swi-bel29,sw22p1,SU5 slot 43,mlx5_3,G1-G3
leaf-gpu,sys1-ice2-p-swi-bel29,sw22p2,SU5 slot 44,mlx5_3,G1-G3
leaf-gpu,sys1-ice2-p-swi-bel29,sw23p1,SU5 slot 45,mlx5_3,G1-G3
leaf-gpu,sys1-ice2-p-swi-bel29,sw23p2,SU5 slot 46,mlx5_3,G1-G3
leaf-gpu,sys1-ice2-p-swi-bel29,sw24p1,SU5 slot 47,mlx5_3,G1-G3
leaf-gpu,sys1-ice2-p-swi-bel29,sw24p2,SU5 slot 48,mlx5_3,G1-G3
leaf-gpu,sys1-ice2-p-swi-bel29,sw25p1,SU5 slot 49,mlx5_3,G1-G3
leaf-gpu,sys1-ice2-p-swi-bel29,sw25p2,SU5 slot 50,mlx5_3,G1-G3
leaf-gpu,sys1-ice2-p-swi-bel29,sw26p1,SU5 slot 51,mlx5_3,G1-G3
leaf-gpu,sys1-ice2-p-swi-bel29,sw26p2,SU5 slot 52,mlx5_3,G1-G3
leaf-gpu,sys1-ice2-p-swi-bel29,sw27p1,SU5 slot 53,mlx5_3,G1-G3
leaf-gpu,sys1-ice2-p-swi-bel29,sw27p2,SU5 slot 54,mlx5_3,G1-G3
leaf-gpu,sys1-ice2-p-swi-bel29,sw28p1,SU5 slot 55,mlx5_3,G1-G3
leaf-gpu,sys1-ice2-p-swi-bel29,sw28p2,SU5 slot 56,mlx5_3,G1-G3
leaf-gpu,sys1-ice2-p-swi-bel29,sw29p1,SU5 slot 57,mlx5_3,G1-G3
leaf-gpu,sys1-ice2-p-swi-bel29,sw29p2,SU5 slot 58,mlx5_3,G1-G3
leaf-gpu,sys1-ice2-p-swi-bel29,sw30p1,SU5 slot 59,mlx5_3,G1-G3
leaf-gpu,sys1-ice2-p-swi-bel29,sw30p2,SU5 slot 60,mlx5_3,G1-G3
leaf-gpu,sys1-ice2-p-swi-bel29,sw31p1,SU5 slot 61,mlx5_3,G1-G3
leaf-gpu,sys1-ice2-p-swi-bel29,sw31p2,SU5 slot 62,mlx5_3,G1-G3
leaf-gpu,sys1-ice2-p-swi-bel29,sw32p1,SU5 slot 63,mlx5_3,G1-G3
leaf-gpu,sys1-ice2-p-swi-bel29,sw32p2,SU5 slot 64,mlx5_3,G1-G3
leaf-gpu,sys1-ice2-p-swi-bel29,sw33p1,SU5 slot 65,mlx5_3,G1-G3
leaf-gpu,sys1-ice2-p-swi-bel29,sw33p2,SU5 slot 66,mlx5_3,G1-G3
leaf-gpu,sys1-ice2-p-swi-bel29,sw34p1,SU5 slot 67,mlx5_3,G1-G3
leaf-gpu,sys1-ice2-p-swi-bel29,sw34p2,SU5 slot 68,mlx5_3,G1-G3
leaf-gpu,sys1-ice2-p-swi-bel29,sw35p1,SU5 slot 69,mlx5_3,G1-G3
leaf-gpu,sys1-ice2-p-swi-bel29,sw35p2,SU5 slot 70,mlx5_3,G1-G3
leaf-gpu,sys1-ice2-p-swi-bel29,sw36p1,SU5 slot 71,mlx5_3,G1-G3
leaf-gpu,sys1-ice2-p-swi-bel29,sw36p2,SU5 slot 72,mlx5_3,G1-G3
leaf-gpu,sys1-ice2-p-swi-bel30,sw1p1,SU6 slot 1,mlx5_3,G1-G3
leaf-gpu,sys1-ice2-p-swi-bel30,sw1p2,SU6 slot 2,mlx5_3,G1-G3
leaf-gpu,sys1-ice2-p-swi-bel30,sw2p1,SU6 slot 3,mlx5_3,G1-G3
leaf-gpu,sys1-ice2-p-swi-bel30,sw2p2,SU6 slot 4,mlx5_3,G1-G3
leaf-gpu,sys1-ice2-p-swi-bel30,sw3p1,SU6 slot 5,mlx5_3,G1-G3
leaf-gpu,sys1-ice2-p-swi-bel30,sw3p2,SU6 slot 6,mlx5_3,G1-G3
leaf-gpu,sys1-ice2-p-swi-bel30,sw4p1,SU6 slot 7,mlx5_3,G1-G3
leaf-gpu,sys1-ice2-p-swi-bel30,sw4p2,SU6 slot 8,mlx5_3,G1-G3
leaf-gpu,sys1-ice2-p-swi-bel30,sw5p1,SU6 slot 9,mlx5_3,G1-G3
leaf-gpu,sys1-ice2-p-swi-bel30,sw5p2,SU6 slot 10,mlx5_3,G1-G3
leaf-gpu,sys1-ice2-p-swi-bel30,sw6p1,SU6 slot 11,mlx5_3,G1-G3
leaf-gpu,sys1-ice2-p-swi-bel30,sw6p2,SU6 slot 12,mlx5_3,G1-G3
leaf-gpu,sys1-ice2-p-swi-bel30,sw7p1,SU6 slot 13,mlx5_3,G1-G3
leaf-gpu,sys1-ice2-p-swi-bel30,sw7p2,SU6 slot 14,mlx5_3,G1-G3
leaf-gpu,sys1-ice2-p-swi-bel30,sw8p1,SU6 slot 15,mlx5_3,G1-G3
leaf-gpu,sys1-ice2-p-swi-bel30,sw8p2,SU6 slot 16,mlx5_3,G1-G3
leaf-gpu,sys1-ice2-p-swi-bel30,sw9p1,SU6 slot 17,mlx5_3,G1-G3
leaf-gpu,sys1-ice2-p-swi-bel30,sw9p2,SU6 slot 18,mlx5_3,G1-G3
leaf-gpu,sys1-ice2-p-swi-bel30,sw10p1,SU6 slot 19,mlx5_3,G1-G3
leaf-gpu,sys1-ice2-p-swi-bel30,sw10p2,SU6 slot 20,mlx5_3,G1-G3
leaf-gpu,sys1-ice2-p-swi-bel30,sw11p1,SU6 slot 21,mlx5_3,G1-G3
leaf-gpu,sys1-ice2-p-swi-bel30,sw11p2,SU6 slot 22,mlx5_3,G1-G3
leaf-gpu,sys1-ice2-p-swi-bel30,sw12p1,SU6 slot 23,mlx5_3,G1-G3
leaf-gpu,sys1-ice2-p-swi-bel30,sw12p2,SU6 slot 24,mlx5_3,G1-G3
leaf-gpu,sys1-ice2-p-swi-bel30,sw13p1,SU6 slot 25,mlx5_3,G1-G3
leaf-gpu,sys1-ice2-p-swi-bel30,sw13p2,SU6 slot 26,mlx5_3,G1-G3
leaf-gpu,sys1-ice2-p-swi-bel30,sw14p1,SU6 slot 27,mlx5_3,G1-G3
leaf-gpu,sys1-ice2-p-swi-bel30,sw14p2,SU6 slot 28,mlx5_3,G1-G3
leaf-gpu,sys1-ice2-p-swi-bel30,sw15p1,SU6 slot 29,mlx5_3,G1-G3
leaf-gpu,sys1-ice2-p-swi-bel30,sw15p2,SU6 slot 30,mlx5_3,G1-G3
leaf-gpu,sys1-ice2-p-swi-bel30,sw16p1,SU6 slot 31,mlx5_3,G1-G3
leaf-gpu,sys1-ice2-p-swi-bel30,sw16p2,SU6 slot 32,mlx5_3,G1-G3
leaf-gpu,sys1-ice2-p-swi-bel30,sw17p1,SU6 slot 33,mlx5_3,G1-G3
leaf-gpu,sys1-ice2-p-swi-bel30,sw17p2,SU6 slot 34,mlx5_3,G1-G3
leaf-gpu,sys1-ice2-p-swi-bel30,sw18p1,SU6 slot 35,mlx5_3,G1-G3
leaf-gpu,sys1-ice2-p-swi-bel30,sw18p2,SU6 slot 36,mlx5_3,G1-G3
leaf-gpu,sys1-ice2-p-swi-bel30,sw19p1,SU6 slot 37,mlx5_3,G1-G3
leaf-gpu,sys1-ice2-p-swi-bel30,sw19p2,SU6 slot 38,mlx5_3,G1-G3
leaf-gpu,sys1-ice2-p-swi-bel30,sw20p1,SU6 slot 39,mlx5_3,G1-G3
leaf-gpu,sys1-ice2-p-swi-bel30,sw20p2,SU6 slot 40,mlx5_3,G1-G3
leaf-gpu,sys1-ice2-p-swi-bel30,sw21p1,SU6 slot 41,mlx5_3,G1-G3
leaf-gpu,sys1-ice2-p-swi-bel30,sw21p2,SU6 slot 42,mlx5_3,G1-G3
leaf-gpu,sys1-ice2-p-swi-bel30,sw22p1,SU6 slot 43,mlx5_3,G1-G3
leaf-gpu,sys1-ice2-p-swi-bel30,sw22p2,SU6 slot 44,mlx5_3,G1-G3
leaf-gpu,sys1-ice2-p-swi-bel30,sw23p1,SU6 slot 45,mlx5_3,G1-G3
leaf-gpu,sys1-ice2-p-swi-bel30,sw23p2,SU6 slot 46,mlx5_3,G1-G3
leaf-gpu,sys1-ice2-p-swi-bel30,sw24p1,SU6 slot 47,mlx5_3,G1-G3
leaf-gpu,sys1-ice2-p-swi-bel30,sw24p2,SU6 slot 48,mlx5_3,G1-G3
leaf-gpu,sys1-ice2-p-swi-bel30,sw25p1,SU6 slot 49,mlx5_3,G1-G3
leaf-gpu,sys1-ice2-p-swi-bel30,sw25p2,SU6 slot 50,mlx5_3,G1-G3
leaf-gpu,sys1-ice2-p-swi-bel30,sw26p1,SU6 slot 51,mlx5_3,G1-G3
leaf-gpu,sys1-ice2-p-swi-bel30,sw26p2,SU6 slot 52,mlx5_3,G1-G3
leaf-gpu,sys1-ice2-p-swi-bel30,sw27p1,SU6 slot 53,mlx5_3,G1-G3
leaf-gpu,sys1-ice2-p-swi-bel30,sw27p2,SU6 slot 54,mlx5_3,G1-G3
leaf-gpu,sys1-ice2-p-swi-bel30,sw28p1,SU6 slot 55,mlx5_3,G1-G3
leaf-gpu,sys1-ice2-p-swi-bel30,sw28p2,SU6 slot 56,mlx5_3,G1-G3
leaf-gpu,sys1-ice2-p-swi-bel30,sw29p1,SU6 slot 57,mlx5_3,G1-G3
leaf-gpu,sys1-ice2-p-swi-bel30,sw29p2,SU6 slot 58,mlx5_3,G1-G3
leaf-gpu,sys1-ice2-p-swi-bel30,sw30p1,SU6 slot 59,mlx5_3,G1-G3
leaf-gpu,sys1-ice2-p-swi-bel30,sw30p2,SU6 slot 60,mlx5_3,G1-G3
leaf-gpu,sys1-ice2-p-swi-bel30,sw31p1,SU6 slot 61,mlx5_3,G1-G3
leaf-gpu,sys1-ice2-p-swi-bel30,sw31p2,SU6 slot 62,mlx5_3,G1-G3
leaf-gpu,sys1-ice2-p-swi-bel30,sw32p1,SU6 slot 63,mlx5_3,G1-G3
leaf-gpu,sys1-ice2-p-swi-bel30,sw32p2,SU6 slot 64,mlx5_3,G1-G3
leaf-gpu,sys1-ice2-p-swi-bel30,sw33p1,SU6 slot 65,mlx5_3,G1-G3
leaf-gpu,sys1-ice2-p-swi-bel30,sw33p2,SU6 slot 66,mlx5_3,G1-G3
leaf-gpu,sys1-ice2-p-swi-bel30,sw34p1,SU6 slot 67,mlx5_3,G1-G3
leaf-gpu,sys1-ice2-p-swi-bel30,sw34p2,SU6 slot 68,mlx5_3,G1-G3
leaf-gpu,sys1-ice2-p-swi-bel30,sw35p1,SU6 slot 69,mlx5_3,G1-G3
leaf-gpu,sys1-ice2-p-swi-bel30,sw35p2,SU6 slot 70,mlx5_3,G1-G3
leaf-gpu,sys1-ice2-p-swi-bel30,sw36p1,SU6 slot 71,mlx5_3,G1-G3
leaf-gpu,sys1-ice2-p-swi-bel30,sw36p2,SU6 slot 72,mlx5_3,G1-G3
leaf-gpu,sys1-ice2-p-swi-bel31,sw1p1,SU7 slot 1,mlx5_3,G1-G3
leaf-gpu,sys1-ice2-p-swi-bel31,sw1p2,SU7 slot 2,mlx5_3,G1-G3
leaf-gpu,sys1-ice2-p-swi-bel31,sw2p1,SU7 slot 3,mlx5_3,G1-G3
leaf-gpu,sys1-ice2-p-swi-bel31,sw2p2,SU7 slot 4,mlx5_3,G1-G3
leaf-gpu,sys1-ice2-p-swi-bel31,sw3p1,SU7 slot 5,mlx5_3,G1-G3
leaf-gpu,sys1-ice2-p-swi-bel31,sw3p2,SU7 slot 6,mlx5_3,G1-G3
leaf-gpu,sys1-ice2-p-swi-bel31,sw4p1,SU7 slot 7,mlx5_3,G1-G3
leaf-gpu,sys1-ice2-p-swi-bel31,sw4p2,SU7 slot 8,mlx5_3,G1-G3
leaf-gpu,sys1-ice2-p-swi-bel31,sw5p1,SU7 slot 9,mlx5_3,G1-G3
leaf-gpu,sys1-ice2-p-swi-bel31,sw5p2,SU7 slot 10,mlx5_3,G1-G3
leaf-gpu,sys1-ice2-p-swi-bel31,sw6p1,SU7 slot 11,mlx5_3,G1-G3
leaf-gpu,sys1-ice2-p-swi-bel31,sw6p2,SU7 slot 12,mlx5_3,G1-G3
leaf-gpu,sys1-ice2-p-swi-bel31,sw7p1,SU7 slot 13,mlx5_3,G1-G3
leaf-gpu,sys1-ice2-p-swi-bel31,sw7p2,SU7 slot 14,mlx5_3,G1-G3
leaf-gpu,sys1-ice2-p-swi-bel31,sw8p1,SU7 slot 15,mlx5_3,G1-G3
leaf-gpu,sys1-ice2-p-swi-bel31,sw8p2,SU7 slot 16,mlx5_3,G1-G3
leaf-gpu,sys1-ice2-p-swi-bel31,sw9p1,SU7 slot 17,mlx5_3,G1-G3
leaf-gpu,sys1-ice2-p-swi-bel31,sw9p2,SU7 slot 18,mlx5_3,G1-G3
leaf-gpu,sys1-ice2-p-swi-bel31,sw10p1,SU7 slot 19,mlx5_3,G1-G3
leaf-gpu,sys1-ice2-p-swi-bel31,sw10p2,SU7 slot 20,mlx5_3,G1-G3
leaf-gpu,sys1-ice2-p-swi-bel31,sw11p1,SU7 slot 21,mlx5_3,G1-G3
leaf-gpu,sys1-ice2-p-swi-bel31,sw11p2,SU7 slot 22,mlx5_3,G1-G3
leaf-gpu,sys1-ice2-p-swi-bel31,sw12p1,SU7 slot 23,mlx5_3,G1-G3
leaf-gpu,sys1-ice2-p-swi-bel31,sw12p2,SU7 slot 24,mlx5_3,G1-G3
leaf-gpu,sys1-ice2-p-swi-bel31,sw13p1,SU7 slot 25,mlx5_3,G1-G3
leaf-gpu,sys1-ice2-p-swi-bel31,sw13p2,SU7 slot 26,mlx5_3,G1-G3
leaf-gpu,sys1-ice2-p-swi-bel31,sw14p1,SU7 slot 27,mlx5_3,G1-G3
leaf-gpu,sys1-ice2-p-swi-bel31,sw14p2,SU7 slot 28,mlx5_3,G1-G3
leaf-gpu,sys1-ice2-p-swi-bel31,sw15p1,SU7 slot 29,mlx5_3,G1-G3
leaf-gpu,sys1-ice2-p-swi-bel31,sw15p2,SU7 slot 30,mlx5_3,G1-G3
leaf-gpu,sys1-ice2-p-swi-bel31,sw16p1,SU7 slot 31,mlx5_3,G1-G3
leaf-gpu,sys1-ice2-p-swi-bel31,sw16p2,SU7 slot 32,mlx5_3,G1-G3
leaf-gpu,sys1-ice2-p-swi-bel31,sw17p1,SU7 slot 33,mlx5_3,G1-G3
leaf-gpu,sys1-ice2-p-swi-bel31,sw17p2,SU7 slot 34,mlx5_3,G1-G3
leaf-gpu,sys1-ice2-p-swi-bel31,sw18p1,SU7 slot 35,mlx5_3,G1-G3
leaf-gpu,sys1-ice2-p-swi-bel31,sw18p2,SU7 slot 36,mlx5_3,G1-G3
leaf-gpu,sys1-ice2-p-swi-bel31,sw19p1,SU7 slot 37,mlx5_3,G1-G3
leaf-gpu,sys1-ice2-p-swi-bel31,sw19p2,SU7 slot 38,mlx5_3,G1-G3
leaf-gpu,sys1-ice2-p-swi-bel31,sw20p1,SU7 slot 39,mlx5_3,G1-G3
leaf-gpu,sys1-ice2-p-swi-bel31,sw20p2,SU7 slot 40,mlx5_3,G1-G3
leaf-gpu,sys1-ice2-p-swi-bel31,sw21p1,SU7 slot 41,mlx5_3,G1-G3
leaf-gpu,sys1-ice2-p-swi-bel31,sw21p2,SU7 slot 42,mlx5_3,G1-G3
leaf-gpu,sys1-ice2-p-swi-bel31,sw22p1,SU7 slot 43,mlx5_3,G1-G3
leaf-gpu,sys1-ice2-p-swi-bel31,sw22p2,SU7 slot 44,mlx5_3,G1-G3
leaf-gpu,sys1-ice2-p-swi-bel31,sw23p1,SU7 slot 45,mlx5_3,G1-G3
leaf-gpu,sys1-ice2-p-swi-bel31,sw23p2,SU7 slot 46,mlx5_3,G1-G3
leaf-gpu,sys1-ice2-p-swi-bel31,sw24p1,SU7 slot 47,mlx5_3,G1-G3
leaf-gpu,sys1-ice2-p-swi-bel31,sw24p2,SU7 slot 48,mlx5_3,G1-G3
leaf-gpu,sys1-ice2-p-swi-bel31,sw25p1,SU7 slot 49,mlx5_3,G1-G3
leaf-gpu,sys1-ice2-p-swi-bel31,sw25p2,SU7 slot 50,mlx5_3,G1-G3
leaf-gpu,sys1-ice2-p-swi-bel31,sw26p1,SU7 slot 51,mlx5_3,G1-G3
leaf-gpu,sys1-ice2-p-swi-bel31,sw26p2,SU7 slot 52,mlx5_3,G1-G3
leaf-gpu,sys1-ice2-p-swi-bel31,sw27p1,SU7 slot 53,mlx5_3,G1-G3
leaf-gpu,sys1-ice2-p-swi-bel31,sw27p2,SU7 slot 54,mlx5_3,G1-G3
leaf-gpu,sys1-ice2-p-swi-bel31,sw28p1,SU7 slot 55,mlx5_3,G1-G3
leaf-gpu,sys1-ice2-p-swi-bel31,sw28p2,SU7 slot 56,mlx5_3,G1-G3
leaf-gpu,sys1-ice2-p-swi-bel31,sw29p1,SU7 slot 57,mlx5_3,G1-G3
leaf-gpu,sys1-ice2-p-swi-bel31,sw29p2,SU7 slot 58,mlx5_3,G1-G3
leaf-gpu,sys1-ice2-p-swi-bel31,sw30p1,SU7 slot 59,mlx5_3,G1-G3
leaf-gpu,sys1-ice2-p-swi-bel31,sw30p2,SU7 slot 60,mlx5_3,G1-G3
leaf-gpu,sys1-ice2-p-swi-bel31,sw31p1,SU7 slot 61,mlx5_3,G1-G3
leaf-gpu,sys1-ice2-p-swi-bel31,sw31p2,SU7 slot 62,mlx5_3,G1-G3
leaf-gpu,sys1-ice2-p-swi-bel31,sw32p1,SU7 slot 63,mlx5_3,G1-G3
leaf-gpu,sys1-ice2-p-swi-bel31,sw32p2,SU7 slot 64,mlx5_3,G1-G3
leaf-gpu,sys1-ice2-p-swi-bel31,sw33p1,SU7 slot 65,mlx5_3,G1-G3
leaf-gpu,sys1-ice2-p-swi-bel31,sw33p2,SU7 slot 66,mlx5_3,G1-G3
leaf-gpu,sys1-ice2-p-swi-bel31,sw34p1,SU7 slot 67,mlx5_3,G1-G3
leaf-gpu,sys1-ice2-p-swi-bel31,sw34p2,SU7 slot 68,mlx5_3,G1-G3
leaf-gpu,sys1-ice2-p-swi-bel31,sw35p1,SU7 slot 69,mlx5_3,G1-G3
leaf-gpu,sys1-ice2-p-swi-bel31,sw35p2,SU7 slot 70,mlx5_3,G1-G3
leaf-gpu,sys1-ice2-p-swi-bel31,sw36p1,SU7 slot 71,mlx5_3,G1-G3
leaf-gpu,sys1-ice2-p-swi-bel31,sw36p2,SU7 slot 72,mlx5_3,G1-G3
leaf-gpu,sys1-ice2-p-swi-bel32,sw1p1,SU8 slot 1,mlx5_3,G1-G3
leaf-gpu,sys1-ice2-p-swi-bel32,sw1p2,SU8 slot 2,mlx5_3,G1-G3
leaf-gpu,sys1-ice2-p-swi-bel32,sw2p1,SU8 slot 3,mlx5_3,G1-G3
leaf-gpu,sys1-ice2-p-swi-bel32,sw2p2,SU8 slot 4,mlx5_3,G1-G3
leaf-gpu,sys1-ice2-p-swi-bel32,sw3p1,SU8 slot 5,mlx5_3,G1-G3
leaf-gpu,sys1-ice2-p-swi-bel32,sw3p2,SU8 slot 6,mlx5_3,G1-G3
leaf-gpu,sys1-ice2-p-swi-bel32,sw4p1,SU8 slot 7,mlx5_3,G1-G3
leaf-gpu,sys1-ice2-p-swi-bel32,sw4p2,SU8 slot 8,mlx5_3,G1-G3
leaf-gpu,sys1-ice2-p-swi-bel32,sw5p1,SU8 slot 9,mlx5_3,G1-G3
leaf-gpu,sys1-ice2-p-swi-bel32,sw5p2,SU8 slot 10,mlx5_3,G1-G3
leaf-gpu,sys1-ice2-p-swi-bel32,sw6p1,SU8 slot 11,mlx5_3,G1-G3
leaf-gpu,sys1-ice2-p-swi-bel32,sw6p2,SU8 slot 12,mlx5_3,G1-G3
leaf-gpu,sys1-ice2-p-swi-bel32,sw7p1,SU8 slot 13,mlx5_3,G1-G3
leaf-gpu,sys1-ice2-p-swi-bel32,sw7p2,SU8 slot 14,mlx5_3,G1-G3
leaf-gpu,sys1-ice2-p-swi-bel32,sw8p1,SU8 slot 15,mlx5_3,G1-G3
leaf-gpu,sys1-ice2-p-swi-bel32,sw8p2,SU8 slot 16,mlx5_3,G1-G3
leaf-gpu,sys1-ice2-p-swi-bel32,sw9p1,SU8 slot 17,mlx5_3,G1-G3
leaf-gpu,sys1-ice2-p-swi-bel32,sw9p2,SU8 slot 18,mlx5_3,G1-G3
leaf-gpu,sys1-ice2-p-swi-bel32,sw10p1,SU8 slot 19,mlx5_3,G1-G3
leaf-gpu,sys1-ice2-p-swi-bel32,sw10p2,SU8 slot 20,mlx5_3,G1-G3
leaf-gpu,sys1-ice2-p-swi-bel32,sw11p1,SU8 slot 21,mlx5_3,G1-G3
leaf-gpu,sys1-ice2-p-swi-bel32,sw11p2,SU8 slot 22,mlx5_3,G1-G3
leaf-gpu,sys1-ice2-p-swi-bel32,sw12p1,SU8 slot 23,mlx5_3,G1-G3
leaf-gpu,sys1-ice2-p-swi-bel32,sw12p2,SU8 slot 24,mlx5_3,G1-G3
leaf-gpu,sys1-ice2-p-swi-bel32,sw13p1,SU8 slot 25,mlx5_3,G1-G3
leaf-gpu,sys1-ice2-p-swi-bel32,sw13p2,SU8 slot 26,mlx5_3,G1-G3
leaf-gpu,sys1-ice2-p-swi-bel32,sw14p1,SU8 slot 27,mlx5_3,G1-G3
leaf-gpu,sys1-ice2-p-swi-bel32,sw14p2,SU8 slot 28,mlx5_3,G1-G3
leaf-gpu,sys1-ice2-p-swi-bel32,sw15p1,SU8 slot 29,mlx5_3,G1-G3
leaf-gpu,sys1-ice2-p-swi-bel32,sw15p2,SU8 slot 30,mlx5_3,G1-G3
leaf-gpu,sys1-ice2-p-swi-bel32,sw16p1,SU8 slot 31,mlx5_3,G1-G3
leaf-gpu,sys1-ice2-p-swi-bel32,sw16p2,SU8 slot 32,mlx5_3,G1-G3
leaf-gpu,sys1-ice2-p-swi-bel32,sw17p1,SU8 slot 33,mlx5_3,G1-G3
leaf-gpu,sys1-ice2-p-swi-bel32,sw17p2,SU8 slot 34,mlx5_3,G1-G3
leaf-gpu,sys1-ice2-p-swi-bel32,sw18p1,SU8 slot 35,mlx5_3,G1-G3
leaf-gpu,sys1-ice2-p-swi-bel32,sw18p2,SU8 slot 36,mlx5_3,G1-G3
leaf-gpu,sys1-ice2-p-swi-bel32,sw19p1,SU8 slot 37,mlx5_3,G1-G3
leaf-gpu,sys1-ice2-p-swi-bel32,sw19p2,SU8 slot 38,mlx5_3,G1-G3
leaf-gpu,sys1-ice2-p-swi-bel32,sw20p1,SU8 slot 39,mlx5_3,G1-G3
leaf-gpu,sys1-ice2-p-swi-bel32,sw20p2,SU8 slot 40,mlx5_3,G1-G3
leaf-gpu,sys1-ice2-p-swi-bel32,sw21p1,SU8 slot 41,mlx5_3,G1-G3
leaf-gpu,sys1-ice2-p-swi-bel32,sw21p2,SU8 slot 42,mlx5_3,G1-G3
leaf-gpu,sys1-ice2-p-swi-bel32,sw22p1,SU8 slot 43,mlx5_3,G1-G3
leaf-gpu,sys1-ice2-p-swi-bel32,sw22p2,SU8 slot 44,mlx5_3,G1-G3
leaf-gpu,sys1-ice2-p-swi-bel32,sw23p1,SU8 slot 45,mlx5_3,G1-G3
leaf-gpu,sys1-ice2-p-swi-bel32,sw23p2,SU8 slot 46,mlx5_3,G1-G3
leaf-gpu,sys1-ice2-p-swi-bel32,sw24p1,SU8 slot 47,mlx5_3,G1-G3
leaf-gpu,sys1-ice2-p-swi-bel32,sw24p2,SU8 slot 48,mlx5_3,G1-G3
leaf-gpu,sys1-ice2-p-swi-bel32,sw25p1,SU8 slot 49,mlx5_3,G1-G3
leaf-gpu,sys1-ice2-p-swi-bel32,sw25p2,SU8 slot 50,mlx5_3,G1-G3
leaf-gpu,sys1-ice2-p-swi-bel32,sw26p1,SU8 slot 51,mlx5_3,G1-G3
leaf-gpu,sys1-ice2-p-swi-bel32,sw26p2,SU8 slot 52,mlx5_3,G1-G3
leaf-gpu,sys1-ice2-p-swi-bel32,sw27p1,SU8 slot 53,mlx5_3,G1-G3
leaf-gpu,sys1-ice2-p-swi-bel32,sw27p2,SU8 slot 54,mlx5_3,G1-G3
leaf-gpu,sys1-ice2-p-swi-bel32,sw28p1,SU8 slot 55,mlx5_3,G1-G3
leaf-gpu,sys1-ice2-p-swi-bel32,sw28p2,SU8 slot 56,mlx5_3,G1-G3
leaf-gpu,sys1-ice2-p-swi-bel32,sw29p1,SU8 slot 57,mlx5_3,G1-G3
leaf-gpu,sys1-ice2-p-swi-bel32,sw29p2,SU8 slot 58,mlx5_3,G1-G3
leaf-gpu,sys1-ice2-p-swi-bel32,sw30p1,SU8 slot 59,mlx5_3,G1-G3
leaf-gpu,sys1-ice2-p-swi-bel32,sw30p2,SU8 slot 60,mlx5_3,G1-G3
leaf-gpu,sys1-ice2-p-swi-bel32,sw31p1,SU8 slot 61,mlx5_3,G1-G3
leaf-gpu,sys1-ice2-p-swi-bel32,sw31p2,SU8 slot 62,mlx5_3,G1-G3
leaf-gpu,sys1-ice2-p-swi-bel32,sw32p1,SU8 slot 63,mlx5_3,G1-G3
leaf-gpu,sys1-ice2-p-swi-bel32,sw32p2,SU8 slot 64,mlx5_3,G1-G3
leaf-gpu,sys1-ice2-p-swi-bel32,sw33p1,SU8 slot 65,mlx5_3,G1-G3
leaf-gpu,sys1-ice2-p-swi-bel32,sw33p2,SU8 slot 66,mlx5_3,G1-G3
leaf-gpu,sys1-ice2-p-swi-bel32,sw34p1,SU8 slot 67,mlx5_3,G1-G3
leaf-gpu,sys1-ice2-p-swi-bel32,sw34p2,SU8 slot 68,mlx5_3,G1-G3
leaf-gpu,sys1-ice2-p-swi-bel32,sw35p1,SU8 slot 69,mlx5_3,G1-G3
leaf-gpu,sys1-ice2-p-swi-bel32,sw35p2,SU8 slot 70,mlx5_3,G1-G3
leaf-gpu,sys1-ice2-p-swi-bel32,sw36p1,SU8 slot 71,mlx5_3,G1-G3
leaf-gpu,sys1-ice2-p-swi-bel32,sw36p2,SU8 slot 72,mlx5_3,G1-G3
leaf-gpu,sys1-ice2-p-swi-bel33,sw1p1,SU9 slot 1,mlx5_0,G1-G3
leaf-gpu,sys1-ice2-p-swi-bel33,sw1p2,SU9 slot 2,mlx5_0,G1-G3
leaf-gpu,sys1-ice2-p-swi-bel33,sw2p1,SU9 slot 3,mlx5_0,G1-G3
leaf-gpu,sys1-ice2-p-swi-bel33,sw2p2,SU9 slot 4,mlx5_0,G1-G3
leaf-gpu,sys1-ice2-p-swi-bel33,sw3p1,SU9 slot 5,mlx5_0,G1-G3
leaf-gpu,sys1-ice2-p-swi-bel33,sw3p2,SU9 slot 6,mlx5_0,G1-G3
leaf-gpu,sys1-ice2-p-swi-bel33,sw4p1,SU9 slot 7,mlx5_0,G1-G3
leaf-gpu,sys1-ice2-p-swi-bel33,sw4p2,SU9 slot 8,mlx5_0,G1-G3
leaf-gpu,sys1-ice2-p-swi-bel33,sw5p1,SU9 slot 9,mlx5_0,G1-G3
leaf-gpu,sys1-ice2-p-swi-bel33,sw5p2,SU9 slot 10,mlx5_0,G1-G3
leaf-gpu,sys1-ice2-p-swi-bel33,sw6p1,SU9 slot 11,mlx5_0,G1-G3
leaf-gpu,sys1-ice2-p-swi-bel33,sw6p2,SU9 slot 12,mlx5_0,G1-G3
leaf-gpu,sys1-ice2-p-swi-bel33,sw7p1,SU9 slot 13,mlx5_0,G1-G3
leaf-gpu,sys1-ice2-p-swi-bel33,sw7p2,SU9 slot 14,mlx5_0,G1-G3
leaf-gpu,sys1-ice2-p-swi-bel33,sw8p1,SU9 slot 15,mlx5_0,G1-G3
leaf-gpu,sys1-ice2-p-swi-bel33,sw8p2,SU9 slot 16,mlx5_0,G1-G3
leaf-gpu,sys1-ice2-p-swi-bel33,sw9p1,SU9 slot 17,mlx5_0,G1-G3
leaf-gpu,sys1-ice2-p-swi-bel33,sw9p2,SU9 slot 18,mlx5_0,G1-G3
leaf-gpu,sys1-ice2-p-swi-bel33,sw10p1,SU9 slot 19,mlx5_0,G1-G3
leaf-gpu,sys1-ice2-p-swi-bel33,sw10p2,SU9 slot 20,mlx5_0,G1-G3
leaf-gpu,sys1-ice2-p-swi-bel33,sw11p1,SU9 slot 21,mlx5_0,G1-G3
leaf-gpu,sys1-ice2-p-swi-bel33,sw11p2,SU9 slot 22,mlx5_0,G1-G3
leaf-gpu,sys1-ice2-p-swi-bel33,sw12p1,SU9 slot 23,mlx5_0,G1-G3
leaf-gpu,sys1-ice2-p-swi-bel33,sw12p2,SU9 slot 24,mlx5_0,G1-G3
leaf-gpu,sys1-ice2-p-swi-bel33,sw13p1,SU9 slot 25,mlx5_0,G1-G3
leaf-gpu,sys1-ice2-p-swi-bel33,sw13p2,SU9 slot 26,mlx5_0,G1-G3
leaf-gpu,sys1-ice2-p-swi-bel33,sw14p1,SU9 slot 27,mlx5_0,G1-G3
leaf-gpu,sys1-ice2-p-swi-bel33,sw14p2,SU9 slot 28,mlx5_0,G1-G3
leaf-gpu,sys1-ice2-p-swi-bel33,sw15p1,SU9 slot 29,mlx5_0,G1-G3
leaf-gpu,sys1-ice2-p-swi-bel33,sw15p2,SU9 slot 30,mlx5_0,G1-G3
leaf-gpu,sys1-ice2-p-swi-bel33,sw16p1,SU9 slot 31,mlx5_0,G1-G3
leaf-gpu,sys1-ice2-p-swi-bel33,sw16p2,SU9 slot 32,mlx5_0,G1-G3
leaf-gpu,sys1-ice2-p-swi-bel33,sw17p1,SU9 slot 33,mlx5_0,G1-G3
leaf-gpu,sys1-ice2-p-swi-bel33,sw17p2,SU9 slot 34,mlx5_0,G1-G3
leaf-gpu,sys1-ice2-p-swi-bel33,sw18p1,SU9 slot 35,mlx5_0,G1-G3
leaf-gpu,sys1-ice2-p-swi-bel33,sw18p2,SU9 slot 36,mlx5_0,G1-G3
leaf-gpu,sys1-ice2-p-swi-bel33,sw19p1,SU9 slot 37,mlx5_0,G1-G3
leaf-gpu,sys1-ice2-p-swi-bel33,sw19p2,SU9 slot 38,mlx5_0,G1-G3
leaf-gpu,sys1-ice2-p-swi-bel33,sw20p1,SU9 slot 39,mlx5_0,G1-G3
leaf-gpu,sys1-ice2-p-swi-bel33,sw20p2,SU9 slot 40,mlx5_0,G1-G3
leaf-gpu,sys1-ice2-p-swi-bel33,sw21p1,SU9 slot 41,mlx5_0,G1-G3
leaf-gpu,sys1-ice2-p-swi-bel33,sw21p2,SU9 slot 42,mlx5_0,G1-G3
leaf-gpu,sys1-ice2-p-swi-bel33,sw22p1,SU9 slot 43,mlx5_0,G1-G3
leaf-gpu,sys1-ice2-p-swi-bel33,sw22p2,SU9 slot 44,mlx5_0,G1-G3
leaf-gpu,sys1-ice2-p-swi-bel33,sw23p1,SU9 slot 45,mlx5_0,G1-G3
leaf-gpu,sys1-ice2-p-swi-bel33,sw23p2,SU9 slot 46,mlx5_0,G1-G3
leaf-gpu,sys1-ice2-p-swi-bel33,sw24p1,SU9 slot 47,mlx5_0,G1-G3
leaf-gpu,sys1-ice2-p-swi-bel33,sw24p2,SU9 slot 48,mlx5_0,G1-G3
leaf-gpu,sys1-ice2-p-swi-bel33,sw25p1,SU9 slot 49,mlx5_0,G1-G3
leaf-gpu,sys1-ice2-p-swi-bel33,sw25p2,SU9 slot 50,mlx5_0,G1-G3
leaf-gpu,sys1-ice2-p-swi-bel33,sw26p1,SU9 slot 51,mlx5_0,G1-G3
leaf-gpu,sys1-ice2-p-swi-bel33,sw26p2,SU9 slot 52,mlx5_0,G1-G3
leaf-gpu,sys1-ice2-p-swi-bel33,sw27p1,SU9 slot 53,mlx5_0,G1-G3
leaf-gpu,sys1-ice2-p-swi-bel33,sw27p2,SU9 slot 54,mlx5_0,G1-G3
leaf-gpu,sys1-ice2-p-swi-bel33,sw28p1,SU9 slot 55,mlx5_0,G1-G3
leaf-gpu,sys1-ice2-p-swi-bel33,sw28p2,SU9 slot 56,mlx5_0,G1-G3
leaf-gpu,sys1-ice2-p-swi-bel33,sw29p1,SU9 slot 57,mlx5_0,G1-G3
leaf-gpu,sys1-ice2-p-swi-bel33,sw29p2,SU9 slot 58,mlx5_0,G1-G3
leaf-gpu,sys1-ice2-p-swi-bel33,sw30p1,SU9 slot 59,mlx5_0,G1-G3
leaf-gpu,sys1-ice2-p-swi-bel33,sw30p2,SU9 slot 60,mlx5_0,G1-G3
leaf-gpu,sys1-ice2-p-swi-bel33,sw31p1,SU9 slot 61,mlx5_0,G1-G3
leaf-gpu,sys1-ice2-p-swi-bel33,sw31p2,SU9 slot 62,mlx5_0,G1-G3
leaf-gpu,sys1-ice2-p-swi-bel33,sw32p1,SU9 slot 63,mlx5_0,G1-G3
leaf-gpu,sys1-ice2-p-swi-bel33,sw32p2,SU9 slot 64,mlx5_0,G1-G3
leaf-gpu,sys1-ice2-p-swi-bel33,sw33p1,SU9 slot 65,mlx5_0,G1-G3
leaf-gpu,sys1-ice2-p-swi-bel33,sw33p2,SU9 slot 66,mlx5_0,G1-G3
leaf-gpu,sys1-ice2-p-swi-bel33,sw34p1,SU9 slot 67,mlx5_0,G1-G3
leaf-gpu,sys1-ice2-p-swi-bel33,sw34p2,SU9 slot 68,mlx5_0,G1-G3
leaf-gpu,sys1-ice2-p-swi-bel33,sw35p1,SU9 slot 69,mlx5_0,G1-G3
leaf-gpu,sys1-ice2-p-swi-bel33,sw35p2,SU9 slot 70,mlx5_0,G1-G3
leaf-gpu,sys1-ice2-p-swi-bel33,sw36p1,SU9 slot 71,mlx5_0,G1-G3
leaf-gpu,sys1-ice2-p-swi-bel33,sw36p2,SU9 slot 72,mlx5_0,G1-G3
leaf-gpu,sys1-ice2-p-swi-bel34,sw1p1,SU10 slot 1,mlx5_0,G1-G3
leaf-gpu,sys1-ice2-p-swi-bel34,sw1p2,SU10 slot 2,mlx5_0,G1-G3
leaf-gpu,sys1-ice2-p-swi-bel34,sw2p1,SU10 slot 3,mlx5_0,G1-G3
leaf-gpu,sys1-ice2-p-swi-bel34,sw2p2,SU10 slot 4,mlx5_0,G1-G3
leaf-gpu,sys1-ice2-p-swi-bel34,sw3p1,SU10 slot 5,mlx5_0,G1-G3
leaf-gpu,sys1-ice2-p-swi-bel34,sw3p2,SU10 slot 6,mlx5_0,G1-G3
leaf-gpu,sys1-ice2-p-swi-bel34,sw4p1,SU10 slot 7,mlx5_0,G1-G3
leaf-gpu,sys1-ice2-p-swi-bel34,sw4p2,SU10 slot 8,mlx5_0,G1-G3
leaf-gpu,sys1-ice2-p-swi-bel34,sw5p1,SU10 slot 9,mlx5_0,G1-G3
leaf-gpu,sys1-ice2-p-swi-bel34,sw5p2,SU10 slot 10,mlx5_0,G1-G3
leaf-gpu,sys1-ice2-p-swi-bel34,sw6p1,SU10 slot 11,mlx5_0,G1-G3
leaf-gpu,sys1-ice2-p-swi-bel34,sw6p2,SU10 slot 12,mlx5_0,G1-G3
leaf-gpu,sys1-ice2-p-swi-bel34,sw7p1,SU10 slot 13,mlx5_0,G1-G3
leaf-gpu,sys1-ice2-p-swi-bel34,sw7p2,SU10 slot 14,mlx5_0,G1-G3
leaf-gpu,sys1-ice2-p-swi-bel34,sw8p1,SU10 slot 15,mlx5_0,G1-G3
leaf-gpu,sys1-ice2-p-swi-bel34,sw8p2,SU10 slot 16,mlx5_0,G1-G3
leaf-gpu,sys1-ice2-p-swi-bel34,sw9p1,SU10 slot 17,mlx5_0,G1-G3
leaf-gpu,sys1-ice2-p-swi-bel34,sw9p2,SU10 slot 18,mlx5_0,G1-G3
leaf-gpu,sys1-ice2-p-swi-bel34,sw10p1,SU10 slot 19,mlx5_0,G1-G3
leaf-gpu,sys1-ice2-p-swi-bel34,sw10p2,SU10 slot 20,mlx5_0,G1-G3
leaf-gpu,sys1-ice2-p-swi-bel34,sw11p1,SU10 slot 21,mlx5_0,G1-G3
leaf-gpu,sys1-ice2-p-swi-bel34,sw11p2,SU10 slot 22,mlx5_0,G1-G3
leaf-gpu,sys1-ice2-p-swi-bel34,sw12p1,SU10 slot 23,mlx5_0,G1-G3
leaf-gpu,sys1-ice2-p-swi-bel34,sw12p2,SU10 slot 24,mlx5_0,G1-G3
leaf-gpu,sys1-ice2-p-swi-bel34,sw13p1,SU10 slot 25,mlx5_0,G1-G3
leaf-gpu,sys1-ice2-p-swi-bel34,sw13p2,SU10 slot 26,mlx5_0,G1-G3
leaf-gpu,sys1-ice2-p-swi-bel34,sw14p1,SU10 slot 27,mlx5_0,G1-G3
leaf-gpu,sys1-ice2-p-swi-bel34,sw14p2,SU10 slot 28,mlx5_0,G1-G3
leaf-gpu,sys1-ice2-p-swi-bel34,sw15p1,SU10 slot 29,mlx5_0,G1-G3
leaf-gpu,sys1-ice2-p-swi-bel34,sw15p2,SU10 slot 30,mlx5_0,G1-G3
leaf-gpu,sys1-ice2-p-swi-bel34,sw16p1,SU10 slot 31,mlx5_0,G1-G3
leaf-gpu,sys1-ice2-p-swi-bel34,sw16p2,SU10 slot 32,mlx5_0,G1-G3
leaf-gpu,sys1-ice2-p-swi-bel34,sw17p1,SU10 slot 33,mlx5_0,G1-G3
leaf-gpu,sys1-ice2-p-swi-bel34,sw17p2,SU10 slot 34,mlx5_0,G1-G3
leaf-gpu,sys1-ice2-p-swi-bel34,sw18p1,SU10 slot 35,mlx5_0,G1-G3
leaf-gpu,sys1-ice2-p-swi-bel34,sw18p2,SU10 slot 36,mlx5_0,G1-G3
leaf-gpu,sys1-ice2-p-swi-bel34,sw19p1,SU10 slot 37,mlx5_0,G1-G3
leaf-gpu,sys1-ice2-p-swi-bel34,sw19p2,SU10 slot 38,mlx5_0,G1-G3
leaf-gpu,sys1-ice2-p-swi-bel34,sw20p1,SU10 slot 39,mlx5_0,G1-G3
leaf-gpu,sys1-ice2-p-swi-bel34,sw20p2,SU10 slot 40,mlx5_0,G1-G3
leaf-gpu,sys1-ice2-p-swi-bel34,sw21p1,SU10 slot 41,mlx5_0,G1-G3
leaf-gpu,sys1-ice2-p-swi-bel34,sw21p2,SU10 slot 42,mlx5_0,G1-G3
leaf-gpu,sys1-ice2-p-swi-bel34,sw22p1,SU10 slot 43,mlx5_0,G1-G3
leaf-gpu,sys1-ice2-p-swi-bel34,sw22p2,SU10 slot 44,mlx5_0,G1-G3
leaf-gpu,sys1-ice2-p-swi-bel34,sw23p1,SU10 slot 45,mlx5_0,G1-G3
leaf-gpu,sys1-ice2-p-swi-bel34,sw23p2,SU10 slot 46,mlx5_0,G1-G3
leaf-gpu,sys1-ice2-p-swi-bel34,sw24p1,SU10 slot 47,mlx5_0,G1-G3
leaf-gpu,sys1-ice2-p-swi-bel34,sw24p2,SU10 slot 48,mlx5_0,G1-G3
leaf-gpu,sys1-ice2-p-swi-bel34,sw25p1,SU10 slot 49,mlx5_0,G1-G3
leaf-gpu,sys1-ice2-p-swi-bel34,sw25p2,SU10 slot 50,mlx5_0,G1-G3
leaf-gpu,sys1-ice2-p-swi-bel34,sw26p1,SU10 slot 51,mlx5_0,G1-G3
leaf-gpu,sys1-ice2-p-swi-bel34,sw26p2,SU10 slot 52,mlx5_0,G1-G3
leaf-gpu,sys1-ice2-p-swi-bel34,sw27p1,SU10 slot 53,mlx5_0,G1-G3
leaf-gpu,sys1-ice2-p-swi-bel34,sw27p2,SU10 slot 54,mlx5_0,G1-G3
leaf-gpu,sys1-ice2-p-swi-bel34,sw28p1,SU10 slot 55,mlx5_0,G1-G3
leaf-gpu,sys1-ice2-p-swi-bel34,sw28p2,SU10 slot 56,mlx5_0,G1-G3
leaf-gpu,sys1-ice2-p-swi-bel34,sw29p1,SU10 slot 57,mlx5_0,G1-G3
leaf-gpu,sys1-ice2-p-swi-bel34,sw29p2,SU10 slot 58,mlx5_0,G1-G3
leaf-gpu,sys1-ice2-p-swi-bel34,sw30p1,SU10 slot 59,mlx5_0,G1-G3
leaf-gpu,sys1-ice2-p-swi-bel34,sw30p2,SU10 slot 60,mlx5_0,G1-G3
leaf-gpu,sys1-ice2-p-swi-bel34,sw31p1,SU10 slot 61,mlx5_0,G1-G3
leaf-gpu,sys1-ice2-p-swi-bel34,sw31p2,SU10 slot 62,mlx5_0,G1-G3
leaf-gpu,sys1-ice2-p-swi-bel34,sw32p1,SU10 slot 63,mlx5_0,G1-G3
leaf-gpu,sys1-ice2-p-swi-bel34,sw32p2,SU10 slot 64,mlx5_0,G1-G3
leaf-gpu,sys1-ice2-p-swi-bel34,sw33p1,SU10 slot 65,mlx5_0,G1-G3
leaf-gpu,sys1-ice2-p-swi-bel34,sw33p2,SU10 slot 66,mlx5_0,G1-G3
leaf-gpu,sys1-ice2-p-swi-bel34,sw34p1,SU10 slot 67,mlx5_0,G1-G3
leaf-gpu,sys1-ice2-p-swi-bel34,sw34p2,SU10 slot 68,mlx5_0,G1-G3
leaf-gpu,sys1-ice2-p-swi-bel34,sw35p1,SU10 slot 69,mlx5_0,G1-G3
leaf-gpu,sys1-ice2-p-swi-bel34,sw35p2,SU10 slot 70,mlx5_0,G1-G3
leaf-gpu,sys1-ice2-p-swi-bel34,sw36p1,SU10 slot 71,mlx5_0,G1-G3
leaf-gpu,sys1-ice2-p-swi-bel34,sw36p2,SU10 slot 72,mlx5_0,G1-G3
leaf-gpu,sys1-ice2-p-swi-bel35,sw1p1,SU11 slot 1,mlx5_0,G1-G3
leaf-gpu,sys1-ice2-p-swi-bel35,sw1p2,SU11 slot 2,mlx5_0,G1-G3
leaf-gpu,sys1-ice2-p-swi-bel35,sw2p1,SU11 slot 3,mlx5_0,G1-G3
leaf-gpu,sys1-ice2-p-swi-bel35,sw2p2,SU11 slot 4,mlx5_0,G1-G3
leaf-gpu,sys1-ice2-p-swi-bel35,sw3p1,SU11 slot 5,mlx5_0,G1-G3
leaf-gpu,sys1-ice2-p-swi-bel35,sw3p2,SU11 slot 6,mlx5_0,G1-G3
leaf-gpu,sys1-ice2-p-swi-bel35,sw4p1,SU11 slot 7,mlx5_0,G1-G3
leaf-gpu,sys1-ice2-p-swi-bel35,sw4p2,SU11 slot 8,mlx5_0,G1-G3
leaf-gpu,sys1-ice2-p-swi-bel35,sw5p1,SU11 slot 9,mlx5_0,G1-G3
leaf-gpu,sys1-ice2-p-swi-bel35,sw5p2,SU11 slot 10,mlx5_0,G1-G3
leaf-gpu,sys1-ice2-p-swi-bel35,sw6p1,SU11 slot 11,mlx5_0,G1-G3
leaf-gpu,sys1-ice2-p-swi-bel35,sw6p2,SU11 slot 12,mlx5_0,G1-G3
leaf-gpu,sys1-ice2-p-swi-bel35,sw7p1,SU11 slot 13,mlx5_0,G1-G3
leaf-gpu,sys1-ice2-p-swi-bel35,sw7p2,SU11 slot 14,mlx5_0,G1-G3
leaf-gpu,sys1-ice2-p-swi-bel35,sw8p1,SU11 slot 15,mlx5_0,G1-G3
leaf-gpu,sys1-ice2-p-swi-bel35,sw8p2,SU11 slot 16,mlx5_0,G1-G3
leaf-gpu,sys1-ice2-p-swi-bel35,sw9p1,SU11 slot 17,mlx5_0,G1-G3
leaf-gpu,sys1-ice2-p-swi-bel35,sw9p2,SU11 slot 18,mlx5_0,G1-G3
leaf-gpu,sys1-ice2-p-swi-bel35,sw10p1,SU11 slot 19,mlx5_0,G1-G3
leaf-gpu,sys1-ice2-p-swi-bel35,sw10p2,SU11 slot 20,mlx5_0,G1-G3
leaf-gpu,sys1-ice2-p-swi-bel35,sw11p1,SU11 slot 21,mlx5_0,G1-G3
leaf-gpu,sys1-ice2-p-swi-bel35,sw11p2,SU11 slot 22,mlx5_0,G1-G3
leaf-gpu,sys1-ice2-p-swi-bel35,sw12p1,SU11 slot 23,mlx5_0,G1-G3
leaf-gpu,sys1-ice2-p-swi-bel35,sw12p2,SU11 slot 24,mlx5_0,G1-G3
leaf-gpu,sys1-ice2-p-swi-bel35,sw13p1,SU11 slot 25,mlx5_0,G1-G3
leaf-gpu,sys1-ice2-p-swi-bel35,sw13p2,SU11 slot 26,mlx5_0,G1-G3
leaf-gpu,sys1-ice2-p-swi-bel35,sw14p1,SU11 slot 27,mlx5_0,G1-G3
leaf-gpu,sys1-ice2-p-swi-bel35,sw14p2,SU11 slot 28,mlx5_0,G1-G3
leaf-gpu,sys1-ice2-p-swi-bel35,sw15p1,SU11 slot 29,mlx5_0,G1-G3
leaf-gpu,sys1-ice2-p-swi-bel35,sw15p2,SU11 slot 30,mlx5_0,G1-G3
leaf-gpu,sys1-ice2-p-swi-bel35,sw16p1,SU11 slot 31,mlx5_0,G1-G3
leaf-gpu,sys1-ice2-p-swi-bel35,sw16p2,SU11 slot 32,mlx5_0,G1-G3
leaf-gpu,sys1-ice2-p-swi-bel35,sw17p1,SU11 slot 33,mlx5_0,G1-G3
leaf-gpu,sys1-ice2-p-swi-bel35,sw17p2,SU11 slot 34,mlx5_0,G1-G3
leaf-gpu,sys1-ice2-p-swi-bel35,sw18p1,SU11 slot 35,mlx5_0,G1-G3
leaf-gpu,sys1-ice2-p-swi-bel35,sw18p2,SU11 slot 36,mlx5_0,G1-G3
leaf-gpu,sys1-ice2-p-swi-bel35,sw19p1,SU11 slot 37,mlx5_0,G1-G3
leaf-gpu,sys1-ice2-p-swi-bel35,sw19p2,SU11 slot 38,mlx5_0,G1-G3
leaf-gpu,sys1-ice2-p-swi-bel35,sw20p1,SU11 slot 39,mlx5_0,G1-G3
leaf-gpu,sys1-ice2-p-swi-bel35,sw20p2,SU11 slot 40,mlx5_0,G1-G3
leaf-gpu,sys1-ice2-p-swi-bel35,sw21p1,SU11 slot 41,mlx5_0,G1-G3
leaf-gpu,sys1-ice2-p-swi-bel35,sw21p2,SU11 slot 42,mlx5_0,G1-G3
leaf-gpu,sys1-ice2-p-swi-bel35,sw22p1,SU11 slot 43,mlx5_0,G1-G3
leaf-gpu,sys1-ice2-p-swi-bel35,sw22p2,SU11 slot 44,mlx5_0,G1-G3
leaf-gpu,sys1-ice2-p-swi-bel35,sw23p1,SU11 slot 45,mlx5_0,G1-G3
leaf-gpu,sys1-ice2-p-swi-bel35,sw23p2,SU11 slot 46,mlx5_0,G1-G3
leaf-gpu,sys1-ice2-p-swi-bel35,sw24p1,SU11 slot 47,mlx5_0,G1-G3
leaf-gpu,sys1-ice2-p-swi-bel35,sw24p2,SU11 slot 48,mlx5_0,G1-G3
leaf-gpu,sys1-ice2-p-swi-bel35,sw25p1,SU11 slot 49,mlx5_0,G1-G3
leaf-gpu,sys1-ice2-p-swi-bel35,sw25p2,SU11 slot 50,mlx5_0,G1-G3
leaf-gpu,sys1-ice2-p-swi-bel35,sw26p1,SU11 slot 51,mlx5_0,G1-G3
leaf-gpu,sys1-ice2-p-swi-bel35,sw26p2,SU11 slot 52,mlx5_0,G1-G3
leaf-gpu,sys1-ice2-p-swi-bel35,sw27p1,SU11 slot 53,mlx5_0,G1-G3
leaf-gpu,sys1-ice2-p-swi-bel35,sw27p2,SU11 slot 54,mlx5_0,G1-G3
leaf-gpu,sys1-ice2-p-swi-bel35,sw28p1,SU11 slot 55,mlx5_0,G1-G3
leaf-gpu,sys1-ice2-p-swi-bel35,sw28p2,SU11 slot 56,mlx5_0,G1-G3
leaf-gpu,sys1-ice2-p-swi-bel35,sw29p1,SU11 slot 57,mlx5_0,G1-G3
leaf-gpu,sys1-ice2-p-swi-bel35,sw29p2,SU11 slot 58,mlx5_0,G1-G3
leaf-gpu,sys1-ice2-p-swi-bel35,sw30p1,SU11 slot 59,mlx5_0,G1-G3
leaf-gpu,sys1-ice2-p-swi-bel35,sw30p2,SU11 slot 60,mlx5_0,G1-G3
leaf-gpu,sys1-ice2-p-swi-bel35,sw31p1,SU11 slot 61,mlx5_0,G1-G3
leaf-gpu,sys1-ice2-p-swi-bel35,sw31p2,SU11 slot 62,mlx5_0,G1-G3
leaf-gpu,sys1-ice2-p-swi-bel35,sw32p1,SU11 slot 63,mlx5_0,G1-G3
leaf-gpu,sys1-ice2-p-swi-bel35,sw32p2,SU11 slot 64,mlx5_0,G1-G3
leaf-gpu,sys1-ice2-p-swi-bel35,sw33p1,SU11 slot 65,mlx5_0,G1-G3
leaf-gpu,sys1-ice2-p-swi-bel35,sw33p2,SU11 slot 66,mlx5_0,G1-G3
leaf-gpu,sys1-ice2-p-swi-bel35,sw34p1,SU11 slot 67,mlx5_0,G1-G3
leaf-gpu,sys1-ice2-p-swi-bel35,sw34p2,SU11 slot 68,mlx5_0,G1-G3
leaf-gpu,sys1-ice2-p-swi-bel35,sw35p1,SU11 slot 69,mlx5_0,G1-G3
leaf-gpu,sys1-ice2-p-swi-bel35,sw35p2,SU11 slot 70,mlx5_0,G1-G3
leaf-gpu,sys1-ice2-p-swi-bel35,sw36p1,SU11 slot 71,mlx5_0,G1-G3
leaf-gpu,sys1-ice2-p-swi-bel35,sw36p2,SU11 slot 72,mlx5_0,G1-G3
leaf-gpu,sys1-ice2-p-swi-bel36,sw1p1,SU12 slot 1,mlx5_0,G1-G3
leaf-gpu,sys1-ice2-p-swi-bel36,sw1p2,SU12 slot 2,mlx5_0,G1-G3
leaf-gpu,sys1-ice2-p-swi-bel36,sw2p1,SU12 slot 3,mlx5_0,G1-G3
leaf-gpu,sys1-ice2-p-swi-bel36,sw2p2,SU12 slot 4,mlx5_0,G1-G3
leaf-gpu,sys1-ice2-p-swi-bel36,sw3p1,SU12 slot 5,mlx5_0,G1-G3
leaf-gpu,sys1-ice2-p-swi-bel36,sw3p2,SU12 slot 6,mlx5_0,G1-G3
leaf-gpu,sys1-ice2-p-swi-bel36,sw4p1,SU12 slot 7,mlx5_0,G1-G3
leaf-gpu,sys1-ice2-p-swi-bel36,sw4p2,SU12 slot 8,mlx5_0,G1-G3
leaf-gpu,sys1-ice2-p-swi-bel36,sw5p1,SU12 slot 9,mlx5_0,G1-G3
leaf-gpu,sys1-ice2-p-swi-bel36,sw5p2,SU12 slot 10,mlx5_0,G1-G3
leaf-gpu,sys1-ice2-p-swi-bel36,sw6p1,SU12 slot 11,mlx5_0,G1-G3
leaf-gpu,sys1-ice2-p-swi-bel36,sw6p2,SU12 slot 12,mlx5_0,G1-G3
leaf-gpu,sys1-ice2-p-swi-bel36,sw7p1,SU12 slot 13,mlx5_0,G1-G3
leaf-gpu,sys1-ice2-p-swi-bel36,sw7p2,SU12 slot 14,mlx5_0,G1-G3
leaf-gpu,sys1-ice2-p-swi-bel36,sw8p1,SU12 slot 15,mlx5_0,G1-G3
leaf-gpu,sys1-ice2-p-swi-bel36,sw8p2,SU12 slot 16,mlx5_0,G1-G3
leaf-gpu,sys1-ice2-p-swi-bel36,sw9p1,SU12 slot 17,mlx5_0,G1-G3
leaf-gpu,sys1-ice2-p-swi-bel36,sw9p2,SU12 slot 18,mlx5_0,G1-G3
leaf-gpu,sys1-ice2-p-swi-bel36,sw10p1,SU12 slot 19,mlx5_0,G1-G3
leaf-gpu,sys1-ice2-p-swi-bel36,sw10p2,SU12 slot 20,mlx5_0,G1-G3
leaf-gpu,sys1-ice2-p-swi-bel36,sw11p1,SU12 slot 21,mlx5_0,G1-G3
leaf-gpu,sys1-ice2-p-swi-bel36,sw11p2,SU12 slot 22,mlx5_0,G1-G3
leaf-gpu,sys1-ice2-p-swi-bel36,sw12p1,SU12 slot 23,mlx5_0,G1-G3
leaf-gpu,sys1-ice2-p-swi-bel36,sw12p2,SU12 slot 24,mlx5_0,G1-G3
leaf-gpu,sys1-ice2-p-swi-bel36,sw13p1,SU12 slot 25,mlx5_0,G1-G3
leaf-gpu,sys1-ice2-p-swi-bel36,sw13p2,SU12 slot 26,mlx5_0,G1-G3
leaf-gpu,sys1-ice2-p-swi-bel36,sw14p1,SU12 slot 27,mlx5_0,G1-G3
leaf-gpu,sys1-ice2-p-swi-bel36,sw14p2,SU12 slot 28,mlx5_0,G1-G3
leaf-gpu,sys1-ice2-p-swi-bel36,sw15p1,SU12 slot 29,mlx5_0,G1-G3
leaf-gpu,sys1-ice2-p-swi-bel36,sw15p2,SU12 slot 30,mlx5_0,G1-G3
leaf-gpu,sys1-ice2-p-swi-bel36,sw16p1,SU12 slot 31,mlx5_0,G1-G3
leaf-gpu,sys1-ice2-p-swi-bel36,sw16p2,SU12 slot 32,mlx5_0,G1-G3
leaf-gpu,sys1-ice2-p-swi-bel36,sw17p1,SU12 slot 33,mlx5_0,G1-G3
leaf-gpu,sys1-ice2-p-swi-bel36,sw17p2,SU12 slot 34,mlx5_0,G1-G3
leaf-gpu,sys1-ice2-p-swi-bel36,sw18p1,SU12 slot 35,mlx5_0,G1-G3
leaf-gpu,sys1-ice2-p-swi-bel36,sw18p2,SU12 slot 36,mlx5_0,G1-G3
leaf-gpu,sys1-ice2-p-swi-bel36,sw19p1,SU12 slot 37,mlx5_0,G1-G3
leaf-gpu,sys1-ice2-p-swi-bel36,sw19p2,SU12 slot 38,mlx5_0,G1-G3
leaf-gpu,sys1-ice2-p-swi-bel36,sw20p1,SU12 slot 39,mlx5_0,G1-G3
leaf-gpu,sys1-ice2-p-swi-bel36,sw20p2,SU12 slot 40,mlx5_0,G1-G3
leaf-gpu,sys1-ice2-p-swi-bel36,sw21p1,SU12 slot 41,mlx5_0,G1-G3
leaf-gpu,sys1-ice2-p-swi-bel36,sw21p2,SU12 slot 42,mlx5_0,G1-G3
leaf-gpu,sys1-ice2-p-swi-bel36,sw22p1,SU12 slot 43,mlx5_0,G1-G3
leaf-gpu,sys1-ice2-p-swi-bel36,sw22p2,SU12 slot 44,mlx5_0,G1-G3
leaf-gpu,sys1-ice2-p-swi-bel36,sw23p1,SU12 slot 45,mlx5_0,G1-G3
leaf-gpu,sys1-ice2-p-swi-bel36,sw23p2,SU12 slot 46,mlx5_0,G1-G3
leaf-gpu,sys1-ice2-p-swi-bel36,sw24p1,SU12 slot 47,mlx5_0,G1-G3
leaf-gpu,sys1-ice2-p-swi-bel36,sw24p2,SU12 slot 48,mlx5_0,G1-G3
leaf-gpu,sys1-ice2-p-swi-bel36,sw25p1,SU12 slot 49,mlx5_0,G1-G3
leaf-gpu,sys1-ice2-p-swi-bel36,sw25p2,SU12 slot 50,mlx5_0,G1-G3
leaf-gpu,sys1-ice2-p-swi-bel36,sw26p1,SU12 slot 51,mlx5_0,G1-G3
leaf-gpu,sys1-ice2-p-swi-bel36,sw26p2,SU12 slot 52,mlx5_0,G1-G3
leaf-gpu,sys1-ice2-p-swi-bel36,sw27p1,SU12 slot 53,mlx5_0,G1-G3
leaf-gpu,sys1-ice2-p-swi-bel36,sw27p2,SU12 slot 54,mlx5_0,G1-G3
leaf-gpu,sys1-ice2-p-swi-bel36,sw28p1,SU12 slot 55,mlx5_0,G1-G3
leaf-gpu,sys1-ice2-p-swi-bel36,sw28p2,SU12 slot 56,mlx5_0,G1-G3
leaf-gpu,sys1-ice2-p-swi-bel36,sw29p1,SU12 slot 57,mlx5_0,G1-G3
leaf-gpu,sys1-ice2-p-swi-bel36,sw29p2,SU12 slot 58,mlx5_0,G1-G3
leaf-gpu,sys1-ice2-p-swi-bel36,sw30p1,SU12 slot 59,mlx5_0,G1-G3
leaf-gpu,sys1-ice2-p-swi-bel36,sw30p2,SU12 slot 60,mlx5_0,G1-G3
leaf-gpu,sys1-ice2-p-swi-bel36,sw31p1,SU12 slot 61,mlx5_0,G1-G3
leaf-gpu,sys1-ice2-p-swi-bel36,sw31p2,SU12 slot 62,mlx5_0,G1-G3
leaf-gpu,sys1-ice2-p-swi-bel36,sw32p1,SU12 slot 63,mlx5_0,G1-G3
leaf-gpu,sys1-ice2-p-swi-bel36,sw32p2,SU12 slot 64,mlx5_0,G1-G3
leaf-gpu,sys1-ice2-p-swi-bel36,sw33p1,SU12 slot 65,mlx5_0,G1-G3
leaf-gpu,sys1-ice2-p-swi-bel36,sw33p2,SU12 slot 66,mlx5_0,G1-G3
leaf-gpu,sys1-ice2-p-swi-bel36,sw34p1,SU12 slot 67,mlx5_0,G1-G3
leaf-gpu,sys1-ice2-p-swi-bel36,sw34p2,SU12 slot 68,mlx5_0,G1-G3
leaf-gpu,sys1-ice2-p-swi-bel36,sw35p1,SU12 slot 69,mlx5_0,G1-G3
leaf-gpu,sys1-ice2-p-swi-bel36,sw35p2,SU12 slot 70,mlx5_0,G1-G3
leaf-gpu,sys1-ice2-p-swi-bel36,sw36p1,SU12 slot 71,mlx5_0,G1-G3
leaf-gpu,sys1-ice2-p-swi-bel36,sw36p2,SU12 slot 72,mlx5_0,G1-G3
leaf-gpu,sys1-ice2-p-swi-bel37,sw1p1,SU9 slot 1,mlx5_1,G1-G3
leaf-gpu,sys1-ice2-p-swi-bel37,sw1p2,SU9 slot 2,mlx5_1,G1-G3
leaf-gpu,sys1-ice2-p-swi-bel37,sw2p1,SU9 slot 3,mlx5_1,G1-G3
leaf-gpu,sys1-ice2-p-swi-bel37,sw2p2,SU9 slot 4,mlx5_1,G1-G3
leaf-gpu,sys1-ice2-p-swi-bel37,sw3p1,SU9 slot 5,mlx5_1,G1-G3
leaf-gpu,sys1-ice2-p-swi-bel37,sw3p2,SU9 slot 6,mlx5_1,G1-G3
leaf-gpu,sys1-ice2-p-swi-bel37,sw4p1,SU9 slot 7,mlx5_1,G1-G3
leaf-gpu,sys1-ice2-p-swi-bel37,sw4p2,SU9 slot 8,mlx5_1,G1-G3
leaf-gpu,sys1-ice2-p-swi-bel37,sw5p1,SU9 slot 9,mlx5_1,G1-G3
leaf-gpu,sys1-ice2-p-swi-bel37,sw5p2,SU9 slot 10,mlx5_1,G1-G3
leaf-gpu,sys1-ice2-p-swi-bel37,sw6p1,SU9 slot 11,mlx5_1,G1-G3
leaf-gpu,sys1-ice2-p-swi-bel37,sw6p2,SU9 slot 12,mlx5_1,G1-G3
leaf-gpu,sys1-ice2-p-swi-bel37,sw7p1,SU9 slot 13,mlx5_1,G1-G3
leaf-gpu,sys1-ice2-p-swi-bel37,sw7p2,SU9 slot 14,mlx5_1,G1-G3
leaf-gpu,sys1-ice2-p-swi-bel37,sw8p1,SU9 slot 15,mlx5_1,G1-G3
leaf-gpu,sys1-ice2-p-swi-bel37,sw8p2,SU9 slot 16,mlx5_1,G1-G3
leaf-gpu,sys1-ice2-p-swi-bel37,sw9p1,SU9 slot 17,mlx5_1,G1-G3
leaf-gpu,sys1-ice2-p-swi-bel37,sw9p2,SU9 slot 18,mlx5_1,G1-G3
leaf-gpu,sys1-ice2-p-swi-bel37,sw10p1,SU9 slot 19,mlx5_1,G1-G3
leaf-gpu,sys1-ice2-p-swi-bel37,sw10p2,SU9 slot 20,mlx5_1,G1-G3
leaf-gpu,sys1-ice2-p-swi-bel37,sw11p1,SU9 slot 21,mlx5_1,G1-G3
leaf-gpu,sys1-ice2-p-swi-bel37,sw11p2,SU9 slot 22,mlx5_1,G1-G3
leaf-gpu,sys1-ice2-p-swi-bel37,sw12p1,SU9 slot 23,mlx5_1,G1-G3
leaf-gpu,sys1-ice2-p-swi-bel37,sw12p2,SU9 slot 24,mlx5_1,G1-G3
leaf-gpu,sys1-ice2-p-swi-bel37,sw13p1,SU9 slot 25,mlx5_1,G1-G3
leaf-gpu,sys1-ice2-p-swi-bel37,sw13p2,SU9 slot 26,mlx5_1,G1-G3
leaf-gpu,sys1-ice2-p-swi-bel37,sw14p1,SU9 slot 27,mlx5_1,G1-G3
leaf-gpu,sys1-ice2-p-swi-bel37,sw14p2,SU9 slot 28,mlx5_1,G1-G3
leaf-gpu,sys1-ice2-p-swi-bel37,sw15p1,SU9 slot 29,mlx5_1,G1-G3
leaf-gpu,sys1-ice2-p-swi-bel37,sw15p2,SU9 slot 30,mlx5_1,G1-G3
leaf-gpu,sys1-ice2-p-swi-bel37,sw16p1,SU9 slot 31,mlx5_1,G1-G3
leaf-gpu,sys1-ice2-p-swi-bel37,sw16p2,SU9 slot 32,mlx5_1,G1-G3
leaf-gpu,sys1-ice2-p-swi-bel37,sw17p1,SU9 slot 33,mlx5_1,G1-G3
leaf-gpu,sys1-ice2-p-swi-bel37,sw17p2,SU9 slot 34,mlx5_1,G1-G3
leaf-gpu,sys1-ice2-p-swi-bel37,sw18p1,SU9 slot 35,mlx5_1,G1-G3
leaf-gpu,sys1-ice2-p-swi-bel37,sw18p2,SU9 slot 36,mlx5_1,G1-G3
leaf-gpu,sys1-ice2-p-swi-bel37,sw19p1,SU9 slot 37,mlx5_1,G1-G3
leaf-gpu,sys1-ice2-p-swi-bel37,sw19p2,SU9 slot 38,mlx5_1,G1-G3
leaf-gpu,sys1-ice2-p-swi-bel37,sw20p1,SU9 slot 39,mlx5_1,G1-G3
leaf-gpu,sys1-ice2-p-swi-bel37,sw20p2,SU9 slot 40,mlx5_1,G1-G3
leaf-gpu,sys1-ice2-p-swi-bel37,sw21p1,SU9 slot 41,mlx5_1,G1-G3
leaf-gpu,sys1-ice2-p-swi-bel37,sw21p2,SU9 slot 42,mlx5_1,G1-G3
leaf-gpu,sys1-ice2-p-swi-bel37,sw22p1,SU9 slot 43,mlx5_1,G1-G3
leaf-gpu,sys1-ice2-p-swi-bel37,sw22p2,SU9 slot 44,mlx5_1,G1-G3
leaf-gpu,sys1-ice2-p-swi-bel37,sw23p1,SU9 slot 45,mlx5_1,G1-G3
leaf-gpu,sys1-ice2-p-swi-bel37,sw23p2,SU9 slot 46,mlx5_1,G1-G3
leaf-gpu,sys1-ice2-p-swi-bel37,sw24p1,SU9 slot 47,mlx5_1,G1-G3
leaf-gpu,sys1-ice2-p-swi-bel37,sw24p2,SU9 slot 48,mlx5_1,G1-G3
leaf-gpu,sys1-ice2-p-swi-bel37,sw25p1,SU9 slot 49,mlx5_1,G1-G3
leaf-gpu,sys1-ice2-p-swi-bel37,sw25p2,SU9 slot 50,mlx5_1,G1-G3
leaf-gpu,sys1-ice2-p-swi-bel37,sw26p1,SU9 slot 51,mlx5_1,G1-G3
leaf-gpu,sys1-ice2-p-swi-bel37,sw26p2,SU9 slot 52,mlx5_1,G1-G3
leaf-gpu,sys1-ice2-p-swi-bel37,sw27p1,SU9 slot 53,mlx5_1,G1-G3
leaf-gpu,sys1-ice2-p-swi-bel37,sw27p2,SU9 slot 54,mlx5_1,G1-G3
leaf-gpu,sys1-ice2-p-swi-bel37,sw28p1,SU9 slot 55,mlx5_1,G1-G3
leaf-gpu,sys1-ice2-p-swi-bel37,sw28p2,SU9 slot 56,mlx5_1,G1-G3
leaf-gpu,sys1-ice2-p-swi-bel37,sw29p1,SU9 slot 57,mlx5_1,G1-G3
leaf-gpu,sys1-ice2-p-swi-bel37,sw29p2,SU9 slot 58,mlx5_1,G1-G3
leaf-gpu,sys1-ice2-p-swi-bel37,sw30p1,SU9 slot 59,mlx5_1,G1-G3
leaf-gpu,sys1-ice2-p-swi-bel37,sw30p2,SU9 slot 60,mlx5_1,G1-G3
leaf-gpu,sys1-ice2-p-swi-bel37,sw31p1,SU9 slot 61,mlx5_1,G1-G3
leaf-gpu,sys1-ice2-p-swi-bel37,sw31p2,SU9 slot 62,mlx5_1,G1-G3
leaf-gpu,sys1-ice2-p-swi-bel37,sw32p1,SU9 slot 63,mlx5_1,G1-G3
leaf-gpu,sys1-ice2-p-swi-bel37,sw32p2,SU9 slot 64,mlx5_1,G1-G3
leaf-gpu,sys1-ice2-p-swi-bel37,sw33p1,SU9 slot 65,mlx5_1,G1-G3
leaf-gpu,sys1-ice2-p-swi-bel37,sw33p2,SU9 slot 66,mlx5_1,G1-G3
leaf-gpu,sys1-ice2-p-swi-bel37,sw34p1,SU9 slot 67,mlx5_1,G1-G3
leaf-gpu,sys1-ice2-p-swi-bel37,sw34p2,SU9 slot 68,mlx5_1,G1-G3
leaf-gpu,sys1-ice2-p-swi-bel37,sw35p1,SU9 slot 69,mlx5_1,G1-G3
leaf-gpu,sys1-ice2-p-swi-bel37,sw35p2,SU9 slot 70,mlx5_1,G1-G3
leaf-gpu,sys1-ice2-p-swi-bel37,sw36p1,SU9 slot 71,mlx5_1,G1-G3
leaf-gpu,sys1-ice2-p-swi-bel37,sw36p2,SU9 slot 72,mlx5_1,G1-G3
leaf-gpu,sys1-ice2-p-swi-bel38,sw1p1,SU10 slot 1,mlx5_1,G1-G3
leaf-gpu,sys1-ice2-p-swi-bel38,sw1p2,SU10 slot 2,mlx5_1,G1-G3
leaf-gpu,sys1-ice2-p-swi-bel38,sw2p1,SU10 slot 3,mlx5_1,G1-G3
leaf-gpu,sys1-ice2-p-swi-bel38,sw2p2,SU10 slot 4,mlx5_1,G1-G3
leaf-gpu,sys1-ice2-p-swi-bel38,sw3p1,SU10 slot 5,mlx5_1,G1-G3
leaf-gpu,sys1-ice2-p-swi-bel38,sw3p2,SU10 slot 6,mlx5_1,G1-G3
leaf-gpu,sys1-ice2-p-swi-bel38,sw4p1,SU10 slot 7,mlx5_1,G1-G3
leaf-gpu,sys1-ice2-p-swi-bel38,sw4p2,SU10 slot 8,mlx5_1,G1-G3
leaf-gpu,sys1-ice2-p-swi-bel38,sw5p1,SU10 slot 9,mlx5_1,G1-G3
leaf-gpu,sys1-ice2-p-swi-bel38,sw5p2,SU10 slot 10,mlx5_1,G1-G3
leaf-gpu,sys1-ice2-p-swi-bel38,sw6p1,SU10 slot 11,mlx5_1,G1-G3
leaf-gpu,sys1-ice2-p-swi-bel38,sw6p2,SU10 slot 12,mlx5_1,G1-G3
leaf-gpu,sys1-ice2-p-swi-bel38,sw7p1,SU10 slot 13,mlx5_1,G1-G3
leaf-gpu,sys1-ice2-p-swi-bel38,sw7p2,SU10 slot 14,mlx5_1,G1-G3
leaf-gpu,sys1-ice2-p-swi-bel38,sw8p1,SU10 slot 15,mlx5_1,G1-G3
leaf-gpu,sys1-ice2-p-swi-bel38,sw8p2,SU10 slot 16,mlx5_1,G1-G3
leaf-gpu,sys1-ice2-p-swi-bel38,sw9p1,SU10 slot 17,mlx5_1,G1-G3
leaf-gpu,sys1-ice2-p-swi-bel38,sw9p2,SU10 slot 18,mlx5_1,G1-G3
leaf-gpu,sys1-ice2-p-swi-bel38,sw10p1,SU10 slot 19,mlx5_1,G1-G3
leaf-gpu,sys1-ice2-p-swi-bel38,sw10p2,SU10 slot 20,mlx5_1,G1-G3
leaf-gpu,sys1-ice2-p-swi-bel38,sw11p1,SU10 slot 21,mlx5_1,G1-G3
leaf-gpu,sys1-ice2-p-swi-bel38,sw11p2,SU10 slot 22,mlx5_1,G1-G3
leaf-gpu,sys1-ice2-p-swi-bel38,sw12p1,SU10 slot 23,mlx5_1,G1-G3
leaf-gpu,sys1-ice2-p-swi-bel38,sw12p2,SU10 slot 24,mlx5_1,G1-G3
leaf-gpu,sys1-ice2-p-swi-bel38,sw13p1,SU10 slot 25,mlx5_1,G1-G3
leaf-gpu,sys1-ice2-p-swi-bel38,sw13p2,SU10 slot 26,mlx5_1,G1-G3
leaf-gpu,sys1-ice2-p-swi-bel38,sw14p1,SU10 slot 27,mlx5_1,G1-G3
leaf-gpu,sys1-ice2-p-swi-bel38,sw14p2,SU10 slot 28,mlx5_1,G1-G3
leaf-gpu,sys1-ice2-p-swi-bel38,sw15p1,SU10 slot 29,mlx5_1,G1-G3
leaf-gpu,sys1-ice2-p-swi-bel38,sw15p2,SU10 slot 30,mlx5_1,G1-G3
leaf-gpu,sys1-ice2-p-swi-bel38,sw16p1,SU10 slot 31,mlx5_1,G1-G3
leaf-gpu,sys1-ice2-p-swi-bel38,sw16p2,SU10 slot 32,mlx5_1,G1-G3
leaf-gpu,sys1-ice2-p-swi-bel38,sw17p1,SU10 slot 33,mlx5_1,G1-G3
leaf-gpu,sys1-ice2-p-swi-bel38,sw17p2,SU10 slot 34,mlx5_1,G1-G3
leaf-gpu,sys1-ice2-p-swi-bel38,sw18p1,SU10 slot 35,mlx5_1,G1-G3
leaf-gpu,sys1-ice2-p-swi-bel38,sw18p2,SU10 slot 36,mlx5_1,G1-G3
leaf-gpu,sys1-ice2-p-swi-bel38,sw19p1,SU10 slot 37,mlx5_1,G1-G3
leaf-gpu,sys1-ice2-p-swi-bel38,sw19p2,SU10 slot 38,mlx5_1,G1-G3
leaf-gpu,sys1-ice2-p-swi-bel38,sw20p1,SU10 slot 39,mlx5_1,G1-G3
leaf-gpu,sys1-ice2-p-swi-bel38,sw20p2,SU10 slot 40,mlx5_1,G1-G3
leaf-gpu,sys1-ice2-p-swi-bel38,sw21p1,SU10 slot 41,mlx5_1,G1-G3
leaf-gpu,sys1-ice2-p-swi-bel38,sw21p2,SU10 slot 42,mlx5_1,G1-G3
leaf-gpu,sys1-ice2-p-swi-bel38,sw22p1,SU10 slot 43,mlx5_1,G1-G3
leaf-gpu,sys1-ice2-p-swi-bel38,sw22p2,SU10 slot 44,mlx5_1,G1-G3
leaf-gpu,sys1-ice2-p-swi-bel38,sw23p1,SU10 slot 45,mlx5_1,G1-G3
leaf-gpu,sys1-ice2-p-swi-bel38,sw23p2,SU10 slot 46,mlx5_1,G1-G3
leaf-gpu,sys1-ice2-p-swi-bel38,sw24p1,SU10 slot 47,mlx5_1,G1-G3
leaf-gpu,sys1-ice2-p-swi-bel38,sw24p2,SU10 slot 48,mlx5_1,G1-G3
leaf-gpu,sys1-ice2-p-swi-bel38,sw25p1,SU10 slot 49,mlx5_1,G1-G3
leaf-gpu,sys1-ice2-p-swi-bel38,sw25p2,SU10 slot 50,mlx5_1,G1-G3
leaf-gpu,sys1-ice2-p-swi-bel38,sw26p1,SU10 slot 51,mlx5_1,G1-G3
leaf-gpu,sys1-ice2-p-swi-bel38,sw26p2,SU10 slot 52,mlx5_1,G1-G3
leaf-gpu,sys1-ice2-p-swi-bel38,sw27p1,SU10 slot 53,mlx5_1,G1-G3
leaf-gpu,sys1-ice2-p-swi-bel38,sw27p2,SU10 slot 54,mlx5_1,G1-G3
leaf-gpu,sys1-ice2-p-swi-bel38,sw28p1,SU10 slot 55,mlx5_1,G1-G3
leaf-gpu,sys1-ice2-p-swi-bel38,sw28p2,SU10 slot 56,mlx5_1,G1-G3
leaf-gpu,sys1-ice2-p-swi-bel38,sw29p1,SU10 slot 57,mlx5_1,G1-G3
leaf-gpu,sys1-ice2-p-swi-bel38,sw29p2,SU10 slot 58,mlx5_1,G1-G3
leaf-gpu,sys1-ice2-p-swi-bel38,sw30p1,SU10 slot 59,mlx5_1,G1-G3
leaf-gpu,sys1-ice2-p-swi-bel38,sw30p2,SU10 slot 60,mlx5_1,G1-G3
leaf-gpu,sys1-ice2-p-swi-bel38,sw31p1,SU10 slot 61,mlx5_1,G1-G3
leaf-gpu,sys1-ice2-p-swi-bel38,sw31p2,SU10 slot 62,mlx5_1,G1-G3
leaf-gpu,sys1-ice2-p-swi-bel38,sw32p1,SU10 slot 63,mlx5_1,G1-G3
leaf-gpu,sys1-ice2-p-swi-bel38,sw32p2,SU10 slot 64,mlx5_1,G1-G3
leaf-gpu,sys1-ice2-p-swi-bel38,sw33p1,SU10 slot 65,mlx5_1,G1-G3
leaf-gpu,sys1-ice2-p-swi-bel38,sw33p2,SU10 slot 66,mlx5_1,G1-G3
leaf-gpu,sys1-ice2-p-swi-bel38,sw34p1,SU10 slot 67,mlx5_1,G1-G3
leaf-gpu,sys1-ice2-p-swi-bel38,sw34p2,SU10 slot 68,mlx5_1,G1-G3
leaf-gpu,sys1-ice2-p-swi-bel38,sw35p1,SU10 slot 69,mlx5_1,G1-G3
leaf-gpu,sys1-ice2-p-swi-bel38,sw35p2,SU10 slot 70,mlx5_1,G1-G3
leaf-gpu,sys1-ice2-p-swi-bel38,sw36p1,SU10 slot 71,mlx5_1,G1-G3
leaf-gpu,sys1-ice2-p-swi-bel38,sw36p2,SU10 slot 72,mlx5_1,G1-G3
leaf-gpu,sys1-ice2-p-swi-bel39,sw1p1,SU11 slot 1,mlx5_1,G1-G3
leaf-gpu,sys1-ice2-p-swi-bel39,sw1p2,SU11 slot 2,mlx5_1,G1-G3
leaf-gpu,sys1-ice2-p-swi-bel39,sw2p1,SU11 slot 3,mlx5_1,G1-G3
leaf-gpu,sys1-ice2-p-swi-bel39,sw2p2,SU11 slot 4,mlx5_1,G1-G3
leaf-gpu,sys1-ice2-p-swi-bel39,sw3p1,SU11 slot 5,mlx5_1,G1-G3
leaf-gpu,sys1-ice2-p-swi-bel39,sw3p2,SU11 slot 6,mlx5_1,G1-G3
leaf-gpu,sys1-ice2-p-swi-bel39,sw4p1,SU11 slot 7,mlx5_1,G1-G3
leaf-gpu,sys1-ice2-p-swi-bel39,sw4p2,SU11 slot 8,mlx5_1,G1-G3
leaf-gpu,sys1-ice2-p-swi-bel39,sw5p1,SU11 slot 9,mlx5_1,G1-G3
leaf-gpu,sys1-ice2-p-swi-bel39,sw5p2,SU11 slot 10,mlx5_1,G1-G3
leaf-gpu,sys1-ice2-p-swi-bel39,sw6p1,SU11 slot 11,mlx5_1,G1-G3
leaf-gpu,sys1-ice2-p-swi-bel39,sw6p2,SU11 slot 12,mlx5_1,G1-G3
leaf-gpu,sys1-ice2-p-swi-bel39,sw7p1,SU11 slot 13,mlx5_1,G1-G3
leaf-gpu,sys1-ice2-p-swi-bel39,sw7p2,SU11 slot 14,mlx5_1,G1-G3
leaf-gpu,sys1-ice2-p-swi-bel39,sw8p1,SU11 slot 15,mlx5_1,G1-G3
leaf-gpu,sys1-ice2-p-swi-bel39,sw8p2,SU11 slot 16,mlx5_1,G1-G3
leaf-gpu,sys1-ice2-p-swi-bel39,sw9p1,SU11 slot 17,mlx5_1,G1-G3
leaf-gpu,sys1-ice2-p-swi-bel39,sw9p2,SU11 slot 18,mlx5_1,G1-G3
leaf-gpu,sys1-ice2-p-swi-bel39,sw10p1,SU11 slot 19,mlx5_1,G1-G3
leaf-gpu,sys1-ice2-p-swi-bel39,sw10p2,SU11 slot 20,mlx5_1,G1-G3
leaf-gpu,sys1-ice2-p-swi-bel39,sw11p1,SU11 slot 21,mlx5_1,G1-G3
leaf-gpu,sys1-ice2-p-swi-bel39,sw11p2,SU11 slot 22,mlx5_1,G1-G3
leaf-gpu,sys1-ice2-p-swi-bel39,sw12p1,SU11 slot 23,mlx5_1,G1-G3
leaf-gpu,sys1-ice2-p-swi-bel39,sw12p2,SU11 slot 24,mlx5_1,G1-G3
leaf-gpu,sys1-ice2-p-swi-bel39,sw13p1,SU11 slot 25,mlx5_1,G1-G3
leaf-gpu,sys1-ice2-p-swi-bel39,sw13p2,SU11 slot 26,mlx5_1,G1-G3
leaf-gpu,sys1-ice2-p-swi-bel39,sw14p1,SU11 slot 27,mlx5_1,G1-G3
leaf-gpu,sys1-ice2-p-swi-bel39,sw14p2,SU11 slot 28,mlx5_1,G1-G3
leaf-gpu,sys1-ice2-p-swi-bel39,sw15p1,SU11 slot 29,mlx5_1,G1-G3
leaf-gpu,sys1-ice2-p-swi-bel39,sw15p2,SU11 slot 30,mlx5_1,G1-G3
leaf-gpu,sys1-ice2-p-swi-bel39,sw16p1,SU11 slot 31,mlx5_1,G1-G3
leaf-gpu,sys1-ice2-p-swi-bel39,sw16p2,SU11 slot 32,mlx5_1,G1-G3
leaf-gpu,sys1-ice2-p-swi-bel39,sw17p1,SU11 slot 33,mlx5_1,G1-G3
leaf-gpu,sys1-ice2-p-swi-bel39,sw17p2,SU11 slot 34,mlx5_1,G1-G3
leaf-gpu,sys1-ice2-p-swi-bel39,sw18p1,SU11 slot 35,mlx5_1,G1-G3
leaf-gpu,sys1-ice2-p-swi-bel39,sw18p2,SU11 slot 36,mlx5_1,G1-G3
leaf-gpu,sys1-ice2-p-swi-bel39,sw19p1,SU11 slot 37,mlx5_1,G1-G3
leaf-gpu,sys1-ice2-p-swi-bel39,sw19p2,SU11 slot 38,mlx5_1,G1-G3
leaf-gpu,sys1-ice2-p-swi-bel39,sw20p1,SU11 slot 39,mlx5_1,G1-G3
leaf-gpu,sys1-ice2-p-swi-bel39,sw20p2,SU11 slot 40,mlx5_1,G1-G3
leaf-gpu,sys1-ice2-p-swi-bel39,sw21p1,SU11 slot 41,mlx5_1,G1-G3
leaf-gpu,sys1-ice2-p-swi-bel39,sw21p2,SU11 slot 42,mlx5_1,G1-G3
leaf-gpu,sys1-ice2-p-swi-bel39,sw22p1,SU11 slot 43,mlx5_1,G1-G3
leaf-gpu,sys1-ice2-p-swi-bel39,sw22p2,SU11 slot 44,mlx5_1,G1-G3
leaf-gpu,sys1-ice2-p-swi-bel39,sw23p1,SU11 slot 45,mlx5_1,G1-G3
leaf-gpu,sys1-ice2-p-swi-bel39,sw23p2,SU11 slot 46,mlx5_1,G1-G3
leaf-gpu,sys1-ice2-p-swi-bel39,sw24p1,SU11 slot 47,mlx5_1,G1-G3
leaf-gpu,sys1-ice2-p-swi-bel39,sw24p2,SU11 slot 48,mlx5_1,G1-G3
leaf-gpu,sys1-ice2-p-swi-bel39,sw25p1,SU11 slot 49,mlx5_1,G1-G3
leaf-gpu,sys1-ice2-p-swi-bel39,sw25p2,SU11 slot 50,mlx5_1,G1-G3
leaf-gpu,sys1-ice2-p-swi-bel39,sw26p1,SU11 slot 51,mlx5_1,G1-G3
leaf-gpu,sys1-ice2-p-swi-bel39,sw26p2,SU11 slot 52,mlx5_1,G1-G3
leaf-gpu,sys1-ice2-p-swi-bel39,sw27p1,SU11 slot 53,mlx5_1,G1-G3
leaf-gpu,sys1-ice2-p-swi-bel39,sw27p2,SU11 slot 54,mlx5_1,G1-G3
leaf-gpu,sys1-ice2-p-swi-bel39,sw28p1,SU11 slot 55,mlx5_1,G1-G3
leaf-gpu,sys1-ice2-p-swi-bel39,sw28p2,SU11 slot 56,mlx5_1,G1-G3
leaf-gpu,sys1-ice2-p-swi-bel39,sw29p1,SU11 slot 57,mlx5_1,G1-G3
leaf-gpu,sys1-ice2-p-swi-bel39,sw29p2,SU11 slot 58,mlx5_1,G1-G3
leaf-gpu,sys1-ice2-p-swi-bel39,sw30p1,SU11 slot 59,mlx5_1,G1-G3
leaf-gpu,sys1-ice2-p-swi-bel39,sw30p2,SU11 slot 60,mlx5_1,G1-G3
leaf-gpu,sys1-ice2-p-swi-bel39,sw31p1,SU11 slot 61,mlx5_1,G1-G3
leaf-gpu,sys1-ice2-p-swi-bel39,sw31p2,SU11 slot 62,mlx5_1,G1-G3
leaf-gpu,sys1-ice2-p-swi-bel39,sw32p1,SU11 slot 63,mlx5_1,G1-G3
leaf-gpu,sys1-ice2-p-swi-bel39,sw32p2,SU11 slot 64,mlx5_1,G1-G3
leaf-gpu,sys1-ice2-p-swi-bel39,sw33p1,SU11 slot 65,mlx5_1,G1-G3
leaf-gpu,sys1-ice2-p-swi-bel39,sw33p2,SU11 slot 66,mlx5_1,G1-G3
leaf-gpu,sys1-ice2-p-swi-bel39,sw34p1,SU11 slot 67,mlx5_1,G1-G3
leaf-gpu,sys1-ice2-p-swi-bel39,sw34p2,SU11 slot 68,mlx5_1,G1-G3
leaf-gpu,sys1-ice2-p-swi-bel39,sw35p1,SU11 slot 69,mlx5_1,G1-G3
leaf-gpu,sys1-ice2-p-swi-bel39,sw35p2,SU11 slot 70,mlx5_1,G1-G3
leaf-gpu,sys1-ice2-p-swi-bel39,sw36p1,SU11 slot 71,mlx5_1,G1-G3
leaf-gpu,sys1-ice2-p-swi-bel39,sw36p2,SU11 slot 72,mlx5_1,G1-G3
leaf-gpu,sys1-ice2-p-swi-bel40,sw1p1,SU12 slot 1,mlx5_1,G1-G3
leaf-gpu,sys1-ice2-p-swi-bel40,sw1p2,SU12 slot 2,mlx5_1,G1-G3
leaf-gpu,sys1-ice2-p-swi-bel40,sw2p1,SU12 slot 3,mlx5_1,G1-G3
leaf-gpu,sys1-ice2-p-swi-bel40,sw2p2,SU12 slot 4,mlx5_1,G1-G3
leaf-gpu,sys1-ice2-p-swi-bel40,sw3p1,SU12 slot 5,mlx5_1,G1-G3
leaf-gpu,sys1-ice2-p-swi-bel40,sw3p2,SU12 slot 6,mlx5_1,G1-G3
leaf-gpu,sys1-ice2-p-swi-bel40,sw4p1,SU12 slot 7,mlx5_1,G1-G3
leaf-gpu,sys1-ice2-p-swi-bel40,sw4p2,SU12 slot 8,mlx5_1,G1-G3
leaf-gpu,sys1-ice2-p-swi-bel40,sw5p1,SU12 slot 9,mlx5_1,G1-G3
leaf-gpu,sys1-ice2-p-swi-bel40,sw5p2,SU12 slot 10,mlx5_1,G1-G3
leaf-gpu,sys1-ice2-p-swi-bel40,sw6p1,SU12 slot 11,mlx5_1,G1-G3
leaf-gpu,sys1-ice2-p-swi-bel40,sw6p2,SU12 slot 12,mlx5_1,G1-G3
leaf-gpu,sys1-ice2-p-swi-bel40,sw7p1,SU12 slot 13,mlx5_1,G1-G3
leaf-gpu,sys1-ice2-p-swi-bel40,sw7p2,SU12 slot 14,mlx5_1,G1-G3
leaf-gpu,sys1-ice2-p-swi-bel40,sw8p1,SU12 slot 15,mlx5_1,G1-G3
leaf-gpu,sys1-ice2-p-swi-bel40,sw8p2,SU12 slot 16,mlx5_1,G1-G3
leaf-gpu,sys1-ice2-p-swi-bel40,sw9p1,SU12 slot 17,mlx5_1,G1-G3
leaf-gpu,sys1-ice2-p-swi-bel40,sw9p2,SU12 slot 18,mlx5_1,G1-G3
leaf-gpu,sys1-ice2-p-swi-bel40,sw10p1,SU12 slot 19,mlx5_1,G1-G3
leaf-gpu,sys1-ice2-p-swi-bel40,sw10p2,SU12 slot 20,mlx5_1,G1-G3
leaf-gpu,sys1-ice2-p-swi-bel40,sw11p1,SU12 slot 21,mlx5_1,G1-G3
leaf-gpu,sys1-ice2-p-swi-bel40,sw11p2,SU12 slot 22,mlx5_1,G1-G3
leaf-gpu,sys1-ice2-p-swi-bel40,sw12p1,SU12 slot 23,mlx5_1,G1-G3
leaf-gpu,sys1-ice2-p-swi-bel40,sw12p2,SU12 slot 24,mlx5_1,G1-G3
leaf-gpu,sys1-ice2-p-swi-bel40,sw13p1,SU12 slot 25,mlx5_1,G1-G3
leaf-gpu,sys1-ice2-p-swi-bel40,sw13p2,SU12 slot 26,mlx5_1,G1-G3
leaf-gpu,sys1-ice2-p-swi-bel40,sw14p1,SU12 slot 27,mlx5_1,G1-G3
leaf-gpu,sys1-ice2-p-swi-bel40,sw14p2,SU12 slot 28,mlx5_1,G1-G3
leaf-gpu,sys1-ice2-p-swi-bel40,sw15p1,SU12 slot 29,mlx5_1,G1-G3
leaf-gpu,sys1-ice2-p-swi-bel40,sw15p2,SU12 slot 30,mlx5_1,G1-G3
leaf-gpu,sys1-ice2-p-swi-bel40,sw16p1,SU12 slot 31,mlx5_1,G1-G3
leaf-gpu,sys1-ice2-p-swi-bel40,sw16p2,SU12 slot 32,mlx5_1,G1-G3
leaf-gpu,sys1-ice2-p-swi-bel40,sw17p1,SU12 slot 33,mlx5_1,G1-G3
leaf-gpu,sys1-ice2-p-swi-bel40,sw17p2,SU12 slot 34,mlx5_1,G1-G3
leaf-gpu,sys1-ice2-p-swi-bel40,sw18p1,SU12 slot 35,mlx5_1,G1-G3
leaf-gpu,sys1-ice2-p-swi-bel40,sw18p2,SU12 slot 36,mlx5_1,G1-G3
leaf-gpu,sys1-ice2-p-swi-bel40,sw19p1,SU12 slot 37,mlx5_1,G1-G3
leaf-gpu,sys1-ice2-p-swi-bel40,sw19p2,SU12 slot 38,mlx5_1,G1-G3
leaf-gpu,sys1-ice2-p-swi-bel40,sw20p1,SU12 slot 39,mlx5_1,G1-G3
leaf-gpu,sys1-ice2-p-swi-bel40,sw20p2,SU12 slot 40,mlx5_1,G1-G3
leaf-gpu,sys1-ice2-p-swi-bel40,sw21p1,SU12 slot 41,mlx5_1,G1-G3
leaf-gpu,sys1-ice2-p-swi-bel40,sw21p2,SU12 slot 42,mlx5_1,G1-G3
leaf-gpu,sys1-ice2-p-swi-bel40,sw22p1,SU12 slot 43,mlx5_1,G1-G3
leaf-gpu,sys1-ice2-p-swi-bel40,sw22p2,SU12 slot 44,mlx5_1,G1-G3
leaf-gpu,sys1-ice2-p-swi-bel40,sw23p1,SU12 slot 45,mlx5_1,G1-G3
leaf-gpu,sys1-ice2-p-swi-bel40,sw23p2,SU12 slot 46,mlx5_1,G1-G3
leaf-gpu,sys1-ice2-p-swi-bel40,sw24p1,SU12 slot 47,mlx5_1,G1-G3
leaf-gpu,sys1-ice2-p-swi-bel40,sw24p2,SU12 slot 48,mlx5_1,G1-G3
leaf-gpu,sys1-ice2-p-swi-bel40,sw25p1,SU12 slot 49,mlx5_1,G1-G3
leaf-gpu,sys1-ice2-p-swi-bel40,sw25p2,SU12 slot 50,mlx5_1,G1-G3
leaf-gpu,sys1-ice2-p-swi-bel40,sw26p1,SU12 slot 51,mlx5_1,G1-G3
leaf-gpu,sys1-ice2-p-swi-bel40,sw26p2,SU12 slot 52,mlx5_1,G1-G3
leaf-gpu,sys1-ice2-p-swi-bel40,sw27p1,SU12 slot 53,mlx5_1,G1-G3
leaf-gpu,sys1-ice2-p-swi-bel40,sw27p2,SU12 slot 54,mlx5_1,G1-G3
leaf-gpu,sys1-ice2-p-swi-bel40,sw28p1,SU12 slot 55,mlx5_1,G1-G3
leaf-gpu,sys1-ice2-p-swi-bel40,sw28p2,SU12 slot 56,mlx5_1,G1-G3
leaf-gpu,sys1-ice2-p-swi-bel40,sw29p1,SU12 slot 57,mlx5_1,G1-G3
leaf-gpu,sys1-ice2-p-swi-bel40,sw29p2,SU12 slot 58,mlx5_1,G1-G3
leaf-gpu,sys1-ice2-p-swi-bel40,sw30p1,SU12 slot 59,mlx5_1,G1-G3
leaf-gpu,sys1-ice2-p-swi-bel40,sw30p2,SU12 slot 60,mlx5_1,G1-G3
leaf-gpu,sys1-ice2-p-swi-bel40,sw31p1,SU12 slot 61,mlx5_1,G1-G3
leaf-gpu,sys1-ice2-p-swi-bel40,sw31p2,SU12 slot 62,mlx5_1,G1-G3
leaf-gpu,sys1-ice2-p-swi-bel40,sw32p1,SU12 slot 63,mlx5_1,G1-G3
leaf-gpu,sys1-ice2-p-swi-bel40,sw32p2,SU12 slot 64,mlx5_1,G1-G3
leaf-gpu,sys1-ice2-p-swi-bel40,sw33p1,SU12 slot 65,mlx5_1,G1-G3
leaf-gpu,sys1-ice2-p-swi-bel40,sw33p2,SU12 slot 66,mlx5_1,G1-G3
leaf-gpu,sys1-ice2-p-swi-bel40,sw34p1,SU12 slot 67,mlx5_1,G1-G3
leaf-gpu,sys1-ice2-p-swi-bel40,sw34p2,SU12 slot 68,mlx5_1,G1-G3
leaf-gpu,sys1-ice2-p-swi-bel40,sw35p1,SU12 slot 69,mlx5_1,G1-G3
leaf-gpu,sys1-ice2-p-swi-bel40,sw35p2,SU12 slot 70,mlx5_1,G1-G3
leaf-gpu,sys1-ice2-p-swi-bel40,sw36p1,SU12 slot 71,mlx5_1,G1-G3
leaf-gpu,sys1-ice2-p-swi-bel40,sw36p2,SU12 slot 72,mlx5_1,G1-G3
leaf-gpu,sys1-ice2-p-swi-bel41,sw1p1,SU9 slot 1,mlx5_2,G1-G3
leaf-gpu,sys1-ice2-p-swi-bel41,sw1p2,SU9 slot 2,mlx5_2,G1-G3
leaf-gpu,sys1-ice2-p-swi-bel41,sw2p1,SU9 slot 3,mlx5_2,G1-G3
leaf-gpu,sys1-ice2-p-swi-bel41,sw2p2,SU9 slot 4,mlx5_2,G1-G3
leaf-gpu,sys1-ice2-p-swi-bel41,sw3p1,SU9 slot 5,mlx5_2,G1-G3
leaf-gpu,sys1-ice2-p-swi-bel41,sw3p2,SU9 slot 6,mlx5_2,G1-G3
leaf-gpu,sys1-ice2-p-swi-bel41,sw4p1,SU9 slot 7,mlx5_2,G1-G3
leaf-gpu,sys1-ice2-p-swi-bel41,sw4p2,SU9 slot 8,mlx5_2,G1-G3
leaf-gpu,sys1-ice2-p-swi-bel41,sw5p1,SU9 slot 9,mlx5_2,G1-G3
leaf-gpu,sys1-ice2-p-swi-bel41,sw5p2,SU9 slot 10,mlx5_2,G1-G3
leaf-gpu,sys1-ice2-p-swi-bel41,sw6p1,SU9 slot 11,mlx5_2,G1-G3
leaf-gpu,sys1-ice2-p-swi-bel41,sw6p2,SU9 slot 12,mlx5_2,G1-G3
leaf-gpu,sys1-ice2-p-swi-bel41,sw7p1,SU9 slot 13,mlx5_2,G1-G3
leaf-gpu,sys1-ice2-p-swi-bel41,sw7p2,SU9 slot 14,mlx5_2,G1-G3
leaf-gpu,sys1-ice2-p-swi-bel41,sw8p1,SU9 slot 15,mlx5_2,G1-G3
leaf-gpu,sys1-ice2-p-swi-bel41,sw8p2,SU9 slot 16,mlx5_2,G1-G3
leaf-gpu,sys1-ice2-p-swi-bel41,sw9p1,SU9 slot 17,mlx5_2,G1-G3
leaf-gpu,sys1-ice2-p-swi-bel41,sw9p2,SU9 slot 18,mlx5_2,G1-G3
leaf-gpu,sys1-ice2-p-swi-bel41,sw10p1,SU9 slot 19,mlx5_2,G1-G3
leaf-gpu,sys1-ice2-p-swi-bel41,sw10p2,SU9 slot 20,mlx5_2,G1-G3
leaf-gpu,sys1-ice2-p-swi-bel41,sw11p1,SU9 slot 21,mlx5_2,G1-G3
leaf-gpu,sys1-ice2-p-swi-bel41,sw11p2,SU9 slot 22,mlx5_2,G1-G3
leaf-gpu,sys1-ice2-p-swi-bel41,sw12p1,SU9 slot 23,mlx5_2,G1-G3
leaf-gpu,sys1-ice2-p-swi-bel41,sw12p2,SU9 slot 24,mlx5_2,G1-G3
leaf-gpu,sys1-ice2-p-swi-bel41,sw13p1,SU9 slot 25,mlx5_2,G1-G3
leaf-gpu,sys1-ice2-p-swi-bel41,sw13p2,SU9 slot 26,mlx5_2,G1-G3
leaf-gpu,sys1-ice2-p-swi-bel41,sw14p1,SU9 slot 27,mlx5_2,G1-G3
leaf-gpu,sys1-ice2-p-swi-bel41,sw14p2,SU9 slot 28,mlx5_2,G1-G3
leaf-gpu,sys1-ice2-p-swi-bel41,sw15p1,SU9 slot 29,mlx5_2,G1-G3
leaf-gpu,sys1-ice2-p-swi-bel41,sw15p2,SU9 slot 30,mlx5_2,G1-G3
leaf-gpu,sys1-ice2-p-swi-bel41,sw16p1,SU9 slot 31,mlx5_2,G1-G3
leaf-gpu,sys1-ice2-p-swi-bel41,sw16p2,SU9 slot 32,mlx5_2,G1-G3
leaf-gpu,sys1-ice2-p-swi-bel41,sw17p1,SU9 slot 33,mlx5_2,G1-G3
leaf-gpu,sys1-ice2-p-swi-bel41,sw17p2,SU9 slot 34,mlx5_2,G1-G3
leaf-gpu,sys1-ice2-p-swi-bel41,sw18p1,SU9 slot 35,mlx5_2,G1-G3
leaf-gpu,sys1-ice2-p-swi-bel41,sw18p2,SU9 slot 36,mlx5_2,G1-G3
leaf-gpu,sys1-ice2-p-swi-bel41,sw19p1,SU9 slot 37,mlx5_2,G1-G3
leaf-gpu,sys1-ice2-p-swi-bel41,sw19p2,SU9 slot 38,mlx5_2,G1-G3
leaf-gpu,sys1-ice2-p-swi-bel41,sw20p1,SU9 slot 39,mlx5_2,G1-G3
leaf-gpu,sys1-ice2-p-swi-bel41,sw20p2,SU9 slot 40,mlx5_2,G1-G3
leaf-gpu,sys1-ice2-p-swi-bel41,sw21p1,SU9 slot 41,mlx5_2,G1-G3
leaf-gpu,sys1-ice2-p-swi-bel41,sw21p2,SU9 slot 42,mlx5_2,G1-G3
leaf-gpu,sys1-ice2-p-swi-bel41,sw22p1,SU9 slot 43,mlx5_2,G1-G3
leaf-gpu,sys1-ice2-p-swi-bel41,sw22p2,SU9 slot 44,mlx5_2,G1-G3
leaf-gpu,sys1-ice2-p-swi-bel41,sw23p1,SU9 slot 45,mlx5_2,G1-G3
leaf-gpu,sys1-ice2-p-swi-bel41,sw23p2,SU9 slot 46,mlx5_2,G1-G3
leaf-gpu,sys1-ice2-p-swi-bel41,sw24p1,SU9 slot 47,mlx5_2,G1-G3
leaf-gpu,sys1-ice2-p-swi-bel41,sw24p2,SU9 slot 48,mlx5_2,G1-G3
leaf-gpu,sys1-ice2-p-swi-bel41,sw25p1,SU9 slot 49,mlx5_2,G1-G3
leaf-gpu,sys1-ice2-p-swi-bel41,sw25p2,SU9 slot 50,mlx5_2,G1-G3
leaf-gpu,sys1-ice2-p-swi-bel41,sw26p1,SU9 slot 51,mlx5_2,G1-G3
leaf-gpu,sys1-ice2-p-swi-bel41,sw26p2,SU9 slot 52,mlx5_2,G1-G3
leaf-gpu,sys1-ice2-p-swi-bel41,sw27p1,SU9 slot 53,mlx5_2,G1-G3
leaf-gpu,sys1-ice2-p-swi-bel41,sw27p2,SU9 slot 54,mlx5_2,G1-G3
leaf-gpu,sys1-ice2-p-swi-bel41,sw28p1,SU9 slot 55,mlx5_2,G1-G3
leaf-gpu,sys1-ice2-p-swi-bel41,sw28p2,SU9 slot 56,mlx5_2,G1-G3
leaf-gpu,sys1-ice2-p-swi-bel41,sw29p1,SU9 slot 57,mlx5_2,G1-G3
leaf-gpu,sys1-ice2-p-swi-bel41,sw29p2,SU9 slot 58,mlx5_2,G1-G3
leaf-gpu,sys1-ice2-p-swi-bel41,sw30p1,SU9 slot 59,mlx5_2,G1-G3
leaf-gpu,sys1-ice2-p-swi-bel41,sw30p2,SU9 slot 60,mlx5_2,G1-G3
leaf-gpu,sys1-ice2-p-swi-bel41,sw31p1,SU9 slot 61,mlx5_2,G1-G3
leaf-gpu,sys1-ice2-p-swi-bel41,sw31p2,SU9 slot 62,mlx5_2,G1-G3
leaf-gpu,sys1-ice2-p-swi-bel41,sw32p1,SU9 slot 63,mlx5_2,G1-G3
leaf-gpu,sys1-ice2-p-swi-bel41,sw32p2,SU9 slot 64,mlx5_2,G1-G3
leaf-gpu,sys1-ice2-p-swi-bel41,sw33p1,SU9 slot 65,mlx5_2,G1-G3
leaf-gpu,sys1-ice2-p-swi-bel41,sw33p2,SU9 slot 66,mlx5_2,G1-G3
leaf-gpu,sys1-ice2-p-swi-bel41,sw34p1,SU9 slot 67,mlx5_2,G1-G3
leaf-gpu,sys1-ice2-p-swi-bel41,sw34p2,SU9 slot 68,mlx5_2,G1-G3
leaf-gpu,sys1-ice2-p-swi-bel41,sw35p1,SU9 slot 69,mlx5_2,G1-G3
leaf-gpu,sys1-ice2-p-swi-bel41,sw35p2,SU9 slot 70,mlx5_2,G1-G3
leaf-gpu,sys1-ice2-p-swi-bel41,sw36p1,SU9 slot 71,mlx5_2,G1-G3
leaf-gpu,sys1-ice2-p-swi-bel41,sw36p2,SU9 slot 72,mlx5_2,G1-G3
leaf-gpu,sys1-ice2-p-swi-bel42,sw1p1,SU10 slot 1,mlx5_2,G1-G3
leaf-gpu,sys1-ice2-p-swi-bel42,sw1p2,SU10 slot 2,mlx5_2,G1-G3
leaf-gpu,sys1-ice2-p-swi-bel42,sw2p1,SU10 slot 3,mlx5_2,G1-G3
leaf-gpu,sys1-ice2-p-swi-bel42,sw2p2,SU10 slot 4,mlx5_2,G1-G3
leaf-gpu,sys1-ice2-p-swi-bel42,sw3p1,SU10 slot 5,mlx5_2,G1-G3
leaf-gpu,sys1-ice2-p-swi-bel42,sw3p2,SU10 slot 6,mlx5_2,G1-G3
leaf-gpu,sys1-ice2-p-swi-bel42,sw4p1,SU10 slot 7,mlx5_2,G1-G3
leaf-gpu,sys1-ice2-p-swi-bel42,sw4p2,SU10 slot 8,mlx5_2,G1-G3
leaf-gpu,sys1-ice2-p-swi-bel42,sw5p1,SU10 slot 9,mlx5_2,G1-G3
leaf-gpu,sys1-ice2-p-swi-bel42,sw5p2,SU10 slot 10,mlx5_2,G1-G3
leaf-gpu,sys1-ice2-p-swi-bel42,sw6p1,SU10 slot 11,mlx5_2,G1-G3
leaf-gpu,sys1-ice2-p-swi-bel42,sw6p2,SU10 slot 12,mlx5_2,G1-G3
leaf-gpu,sys1-ice2-p-swi-bel42,sw7p1,SU10 slot 13,mlx5_2,G1-G3
leaf-gpu,sys1-ice2-p-swi-bel42,sw7p2,SU10 slot 14,mlx5_2,G1-G3
leaf-gpu,sys1-ice2-p-swi-bel42,sw8p1,SU10 slot 15,mlx5_2,G1-G3
leaf-gpu,sys1-ice2-p-swi-bel42,sw8p2,SU10 slot 16,mlx5_2,G1-G3
leaf-gpu,sys1-ice2-p-swi-bel42,sw9p1,SU10 slot 17,mlx5_2,G1-G3
leaf-gpu,sys1-ice2-p-swi-bel42,sw9p2,SU10 slot 18,mlx5_2,G1-G3
leaf-gpu,sys1-ice2-p-swi-bel42,sw10p1,SU10 slot 19,mlx5_2,G1-G3
leaf-gpu,sys1-ice2-p-swi-bel42,sw10p2,SU10 slot 20,mlx5_2,G1-G3
leaf-gpu,sys1-ice2-p-swi-bel42,sw11p1,SU10 slot 21,mlx5_2,G1-G3
leaf-gpu,sys1-ice2-p-swi-bel42,sw11p2,SU10 slot 22,mlx5_2,G1-G3
leaf-gpu,sys1-ice2-p-swi-bel42,sw12p1,SU10 slot 23,mlx5_2,G1-G3
leaf-gpu,sys1-ice2-p-swi-bel42,sw12p2,SU10 slot 24,mlx5_2,G1-G3
leaf-gpu,sys1-ice2-p-swi-bel42,sw13p1,SU10 slot 25,mlx5_2,G1-G3
leaf-gpu,sys1-ice2-p-swi-bel42,sw13p2,SU10 slot 26,mlx5_2,G1-G3
leaf-gpu,sys1-ice2-p-swi-bel42,sw14p1,SU10 slot 27,mlx5_2,G1-G3
leaf-gpu,sys1-ice2-p-swi-bel42,sw14p2,SU10 slot 28,mlx5_2,G1-G3
leaf-gpu,sys1-ice2-p-swi-bel42,sw15p1,SU10 slot 29,mlx5_2,G1-G3
leaf-gpu,sys1-ice2-p-swi-bel42,sw15p2,SU10 slot 30,mlx5_2,G1-G3
leaf-gpu,sys1-ice2-p-swi-bel42,sw16p1,SU10 slot 31,mlx5_2,G1-G3
leaf-gpu,sys1-ice2-p-swi-bel42,sw16p2,SU10 slot 32,mlx5_2,G1-G3
leaf-gpu,sys1-ice2-p-swi-bel42,sw17p1,SU10 slot 33,mlx5_2,G1-G3
leaf-gpu,sys1-ice2-p-swi-bel42,sw17p2,SU10 slot 34,mlx5_2,G1-G3
leaf-gpu,sys1-ice2-p-swi-bel42,sw18p1,SU10 slot 35,mlx5_2,G1-G3
leaf-gpu,sys1-ice2-p-swi-bel42,sw18p2,SU10 slot 36,mlx5_2,G1-G3
leaf-gpu,sys1-ice2-p-swi-bel42,sw19p1,SU10 slot 37,mlx5_2,G1-G3
leaf-gpu,sys1-ice2-p-swi-bel42,sw19p2,SU10 slot 38,mlx5_2,G1-G3
leaf-gpu,sys1-ice2-p-swi-bel42,sw20p1,SU10 slot 39,mlx5_2,G1-G3
leaf-gpu,sys1-ice2-p-swi-bel42,sw20p2,SU10 slot 40,mlx5_2,G1-G3
leaf-gpu,sys1-ice2-p-swi-bel42,sw21p1,SU10 slot 41,mlx5_2,G1-G3
leaf-gpu,sys1-ice2-p-swi-bel42,sw21p2,SU10 slot 42,mlx5_2,G1-G3
leaf-gpu,sys1-ice2-p-swi-bel42,sw22p1,SU10 slot 43,mlx5_2,G1-G3
leaf-gpu,sys1-ice2-p-swi-bel42,sw22p2,SU10 slot 44,mlx5_2,G1-G3
leaf-gpu,sys1-ice2-p-swi-bel42,sw23p1,SU10 slot 45,mlx5_2,G1-G3
leaf-gpu,sys1-ice2-p-swi-bel42,sw23p2,SU10 slot 46,mlx5_2,G1-G3
leaf-gpu,sys1-ice2-p-swi-bel42,sw24p1,SU10 slot 47,mlx5_2,G1-G3
leaf-gpu,sys1-ice2-p-swi-bel42,sw24p2,SU10 slot 48,mlx5_2,G1-G3
leaf-gpu,sys1-ice2-p-swi-bel42,sw25p1,SU10 slot 49,mlx5_2,G1-G3
leaf-gpu,sys1-ice2-p-swi-bel42,sw25p2,SU10 slot 50,mlx5_2,G1-G3
leaf-gpu,sys1-ice2-p-swi-bel42,sw26p1,SU10 slot 51,mlx5_2,G1-G3
leaf-gpu,sys1-ice2-p-swi-bel42,sw26p2,SU10 slot 52,mlx5_2,G1-G3
leaf-gpu,sys1-ice2-p-swi-bel42,sw27p1,SU10 slot 53,mlx5_2,G1-G3
leaf-gpu,sys1-ice2-p-swi-bel42,sw27p2,SU10 slot 54,mlx5_2,G1-G3
leaf-gpu,sys1-ice2-p-swi-bel42,sw28p1,SU10 slot 55,mlx5_2,G1-G3
leaf-gpu,sys1-ice2-p-swi-bel42,sw28p2,SU10 slot 56,mlx5_2,G1-G3
leaf-gpu,sys1-ice2-p-swi-bel42,sw29p1,SU10 slot 57,mlx5_2,G1-G3
leaf-gpu,sys1-ice2-p-swi-bel42,sw29p2,SU10 slot 58,mlx5_2,G1-G3
leaf-gpu,sys1-ice2-p-swi-bel42,sw30p1,SU10 slot 59,mlx5_2,G1-G3
leaf-gpu,sys1-ice2-p-swi-bel42,sw30p2,SU10 slot 60,mlx5_2,G1-G3
leaf-gpu,sys1-ice2-p-swi-bel42,sw31p1,SU10 slot 61,mlx5_2,G1-G3
leaf-gpu,sys1-ice2-p-swi-bel42,sw31p2,SU10 slot 62,mlx5_2,G1-G3
leaf-gpu,sys1-ice2-p-swi-bel42,sw32p1,SU10 slot 63,mlx5_2,G1-G3
leaf-gpu,sys1-ice2-p-swi-bel42,sw32p2,SU10 slot 64,mlx5_2,G1-G3
leaf-gpu,sys1-ice2-p-swi-bel42,sw33p1,SU10 slot 65,mlx5_2,G1-G3
leaf-gpu,sys1-ice2-p-swi-bel42,sw33p2,SU10 slot 66,mlx5_2,G1-G3
leaf-gpu,sys1-ice2-p-swi-bel42,sw34p1,SU10 slot 67,mlx5_2,G1-G3
leaf-gpu,sys1-ice2-p-swi-bel42,sw34p2,SU10 slot 68,mlx5_2,G1-G3
leaf-gpu,sys1-ice2-p-swi-bel42,sw35p1,SU10 slot 69,mlx5_2,G1-G3
leaf-gpu,sys1-ice2-p-swi-bel42,sw35p2,SU10 slot 70,mlx5_2,G1-G3
leaf-gpu,sys1-ice2-p-swi-bel42,sw36p1,SU10 slot 71,mlx5_2,G1-G3
leaf-gpu,sys1-ice2-p-swi-bel42,sw36p2,SU10 slot 72,mlx5_2,G1-G3
leaf-gpu,sys1-ice2-p-swi-bel43,sw1p1,SU11 slot 1,mlx5_2,G1-G3
leaf-gpu,sys1-ice2-p-swi-bel43,sw1p2,SU11 slot 2,mlx5_2,G1-G3
leaf-gpu,sys1-ice2-p-swi-bel43,sw2p1,SU11 slot 3,mlx5_2,G1-G3
leaf-gpu,sys1-ice2-p-swi-bel43,sw2p2,SU11 slot 4,mlx5_2,G1-G3
leaf-gpu,sys1-ice2-p-swi-bel43,sw3p1,SU11 slot 5,mlx5_2,G1-G3
leaf-gpu,sys1-ice2-p-swi-bel43,sw3p2,SU11 slot 6,mlx5_2,G1-G3
leaf-gpu,sys1-ice2-p-swi-bel43,sw4p1,SU11 slot 7,mlx5_2,G1-G3
leaf-gpu,sys1-ice2-p-swi-bel43,sw4p2,SU11 slot 8,mlx5_2,G1-G3
leaf-gpu,sys1-ice2-p-swi-bel43,sw5p1,SU11 slot 9,mlx5_2,G1-G3
leaf-gpu,sys1-ice2-p-swi-bel43,sw5p2,SU11 slot 10,mlx5_2,G1-G3
leaf-gpu,sys1-ice2-p-swi-bel43,sw6p1,SU11 slot 11,mlx5_2,G1-G3
leaf-gpu,sys1-ice2-p-swi-bel43,sw6p2,SU11 slot 12,mlx5_2,G1-G3
leaf-gpu,sys1-ice2-p-swi-bel43,sw7p1,SU11 slot 13,mlx5_2,G1-G3
leaf-gpu,sys1-ice2-p-swi-bel43,sw7p2,SU11 slot 14,mlx5_2,G1-G3
leaf-gpu,sys1-ice2-p-swi-bel43,sw8p1,SU11 slot 15,mlx5_2,G1-G3
leaf-gpu,sys1-ice2-p-swi-bel43,sw8p2,SU11 slot 16,mlx5_2,G1-G3
leaf-gpu,sys1-ice2-p-swi-bel43,sw9p1,SU11 slot 17,mlx5_2,G1-G3
leaf-gpu,sys1-ice2-p-swi-bel43,sw9p2,SU11 slot 18,mlx5_2,G1-G3
leaf-gpu,sys1-ice2-p-swi-bel43,sw10p1,SU11 slot 19,mlx5_2,G1-G3
leaf-gpu,sys1-ice2-p-swi-bel43,sw10p2,SU11 slot 20,mlx5_2,G1-G3
leaf-gpu,sys1-ice2-p-swi-bel43,sw11p1,SU11 slot 21,mlx5_2,G1-G3
leaf-gpu,sys1-ice2-p-swi-bel43,sw11p2,SU11 slot 22,mlx5_2,G1-G3
leaf-gpu,sys1-ice2-p-swi-bel43,sw12p1,SU11 slot 23,mlx5_2,G1-G3
leaf-gpu,sys1-ice2-p-swi-bel43,sw12p2,SU11 slot 24,mlx5_2,G1-G3
leaf-gpu,sys1-ice2-p-swi-bel43,sw13p1,SU11 slot 25,mlx5_2,G1-G3
leaf-gpu,sys1-ice2-p-swi-bel43,sw13p2,SU11 slot 26,mlx5_2,G1-G3
leaf-gpu,sys1-ice2-p-swi-bel43,sw14p1,SU11 slot 27,mlx5_2,G1-G3
leaf-gpu,sys1-ice2-p-swi-bel43,sw14p2,SU11 slot 28,mlx5_2,G1-G3
leaf-gpu,sys1-ice2-p-swi-bel43,sw15p1,SU11 slot 29,mlx5_2,G1-G3
leaf-gpu,sys1-ice2-p-swi-bel43,sw15p2,SU11 slot 30,mlx5_2,G1-G3
leaf-gpu,sys1-ice2-p-swi-bel43,sw16p1,SU11 slot 31,mlx5_2,G1-G3
leaf-gpu,sys1-ice2-p-swi-bel43,sw16p2,SU11 slot 32,mlx5_2,G1-G3
leaf-gpu,sys1-ice2-p-swi-bel43,sw17p1,SU11 slot 33,mlx5_2,G1-G3
leaf-gpu,sys1-ice2-p-swi-bel43,sw17p2,SU11 slot 34,mlx5_2,G1-G3
leaf-gpu,sys1-ice2-p-swi-bel43,sw18p1,SU11 slot 35,mlx5_2,G1-G3
leaf-gpu,sys1-ice2-p-swi-bel43,sw18p2,SU11 slot 36,mlx5_2,G1-G3
leaf-gpu,sys1-ice2-p-swi-bel43,sw19p1,SU11 slot 37,mlx5_2,G1-G3
leaf-gpu,sys1-ice2-p-swi-bel43,sw19p2,SU11 slot 38,mlx5_2,G1-G3
leaf-gpu,sys1-ice2-p-swi-bel43,sw20p1,SU11 slot 39,mlx5_2,G1-G3
leaf-gpu,sys1-ice2-p-swi-bel43,sw20p2,SU11 slot 40,mlx5_2,G1-G3
leaf-gpu,sys1-ice2-p-swi-bel43,sw21p1,SU11 slot 41,mlx5_2,G1-G3
leaf-gpu,sys1-ice2-p-swi-bel43,sw21p2,SU11 slot 42,mlx5_2,G1-G3
leaf-gpu,sys1-ice2-p-swi-bel43,sw22p1,SU11 slot 43,mlx5_2,G1-G3
leaf-gpu,sys1-ice2-p-swi-bel43,sw22p2,SU11 slot 44,mlx5_2,G1-G3
leaf-gpu,sys1-ice2-p-swi-bel43,sw23p1,SU11 slot 45,mlx5_2,G1-G3
leaf-gpu,sys1-ice2-p-swi-bel43,sw23p2,SU11 slot 46,mlx5_2,G1-G3
leaf-gpu,sys1-ice2-p-swi-bel43,sw24p1,SU11 slot 47,mlx5_2,G1-G3
leaf-gpu,sys1-ice2-p-swi-bel43,sw24p2,SU11 slot 48,mlx5_2,G1-G3
leaf-gpu,sys1-ice2-p-swi-bel43,sw25p1,SU11 slot 49,mlx5_2,G1-G3
leaf-gpu,sys1-ice2-p-swi-bel43,sw25p2,SU11 slot 50,mlx5_2,G1-G3
leaf-gpu,sys1-ice2-p-swi-bel43,sw26p1,SU11 slot 51,mlx5_2,G1-G3
leaf-gpu,sys1-ice2-p-swi-bel43,sw26p2,SU11 slot 52,mlx5_2,G1-G3
leaf-gpu,sys1-ice2-p-swi-bel43,sw27p1,SU11 slot 53,mlx5_2,G1-G3
leaf-gpu,sys1-ice2-p-swi-bel43,sw27p2,SU11 slot 54,mlx5_2,G1-G3
leaf-gpu,sys1-ice2-p-swi-bel43,sw28p1,SU11 slot 55,mlx5_2,G1-G3
leaf-gpu,sys1-ice2-p-swi-bel43,sw28p2,SU11 slot 56,mlx5_2,G1-G3
leaf-gpu,sys1-ice2-p-swi-bel43,sw29p1,SU11 slot 57,mlx5_2,G1-G3
leaf-gpu,sys1-ice2-p-swi-bel43,sw29p2,SU11 slot 58,mlx5_2,G1-G3
leaf-gpu,sys1-ice2-p-swi-bel43,sw30p1,SU11 slot 59,mlx5_2,G1-G3
leaf-gpu,sys1-ice2-p-swi-bel43,sw30p2,SU11 slot 60,mlx5_2,G1-G3
leaf-gpu,sys1-ice2-p-swi-bel43,sw31p1,SU11 slot 61,mlx5_2,G1-G3
leaf-gpu,sys1-ice2-p-swi-bel43,sw31p2,SU11 slot 62,mlx5_2,G1-G3
leaf-gpu,sys1-ice2-p-swi-bel43,sw32p1,SU11 slot 63,mlx5_2,G1-G3
leaf-gpu,sys1-ice2-p-swi-bel43,sw32p2,SU11 slot 64,mlx5_2,G1-G3
leaf-gpu,sys1-ice2-p-swi-bel43,sw33p1,SU11 slot 65,mlx5_2,G1-G3
leaf-gpu,sys1-ice2-p-swi-bel43,sw33p2,SU11 slot 66,mlx5_2,G1-G3
leaf-gpu,sys1-ice2-p-swi-bel43,sw34p1,SU11 slot 67,mlx5_2,G1-G3
leaf-gpu,sys1-ice2-p-swi-bel43,sw34p2,SU11 slot 68,mlx5_2,G1-G3
leaf-gpu,sys1-ice2-p-swi-bel43,sw35p1,SU11 slot 69,mlx5_2,G1-G3
leaf-gpu,sys1-ice2-p-swi-bel43,sw35p2,SU11 slot 70,mlx5_2,G1-G3
leaf-gpu,sys1-ice2-p-swi-bel43,sw36p1,SU11 slot 71,mlx5_2,G1-G3
leaf-gpu,sys1-ice2-p-swi-bel43,sw36p2,SU11 slot 72,mlx5_2,G1-G3
leaf-gpu,sys1-ice2-p-swi-bel44,sw1p1,SU12 slot 1,mlx5_2,G1-G3
leaf-gpu,sys1-ice2-p-swi-bel44,sw1p2,SU12 slot 2,mlx5_2,G1-G3
leaf-gpu,sys1-ice2-p-swi-bel44,sw2p1,SU12 slot 3,mlx5_2,G1-G3
leaf-gpu,sys1-ice2-p-swi-bel44,sw2p2,SU12 slot 4,mlx5_2,G1-G3
leaf-gpu,sys1-ice2-p-swi-bel44,sw3p1,SU12 slot 5,mlx5_2,G1-G3
leaf-gpu,sys1-ice2-p-swi-bel44,sw3p2,SU12 slot 6,mlx5_2,G1-G3
leaf-gpu,sys1-ice2-p-swi-bel44,sw4p1,SU12 slot 7,mlx5_2,G1-G3
leaf-gpu,sys1-ice2-p-swi-bel44,sw4p2,SU12 slot 8,mlx5_2,G1-G3
leaf-gpu,sys1-ice2-p-swi-bel44,sw5p1,SU12 slot 9,mlx5_2,G1-G3
leaf-gpu,sys1-ice2-p-swi-bel44,sw5p2,SU12 slot 10,mlx5_2,G1-G3
leaf-gpu,sys1-ice2-p-swi-bel44,sw6p1,SU12 slot 11,mlx5_2,G1-G3
leaf-gpu,sys1-ice2-p-swi-bel44,sw6p2,SU12 slot 12,mlx5_2,G1-G3
leaf-gpu,sys1-ice2-p-swi-bel44,sw7p1,SU12 slot 13,mlx5_2,G1-G3
leaf-gpu,sys1-ice2-p-swi-bel44,sw7p2,SU12 slot 14,mlx5_2,G1-G3
leaf-gpu,sys1-ice2-p-swi-bel44,sw8p1,SU12 slot 15,mlx5_2,G1-G3
leaf-gpu,sys1-ice2-p-swi-bel44,sw8p2,SU12 slot 16,mlx5_2,G1-G3
leaf-gpu,sys1-ice2-p-swi-bel44,sw9p1,SU12 slot 17,mlx5_2,G1-G3
leaf-gpu,sys1-ice2-p-swi-bel44,sw9p2,SU12 slot 18,mlx5_2,G1-G3
leaf-gpu,sys1-ice2-p-swi-bel44,sw10p1,SU12 slot 19,mlx5_2,G1-G3
leaf-gpu,sys1-ice2-p-swi-bel44,sw10p2,SU12 slot 20,mlx5_2,G1-G3
leaf-gpu,sys1-ice2-p-swi-bel44,sw11p1,SU12 slot 21,mlx5_2,G1-G3
leaf-gpu,sys1-ice2-p-swi-bel44,sw11p2,SU12 slot 22,mlx5_2,G1-G3
leaf-gpu,sys1-ice2-p-swi-bel44,sw12p1,SU12 slot 23,mlx5_2,G1-G3
leaf-gpu,sys1-ice2-p-swi-bel44,sw12p2,SU12 slot 24,mlx5_2,G1-G3
leaf-gpu,sys1-ice2-p-swi-bel44,sw13p1,SU12 slot 25,mlx5_2,G1-G3
leaf-gpu,sys1-ice2-p-swi-bel44,sw13p2,SU12 slot 26,mlx5_2,G1-G3
leaf-gpu,sys1-ice2-p-swi-bel44,sw14p1,SU12 slot 27,mlx5_2,G1-G3
leaf-gpu,sys1-ice2-p-swi-bel44,sw14p2,SU12 slot 28,mlx5_2,G1-G3
leaf-gpu,sys1-ice2-p-swi-bel44,sw15p1,SU12 slot 29,mlx5_2,G1-G3
leaf-gpu,sys1-ice2-p-swi-bel44,sw15p2,SU12 slot 30,mlx5_2,G1-G3
leaf-gpu,sys1-ice2-p-swi-bel44,sw16p1,SU12 slot 31,mlx5_2,G1-G3
leaf-gpu,sys1-ice2-p-swi-bel44,sw16p2,SU12 slot 32,mlx5_2,G1-G3
leaf-gpu,sys1-ice2-p-swi-bel44,sw17p1,SU12 slot 33,mlx5_2,G1-G3
leaf-gpu,sys1-ice2-p-swi-bel44,sw17p2,SU12 slot 34,mlx5_2,G1-G3
leaf-gpu,sys1-ice2-p-swi-bel44,sw18p1,SU12 slot 35,mlx5_2,G1-G3
leaf-gpu,sys1-ice2-p-swi-bel44,sw18p2,SU12 slot 36,mlx5_2,G1-G3
leaf-gpu,sys1-ice2-p-swi-bel44,sw19p1,SU12 slot 37,mlx5_2,G1-G3
leaf-gpu,sys1-ice2-p-swi-bel44,sw19p2,SU12 slot 38,mlx5_2,G1-G3
leaf-gpu,sys1-ice2-p-swi-bel44,sw20p1,SU12 slot 39,mlx5_2,G1-G3
leaf-gpu,sys1-ice2-p-swi-bel44,sw20p2,SU12 slot 40,mlx5_2,G1-G3
leaf-gpu,sys1-ice2-p-swi-bel44,sw21p1,SU12 slot 41,mlx5_2,G1-G3
leaf-gpu,sys1-ice2-p-swi-bel44,sw21p2,SU12 slot 42,mlx5_2,G1-G3
leaf-gpu,sys1-ice2-p-swi-bel44,sw22p1,SU12 slot 43,mlx5_2,G1-G3
leaf-gpu,sys1-ice2-p-swi-bel44,sw22p2,SU12 slot 44,mlx5_2,G1-G3
leaf-gpu,sys1-ice2-p-swi-bel44,sw23p1,SU12 slot 45,mlx5_2,G1-G3
leaf-gpu,sys1-ice2-p-swi-bel44,sw23p2,SU12 slot 46,mlx5_2,G1-G3
leaf-gpu,sys1-ice2-p-swi-bel44,sw24p1,SU12 slot 47,mlx5_2,G1-G3
leaf-gpu,sys1-ice2-p-swi-bel44,sw24p2,SU12 slot 48,mlx5_2,G1-G3
leaf-gpu,sys1-ice2-p-swi-bel44,sw25p1,SU12 slot 49,mlx5_2,G1-G3
leaf-gpu,sys1-ice2-p-swi-bel44,sw25p2,SU12 slot 50,mlx5_2,G1-G3
leaf-gpu,sys1-ice2-p-swi-bel44,sw26p1,SU12 slot 51,mlx5_2,G1-G3
leaf-gpu,sys1-ice2-p-swi-bel44,sw26p2,SU12 slot 52,mlx5_2,G1-G3
leaf-gpu,sys1-ice2-p-swi-bel44,sw27p1,SU12 slot 53,mlx5_2,G1-G3
leaf-gpu,sys1-ice2-p-swi-bel44,sw27p2,SU12 slot 54,mlx5_2,G1-G3
leaf-gpu,sys1-ice2-p-swi-bel44,sw28p1,SU12 slot 55,mlx5_2,G1-G3
leaf-gpu,sys1-ice2-p-swi-bel44,sw28p2,SU12 slot 56,mlx5_2,G1-G3
leaf-gpu,sys1-ice2-p-swi-bel44,sw29p1,SU12 slot 57,mlx5_2,G1-G3
leaf-gpu,sys1-ice2-p-swi-bel44,sw29p2,SU12 slot 58,mlx5_2,G1-G3
leaf-gpu,sys1-ice2-p-swi-bel44,sw30p1,SU12 slot 59,mlx5_2,G1-G3
leaf-gpu,sys1-ice2-p-swi-bel44,sw30p2,SU12 slot 60,mlx5_2,G1-G3
leaf-gpu,sys1-ice2-p-swi-bel44,sw31p1,SU12 slot 61,mlx5_2,G1-G3
leaf-gpu,sys1-ice2-p-swi-bel44,sw31p2,SU12 slot 62,mlx5_2,G1-G3
leaf-gpu,sys1-ice2-p-swi-bel44,sw32p1,SU12 slot 63,mlx5_2,G1-G3
leaf-gpu,sys1-ice2-p-swi-bel44,sw32p2,SU12 slot 64,mlx5_2,G1-G3
leaf-gpu,sys1-ice2-p-swi-bel44,sw33p1,SU12 slot 65,mlx5_2,G1-G3
leaf-gpu,sys1-ice2-p-swi-bel44,sw33p2,SU12 slot 66,mlx5_2,G1-G3
leaf-gpu,sys1-ice2-p-swi-bel44,sw34p1,SU12 slot 67,mlx5_2,G1-G3
leaf-gpu,sys1-ice2-p-swi-bel44,sw34p2,SU12 slot 68,mlx5_2,G1-G3
leaf-gpu,sys1-ice2-p-swi-bel44,sw35p1,SU12 slot 69,mlx5_2,G1-G3
leaf-gpu,sys1-ice2-p-swi-bel44,sw35p2,SU12 slot 70,mlx5_2,G1-G3
leaf-gpu,sys1-ice2-p-swi-bel44,sw36p1,SU12 slot 71,mlx5_2,G1-G3
leaf-gpu,sys1-ice2-p-swi-bel44,sw36p2,SU12 slot 72,mlx5_2,G1-G3
leaf-gpu,sys1-ice2-p-swi-bel45,sw1p1,SU9 slot 1,mlx5_3,G1-G3
leaf-gpu,sys1-ice2-p-swi-bel45,sw1p2,SU9 slot 2,mlx5_3,G1-G3
leaf-gpu,sys1-ice2-p-swi-bel45,sw2p1,SU9 slot 3,mlx5_3,G1-G3
leaf-gpu,sys1-ice2-p-swi-bel45,sw2p2,SU9 slot 4,mlx5_3,G1-G3
leaf-gpu,sys1-ice2-p-swi-bel45,sw3p1,SU9 slot 5,mlx5_3,G1-G3
leaf-gpu,sys1-ice2-p-swi-bel45,sw3p2,SU9 slot 6,mlx5_3,G1-G3
leaf-gpu,sys1-ice2-p-swi-bel45,sw4p1,SU9 slot 7,mlx5_3,G1-G3
leaf-gpu,sys1-ice2-p-swi-bel45,sw4p2,SU9 slot 8,mlx5_3,G1-G3
leaf-gpu,sys1-ice2-p-swi-bel45,sw5p1,SU9 slot 9,mlx5_3,G1-G3
leaf-gpu,sys1-ice2-p-swi-bel45,sw5p2,SU9 slot 10,mlx5_3,G1-G3
leaf-gpu,sys1-ice2-p-swi-bel45,sw6p1,SU9 slot 11,mlx5_3,G1-G3
leaf-gpu,sys1-ice2-p-swi-bel45,sw6p2,SU9 slot 12,mlx5_3,G1-G3
leaf-gpu,sys1-ice2-p-swi-bel45,sw7p1,SU9 slot 13,mlx5_3,G1-G3
leaf-gpu,sys1-ice2-p-swi-bel45,sw7p2,SU9 slot 14,mlx5_3,G1-G3
leaf-gpu,sys1-ice2-p-swi-bel45,sw8p1,SU9 slot 15,mlx5_3,G1-G3
leaf-gpu,sys1-ice2-p-swi-bel45,sw8p2,SU9 slot 16,mlx5_3,G1-G3
leaf-gpu,sys1-ice2-p-swi-bel45,sw9p1,SU9 slot 17,mlx5_3,G1-G3
leaf-gpu,sys1-ice2-p-swi-bel45,sw9p2,SU9 slot 18,mlx5_3,G1-G3
leaf-gpu,sys1-ice2-p-swi-bel45,sw10p1,SU9 slot 19,mlx5_3,G1-G3
leaf-gpu,sys1-ice2-p-swi-bel45,sw10p2,SU9 slot 20,mlx5_3,G1-G3
leaf-gpu,sys1-ice2-p-swi-bel45,sw11p1,SU9 slot 21,mlx5_3,G1-G3
leaf-gpu,sys1-ice2-p-swi-bel45,sw11p2,SU9 slot 22,mlx5_3,G1-G3
leaf-gpu,sys1-ice2-p-swi-bel45,sw12p1,SU9 slot 23,mlx5_3,G1-G3
leaf-gpu,sys1-ice2-p-swi-bel45,sw12p2,SU9 slot 24,mlx5_3,G1-G3
leaf-gpu,sys1-ice2-p-swi-bel45,sw13p1,SU9 slot 25,mlx5_3,G1-G3
leaf-gpu,sys1-ice2-p-swi-bel45,sw13p2,SU9 slot 26,mlx5_3,G1-G3
leaf-gpu,sys1-ice2-p-swi-bel45,sw14p1,SU9 slot 27,mlx5_3,G1-G3
leaf-gpu,sys1-ice2-p-swi-bel45,sw14p2,SU9 slot 28,mlx5_3,G1-G3
leaf-gpu,sys1-ice2-p-swi-bel45,sw15p1,SU9 slot 29,mlx5_3,G1-G3
leaf-gpu,sys1-ice2-p-swi-bel45,sw15p2,SU9 slot 30,mlx5_3,G1-G3
leaf-gpu,sys1-ice2-p-swi-bel45,sw16p1,SU9 slot 31,mlx5_3,G1-G3
leaf-gpu,sys1-ice2-p-swi-bel45,sw16p2,SU9 slot 32,mlx5_3,G1-G3
leaf-gpu,sys1-ice2-p-swi-bel45,sw17p1,SU9 slot 33,mlx5_3,G1-G3
leaf-gpu,sys1-ice2-p-swi-bel45,sw17p2,SU9 slot 34,mlx5_3,G1-G3
leaf-gpu,sys1-ice2-p-swi-bel45,sw18p1,SU9 slot 35,mlx5_3,G1-G3
leaf-gpu,sys1-ice2-p-swi-bel45,sw18p2,SU9 slot 36,mlx5_3,G1-G3
leaf-gpu,sys1-ice2-p-swi-bel45,sw19p1,SU9 slot 37,mlx5_3,G1-G3
leaf-gpu,sys1-ice2-p-swi-bel45,sw19p2,SU9 slot 38,mlx5_3,G1-G3
leaf-gpu,sys1-ice2-p-swi-bel45,sw20p1,SU9 slot 39,mlx5_3,G1-G3
leaf-gpu,sys1-ice2-p-swi-bel45,sw20p2,SU9 slot 40,mlx5_3,G1-G3
leaf-gpu,sys1-ice2-p-swi-bel45,sw21p1,SU9 slot 41,mlx5_3,G1-G3
leaf-gpu,sys1-ice2-p-swi-bel45,sw21p2,SU9 slot 42,mlx5_3,G1-G3
leaf-gpu,sys1-ice2-p-swi-bel45,sw22p1,SU9 slot 43,mlx5_3,G1-G3
leaf-gpu,sys1-ice2-p-swi-bel45,sw22p2,SU9 slot 44,mlx5_3,G1-G3
leaf-gpu,sys1-ice2-p-swi-bel45,sw23p1,SU9 slot 45,mlx5_3,G1-G3
leaf-gpu,sys1-ice2-p-swi-bel45,sw23p2,SU9 slot 46,mlx5_3,G1-G3
leaf-gpu,sys1-ice2-p-swi-bel45,sw24p1,SU9 slot 47,mlx5_3,G1-G3
leaf-gpu,sys1-ice2-p-swi-bel45,sw24p2,SU9 slot 48,mlx5_3,G1-G3
leaf-gpu,sys1-ice2-p-swi-bel45,sw25p1,SU9 slot 49,mlx5_3,G1-G3
leaf-gpu,sys1-ice2-p-swi-bel45,sw25p2,SU9 slot 50,mlx5_3,G1-G3
leaf-gpu,sys1-ice2-p-swi-bel45,sw26p1,SU9 slot 51,mlx5_3,G1-G3
leaf-gpu,sys1-ice2-p-swi-bel45,sw26p2,SU9 slot 52,mlx5_3,G1-G3
leaf-gpu,sys1-ice2-p-swi-bel45,sw27p1,SU9 slot 53,mlx5_3,G1-G3
leaf-gpu,sys1-ice2-p-swi-bel45,sw27p2,SU9 slot 54,mlx5_3,G1-G3
leaf-gpu,sys1-ice2-p-swi-bel45,sw28p1,SU9 slot 55,mlx5_3,G1-G3
leaf-gpu,sys1-ice2-p-swi-bel45,sw28p2,SU9 slot 56,mlx5_3,G1-G3
leaf-gpu,sys1-ice2-p-swi-bel45,sw29p1,SU9 slot 57,mlx5_3,G1-G3
leaf-gpu,sys1-ice2-p-swi-bel45,sw29p2,SU9 slot 58,mlx5_3,G1-G3
leaf-gpu,sys1-ice2-p-swi-bel45,sw30p1,SU9 slot 59,mlx5_3,G1-G3
leaf-gpu,sys1-ice2-p-swi-bel45,sw30p2,SU9 slot 60,mlx5_3,G1-G3
leaf-gpu,sys1-ice2-p-swi-bel45,sw31p1,SU9 slot 61,mlx5_3,G1-G3
leaf-gpu,sys1-ice2-p-swi-bel45,sw31p2,SU9 slot 62,mlx5_3,G1-G3
leaf-gpu,sys1-ice2-p-swi-bel45,sw32p1,SU9 slot 63,mlx5_3,G1-G3
leaf-gpu,sys1-ice2-p-swi-bel45,sw32p2,SU9 slot 64,mlx5_3,G1-G3
leaf-gpu,sys1-ice2-p-swi-bel45,sw33p1,SU9 slot 65,mlx5_3,G1-G3
leaf-gpu,sys1-ice2-p-swi-bel45,sw33p2,SU9 slot 66,mlx5_3,G1-G3
leaf-gpu,sys1-ice2-p-swi-bel45,sw34p1,SU9 slot 67,mlx5_3,G1-G3
leaf-gpu,sys1-ice2-p-swi-bel45,sw34p2,SU9 slot 68,mlx5_3,G1-G3
leaf-gpu,sys1-ice2-p-swi-bel45,sw35p1,SU9 slot 69,mlx5_3,G1-G3
leaf-gpu,sys1-ice2-p-swi-bel45,sw35p2,SU9 slot 70,mlx5_3,G1-G3
leaf-gpu,sys1-ice2-p-swi-bel45,sw36p1,SU9 slot 71,mlx5_3,G1-G3
leaf-gpu,sys1-ice2-p-swi-bel45,sw36p2,SU9 slot 72,mlx5_3,G1-G3
leaf-gpu,sys1-ice2-p-swi-bel46,sw1p1,SU10 slot 1,mlx5_3,G1-G3
leaf-gpu,sys1-ice2-p-swi-bel46,sw1p2,SU10 slot 2,mlx5_3,G1-G3
leaf-gpu,sys1-ice2-p-swi-bel46,sw2p1,SU10 slot 3,mlx5_3,G1-G3
leaf-gpu,sys1-ice2-p-swi-bel46,sw2p2,SU10 slot 4,mlx5_3,G1-G3
leaf-gpu,sys1-ice2-p-swi-bel46,sw3p1,SU10 slot 5,mlx5_3,G1-G3
leaf-gpu,sys1-ice2-p-swi-bel46,sw3p2,SU10 slot 6,mlx5_3,G1-G3
leaf-gpu,sys1-ice2-p-swi-bel46,sw4p1,SU10 slot 7,mlx5_3,G1-G3
leaf-gpu,sys1-ice2-p-swi-bel46,sw4p2,SU10 slot 8,mlx5_3,G1-G3
leaf-gpu,sys1-ice2-p-swi-bel46,sw5p1,SU10 slot 9,mlx5_3,G1-G3
leaf-gpu,sys1-ice2-p-swi-bel46,sw5p2,SU10 slot 10,mlx5_3,G1-G3
leaf-gpu,sys1-ice2-p-swi-bel46,sw6p1,SU10 slot 11,mlx5_3,G1-G3
leaf-gpu,sys1-ice2-p-swi-bel46,sw6p2,SU10 slot 12,mlx5_3,G1-G3
leaf-gpu,sys1-ice2-p-swi-bel46,sw7p1,SU10 slot 13,mlx5_3,G1-G3
leaf-gpu,sys1-ice2-p-swi-bel46,sw7p2,SU10 slot 14,mlx5_3,G1-G3
leaf-gpu,sys1-ice2-p-swi-bel46,sw8p1,SU10 slot 15,mlx5_3,G1-G3
leaf-gpu,sys1-ice2-p-swi-bel46,sw8p2,SU10 slot 16,mlx5_3,G1-G3
leaf-gpu,sys1-ice2-p-swi-bel46,sw9p1,SU10 slot 17,mlx5_3,G1-G3
leaf-gpu,sys1-ice2-p-swi-bel46,sw9p2,SU10 slot 18,mlx5_3,G1-G3
leaf-gpu,sys1-ice2-p-swi-bel46,sw10p1,SU10 slot 19,mlx5_3,G1-G3
leaf-gpu,sys1-ice2-p-swi-bel46,sw10p2,SU10 slot 20,mlx5_3,G1-G3
leaf-gpu,sys1-ice2-p-swi-bel46,sw11p1,SU10 slot 21,mlx5_3,G1-G3
leaf-gpu,sys1-ice2-p-swi-bel46,sw11p2,SU10 slot 22,mlx5_3,G1-G3
leaf-gpu,sys1-ice2-p-swi-bel46,sw12p1,SU10 slot 23,mlx5_3,G1-G3
leaf-gpu,sys1-ice2-p-swi-bel46,sw12p2,SU10 slot 24,mlx5_3,G1-G3
leaf-gpu,sys1-ice2-p-swi-bel46,sw13p1,SU10 slot 25,mlx5_3,G1-G3
leaf-gpu,sys1-ice2-p-swi-bel46,sw13p2,SU10 slot 26,mlx5_3,G1-G3
leaf-gpu,sys1-ice2-p-swi-bel46,sw14p1,SU10 slot 27,mlx5_3,G1-G3
leaf-gpu,sys1-ice2-p-swi-bel46,sw14p2,SU10 slot 28,mlx5_3,G1-G3
leaf-gpu,sys1-ice2-p-swi-bel46,sw15p1,SU10 slot 29,mlx5_3,G1-G3
leaf-gpu,sys1-ice2-p-swi-bel46,sw15p2,SU10 slot 30,mlx5_3,G1-G3
leaf-gpu,sys1-ice2-p-swi-bel46,sw16p1,SU10 slot 31,mlx5_3,G1-G3
leaf-gpu,sys1-ice2-p-swi-bel46,sw16p2,SU10 slot 32,mlx5_3,G1-G3
leaf-gpu,sys1-ice2-p-swi-bel46,sw17p1,SU10 slot 33,mlx5_3,G1-G3
leaf-gpu,sys1-ice2-p-swi-bel46,sw17p2,SU10 slot 34,mlx5_3,G1-G3
leaf-gpu,sys1-ice2-p-swi-bel46,sw18p1,SU10 slot 35,mlx5_3,G1-G3
leaf-gpu,sys1-ice2-p-swi-bel46,sw18p2,SU10 slot 36,mlx5_3,G1-G3
leaf-gpu,sys1-ice2-p-swi-bel46,sw19p1,SU10 slot 37,mlx5_3,G1-G3
leaf-gpu,sys1-ice2-p-swi-bel46,sw19p2,SU10 slot 38,mlx5_3,G1-G3
leaf-gpu,sys1-ice2-p-swi-bel46,sw20p1,SU10 slot 39,mlx5_3,G1-G3
leaf-gpu,sys1-ice2-p-swi-bel46,sw20p2,SU10 slot 40,mlx5_3,G1-G3
leaf-gpu,sys1-ice2-p-swi-bel46,sw21p1,SU10 slot 41,mlx5_3,G1-G3
leaf-gpu,sys1-ice2-p-swi-bel46,sw21p2,SU10 slot 42,mlx5_3,G1-G3
leaf-gpu,sys1-ice2-p-swi-bel46,sw22p1,SU10 slot 43,mlx5_3,G1-G3
leaf-gpu,sys1-ice2-p-swi-bel46,sw22p2,SU10 slot 44,mlx5_3,G1-G3
leaf-gpu,sys1-ice2-p-swi-bel46,sw23p1,SU10 slot 45,mlx5_3,G1-G3
leaf-gpu,sys1-ice2-p-swi-bel46,sw23p2,SU10 slot 46,mlx5_3,G1-G3
leaf-gpu,sys1-ice2-p-swi-bel46,sw24p1,SU10 slot 47,mlx5_3,G1-G3
leaf-gpu,sys1-ice2-p-swi-bel46,sw24p2,SU10 slot 48,mlx5_3,G1-G3
leaf-gpu,sys1-ice2-p-swi-bel46,sw25p1,SU10 slot 49,mlx5_3,G1-G3
leaf-gpu,sys1-ice2-p-swi-bel46,sw25p2,SU10 slot 50,mlx5_3,G1-G3
leaf-gpu,sys1-ice2-p-swi-bel46,sw26p1,SU10 slot 51,mlx5_3,G1-G3
leaf-gpu,sys1-ice2-p-swi-bel46,sw26p2,SU10 slot 52,mlx5_3,G1-G3
leaf-gpu,sys1-ice2-p-swi-bel46,sw27p1,SU10 slot 53,mlx5_3,G1-G3
leaf-gpu,sys1-ice2-p-swi-bel46,sw27p2,SU10 slot 54,mlx5_3,G1-G3
leaf-gpu,sys1-ice2-p-swi-bel46,sw28p1,SU10 slot 55,mlx5_3,G1-G3
leaf-gpu,sys1-ice2-p-swi-bel46,sw28p2,SU10 slot 56,mlx5_3,G1-G3
leaf-gpu,sys1-ice2-p-swi-bel46,sw29p1,SU10 slot 57,mlx5_3,G1-G3
leaf-gpu,sys1-ice2-p-swi-bel46,sw29p2,SU10 slot 58,mlx5_3,G1-G3
leaf-gpu,sys1-ice2-p-swi-bel46,sw30p1,SU10 slot 59,mlx5_3,G1-G3
leaf-gpu,sys1-ice2-p-swi-bel46,sw30p2,SU10 slot 60,mlx5_3,G1-G3
leaf-gpu,sys1-ice2-p-swi-bel46,sw31p1,SU10 slot 61,mlx5_3,G1-G3
leaf-gpu,sys1-ice2-p-swi-bel46,sw31p2,SU10 slot 62,mlx5_3,G1-G3
leaf-gpu,sys1-ice2-p-swi-bel46,sw32p1,SU10 slot 63,mlx5_3,G1-G3
leaf-gpu,sys1-ice2-p-swi-bel46,sw32p2,SU10 slot 64,mlx5_3,G1-G3
leaf-gpu,sys1-ice2-p-swi-bel46,sw33p1,SU10 slot 65,mlx5_3,G1-G3
leaf-gpu,sys1-ice2-p-swi-bel46,sw33p2,SU10 slot 66,mlx5_3,G1-G3
leaf-gpu,sys1-ice2-p-swi-bel46,sw34p1,SU10 slot 67,mlx5_3,G1-G3
leaf-gpu,sys1-ice2-p-swi-bel46,sw34p2,SU10 slot 68,mlx5_3,G1-G3
leaf-gpu,sys1-ice2-p-swi-bel46,sw35p1,SU10 slot 69,mlx5_3,G1-G3
leaf-gpu,sys1-ice2-p-swi-bel46,sw35p2,SU10 slot 70,mlx5_3,G1-G3
leaf-gpu,sys1-ice2-p-swi-bel46,sw36p1,SU10 slot 71,mlx5_3,G1-G3
leaf-gpu,sys1-ice2-p-swi-bel46,sw36p2,SU10 slot 72,mlx5_3,G1-G3
leaf-gpu,sys1-ice2-p-swi-bel47,sw1p1,SU11 slot 1,mlx5_3,G1-G3
leaf-gpu,sys1-ice2-p-swi-bel47,sw1p2,SU11 slot 2,mlx5_3,G1-G3
leaf-gpu,sys1-ice2-p-swi-bel47,sw2p1,SU11 slot 3,mlx5_3,G1-G3
leaf-gpu,sys1-ice2-p-swi-bel47,sw2p2,SU11 slot 4,mlx5_3,G1-G3
leaf-gpu,sys1-ice2-p-swi-bel47,sw3p1,SU11 slot 5,mlx5_3,G1-G3
leaf-gpu,sys1-ice2-p-swi-bel47,sw3p2,SU11 slot 6,mlx5_3,G1-G3
leaf-gpu,sys1-ice2-p-swi-bel47,sw4p1,SU11 slot 7,mlx5_3,G1-G3
leaf-gpu,sys1-ice2-p-swi-bel47,sw4p2,SU11 slot 8,mlx5_3,G1-G3
leaf-gpu,sys1-ice2-p-swi-bel47,sw5p1,SU11 slot 9,mlx5_3,G1-G3
leaf-gpu,sys1-ice2-p-swi-bel47,sw5p2,SU11 slot 10,mlx5_3,G1-G3
leaf-gpu,sys1-ice2-p-swi-bel47,sw6p1,SU11 slot 11,mlx5_3,G1-G3
leaf-gpu,sys1-ice2-p-swi-bel47,sw6p2,SU11 slot 12,mlx5_3,G1-G3
leaf-gpu,sys1-ice2-p-swi-bel47,sw7p1,SU11 slot 13,mlx5_3,G1-G3
leaf-gpu,sys1-ice2-p-swi-bel47,sw7p2,SU11 slot 14,mlx5_3,G1-G3
leaf-gpu,sys1-ice2-p-swi-bel47,sw8p1,SU11 slot 15,mlx5_3,G1-G3
leaf-gpu,sys1-ice2-p-swi-bel47,sw8p2,SU11 slot 16,mlx5_3,G1-G3
leaf-gpu,sys1-ice2-p-swi-bel47,sw9p1,SU11 slot 17,mlx5_3,G1-G3
leaf-gpu,sys1-ice2-p-swi-bel47,sw9p2,SU11 slot 18,mlx5_3,G1-G3
leaf-gpu,sys1-ice2-p-swi-bel47,sw10p1,SU11 slot 19,mlx5_3,G1-G3
leaf-gpu,sys1-ice2-p-swi-bel47,sw10p2,SU11 slot 20,mlx5_3,G1-G3
leaf-gpu,sys1-ice2-p-swi-bel47,sw11p1,SU11 slot 21,mlx5_3,G1-G3
leaf-gpu,sys1-ice2-p-swi-bel47,sw11p2,SU11 slot 22,mlx5_3,G1-G3
leaf-gpu,sys1-ice2-p-swi-bel47,sw12p1,SU11 slot 23,mlx5_3,G1-G3
leaf-gpu,sys1-ice2-p-swi-bel47,sw12p2,SU11 slot 24,mlx5_3,G1-G3
leaf-gpu,sys1-ice2-p-swi-bel47,sw13p1,SU11 slot 25,mlx5_3,G1-G3
leaf-gpu,sys1-ice2-p-swi-bel47,sw13p2,SU11 slot 26,mlx5_3,G1-G3
leaf-gpu,sys1-ice2-p-swi-bel47,sw14p1,SU11 slot 27,mlx5_3,G1-G3
leaf-gpu,sys1-ice2-p-swi-bel47,sw14p2,SU11 slot 28,mlx5_3,G1-G3
leaf-gpu,sys1-ice2-p-swi-bel47,sw15p1,SU11 slot 29,mlx5_3,G1-G3
leaf-gpu,sys1-ice2-p-swi-bel47,sw15p2,SU11 slot 30,mlx5_3,G1-G3
leaf-gpu,sys1-ice2-p-swi-bel47,sw16p1,SU11 slot 31,mlx5_3,G1-G3
leaf-gpu,sys1-ice2-p-swi-bel47,sw16p2,SU11 slot 32,mlx5_3,G1-G3
leaf-gpu,sys1-ice2-p-swi-bel47,sw17p1,SU11 slot 33,mlx5_3,G1-G3
leaf-gpu,sys1-ice2-p-swi-bel47,sw17p2,SU11 slot 34,mlx5_3,G1-G3
leaf-gpu,sys1-ice2-p-swi-bel47,sw18p1,SU11 slot 35,mlx5_3,G1-G3
leaf-gpu,sys1-ice2-p-swi-bel47,sw18p2,SU11 slot 36,mlx5_3,G1-G3
leaf-gpu,sys1-ice2-p-swi-bel47,sw19p1,SU11 slot 37,mlx5_3,G1-G3
leaf-gpu,sys1-ice2-p-swi-bel47,sw19p2,SU11 slot 38,mlx5_3,G1-G3
leaf-gpu,sys1-ice2-p-swi-bel47,sw20p1,SU11 slot 39,mlx5_3,G1-G3
leaf-gpu,sys1-ice2-p-swi-bel47,sw20p2,SU11 slot 40,mlx5_3,G1-G3
leaf-gpu,sys1-ice2-p-swi-bel47,sw21p1,SU11 slot 41,mlx5_3,G1-G3
leaf-gpu,sys1-ice2-p-swi-bel47,sw21p2,SU11 slot 42,mlx5_3,G1-G3
leaf-gpu,sys1-ice2-p-swi-bel47,sw22p1,SU11 slot 43,mlx5_3,G1-G3
leaf-gpu,sys1-ice2-p-swi-bel47,sw22p2,SU11 slot 44,mlx5_3,G1-G3
leaf-gpu,sys1-ice2-p-swi-bel47,sw23p1,SU11 slot 45,mlx5_3,G1-G3
leaf-gpu,sys1-ice2-p-swi-bel47,sw23p2,SU11 slot 46,mlx5_3,G1-G3
leaf-gpu,sys1-ice2-p-swi-bel47,sw24p1,SU11 slot 47,mlx5_3,G1-G3
leaf-gpu,sys1-ice2-p-swi-bel47,sw24p2,SU11 slot 48,mlx5_3,G1-G3
leaf-gpu,sys1-ice2-p-swi-bel47,sw25p1,SU11 slot 49,mlx5_3,G1-G3
leaf-gpu,sys1-ice2-p-swi-bel47,sw25p2,SU11 slot 50,mlx5_3,G1-G3
leaf-gpu,sys1-ice2-p-swi-bel47,sw26p1,SU11 slot 51,mlx5_3,G1-G3
leaf-gpu,sys1-ice2-p-swi-bel47,sw26p2,SU11 slot 52,mlx5_3,G1-G3
leaf-gpu,sys1-ice2-p-swi-bel47,sw27p1,SU11 slot 53,mlx5_3,G1-G3
leaf-gpu,sys1-ice2-p-swi-bel47,sw27p2,SU11 slot 54,mlx5_3,G1-G3
leaf-gpu,sys1-ice2-p-swi-bel47,sw28p1,SU11 slot 55,mlx5_3,G1-G3
leaf-gpu,sys1-ice2-p-swi-bel47,sw28p2,SU11 slot 56,mlx5_3,G1-G3
leaf-gpu,sys1-ice2-p-swi-bel47,sw29p1,SU11 slot 57,mlx5_3,G1-G3
leaf-gpu,sys1-ice2-p-swi-bel47,sw29p2,SU11 slot 58,mlx5_3,G1-G3
leaf-gpu,sys1-ice2-p-swi-bel47,sw30p1,SU11 slot 59,mlx5_3,G1-G3
leaf-gpu,sys1-ice2-p-swi-bel47,sw30p2,SU11 slot 60,mlx5_3,G1-G3
leaf-gpu,sys1-ice2-p-swi-bel47,sw31p1,SU11 slot 61,mlx5_3,G1-G3
leaf-gpu,sys1-ice2-p-swi-bel47,sw31p2,SU11 slot 62,mlx5_3,G1-G3
leaf-gpu,sys1-ice2-p-swi-bel47,sw32p1,SU11 slot 63,mlx5_3,G1-G3
leaf-gpu,sys1-ice2-p-swi-bel47,sw32p2,SU11 slot 64,mlx5_3,G1-G3
leaf-gpu,sys1-ice2-p-swi-bel47,sw33p1,SU11 slot 65,mlx5_3,G1-G3
leaf-gpu,sys1-ice2-p-swi-bel47,sw33p2,SU11 slot 66,mlx5_3,G1-G3
leaf-gpu,sys1-ice2-p-swi-bel47,sw34p1,SU11 slot 67,mlx5_3,G1-G3
leaf-gpu,sys1-ice2-p-swi-bel47,sw34p2,SU11 slot 68,mlx5_3,G1-G3
leaf-gpu,sys1-ice2-p-swi-bel47,sw35p1,SU11 slot 69,mlx5_3,G1-G3
leaf-gpu,sys1-ice2-p-swi-bel47,sw35p2,SU11 slot 70,mlx5_3,G1-G3
leaf-gpu,sys1-ice2-p-swi-bel47,sw36p1,SU11 slot 71,mlx5_3,G1-G3
leaf-gpu,sys1-ice2-p-swi-bel47,sw36p2,SU11 slot 72,mlx5_3,G1-G3
leaf-gpu,sys1-ice2-p-swi-bel48,sw1p1,SU12 slot 1,mlx5_3,G1-G3
leaf-gpu,sys1-ice2-p-swi-bel48,sw1p2,SU12 slot 2,mlx5_3,G1-G3
leaf-gpu,sys1-ice2-p-swi-bel48,sw2p1,SU12 slot 3,mlx5_3,G1-G3
leaf-gpu,sys1-ice2-p-swi-bel48,sw2p2,SU12 slot 4,mlx5_3,G1-G3
leaf-gpu,sys1-ice2-p-swi-bel48,sw3p1,SU12 slot 5,mlx5_3,G1-G3
leaf-gpu,sys1-ice2-p-swi-bel48,sw3p2,SU12 slot 6,mlx5_3,G1-G3
leaf-gpu,sys1-ice2-p-swi-bel48,sw4p1,SU12 slot 7,mlx5_3,G1-G3
leaf-gpu,sys1-ice2-p-swi-bel48,sw4p2,SU12 slot 8,mlx5_3,G1-G3
leaf-gpu,sys1-ice2-p-swi-bel48,sw5p1,SU12 slot 9,mlx5_3,G1-G3
leaf-gpu,sys1-ice2-p-swi-bel48,sw5p2,SU12 slot 10,mlx5_3,G1-G3
leaf-gpu,sys1-ice2-p-swi-bel48,sw6p1,SU12 slot 11,mlx5_3,G1-G3
leaf-gpu,sys1-ice2-p-swi-bel48,sw6p2,SU12 slot 12,mlx5_3,G1-G3
leaf-gpu,sys1-ice2-p-swi-bel48,sw7p1,SU12 slot 13,mlx5_3,G1-G3
leaf-gpu,sys1-ice2-p-swi-bel48,sw7p2,SU12 slot 14,mlx5_3,G1-G3
leaf-gpu,sys1-ice2-p-swi-bel48,sw8p1,SU12 slot 15,mlx5_3,G1-G3
leaf-gpu,sys1-ice2-p-swi-bel48,sw8p2,SU12 slot 16,mlx5_3,G1-G3
leaf-gpu,sys1-ice2-p-swi-bel48,sw9p1,SU12 slot 17,mlx5_3,G1-G3
leaf-gpu,sys1-ice2-p-swi-bel48,sw9p2,SU12 slot 18,mlx5_3,G1-G3
leaf-gpu,sys1-ice2-p-swi-bel48,sw10p1,SU12 slot 19,mlx5_3,G1-G3
leaf-gpu,sys1-ice2-p-swi-bel48,sw10p2,SU12 slot 20,mlx5_3,G1-G3
leaf-gpu,sys1-ice2-p-swi-bel48,sw11p1,SU12 slot 21,mlx5_3,G1-G3
leaf-gpu,sys1-ice2-p-swi-bel48,sw11p2,SU12 slot 22,mlx5_3,G1-G3
leaf-gpu,sys1-ice2-p-swi-bel48,sw12p1,SU12 slot 23,mlx5_3,G1-G3
leaf-gpu,sys1-ice2-p-swi-bel48,sw12p2,SU12 slot 24,mlx5_3,G1-G3
leaf-gpu,sys1-ice2-p-swi-bel48,sw13p1,SU12 slot 25,mlx5_3,G1-G3
leaf-gpu,sys1-ice2-p-swi-bel48,sw13p2,SU12 slot 26,mlx5_3,G1-G3
leaf-gpu,sys1-ice2-p-swi-bel48,sw14p1,SU12 slot 27,mlx5_3,G1-G3
leaf-gpu,sys1-ice2-p-swi-bel48,sw14p2,SU12 slot 28,mlx5_3,G1-G3
leaf-gpu,sys1-ice2-p-swi-bel48,sw15p1,SU12 slot 29,mlx5_3,G1-G3
leaf-gpu,sys1-ice2-p-swi-bel48,sw15p2,SU12 slot 30,mlx5_3,G1-G3
leaf-gpu,sys1-ice2-p-swi-bel48,sw16p1,SU12 slot 31,mlx5_3,G1-G3
leaf-gpu,sys1-ice2-p-swi-bel48,sw16p2,SU12 slot 32,mlx5_3,G1-G3
leaf-gpu,sys1-ice2-p-swi-bel48,sw17p1,SU12 slot 33,mlx5_3,G1-G3
leaf-gpu,sys1-ice2-p-swi-bel48,sw17p2,SU12 slot 34,mlx5_3,G1-G3
leaf-gpu,sys1-ice2-p-swi-bel48,sw18p1,SU12 slot 35,mlx5_3,G1-G3
leaf-gpu,sys1-ice2-p-swi-bel48,sw18p2,SU12 slot 36,mlx5_3,G1-G3
leaf-gpu,sys1-ice2-p-swi-bel48,sw19p1,SU12 slot 37,mlx5_3,G1-G3
leaf-gpu,sys1-ice2-p-swi-bel48,sw19p2,SU12 slot 38,mlx5_3,G1-G3
leaf-gpu,sys1-ice2-p-swi-bel48,sw20p1,SU12 slot 39,mlx5_3,G1-G3
leaf-gpu,sys1-ice2-p-swi-bel48,sw20p2,SU12 slot 40,mlx5_3,G1-G3
leaf-gpu,sys1-ice2-p-swi-bel48,sw21p1,SU12 slot 41,mlx5_3,G1-G3
leaf-gpu,sys1-ice2-p-swi-bel48,sw21p2,SU12 slot 42,mlx5_3,G1-G3
leaf-gpu,sys1-ice2-p-swi-bel48,sw22p1,SU12 slot 43,mlx5_3,G1-G3
leaf-gpu,sys1-ice2-p-swi-bel48,sw22p2,SU12 slot 44,mlx5_3,G1-G3
leaf-gpu,sys1-ice2-p-swi-bel48,sw23p1,SU12 slot 45,mlx5_3,G1-G3
leaf-gpu,sys1-ice2-p-swi-bel48,sw23p2,SU12 slot 46,mlx5_3,G1-G3
leaf-gpu,sys1-ice2-p-swi-bel48,sw24p1,SU12 slot 47,mlx5_3,G1-G3
leaf-gpu,sys1-ice2-p-swi-bel48,sw24p2,SU12 slot 48,mlx5_3,G1-G3
leaf-gpu,sys1-ice2-p-swi-bel48,sw25p1,SU12 slot 49,mlx5_3,G1-G3
leaf-gpu,sys1-ice2-p-swi-bel48,sw25p2,SU12 slot 50,mlx5_3,G1-G3
leaf-gpu,sys1-ice2-p-swi-bel48,sw26p1,SU12 slot 51,mlx5_3,G1-G3
leaf-gpu,sys1-ice2-p-swi-bel48,sw26p2,SU12 slot 52,mlx5_3,G1-G3
leaf-gpu,sys1-ice2-p-swi-bel48,sw27p1,SU12 slot 53,mlx5_3,G1-G3
leaf-gpu,sys1-ice2-p-swi-bel48,sw27p2,SU12 slot 54,mlx5_3,G1-G3
leaf-gpu,sys1-ice2-p-swi-bel48,sw28p1,SU12 slot 55,mlx5_3,G1-G3
leaf-gpu,sys1-ice2-p-swi-bel48,sw28p2,SU12 slot 56,mlx5_3,G1-G3
leaf-gpu,sys1-ice2-p-swi-bel48,sw29p1,SU12 slot 57,mlx5_3,G1-G3
leaf-gpu,sys1-ice2-p-swi-bel48,sw29p2,SU12 slot 58,mlx5_3,G1-G3
leaf-gpu,sys1-ice2-p-swi-bel48,sw30p1,SU12 slot 59,mlx5_3,G1-G3
leaf-gpu,sys1-ice2-p-swi-bel48,sw30p2,SU12 slot 60,mlx5_3,G1-G3
leaf-gpu,sys1-ice2-p-swi-bel48,sw31p1,SU12 slot 61,mlx5_3,G1-G3
leaf-gpu,sys1-ice2-p-swi-bel48,sw31p2,SU12 slot 62,mlx5_3,G1-G3
leaf-gpu,sys1-ice2-p-swi-bel48,sw32p1,SU12 slot 63,mlx5_3,G1-G3
leaf-gpu,sys1-ice2-p-swi-bel48,sw32p2,SU12 slot 64,mlx5_3,G1-G3
leaf-gpu,sys1-ice2-p-swi-bel48,sw33p1,SU12 slot 65,mlx5_3,G1-G3
leaf-gpu,sys1-ice2-p-swi-bel48,sw33p2,SU12 slot 66,mlx5_3,G1-G3
leaf-gpu,sys1-ice2-p-swi-bel48,sw34p1,SU12 slot 67,mlx5_3,G1-G3
leaf-gpu,sys1-ice2-p-swi-bel48,sw34p2,SU12 slot 68,mlx5_3,G1-G3
leaf-gpu,sys1-ice2-p-swi-bel48,sw35p1,SU12 slot 69,mlx5_3,G1-G3
leaf-gpu,sys1-ice2-p-swi-bel48,sw35p2,SU12 slot 70,mlx5_3,G1-G3
leaf-gpu,sys1-ice2-p-swi-bel48,sw36p1,SU12 slot 71,mlx5_3,G1-G3
leaf-gpu,sys1-ice2-p-swi-bel48,sw36p2,SU12 slot 72,mlx5_3,G1-G3
leaf-gpu,sys1-ice2-p-swi-bel49,sw1p1,SU13 slot 1,mlx5_0,G1-G3
leaf-gpu,sys1-ice2-p-swi-bel49,sw1p2,SU13 slot 2,mlx5_0,G1-G3
leaf-gpu,sys1-ice2-p-swi-bel49,sw2p1,SU13 slot 3,mlx5_0,G1-G3
leaf-gpu,sys1-ice2-p-swi-bel49,sw2p2,SU13 slot 4,mlx5_0,G1-G3
leaf-gpu,sys1-ice2-p-swi-bel49,sw3p1,SU13 slot 5,mlx5_0,G1-G3
leaf-gpu,sys1-ice2-p-swi-bel49,sw3p2,SU13 slot 6,mlx5_0,G1-G3
leaf-gpu,sys1-ice2-p-swi-bel49,sw4p1,SU13 slot 7,mlx5_0,G1-G3
leaf-gpu,sys1-ice2-p-swi-bel49,sw4p2,SU13 slot 8,mlx5_0,G1-G3
leaf-gpu,sys1-ice2-p-swi-bel49,sw5p1,SU13 slot 9,mlx5_0,G1-G3
leaf-gpu,sys1-ice2-p-swi-bel49,sw5p2,SU13 slot 10,mlx5_0,G1-G3
leaf-gpu,sys1-ice2-p-swi-bel49,sw6p1,SU13 slot 11,mlx5_0,G1-G3
leaf-gpu,sys1-ice2-p-swi-bel49,sw6p2,SU13 slot 12,mlx5_0,G1-G3
leaf-gpu,sys1-ice2-p-swi-bel49,sw7p1,SU13 slot 13,mlx5_0,G1-G3
leaf-gpu,sys1-ice2-p-swi-bel49,sw7p2,SU13 slot 14,mlx5_0,G1-G3
leaf-gpu,sys1-ice2-p-swi-bel49,sw8p1,SU13 slot 15,mlx5_0,G1-G3
leaf-gpu,sys1-ice2-p-swi-bel49,sw8p2,SU13 slot 16,mlx5_0,G1-G3
leaf-gpu,sys1-ice2-p-swi-bel49,sw9p1,SU13 slot 17,mlx5_0,G1-G3
leaf-gpu,sys1-ice2-p-swi-bel49,sw9p2,SU13 slot 18,mlx5_0,G1-G3
leaf-gpu,sys1-ice2-p-swi-bel49,sw10p1,SU13 slot 19,mlx5_0,G1-G3
leaf-gpu,sys1-ice2-p-swi-bel49,sw10p2,SU13 slot 20,mlx5_0,G1-G3
leaf-gpu,sys1-ice2-p-swi-bel49,sw11p1,SU13 slot 21,mlx5_0,G1-G3
leaf-gpu,sys1-ice2-p-swi-bel49,sw11p2,SU13 slot 22,mlx5_0,G1-G3
leaf-gpu,sys1-ice2-p-swi-bel49,sw12p1,SU13 slot 23,mlx5_0,G1-G3
leaf-gpu,sys1-ice2-p-swi-bel49,sw12p2,SU13 slot 24,mlx5_0,G1-G3
leaf-gpu,sys1-ice2-p-swi-bel49,sw13p1,SU13 slot 25,mlx5_0,G1-G3
leaf-gpu,sys1-ice2-p-swi-bel49,sw13p2,SU13 slot 26,mlx5_0,G1-G3
leaf-gpu,sys1-ice2-p-swi-bel49,sw14p1,SU13 slot 27,mlx5_0,G1-G3
leaf-gpu,sys1-ice2-p-swi-bel49,sw14p2,SU13 slot 28,mlx5_0,G1-G3
leaf-gpu,sys1-ice2-p-swi-bel49,sw15p1,SU13 slot 29,mlx5_0,G1-G3
leaf-gpu,sys1-ice2-p-swi-bel49,sw15p2,SU13 slot 30,mlx5_0,G1-G3
leaf-gpu,sys1-ice2-p-swi-bel49,sw16p1,SU13 slot 31,mlx5_0,G1-G3
leaf-gpu,sys1-ice2-p-swi-bel49,sw16p2,SU13 slot 32,mlx5_0,G1-G3
leaf-gpu,sys1-ice2-p-swi-bel49,sw17p1,SU13 slot 33,mlx5_0,G1-G3
leaf-gpu,sys1-ice2-p-swi-bel49,sw17p2,SU13 slot 34,mlx5_0,G1-G3
leaf-gpu,sys1-ice2-p-swi-bel49,sw18p1,SU13 slot 35,mlx5_0,G1-G3
leaf-gpu,sys1-ice2-p-swi-bel49,sw18p2,SU13 slot 36,mlx5_0,G1-G3
leaf-gpu,sys1-ice2-p-swi-bel49,sw19p1,SU13 slot 37,mlx5_0,G1-G3
leaf-gpu,sys1-ice2-p-swi-bel49,sw19p2,SU13 slot 38,mlx5_0,G1-G3
leaf-gpu,sys1-ice2-p-swi-bel49,sw20p1,SU13 slot 39,mlx5_0,G1-G3
leaf-gpu,sys1-ice2-p-swi-bel49,sw20p2,SU13 slot 40,mlx5_0,G1-G3
leaf-gpu,sys1-ice2-p-swi-bel49,sw21p1,SU13 slot 41,mlx5_0,G1-G3
leaf-gpu,sys1-ice2-p-swi-bel49,sw21p2,SU13 slot 42,mlx5_0,G1-G3
leaf-gpu,sys1-ice2-p-swi-bel49,sw22p1,SU13 slot 43,mlx5_0,G1-G3
leaf-gpu,sys1-ice2-p-swi-bel49,sw22p2,SU13 slot 44,mlx5_0,G1-G3
leaf-gpu,sys1-ice2-p-swi-bel49,sw23p1,SU13 slot 45,mlx5_0,G1-G3
leaf-gpu,sys1-ice2-p-swi-bel49,sw23p2,SU13 slot 46,mlx5_0,G1-G3
leaf-gpu,sys1-ice2-p-swi-bel49,sw24p1,SU13 slot 47,mlx5_0,G1-G3
leaf-gpu,sys1-ice2-p-swi-bel49,sw24p2,SU13 slot 48,mlx5_0,G1-G3
leaf-gpu,sys1-ice2-p-swi-bel49,sw25p1,SU13 slot 49,mlx5_0,G1-G3
leaf-gpu,sys1-ice2-p-swi-bel49,sw25p2,SU13 slot 50,mlx5_0,G1-G3
leaf-gpu,sys1-ice2-p-swi-bel49,sw26p1,SU13 slot 51,mlx5_0,G1-G3
leaf-gpu,sys1-ice2-p-swi-bel49,sw26p2,SU13 slot 52,mlx5_0,G1-G3
leaf-gpu,sys1-ice2-p-swi-bel49,sw27p1,SU13 slot 53,mlx5_0,G1-G3
leaf-gpu,sys1-ice2-p-swi-bel49,sw27p2,SU13 slot 54,mlx5_0,G1-G3
leaf-gpu,sys1-ice2-p-swi-bel49,sw28p1,SU13 slot 55,mlx5_0,G1-G3
leaf-gpu,sys1-ice2-p-swi-bel49,sw28p2,SU13 slot 56,mlx5_0,G1-G3
leaf-gpu,sys1-ice2-p-swi-bel49,sw29p1,SU13 slot 57,mlx5_0,G1-G3
leaf-gpu,sys1-ice2-p-swi-bel49,sw29p2,SU13 slot 58,mlx5_0,G1-G3
leaf-gpu,sys1-ice2-p-swi-bel49,sw30p1,SU13 slot 59,mlx5_0,G1-G3
leaf-gpu,sys1-ice2-p-swi-bel49,sw30p2,SU13 slot 60,mlx5_0,G1-G3
leaf-gpu,sys1-ice2-p-swi-bel49,sw31p1,SU13 slot 61,mlx5_0,G1-G3
leaf-gpu,sys1-ice2-p-swi-bel49,sw31p2,SU13 slot 62,mlx5_0,G1-G3
leaf-gpu,sys1-ice2-p-swi-bel49,sw32p1,SU13 slot 63,mlx5_0,G1-G3
leaf-gpu,sys1-ice2-p-swi-bel49,sw32p2,SU13 slot 64,mlx5_0,G1-G3
leaf-gpu,sys1-ice2-p-swi-bel49,sw33p1,SU13 slot 65,mlx5_0,G1-G3
leaf-gpu,sys1-ice2-p-swi-bel49,sw33p2,SU13 slot 66,mlx5_0,G1-G3
leaf-gpu,sys1-ice2-p-swi-bel49,sw34p1,SU13 slot 67,mlx5_0,G1-G3
leaf-gpu,sys1-ice2-p-swi-bel49,sw34p2,SU13 slot 68,mlx5_0,G1-G3
leaf-gpu,sys1-ice2-p-swi-bel49,sw35p1,SU13 slot 69,mlx5_0,G1-G3
leaf-gpu,sys1-ice2-p-swi-bel49,sw35p2,SU13 slot 70,mlx5_0,G1-G3
leaf-gpu,sys1-ice2-p-swi-bel49,sw36p1,SU13 slot 71,mlx5_0,G1-G3
leaf-gpu,sys1-ice2-p-swi-bel49,sw36p2,SU13 slot 72,mlx5_0,G1-G3
leaf-gpu,sys1-ice2-p-swi-bel50,sw1p1,SU14 slot 1,mlx5_0,G1-G3
leaf-gpu,sys1-ice2-p-swi-bel50,sw1p2,SU14 slot 2,mlx5_0,G1-G3
leaf-gpu,sys1-ice2-p-swi-bel50,sw2p1,SU14 slot 3,mlx5_0,G1-G3
leaf-gpu,sys1-ice2-p-swi-bel50,sw2p2,SU14 slot 4,mlx5_0,G1-G3
leaf-gpu,sys1-ice2-p-swi-bel50,sw3p1,SU14 slot 5,mlx5_0,G1-G3
leaf-gpu,sys1-ice2-p-swi-bel50,sw3p2,SU14 slot 6,mlx5_0,G1-G3
leaf-gpu,sys1-ice2-p-swi-bel50,sw4p1,SU14 slot 7,mlx5_0,G1-G3
leaf-gpu,sys1-ice2-p-swi-bel50,sw4p2,SU14 slot 8,mlx5_0,G1-G3
leaf-gpu,sys1-ice2-p-swi-bel50,sw5p1,SU14 slot 9,mlx5_0,G1-G3
leaf-gpu,sys1-ice2-p-swi-bel50,sw5p2,SU14 slot 10,mlx5_0,G1-G3
leaf-gpu,sys1-ice2-p-swi-bel50,sw6p1,SU14 slot 11,mlx5_0,G1-G3
leaf-gpu,sys1-ice2-p-swi-bel50,sw6p2,SU14 slot 12,mlx5_0,G1-G3
leaf-gpu,sys1-ice2-p-swi-bel50,sw7p1,SU14 slot 13,mlx5_0,G1-G3
leaf-gpu,sys1-ice2-p-swi-bel50,sw7p2,SU14 slot 14,mlx5_0,G1-G3
leaf-gpu,sys1-ice2-p-swi-bel50,sw8p1,SU14 slot 15,mlx5_0,G1-G3
leaf-gpu,sys1-ice2-p-swi-bel50,sw8p2,SU14 slot 16,mlx5_0,G1-G3
leaf-gpu,sys1-ice2-p-swi-bel50,sw9p1,SU14 slot 17,mlx5_0,G1-G3
leaf-gpu,sys1-ice2-p-swi-bel50,sw9p2,SU14 slot 18,mlx5_0,G1-G3
leaf-gpu,sys1-ice2-p-swi-bel50,sw10p1,SU14 slot 19,mlx5_0,G1-G3
leaf-gpu,sys1-ice2-p-swi-bel50,sw10p2,SU14 slot 20,mlx5_0,G1-G3
leaf-gpu,sys1-ice2-p-swi-bel50,sw11p1,SU14 slot 21,mlx5_0,G1-G3
leaf-gpu,sys1-ice2-p-swi-bel50,sw11p2,SU14 slot 22,mlx5_0,G1-G3
leaf-gpu,sys1-ice2-p-swi-bel50,sw12p1,SU14 slot 23,mlx5_0,G1-G3
leaf-gpu,sys1-ice2-p-swi-bel50,sw12p2,SU14 slot 24,mlx5_0,G1-G3
leaf-gpu,sys1-ice2-p-swi-bel50,sw13p1,SU14 slot 25,mlx5_0,G1-G3
leaf-gpu,sys1-ice2-p-swi-bel50,sw13p2,SU14 slot 26,mlx5_0,G1-G3
leaf-gpu,sys1-ice2-p-swi-bel50,sw14p1,SU14 slot 27,mlx5_0,G1-G3
leaf-gpu,sys1-ice2-p-swi-bel50,sw14p2,SU14 slot 28,mlx5_0,G1-G3
leaf-gpu,sys1-ice2-p-swi-bel50,sw15p1,SU14 slot 29,mlx5_0,G1-G3
leaf-gpu,sys1-ice2-p-swi-bel50,sw15p2,SU14 slot 30,mlx5_0,G1-G3
leaf-gpu,sys1-ice2-p-swi-bel50,sw16p1,SU14 slot 31,mlx5_0,G1-G3
leaf-gpu,sys1-ice2-p-swi-bel50,sw16p2,SU14 slot 32,mlx5_0,G1-G3
leaf-gpu,sys1-ice2-p-swi-bel50,sw17p1,SU14 slot 33,mlx5_0,G1-G3
leaf-gpu,sys1-ice2-p-swi-bel50,sw17p2,SU14 slot 34,mlx5_0,G1-G3
leaf-gpu,sys1-ice2-p-swi-bel50,sw18p1,SU14 slot 35,mlx5_0,G1-G3
leaf-gpu,sys1-ice2-p-swi-bel50,sw18p2,SU14 slot 36,mlx5_0,G1-G3
leaf-gpu,sys1-ice2-p-swi-bel50,sw19p1,SU14 slot 37,mlx5_0,G1-G3
leaf-gpu,sys1-ice2-p-swi-bel50,sw19p2,SU14 slot 38,mlx5_0,G1-G3
leaf-gpu,sys1-ice2-p-swi-bel50,sw20p1,SU14 slot 39,mlx5_0,G1-G3
leaf-gpu,sys1-ice2-p-swi-bel50,sw20p2,SU14 slot 40,mlx5_0,G1-G3
leaf-gpu,sys1-ice2-p-swi-bel50,sw21p1,SU14 slot 41,mlx5_0,G1-G3
leaf-gpu,sys1-ice2-p-swi-bel50,sw21p2,SU14 slot 42,mlx5_0,G1-G3
leaf-gpu,sys1-ice2-p-swi-bel50,sw22p1,SU14 slot 43,mlx5_0,G1-G3
leaf-gpu,sys1-ice2-p-swi-bel50,sw22p2,SU14 slot 44,mlx5_0,G1-G3
leaf-gpu,sys1-ice2-p-swi-bel50,sw23p1,SU14 slot 45,mlx5_0,G1-G3
leaf-gpu,sys1-ice2-p-swi-bel50,sw23p2,SU14 slot 46,mlx5_0,G1-G3
leaf-gpu,sys1-ice2-p-swi-bel50,sw24p1,SU14 slot 47,mlx5_0,G1-G3
leaf-gpu,sys1-ice2-p-swi-bel50,sw24p2,SU14 slot 48,mlx5_0,G1-G3
leaf-gpu,sys1-ice2-p-swi-bel50,sw25p1,SU14 slot 49,mlx5_0,G1-G3
leaf-gpu,sys1-ice2-p-swi-bel50,sw25p2,SU14 slot 50,mlx5_0,G1-G3
leaf-gpu,sys1-ice2-p-swi-bel50,sw26p1,SU14 slot 51,mlx5_0,G1-G3
leaf-gpu,sys1-ice2-p-swi-bel50,sw26p2,SU14 slot 52,mlx5_0,G1-G3
leaf-gpu,sys1-ice2-p-swi-bel50,sw27p1,SU14 slot 53,mlx5_0,G1-G3
leaf-gpu,sys1-ice2-p-swi-bel50,sw27p2,SU14 slot 54,mlx5_0,G1-G3
leaf-gpu,sys1-ice2-p-swi-bel50,sw28p1,SU14 slot 55,mlx5_0,G1-G3
leaf-gpu,sys1-ice2-p-swi-bel50,sw28p2,SU14 slot 56,mlx5_0,G1-G3
leaf-gpu,sys1-ice2-p-swi-bel50,sw29p1,SU14 slot 57,mlx5_0,G1-G3
leaf-gpu,sys1-ice2-p-swi-bel50,sw29p2,SU14 slot 58,mlx5_0,G1-G3
leaf-gpu,sys1-ice2-p-swi-bel50,sw30p1,SU14 slot 59,mlx5_0,G1-G3
leaf-gpu,sys1-ice2-p-swi-bel50,sw30p2,SU14 slot 60,mlx5_0,G1-G3
leaf-gpu,sys1-ice2-p-swi-bel50,sw31p1,SU14 slot 61,mlx5_0,G1-G3
leaf-gpu,sys1-ice2-p-swi-bel50,sw31p2,SU14 slot 62,mlx5_0,G1-G3
leaf-gpu,sys1-ice2-p-swi-bel50,sw32p1,SU14 slot 63,mlx5_0,G1-G3
leaf-gpu,sys1-ice2-p-swi-bel50,sw32p2,SU14 slot 64,mlx5_0,G1-G3
leaf-gpu,sys1-ice2-p-swi-bel50,sw33p1,SU14 slot 65,mlx5_0,G1-G3
leaf-gpu,sys1-ice2-p-swi-bel50,sw33p2,SU14 slot 66,mlx5_0,G1-G3
leaf-gpu,sys1-ice2-p-swi-bel50,sw34p1,SU14 slot 67,mlx5_0,G1-G3
leaf-gpu,sys1-ice2-p-swi-bel50,sw34p2,SU14 slot 68,mlx5_0,G1-G3
leaf-gpu,sys1-ice2-p-swi-bel50,sw35p1,SU14 slot 69,mlx5_0,G1-G3
leaf-gpu,sys1-ice2-p-swi-bel50,sw35p2,SU14 slot 70,mlx5_0,G1-G3
leaf-gpu,sys1-ice2-p-swi-bel50,sw36p1,SU14 slot 71,mlx5_0,G1-G3
leaf-gpu,sys1-ice2-p-swi-bel50,sw36p2,SU14 slot 72,mlx5_0,G1-G3
leaf-gpu,sys1-ice2-p-swi-bel51,sw1p1,SU15 slot 1,mlx5_0,G1-G3
leaf-gpu,sys1-ice2-p-swi-bel51,sw1p2,SU15 slot 2,mlx5_0,G1-G3
leaf-gpu,sys1-ice2-p-swi-bel51,sw2p1,SU15 slot 3,mlx5_0,G1-G3
leaf-gpu,sys1-ice2-p-swi-bel51,sw2p2,SU15 slot 4,mlx5_0,G1-G3
leaf-gpu,sys1-ice2-p-swi-bel51,sw3p1,SU15 slot 5,mlx5_0,G1-G3
leaf-gpu,sys1-ice2-p-swi-bel51,sw3p2,SU15 slot 6,mlx5_0,G1-G3
leaf-gpu,sys1-ice2-p-swi-bel51,sw4p1,SU15 slot 7,mlx5_0,G1-G3
leaf-gpu,sys1-ice2-p-swi-bel51,sw4p2,SU15 slot 8,mlx5_0,G1-G3
leaf-gpu,sys1-ice2-p-swi-bel51,sw5p1,SU15 slot 9,mlx5_0,G1-G3
leaf-gpu,sys1-ice2-p-swi-bel51,sw5p2,SU15 slot 10,mlx5_0,G1-G3
leaf-gpu,sys1-ice2-p-swi-bel51,sw6p1,SU15 slot 11,mlx5_0,G1-G3
leaf-gpu,sys1-ice2-p-swi-bel51,sw6p2,SU15 slot 12,mlx5_0,G1-G3
leaf-gpu,sys1-ice2-p-swi-bel51,sw7p1,SU15 slot 13,mlx5_0,G1-G3
leaf-gpu,sys1-ice2-p-swi-bel51,sw7p2,SU15 slot 14,mlx5_0,G1-G3
leaf-gpu,sys1-ice2-p-swi-bel51,sw8p1,SU15 slot 15,mlx5_0,G1-G3
leaf-gpu,sys1-ice2-p-swi-bel51,sw8p2,SU15 slot 16,mlx5_0,G1-G3
leaf-gpu,sys1-ice2-p-swi-bel51,sw9p1,SU15 slot 17,mlx5_0,G1-G3
leaf-gpu,sys1-ice2-p-swi-bel51,sw9p2,SU15 slot 18,mlx5_0,G1-G3
leaf-gpu,sys1-ice2-p-swi-bel51,sw10p1,SU15 slot 19,mlx5_0,G1-G3
leaf-gpu,sys1-ice2-p-swi-bel51,sw10p2,SU15 slot 20,mlx5_0,G1-G3
leaf-gpu,sys1-ice2-p-swi-bel51,sw11p1,SU15 slot 21,mlx5_0,G1-G3
leaf-gpu,sys1-ice2-p-swi-bel51,sw11p2,SU15 slot 22,mlx5_0,G1-G3
leaf-gpu,sys1-ice2-p-swi-bel51,sw12p1,SU15 slot 23,mlx5_0,G1-G3
leaf-gpu,sys1-ice2-p-swi-bel51,sw12p2,SU15 slot 24,mlx5_0,G1-G3
leaf-gpu,sys1-ice2-p-swi-bel51,sw13p1,SU15 slot 25,mlx5_0,G1-G3
leaf-gpu,sys1-ice2-p-swi-bel51,sw13p2,SU15 slot 26,mlx5_0,G1-G3
leaf-gpu,sys1-ice2-p-swi-bel51,sw14p1,SU15 slot 27,mlx5_0,G1-G3
leaf-gpu,sys1-ice2-p-swi-bel51,sw14p2,SU15 slot 28,mlx5_0,G1-G3
leaf-gpu,sys1-ice2-p-swi-bel51,sw15p1,SU15 slot 29,mlx5_0,G1-G3
leaf-gpu,sys1-ice2-p-swi-bel51,sw15p2,SU15 slot 30,mlx5_0,G1-G3
leaf-gpu,sys1-ice2-p-swi-bel51,sw16p1,SU15 slot 31,mlx5_0,G1-G3
leaf-gpu,sys1-ice2-p-swi-bel51,sw16p2,SU15 slot 32,mlx5_0,G1-G3
leaf-gpu,sys1-ice2-p-swi-bel51,sw17p1,SU15 slot 33,mlx5_0,G1-G3
leaf-gpu,sys1-ice2-p-swi-bel51,sw17p2,SU15 slot 34,mlx5_0,G1-G3
leaf-gpu,sys1-ice2-p-swi-bel51,sw18p1,SU15 slot 35,mlx5_0,G1-G3
leaf-gpu,sys1-ice2-p-swi-bel51,sw18p2,SU15 slot 36,mlx5_0,G1-G3
leaf-gpu,sys1-ice2-p-swi-bel51,sw19p1,SU15 slot 37,mlx5_0,G1-G3
leaf-gpu,sys1-ice2-p-swi-bel51,sw19p2,SU15 slot 38,mlx5_0,G1-G3
leaf-gpu,sys1-ice2-p-swi-bel51,sw20p1,SU15 slot 39,mlx5_0,G1-G3
leaf-gpu,sys1-ice2-p-swi-bel51,sw20p2,SU15 slot 40,mlx5_0,G1-G3
leaf-gpu,sys1-ice2-p-swi-bel51,sw21p1,SU15 slot 41,mlx5_0,G1-G3
leaf-gpu,sys1-ice2-p-swi-bel51,sw21p2,SU15 slot 42,mlx5_0,G1-G3
leaf-gpu,sys1-ice2-p-swi-bel51,sw22p1,SU15 slot 43,mlx5_0,G1-G3
leaf-gpu,sys1-ice2-p-swi-bel51,sw22p2,SU15 slot 44,mlx5_0,G1-G3
leaf-gpu,sys1-ice2-p-swi-bel51,sw23p1,SU15 slot 45,mlx5_0,G1-G3
leaf-gpu,sys1-ice2-p-swi-bel51,sw23p2,SU15 slot 46,mlx5_0,G1-G3
leaf-gpu,sys1-ice2-p-swi-bel51,sw24p1,SU15 slot 47,mlx5_0,G1-G3
leaf-gpu,sys1-ice2-p-swi-bel51,sw24p2,SU15 slot 48,mlx5_0,G1-G3
leaf-gpu,sys1-ice2-p-swi-bel51,sw25p1,SU15 slot 49,mlx5_0,G1-G3
leaf-gpu,sys1-ice2-p-swi-bel51,sw25p2,SU15 slot 50,mlx5_0,G1-G3
leaf-gpu,sys1-ice2-p-swi-bel51,sw26p1,SU15 slot 51,mlx5_0,G1-G3
leaf-gpu,sys1-ice2-p-swi-bel51,sw26p2,SU15 slot 52,mlx5_0,G1-G3
leaf-gpu,sys1-ice2-p-swi-bel51,sw27p1,SU15 slot 53,mlx5_0,G1-G3
leaf-gpu,sys1-ice2-p-swi-bel51,sw27p2,SU15 slot 54,mlx5_0,G1-G3
leaf-gpu,sys1-ice2-p-swi-bel51,sw28p1,SU15 slot 55,mlx5_0,G1-G3
leaf-gpu,sys1-ice2-p-swi-bel51,sw28p2,SU15 slot 56,mlx5_0,G1-G3
leaf-gpu,sys1-ice2-p-swi-bel51,sw29p1,SU15 slot 57,mlx5_0,G1-G3
leaf-gpu,sys1-ice2-p-swi-bel51,sw29p2,SU15 slot 58,mlx5_0,G1-G3
leaf-gpu,sys1-ice2-p-swi-bel51,sw30p1,SU15 slot 59,mlx5_0,G1-G3
leaf-gpu,sys1-ice2-p-swi-bel51,sw30p2,SU15 slot 60,mlx5_0,G1-G3
leaf-gpu,sys1-ice2-p-swi-bel51,sw31p1,SU15 slot 61,mlx5_0,G1-G3
leaf-gpu,sys1-ice2-p-swi-bel51,sw31p2,SU15 slot 62,mlx5_0,G1-G3
leaf-gpu,sys1-ice2-p-swi-bel51,sw32p1,SU15 slot 63,mlx5_0,G1-G3
leaf-gpu,sys1-ice2-p-swi-bel51,sw32p2,SU15 slot 64,mlx5_0,G1-G3
leaf-gpu,sys1-ice2-p-swi-bel51,sw33p1,SU15 slot 65,mlx5_0,G1-G3
leaf-gpu,sys1-ice2-p-swi-bel51,sw33p2,SU15 slot 66,mlx5_0,G1-G3
leaf-gpu,sys1-ice2-p-swi-bel51,sw34p1,SU15 slot 67,mlx5_0,G1-G3
leaf-gpu,sys1-ice2-p-swi-bel51,sw34p2,SU15 slot 68,mlx5_0,G1-G3
leaf-gpu,sys1-ice2-p-swi-bel51,sw35p1,SU15 slot 69,mlx5_0,G1-G3
leaf-gpu,sys1-ice2-p-swi-bel51,sw35p2,SU15 slot 70,mlx5_0,G1-G3
leaf-gpu,sys1-ice2-p-swi-bel51,sw36p1,SU15 slot 71,mlx5_0,G1-G3
leaf-gpu,sys1-ice2-p-swi-bel51,sw36p2,SU15 slot 72,mlx5_0,G1-G3
leaf-gpu,sys1-ice2-p-swi-bel52,sw1p1,SU16 slot 1,mlx5_0,G1-G3
leaf-gpu,sys1-ice2-p-swi-bel52,sw1p2,SU16 slot 2,mlx5_0,G1-G3
leaf-gpu,sys1-ice2-p-swi-bel52,sw2p1,SU16 slot 3,mlx5_0,G1-G3
leaf-gpu,sys1-ice2-p-swi-bel52,sw2p2,SU16 slot 4,mlx5_0,G1-G3
leaf-gpu,sys1-ice2-p-swi-bel52,sw3p1,SU16 slot 5,mlx5_0,G1-G3
leaf-gpu,sys1-ice2-p-swi-bel52,sw3p2,SU16 slot 6,mlx5_0,G1-G3
leaf-gpu,sys1-ice2-p-swi-bel52,sw4p1,SU16 slot 7,mlx5_0,G1-G3
leaf-gpu,sys1-ice2-p-swi-bel52,sw4p2,SU16 slot 8,mlx5_0,G1-G3
leaf-gpu,sys1-ice2-p-swi-bel52,sw5p1,SU16 slot 9,mlx5_0,G1-G3
leaf-gpu,sys1-ice2-p-swi-bel52,sw5p2,SU16 slot 10,mlx5_0,G1-G3
leaf-gpu,sys1-ice2-p-swi-bel52,sw6p1,SU16 slot 11,mlx5_0,G1-G3
leaf-gpu,sys1-ice2-p-swi-bel52,sw6p2,SU16 slot 12,mlx5_0,G1-G3
leaf-gpu,sys1-ice2-p-swi-bel52,sw7p1,SU16 slot 13,mlx5_0,G1-G3
leaf-gpu,sys1-ice2-p-swi-bel52,sw7p2,SU16 slot 14,mlx5_0,G1-G3
leaf-gpu,sys1-ice2-p-swi-bel52,sw8p1,SU16 slot 15,mlx5_0,G1-G3
leaf-gpu,sys1-ice2-p-swi-bel52,sw8p2,SU16 slot 16,mlx5_0,G1-G3
leaf-gpu,sys1-ice2-p-swi-bel52,sw9p1,SU16 slot 17,mlx5_0,G1-G3
leaf-gpu,sys1-ice2-p-swi-bel52,sw9p2,SU16 slot 18,mlx5_0,G1-G3
leaf-gpu,sys1-ice2-p-swi-bel52,sw10p1,SU16 slot 19,mlx5_0,G1-G3
leaf-gpu,sys1-ice2-p-swi-bel52,sw10p2,SU16 slot 20,mlx5_0,G1-G3
leaf-gpu,sys1-ice2-p-swi-bel52,sw11p1,SU16 slot 21,mlx5_0,G1-G3
leaf-gpu,sys1-ice2-p-swi-bel52,sw11p2,SU16 slot 22,mlx5_0,G1-G3
leaf-gpu,sys1-ice2-p-swi-bel52,sw12p1,SU16 slot 23,mlx5_0,G1-G3
leaf-gpu,sys1-ice2-p-swi-bel52,sw12p2,SU16 slot 24,mlx5_0,G1-G3
leaf-gpu,sys1-ice2-p-swi-bel52,sw13p1,SU16 slot 25,mlx5_0,G1-G3
leaf-gpu,sys1-ice2-p-swi-bel52,sw13p2,SU16 slot 26,mlx5_0,G1-G3
leaf-gpu,sys1-ice2-p-swi-bel52,sw14p1,SU16 slot 27,mlx5_0,G1-G3
leaf-gpu,sys1-ice2-p-swi-bel52,sw14p2,SU16 slot 28,mlx5_0,G1-G3
leaf-gpu,sys1-ice2-p-swi-bel52,sw15p1,SU16 slot 29,mlx5_0,G1-G3
leaf-gpu,sys1-ice2-p-swi-bel52,sw15p2,SU16 slot 30,mlx5_0,G1-G3
leaf-gpu,sys1-ice2-p-swi-bel52,sw16p1,SU16 slot 31,mlx5_0,G1-G3
leaf-gpu,sys1-ice2-p-swi-bel52,sw16p2,SU16 slot 32,mlx5_0,G1-G3
leaf-gpu,sys1-ice2-p-swi-bel52,sw17p1,SU16 slot 33,mlx5_0,G1-G3
leaf-gpu,sys1-ice2-p-swi-bel52,sw17p2,SU16 slot 34,mlx5_0,G1-G3
leaf-gpu,sys1-ice2-p-swi-bel52,sw18p1,SU16 slot 35,mlx5_0,G1-G3
leaf-gpu,sys1-ice2-p-swi-bel52,sw18p2,SU16 slot 36,mlx5_0,G1-G3
leaf-gpu,sys1-ice2-p-swi-bel52,sw19p1,SU16 slot 37,mlx5_0,G1-G3
leaf-gpu,sys1-ice2-p-swi-bel52,sw19p2,SU16 slot 38,mlx5_0,G1-G3
leaf-gpu,sys1-ice2-p-swi-bel52,sw20p1,SU16 slot 39,mlx5_0,G1-G3
leaf-gpu,sys1-ice2-p-swi-bel52,sw20p2,SU16 slot 40,mlx5_0,G1-G3
leaf-gpu,sys1-ice2-p-swi-bel52,sw21p1,SU16 slot 41,mlx5_0,G1-G3
leaf-gpu,sys1-ice2-p-swi-bel52,sw21p2,SU16 slot 42,mlx5_0,G1-G3
leaf-gpu,sys1-ice2-p-swi-bel52,sw22p1,SU16 slot 43,mlx5_0,G1-G3
leaf-gpu,sys1-ice2-p-swi-bel52,sw22p2,SU16 slot 44,mlx5_0,G1-G3
leaf-gpu,sys1-ice2-p-swi-bel52,sw23p1,SU16 slot 45,mlx5_0,G1-G3
leaf-gpu,sys1-ice2-p-swi-bel52,sw23p2,SU16 slot 46,mlx5_0,G1-G3
leaf-gpu,sys1-ice2-p-swi-bel52,sw24p1,SU16 slot 47,mlx5_0,G1-G3
leaf-gpu,sys1-ice2-p-swi-bel52,sw24p2,SU16 slot 48,mlx5_0,G1-G3
leaf-gpu,sys1-ice2-p-swi-bel52,sw25p1,SU16 slot 49,mlx5_0,G1-G3
leaf-gpu,sys1-ice2-p-swi-bel52,sw25p2,SU16 slot 50,mlx5_0,G1-G3
leaf-gpu,sys1-ice2-p-swi-bel52,sw26p1,SU16 slot 51,mlx5_0,G1-G3
leaf-gpu,sys1-ice2-p-swi-bel52,sw26p2,SU16 slot 52,mlx5_0,G1-G3
leaf-gpu,sys1-ice2-p-swi-bel52,sw27p1,SU16 slot 53,mlx5_0,G1-G3
leaf-gpu,sys1-ice2-p-swi-bel52,sw27p2,SU16 slot 54,mlx5_0,G1-G3
leaf-gpu,sys1-ice2-p-swi-bel52,sw28p1,SU16 slot 55,mlx5_0,G1-G3
leaf-gpu,sys1-ice2-p-swi-bel52,sw28p2,SU16 slot 56,mlx5_0,G1-G3
leaf-gpu,sys1-ice2-p-swi-bel52,sw29p1,SU16 slot 57,mlx5_0,G1-G3
leaf-gpu,sys1-ice2-p-swi-bel52,sw29p2,SU16 slot 58,mlx5_0,G1-G3
leaf-gpu,sys1-ice2-p-swi-bel52,sw30p1,SU16 slot 59,mlx5_0,G1-G3
leaf-gpu,sys1-ice2-p-swi-bel52,sw30p2,SU16 slot 60,mlx5_0,G1-G3
leaf-gpu,sys1-ice2-p-swi-bel52,sw31p1,SU16 slot 61,mlx5_0,G1-G3
leaf-gpu,sys1-ice2-p-swi-bel52,sw31p2,SU16 slot 62,mlx5_0,G1-G3
leaf-gpu,sys1-ice2-p-swi-bel52,sw32p1,SU16 slot 63,mlx5_0,G1-G3
leaf-gpu,sys1-ice2-p-swi-bel52,sw32p2,SU16 slot 64,mlx5_0,G1-G3
leaf-gpu,sys1-ice2-p-swi-bel52,sw33p1,SU16 slot 65,mlx5_0,G1-G3
leaf-gpu,sys1-ice2-p-swi-bel52,sw33p2,SU16 slot 66,mlx5_0,G1-G3
leaf-gpu,sys1-ice2-p-swi-bel52,sw34p1,SU16 slot 67,mlx5_0,G1-G3
leaf-gpu,sys1-ice2-p-swi-bel52,sw34p2,SU16 slot 68,mlx5_0,G1-G3
leaf-gpu,sys1-ice2-p-swi-bel52,sw35p1,SU16 slot 69,mlx5_0,G1-G3
leaf-gpu,sys1-ice2-p-swi-bel52,sw35p2,SU16 slot 70,mlx5_0,G1-G3
leaf-gpu,sys1-ice2-p-swi-bel52,sw36p1,SU16 slot 71,mlx5_0,G1-G3
leaf-gpu,sys1-ice2-p-swi-bel52,sw36p2,SU16 slot 72,mlx5_0,G1-G3
leaf-gpu,sys1-ice2-p-swi-bel53,sw1p1,SU13 slot 1,mlx5_1,G1-G3
leaf-gpu,sys1-ice2-p-swi-bel53,sw1p2,SU13 slot 2,mlx5_1,G1-G3
leaf-gpu,sys1-ice2-p-swi-bel53,sw2p1,SU13 slot 3,mlx5_1,G1-G3
leaf-gpu,sys1-ice2-p-swi-bel53,sw2p2,SU13 slot 4,mlx5_1,G1-G3
leaf-gpu,sys1-ice2-p-swi-bel53,sw3p1,SU13 slot 5,mlx5_1,G1-G3
leaf-gpu,sys1-ice2-p-swi-bel53,sw3p2,SU13 slot 6,mlx5_1,G1-G3
leaf-gpu,sys1-ice2-p-swi-bel53,sw4p1,SU13 slot 7,mlx5_1,G1-G3
leaf-gpu,sys1-ice2-p-swi-bel53,sw4p2,SU13 slot 8,mlx5_1,G1-G3
leaf-gpu,sys1-ice2-p-swi-bel53,sw5p1,SU13 slot 9,mlx5_1,G1-G3
leaf-gpu,sys1-ice2-p-swi-bel53,sw5p2,SU13 slot 10,mlx5_1,G1-G3
leaf-gpu,sys1-ice2-p-swi-bel53,sw6p1,SU13 slot 11,mlx5_1,G1-G3
leaf-gpu,sys1-ice2-p-swi-bel53,sw6p2,SU13 slot 12,mlx5_1,G1-G3
leaf-gpu,sys1-ice2-p-swi-bel53,sw7p1,SU13 slot 13,mlx5_1,G1-G3
leaf-gpu,sys1-ice2-p-swi-bel53,sw7p2,SU13 slot 14,mlx5_1,G1-G3
leaf-gpu,sys1-ice2-p-swi-bel53,sw8p1,SU13 slot 15,mlx5_1,G1-G3
leaf-gpu,sys1-ice2-p-swi-bel53,sw8p2,SU13 slot 16,mlx5_1,G1-G3
leaf-gpu,sys1-ice2-p-swi-bel53,sw9p1,SU13 slot 17,mlx5_1,G1-G3
leaf-gpu,sys1-ice2-p-swi-bel53,sw9p2,SU13 slot 18,mlx5_1,G1-G3
leaf-gpu,sys1-ice2-p-swi-bel53,sw10p1,SU13 slot 19,mlx5_1,G1-G3
leaf-gpu,sys1-ice2-p-swi-bel53,sw10p2,SU13 slot 20,mlx5_1,G1-G3
leaf-gpu,sys1-ice2-p-swi-bel53,sw11p1,SU13 slot 21,mlx5_1,G1-G3
leaf-gpu,sys1-ice2-p-swi-bel53,sw11p2,SU13 slot 22,mlx5_1,G1-G3
leaf-gpu,sys1-ice2-p-swi-bel53,sw12p1,SU13 slot 23,mlx5_1,G1-G3
leaf-gpu,sys1-ice2-p-swi-bel53,sw12p2,SU13 slot 24,mlx5_1,G1-G3
leaf-gpu,sys1-ice2-p-swi-bel53,sw13p1,SU13 slot 25,mlx5_1,G1-G3
leaf-gpu,sys1-ice2-p-swi-bel53,sw13p2,SU13 slot 26,mlx5_1,G1-G3
leaf-gpu,sys1-ice2-p-swi-bel53,sw14p1,SU13 slot 27,mlx5_1,G1-G3
leaf-gpu,sys1-ice2-p-swi-bel53,sw14p2,SU13 slot 28,mlx5_1,G1-G3
leaf-gpu,sys1-ice2-p-swi-bel53,sw15p1,SU13 slot 29,mlx5_1,G1-G3
leaf-gpu,sys1-ice2-p-swi-bel53,sw15p2,SU13 slot 30,mlx5_1,G1-G3
leaf-gpu,sys1-ice2-p-swi-bel53,sw16p1,SU13 slot 31,mlx5_1,G1-G3
leaf-gpu,sys1-ice2-p-swi-bel53,sw16p2,SU13 slot 32,mlx5_1,G1-G3
leaf-gpu,sys1-ice2-p-swi-bel53,sw17p1,SU13 slot 33,mlx5_1,G1-G3
leaf-gpu,sys1-ice2-p-swi-bel53,sw17p2,SU13 slot 34,mlx5_1,G1-G3
leaf-gpu,sys1-ice2-p-swi-bel53,sw18p1,SU13 slot 35,mlx5_1,G1-G3
leaf-gpu,sys1-ice2-p-swi-bel53,sw18p2,SU13 slot 36,mlx5_1,G1-G3
leaf-gpu,sys1-ice2-p-swi-bel53,sw19p1,SU13 slot 37,mlx5_1,G1-G3
leaf-gpu,sys1-ice2-p-swi-bel53,sw19p2,SU13 slot 38,mlx5_1,G1-G3
leaf-gpu,sys1-ice2-p-swi-bel53,sw20p1,SU13 slot 39,mlx5_1,G1-G3
leaf-gpu,sys1-ice2-p-swi-bel53,sw20p2,SU13 slot 40,mlx5_1,G1-G3
leaf-gpu,sys1-ice2-p-swi-bel53,sw21p1,SU13 slot 41,mlx5_1,G1-G3
leaf-gpu,sys1-ice2-p-swi-bel53,sw21p2,SU13 slot 42,mlx5_1,G1-G3
leaf-gpu,sys1-ice2-p-swi-bel53,sw22p1,SU13 slot 43,mlx5_1,G1-G3
leaf-gpu,sys1-ice2-p-swi-bel53,sw22p2,SU13 slot 44,mlx5_1,G1-G3
leaf-gpu,sys1-ice2-p-swi-bel53,sw23p1,SU13 slot 45,mlx5_1,G1-G3
leaf-gpu,sys1-ice2-p-swi-bel53,sw23p2,SU13 slot 46,mlx5_1,G1-G3
leaf-gpu,sys1-ice2-p-swi-bel53,sw24p1,SU13 slot 47,mlx5_1,G1-G3
leaf-gpu,sys1-ice2-p-swi-bel53,sw24p2,SU13 slot 48,mlx5_1,G1-G3
leaf-gpu,sys1-ice2-p-swi-bel53,sw25p1,SU13 slot 49,mlx5_1,G1-G3
leaf-gpu,sys1-ice2-p-swi-bel53,sw25p2,SU13 slot 50,mlx5_1,G1-G3
leaf-gpu,sys1-ice2-p-swi-bel53,sw26p1,SU13 slot 51,mlx5_1,G1-G3
leaf-gpu,sys1-ice2-p-swi-bel53,sw26p2,SU13 slot 52,mlx5_1,G1-G3
leaf-gpu,sys1-ice2-p-swi-bel53,sw27p1,SU13 slot 53,mlx5_1,G1-G3
leaf-gpu,sys1-ice2-p-swi-bel53,sw27p2,SU13 slot 54,mlx5_1,G1-G3
leaf-gpu,sys1-ice2-p-swi-bel53,sw28p1,SU13 slot 55,mlx5_1,G1-G3
leaf-gpu,sys1-ice2-p-swi-bel53,sw28p2,SU13 slot 56,mlx5_1,G1-G3
leaf-gpu,sys1-ice2-p-swi-bel53,sw29p1,SU13 slot 57,mlx5_1,G1-G3
leaf-gpu,sys1-ice2-p-swi-bel53,sw29p2,SU13 slot 58,mlx5_1,G1-G3
leaf-gpu,sys1-ice2-p-swi-bel53,sw30p1,SU13 slot 59,mlx5_1,G1-G3
leaf-gpu,sys1-ice2-p-swi-bel53,sw30p2,SU13 slot 60,mlx5_1,G1-G3
leaf-gpu,sys1-ice2-p-swi-bel53,sw31p1,SU13 slot 61,mlx5_1,G1-G3
leaf-gpu,sys1-ice2-p-swi-bel53,sw31p2,SU13 slot 62,mlx5_1,G1-G3
leaf-gpu,sys1-ice2-p-swi-bel53,sw32p1,SU13 slot 63,mlx5_1,G1-G3
leaf-gpu,sys1-ice2-p-swi-bel53,sw32p2,SU13 slot 64,mlx5_1,G1-G3
leaf-gpu,sys1-ice2-p-swi-bel53,sw33p1,SU13 slot 65,mlx5_1,G1-G3
leaf-gpu,sys1-ice2-p-swi-bel53,sw33p2,SU13 slot 66,mlx5_1,G1-G3
leaf-gpu,sys1-ice2-p-swi-bel53,sw34p1,SU13 slot 67,mlx5_1,G1-G3
leaf-gpu,sys1-ice2-p-swi-bel53,sw34p2,SU13 slot 68,mlx5_1,G1-G3
leaf-gpu,sys1-ice2-p-swi-bel53,sw35p1,SU13 slot 69,mlx5_1,G1-G3
leaf-gpu,sys1-ice2-p-swi-bel53,sw35p2,SU13 slot 70,mlx5_1,G1-G3
leaf-gpu,sys1-ice2-p-swi-bel53,sw36p1,SU13 slot 71,mlx5_1,G1-G3
leaf-gpu,sys1-ice2-p-swi-bel53,sw36p2,SU13 slot 72,mlx5_1,G1-G3
leaf-gpu,sys1-ice2-p-swi-bel54,sw1p1,SU14 slot 1,mlx5_1,G1-G3
leaf-gpu,sys1-ice2-p-swi-bel54,sw1p2,SU14 slot 2,mlx5_1,G1-G3
leaf-gpu,sys1-ice2-p-swi-bel54,sw2p1,SU14 slot 3,mlx5_1,G1-G3
leaf-gpu,sys1-ice2-p-swi-bel54,sw2p2,SU14 slot 4,mlx5_1,G1-G3
leaf-gpu,sys1-ice2-p-swi-bel54,sw3p1,SU14 slot 5,mlx5_1,G1-G3
leaf-gpu,sys1-ice2-p-swi-bel54,sw3p2,SU14 slot 6,mlx5_1,G1-G3
leaf-gpu,sys1-ice2-p-swi-bel54,sw4p1,SU14 slot 7,mlx5_1,G1-G3
leaf-gpu,sys1-ice2-p-swi-bel54,sw4p2,SU14 slot 8,mlx5_1,G1-G3
leaf-gpu,sys1-ice2-p-swi-bel54,sw5p1,SU14 slot 9,mlx5_1,G1-G3
leaf-gpu,sys1-ice2-p-swi-bel54,sw5p2,SU14 slot 10,mlx5_1,G1-G3
leaf-gpu,sys1-ice2-p-swi-bel54,sw6p1,SU14 slot 11,mlx5_1,G1-G3
leaf-gpu,sys1-ice2-p-swi-bel54,sw6p2,SU14 slot 12,mlx5_1,G1-G3
leaf-gpu,sys1-ice2-p-swi-bel54,sw7p1,SU14 slot 13,mlx5_1,G1-G3
leaf-gpu,sys1-ice2-p-swi-bel54,sw7p2,SU14 slot 14,mlx5_1,G1-G3
leaf-gpu,sys1-ice2-p-swi-bel54,sw8p1,SU14 slot 15,mlx5_1,G1-G3
leaf-gpu,sys1-ice2-p-swi-bel54,sw8p2,SU14 slot 16,mlx5_1,G1-G3
leaf-gpu,sys1-ice2-p-swi-bel54,sw9p1,SU14 slot 17,mlx5_1,G1-G3
leaf-gpu,sys1-ice2-p-swi-bel54,sw9p2,SU14 slot 18,mlx5_1,G1-G3
leaf-gpu,sys1-ice2-p-swi-bel54,sw10p1,SU14 slot 19,mlx5_1,G1-G3
leaf-gpu,sys1-ice2-p-swi-bel54,sw10p2,SU14 slot 20,mlx5_1,G1-G3
leaf-gpu,sys1-ice2-p-swi-bel54,sw11p1,SU14 slot 21,mlx5_1,G1-G3
leaf-gpu,sys1-ice2-p-swi-bel54,sw11p2,SU14 slot 22,mlx5_1,G1-G3
leaf-gpu,sys1-ice2-p-swi-bel54,sw12p1,SU14 slot 23,mlx5_1,G1-G3
leaf-gpu,sys1-ice2-p-swi-bel54,sw12p2,SU14 slot 24,mlx5_1,G1-G3
leaf-gpu,sys1-ice2-p-swi-bel54,sw13p1,SU14 slot 25,mlx5_1,G1-G3
leaf-gpu,sys1-ice2-p-swi-bel54,sw13p2,SU14 slot 26,mlx5_1,G1-G3
leaf-gpu,sys1-ice2-p-swi-bel54,sw14p1,SU14 slot 27,mlx5_1,G1-G3
leaf-gpu,sys1-ice2-p-swi-bel54,sw14p2,SU14 slot 28,mlx5_1,G1-G3
leaf-gpu,sys1-ice2-p-swi-bel54,sw15p1,SU14 slot 29,mlx5_1,G1-G3
leaf-gpu,sys1-ice2-p-swi-bel54,sw15p2,SU14 slot 30,mlx5_1,G1-G3
leaf-gpu,sys1-ice2-p-swi-bel54,sw16p1,SU14 slot 31,mlx5_1,G1-G3
leaf-gpu,sys1-ice2-p-swi-bel54,sw16p2,SU14 slot 32,mlx5_1,G1-G3
leaf-gpu,sys1-ice2-p-swi-bel54,sw17p1,SU14 slot 33,mlx5_1,G1-G3
leaf-gpu,sys1-ice2-p-swi-bel54,sw17p2,SU14 slot 34,mlx5_1,G1-G3
leaf-gpu,sys1-ice2-p-swi-bel54,sw18p1,SU14 slot 35,mlx5_1,G1-G3
leaf-gpu,sys1-ice2-p-swi-bel54,sw18p2,SU14 slot 36,mlx5_1,G1-G3
leaf-gpu,sys1-ice2-p-swi-bel54,sw19p1,SU14 slot 37,mlx5_1,G1-G3
leaf-gpu,sys1-ice2-p-swi-bel54,sw19p2,SU14 slot 38,mlx5_1,G1-G3
leaf-gpu,sys1-ice2-p-swi-bel54,sw20p1,SU14 slot 39,mlx5_1,G1-G3
leaf-gpu,sys1-ice2-p-swi-bel54,sw20p2,SU14 slot 40,mlx5_1,G1-G3
leaf-gpu,sys1-ice2-p-swi-bel54,sw21p1,SU14 slot 41,mlx5_1,G1-G3
leaf-gpu,sys1-ice2-p-swi-bel54,sw21p2,SU14 slot 42,mlx5_1,G1-G3
leaf-gpu,sys1-ice2-p-swi-bel54,sw22p1,SU14 slot 43,mlx5_1,G1-G3
leaf-gpu,sys1-ice2-p-swi-bel54,sw22p2,SU14 slot 44,mlx5_1,G1-G3
leaf-gpu,sys1-ice2-p-swi-bel54,sw23p1,SU14 slot 45,mlx5_1,G1-G3
leaf-gpu,sys1-ice2-p-swi-bel54,sw23p2,SU14 slot 46,mlx5_1,G1-G3
leaf-gpu,sys1-ice2-p-swi-bel54,sw24p1,SU14 slot 47,mlx5_1,G1-G3
leaf-gpu,sys1-ice2-p-swi-bel54,sw24p2,SU14 slot 48,mlx5_1,G1-G3
leaf-gpu,sys1-ice2-p-swi-bel54,sw25p1,SU14 slot 49,mlx5_1,G1-G3
leaf-gpu,sys1-ice2-p-swi-bel54,sw25p2,SU14 slot 50,mlx5_1,G1-G3
leaf-gpu,sys1-ice2-p-swi-bel54,sw26p1,SU14 slot 51,mlx5_1,G1-G3
leaf-gpu,sys1-ice2-p-swi-bel54,sw26p2,SU14 slot 52,mlx5_1,G1-G3
leaf-gpu,sys1-ice2-p-swi-bel54,sw27p1,SU14 slot 53,mlx5_1,G1-G3
leaf-gpu,sys1-ice2-p-swi-bel54,sw27p2,SU14 slot 54,mlx5_1,G1-G3
leaf-gpu,sys1-ice2-p-swi-bel54,sw28p1,SU14 slot 55,mlx5_1,G1-G3
leaf-gpu,sys1-ice2-p-swi-bel54,sw28p2,SU14 slot 56,mlx5_1,G1-G3
leaf-gpu,sys1-ice2-p-swi-bel54,sw29p1,SU14 slot 57,mlx5_1,G1-G3
leaf-gpu,sys1-ice2-p-swi-bel54,sw29p2,SU14 slot 58,mlx5_1,G1-G3
leaf-gpu,sys1-ice2-p-swi-bel54,sw30p1,SU14 slot 59,mlx5_1,G1-G3
leaf-gpu,sys1-ice2-p-swi-bel54,sw30p2,SU14 slot 60,mlx5_1,G1-G3
leaf-gpu,sys1-ice2-p-swi-bel54,sw31p1,SU14 slot 61,mlx5_1,G1-G3
leaf-gpu,sys1-ice2-p-swi-bel54,sw31p2,SU14 slot 62,mlx5_1,G1-G3
leaf-gpu,sys1-ice2-p-swi-bel54,sw32p1,SU14 slot 63,mlx5_1,G1-G3
leaf-gpu,sys1-ice2-p-swi-bel54,sw32p2,SU14 slot 64,mlx5_1,G1-G3
leaf-gpu,sys1-ice2-p-swi-bel54,sw33p1,SU14 slot 65,mlx5_1,G1-G3
leaf-gpu,sys1-ice2-p-swi-bel54,sw33p2,SU14 slot 66,mlx5_1,G1-G3
leaf-gpu,sys1-ice2-p-swi-bel54,sw34p1,SU14 slot 67,mlx5_1,G1-G3
leaf-gpu,sys1-ice2-p-swi-bel54,sw34p2,SU14 slot 68,mlx5_1,G1-G3
leaf-gpu,sys1-ice2-p-swi-bel54,sw35p1,SU14 slot 69,mlx5_1,G1-G3
leaf-gpu,sys1-ice2-p-swi-bel54,sw35p2,SU14 slot 70,mlx5_1,G1-G3
leaf-gpu,sys1-ice2-p-swi-bel54,sw36p1,SU14 slot 71,mlx5_1,G1-G3
leaf-gpu,sys1-ice2-p-swi-bel54,sw36p2,SU14 slot 72,mlx5_1,G1-G3
leaf-gpu,sys1-ice2-p-swi-bel55,sw1p1,SU15 slot 1,mlx5_1,G1-G3
leaf-gpu,sys1-ice2-p-swi-bel55,sw1p2,SU15 slot 2,mlx5_1,G1-G3
leaf-gpu,sys1-ice2-p-swi-bel55,sw2p1,SU15 slot 3,mlx5_1,G1-G3
leaf-gpu,sys1-ice2-p-swi-bel55,sw2p2,SU15 slot 4,mlx5_1,G1-G3
leaf-gpu,sys1-ice2-p-swi-bel55,sw3p1,SU15 slot 5,mlx5_1,G1-G3
leaf-gpu,sys1-ice2-p-swi-bel55,sw3p2,SU15 slot 6,mlx5_1,G1-G3
leaf-gpu,sys1-ice2-p-swi-bel55,sw4p1,SU15 slot 7,mlx5_1,G1-G3
leaf-gpu,sys1-ice2-p-swi-bel55,sw4p2,SU15 slot 8,mlx5_1,G1-G3
leaf-gpu,sys1-ice2-p-swi-bel55,sw5p1,SU15 slot 9,mlx5_1,G1-G3
leaf-gpu,sys1-ice2-p-swi-bel55,sw5p2,SU15 slot 10,mlx5_1,G1-G3
leaf-gpu,sys1-ice2-p-swi-bel55,sw6p1,SU15 slot 11,mlx5_1,G1-G3
leaf-gpu,sys1-ice2-p-swi-bel55,sw6p2,SU15 slot 12,mlx5_1,G1-G3
leaf-gpu,sys1-ice2-p-swi-bel55,sw7p1,SU15 slot 13,mlx5_1,G1-G3
leaf-gpu,sys1-ice2-p-swi-bel55,sw7p2,SU15 slot 14,mlx5_1,G1-G3
leaf-gpu,sys1-ice2-p-swi-bel55,sw8p1,SU15 slot 15,mlx5_1,G1-G3
leaf-gpu,sys1-ice2-p-swi-bel55,sw8p2,SU15 slot 16,mlx5_1,G1-G3
leaf-gpu,sys1-ice2-p-swi-bel55,sw9p1,SU15 slot 17,mlx5_1,G1-G3
leaf-gpu,sys1-ice2-p-swi-bel55,sw9p2,SU15 slot 18,mlx5_1,G1-G3
leaf-gpu,sys1-ice2-p-swi-bel55,sw10p1,SU15 slot 19,mlx5_1,G1-G3
leaf-gpu,sys1-ice2-p-swi-bel55,sw10p2,SU15 slot 20,mlx5_1,G1-G3
leaf-gpu,sys1-ice2-p-swi-bel55,sw11p1,SU15 slot 21,mlx5_1,G1-G3
leaf-gpu,sys1-ice2-p-swi-bel55,sw11p2,SU15 slot 22,mlx5_1,G1-G3
leaf-gpu,sys1-ice2-p-swi-bel55,sw12p1,SU15 slot 23,mlx5_1,G1-G3
leaf-gpu,sys1-ice2-p-swi-bel55,sw12p2,SU15 slot 24,mlx5_1,G1-G3
leaf-gpu,sys1-ice2-p-swi-bel55,sw13p1,SU15 slot 25,mlx5_1,G1-G3
leaf-gpu,sys1-ice2-p-swi-bel55,sw13p2,SU15 slot 26,mlx5_1,G1-G3
leaf-gpu,sys1-ice2-p-swi-bel55,sw14p1,SU15 slot 27,mlx5_1,G1-G3
leaf-gpu,sys1-ice2-p-swi-bel55,sw14p2,SU15 slot 28,mlx5_1,G1-G3
leaf-gpu,sys1-ice2-p-swi-bel55,sw15p1,SU15 slot 29,mlx5_1,G1-G3
leaf-gpu,sys1-ice2-p-swi-bel55,sw15p2,SU15 slot 30,mlx5_1,G1-G3
leaf-gpu,sys1-ice2-p-swi-bel55,sw16p1,SU15 slot 31,mlx5_1,G1-G3
leaf-gpu,sys1-ice2-p-swi-bel55,sw16p2,SU15 slot 32,mlx5_1,G1-G3
leaf-gpu,sys1-ice2-p-swi-bel55,sw17p1,SU15 slot 33,mlx5_1,G1-G3
leaf-gpu,sys1-ice2-p-swi-bel55,sw17p2,SU15 slot 34,mlx5_1,G1-G3
leaf-gpu,sys1-ice2-p-swi-bel55,sw18p1,SU15 slot 35,mlx5_1,G1-G3
leaf-gpu,sys1-ice2-p-swi-bel55,sw18p2,SU15 slot 36,mlx5_1,G1-G3
leaf-gpu,sys1-ice2-p-swi-bel55,sw19p1,SU15 slot 37,mlx5_1,G1-G3
leaf-gpu,sys1-ice2-p-swi-bel55,sw19p2,SU15 slot 38,mlx5_1,G1-G3
leaf-gpu,sys1-ice2-p-swi-bel55,sw20p1,SU15 slot 39,mlx5_1,G1-G3
leaf-gpu,sys1-ice2-p-swi-bel55,sw20p2,SU15 slot 40,mlx5_1,G1-G3
leaf-gpu,sys1-ice2-p-swi-bel55,sw21p1,SU15 slot 41,mlx5_1,G1-G3
leaf-gpu,sys1-ice2-p-swi-bel55,sw21p2,SU15 slot 42,mlx5_1,G1-G3
leaf-gpu,sys1-ice2-p-swi-bel55,sw22p1,SU15 slot 43,mlx5_1,G1-G3
leaf-gpu,sys1-ice2-p-swi-bel55,sw22p2,SU15 slot 44,mlx5_1,G1-G3
leaf-gpu,sys1-ice2-p-swi-bel55,sw23p1,SU15 slot 45,mlx5_1,G1-G3
leaf-gpu,sys1-ice2-p-swi-bel55,sw23p2,SU15 slot 46,mlx5_1,G1-G3
leaf-gpu,sys1-ice2-p-swi-bel55,sw24p1,SU15 slot 47,mlx5_1,G1-G3
leaf-gpu,sys1-ice2-p-swi-bel55,sw24p2,SU15 slot 48,mlx5_1,G1-G3
leaf-gpu,sys1-ice2-p-swi-bel55,sw25p1,SU15 slot 49,mlx5_1,G1-G3
leaf-gpu,sys1-ice2-p-swi-bel55,sw25p2,SU15 slot 50,mlx5_1,G1-G3
leaf-gpu,sys1-ice2-p-swi-bel55,sw26p1,SU15 slot 51,mlx5_1,G1-G3
leaf-gpu,sys1-ice2-p-swi-bel55,sw26p2,SU15 slot 52,mlx5_1,G1-G3
leaf-gpu,sys1-ice2-p-swi-bel55,sw27p1,SU15 slot 53,mlx5_1,G1-G3
leaf-gpu,sys1-ice2-p-swi-bel55,sw27p2,SU15 slot 54,mlx5_1,G1-G3
leaf-gpu,sys1-ice2-p-swi-bel55,sw28p1,SU15 slot 55,mlx5_1,G1-G3
leaf-gpu,sys1-ice2-p-swi-bel55,sw28p2,SU15 slot 56,mlx5_1,G1-G3
leaf-gpu,sys1-ice2-p-swi-bel55,sw29p1,SU15 slot 57,mlx5_1,G1-G3
leaf-gpu,sys1-ice2-p-swi-bel55,sw29p2,SU15 slot 58,mlx5_1,G1-G3
leaf-gpu,sys1-ice2-p-swi-bel55,sw30p1,SU15 slot 59,mlx5_1,G1-G3
leaf-gpu,sys1-ice2-p-swi-bel55,sw30p2,SU15 slot 60,mlx5_1,G1-G3
leaf-gpu,sys1-ice2-p-swi-bel55,sw31p1,SU15 slot 61,mlx5_1,G1-G3
leaf-gpu,sys1-ice2-p-swi-bel55,sw31p2,SU15 slot 62,mlx5_1,G1-G3
leaf-gpu,sys1-ice2-p-swi-bel55,sw32p1,SU15 slot 63,mlx5_1,G1-G3
leaf-gpu,sys1-ice2-p-swi-bel55,sw32p2,SU15 slot 64,mlx5_1,G1-G3
leaf-gpu,sys1-ice2-p-swi-bel55,sw33p1,SU15 slot 65,mlx5_1,G1-G3
leaf-gpu,sys1-ice2-p-swi-bel55,sw33p2,SU15 slot 66,mlx5_1,G1-G3
leaf-gpu,sys1-ice2-p-swi-bel55,sw34p1,SU15 slot 67,mlx5_1,G1-G3
leaf-gpu,sys1-ice2-p-swi-bel55,sw34p2,SU15 slot 68,mlx5_1,G1-G3
leaf-gpu,sys1-ice2-p-swi-bel55,sw35p1,SU15 slot 69,mlx5_1,G1-G3
leaf-gpu,sys1-ice2-p-swi-bel55,sw35p2,SU15 slot 70,mlx5_1,G1-G3
leaf-gpu,sys1-ice2-p-swi-bel55,sw36p1,SU15 slot 71,mlx5_1,G1-G3
leaf-gpu,sys1-ice2-p-swi-bel55,sw36p2,SU15 slot 72,mlx5_1,G1-G3
leaf-gpu,sys1-ice2-p-swi-bel56,sw1p1,SU16 slot 1,mlx5_1,G1-G3
leaf-gpu,sys1-ice2-p-swi-bel56,sw1p2,SU16 slot 2,mlx5_1,G1-G3
leaf-gpu,sys1-ice2-p-swi-bel56,sw2p1,SU16 slot 3,mlx5_1,G1-G3
leaf-gpu,sys1-ice2-p-swi-bel56,sw2p2,SU16 slot 4,mlx5_1,G1-G3
leaf-gpu,sys1-ice2-p-swi-bel56,sw3p1,SU16 slot 5,mlx5_1,G1-G3
leaf-gpu,sys1-ice2-p-swi-bel56,sw3p2,SU16 slot 6,mlx5_1,G1-G3
leaf-gpu,sys1-ice2-p-swi-bel56,sw4p1,SU16 slot 7,mlx5_1,G1-G3
leaf-gpu,sys1-ice2-p-swi-bel56,sw4p2,SU16 slot 8,mlx5_1,G1-G3
leaf-gpu,sys1-ice2-p-swi-bel56,sw5p1,SU16 slot 9,mlx5_1,G1-G3
leaf-gpu,sys1-ice2-p-swi-bel56,sw5p2,SU16 slot 10,mlx5_1,G1-G3
leaf-gpu,sys1-ice2-p-swi-bel56,sw6p1,SU16 slot 11,mlx5_1,G1-G3
leaf-gpu,sys1-ice2-p-swi-bel56,sw6p2,SU16 slot 12,mlx5_1,G1-G3
leaf-gpu,sys1-ice2-p-swi-bel56,sw7p1,SU16 slot 13,mlx5_1,G1-G3
leaf-gpu,sys1-ice2-p-swi-bel56,sw7p2,SU16 slot 14,mlx5_1,G1-G3
leaf-gpu,sys1-ice2-p-swi-bel56,sw8p1,SU16 slot 15,mlx5_1,G1-G3
leaf-gpu,sys1-ice2-p-swi-bel56,sw8p2,SU16 slot 16,mlx5_1,G1-G3
leaf-gpu,sys1-ice2-p-swi-bel56,sw9p1,SU16 slot 17,mlx5_1,G1-G3
leaf-gpu,sys1-ice2-p-swi-bel56,sw9p2,SU16 slot 18,mlx5_1,G1-G3
leaf-gpu,sys1-ice2-p-swi-bel56,sw10p1,SU16 slot 19,mlx5_1,G1-G3
leaf-gpu,sys1-ice2-p-swi-bel56,sw10p2,SU16 slot 20,mlx5_1,G1-G3
leaf-gpu,sys1-ice2-p-swi-bel56,sw11p1,SU16 slot 21,mlx5_1,G1-G3
leaf-gpu,sys1-ice2-p-swi-bel56,sw11p2,SU16 slot 22,mlx5_1,G1-G3
leaf-gpu,sys1-ice2-p-swi-bel56,sw12p1,SU16 slot 23,mlx5_1,G1-G3
leaf-gpu,sys1-ice2-p-swi-bel56,sw12p2,SU16 slot 24,mlx5_1,G1-G3
leaf-gpu,sys1-ice2-p-swi-bel56,sw13p1,SU16 slot 25,mlx5_1,G1-G3
leaf-gpu,sys1-ice2-p-swi-bel56,sw13p2,SU16 slot 26,mlx5_1,G1-G3
leaf-gpu,sys1-ice2-p-swi-bel56,sw14p1,SU16 slot 27,mlx5_1,G1-G3
leaf-gpu,sys1-ice2-p-swi-bel56,sw14p2,SU16 slot 28,mlx5_1,G1-G3
leaf-gpu,sys1-ice2-p-swi-bel56,sw15p1,SU16 slot 29,mlx5_1,G1-G3
leaf-gpu,sys1-ice2-p-swi-bel56,sw15p2,SU16 slot 30,mlx5_1,G1-G3
leaf-gpu,sys1-ice2-p-swi-bel56,sw16p1,SU16 slot 31,mlx5_1,G1-G3
leaf-gpu,sys1-ice2-p-swi-bel56,sw16p2,SU16 slot 32,mlx5_1,G1-G3
leaf-gpu,sys1-ice2-p-swi-bel56,sw17p1,SU16 slot 33,mlx5_1,G1-G3
leaf-gpu,sys1-ice2-p-swi-bel56,sw17p2,SU16 slot 34,mlx5_1,G1-G3
leaf-gpu,sys1-ice2-p-swi-bel56,sw18p1,SU16 slot 35,mlx5_1,G1-G3
leaf-gpu,sys1-ice2-p-swi-bel56,sw18p2,SU16 slot 36,mlx5_1,G1-G3
leaf-gpu,sys1-ice2-p-swi-bel56,sw19p1,SU16 slot 37,mlx5_1,G1-G3
leaf-gpu,sys1-ice2-p-swi-bel56,sw19p2,SU16 slot 38,mlx5_1,G1-G3
leaf-gpu,sys1-ice2-p-swi-bel56,sw20p1,SU16 slot 39,mlx5_1,G1-G3
leaf-gpu,sys1-ice2-p-swi-bel56,sw20p2,SU16 slot 40,mlx5_1,G1-G3
leaf-gpu,sys1-ice2-p-swi-bel56,sw21p1,SU16 slot 41,mlx5_1,G1-G3
leaf-gpu,sys1-ice2-p-swi-bel56,sw21p2,SU16 slot 42,mlx5_1,G1-G3
leaf-gpu,sys1-ice2-p-swi-bel56,sw22p1,SU16 slot 43,mlx5_1,G1-G3
leaf-gpu,sys1-ice2-p-swi-bel56,sw22p2,SU16 slot 44,mlx5_1,G1-G3
leaf-gpu,sys1-ice2-p-swi-bel56,sw23p1,SU16 slot 45,mlx5_1,G1-G3
leaf-gpu,sys1-ice2-p-swi-bel56,sw23p2,SU16 slot 46,mlx5_1,G1-G3
leaf-gpu,sys1-ice2-p-swi-bel56,sw24p1,SU16 slot 47,mlx5_1,G1-G3
leaf-gpu,sys1-ice2-p-swi-bel56,sw24p2,SU16 slot 48,mlx5_1,G1-G3
leaf-gpu,sys1-ice2-p-swi-bel56,sw25p1,SU16 slot 49,mlx5_1,G1-G3
leaf-gpu,sys1-ice2-p-swi-bel56,sw25p2,SU16 slot 50,mlx5_1,G1-G3
leaf-gpu,sys1-ice2-p-swi-bel56,sw26p1,SU16 slot 51,mlx5_1,G1-G3
leaf-gpu,sys1-ice2-p-swi-bel56,sw26p2,SU16 slot 52,mlx5_1,G1-G3
leaf-gpu,sys1-ice2-p-swi-bel56,sw27p1,SU16 slot 53,mlx5_1,G1-G3
leaf-gpu,sys1-ice2-p-swi-bel56,sw27p2,SU16 slot 54,mlx5_1,G1-G3
leaf-gpu,sys1-ice2-p-swi-bel56,sw28p1,SU16 slot 55,mlx5_1,G1-G3
leaf-gpu,sys1-ice2-p-swi-bel56,sw28p2,SU16 slot 56,mlx5_1,G1-G3
leaf-gpu,sys1-ice2-p-swi-bel56,sw29p1,SU16 slot 57,mlx5_1,G1-G3
leaf-gpu,sys1-ice2-p-swi-bel56,sw29p2,SU16 slot 58,mlx5_1,G1-G3
leaf-gpu,sys1-ice2-p-swi-bel56,sw30p1,SU16 slot 59,mlx5_1,G1-G3
leaf-gpu,sys1-ice2-p-swi-bel56,sw30p2,SU16 slot 60,mlx5_1,G1-G3
leaf-gpu,sys1-ice2-p-swi-bel56,sw31p1,SU16 slot 61,mlx5_1,G1-G3
leaf-gpu,sys1-ice2-p-swi-bel56,sw31p2,SU16 slot 62,mlx5_1,G1-G3
leaf-gpu,sys1-ice2-p-swi-bel56,sw32p1,SU16 slot 63,mlx5_1,G1-G3
leaf-gpu,sys1-ice2-p-swi-bel56,sw32p2,SU16 slot 64,mlx5_1,G1-G3
leaf-gpu,sys1-ice2-p-swi-bel56,sw33p1,SU16 slot 65,mlx5_1,G1-G3
leaf-gpu,sys1-ice2-p-swi-bel56,sw33p2,SU16 slot 66,mlx5_1,G1-G3
leaf-gpu,sys1-ice2-p-swi-bel56,sw34p1,SU16 slot 67,mlx5_1,G1-G3
leaf-gpu,sys1-ice2-p-swi-bel56,sw34p2,SU16 slot 68,mlx5_1,G1-G3
leaf-gpu,sys1-ice2-p-swi-bel56,sw35p1,SU16 slot 69,mlx5_1,G1-G3
leaf-gpu,sys1-ice2-p-swi-bel56,sw35p2,SU16 slot 70,mlx5_1,G1-G3
leaf-gpu,sys1-ice2-p-swi-bel56,sw36p1,SU16 slot 71,mlx5_1,G1-G3
leaf-gpu,sys1-ice2-p-swi-bel56,sw36p2,SU16 slot 72,mlx5_1,G1-G3
leaf-gpu,sys1-ice2-p-swi-bel57,sw1p1,SU13 slot 1,mlx5_2,G1-G3
leaf-gpu,sys1-ice2-p-swi-bel57,sw1p2,SU13 slot 2,mlx5_2,G1-G3
leaf-gpu,sys1-ice2-p-swi-bel57,sw2p1,SU13 slot 3,mlx5_2,G1-G3
leaf-gpu,sys1-ice2-p-swi-bel57,sw2p2,SU13 slot 4,mlx5_2,G1-G3
leaf-gpu,sys1-ice2-p-swi-bel57,sw3p1,SU13 slot 5,mlx5_2,G1-G3
leaf-gpu,sys1-ice2-p-swi-bel57,sw3p2,SU13 slot 6,mlx5_2,G1-G3
leaf-gpu,sys1-ice2-p-swi-bel57,sw4p1,SU13 slot 7,mlx5_2,G1-G3
leaf-gpu,sys1-ice2-p-swi-bel57,sw4p2,SU13 slot 8,mlx5_2,G1-G3
leaf-gpu,sys1-ice2-p-swi-bel57,sw5p1,SU13 slot 9,mlx5_2,G1-G3
leaf-gpu,sys1-ice2-p-swi-bel57,sw5p2,SU13 slot 10,mlx5_2,G1-G3
leaf-gpu,sys1-ice2-p-swi-bel57,sw6p1,SU13 slot 11,mlx5_2,G1-G3
leaf-gpu,sys1-ice2-p-swi-bel57,sw6p2,SU13 slot 12,mlx5_2,G1-G3
leaf-gpu,sys1-ice2-p-swi-bel57,sw7p1,SU13 slot 13,mlx5_2,G1-G3
leaf-gpu,sys1-ice2-p-swi-bel57,sw7p2,SU13 slot 14,mlx5_2,G1-G3
leaf-gpu,sys1-ice2-p-swi-bel57,sw8p1,SU13 slot 15,mlx5_2,G1-G3
leaf-gpu,sys1-ice2-p-swi-bel57,sw8p2,SU13 slot 16,mlx5_2,G1-G3
leaf-gpu,sys1-ice2-p-swi-bel57,sw9p1,SU13 slot 17,mlx5_2,G1-G3
leaf-gpu,sys1-ice2-p-swi-bel57,sw9p2,SU13 slot 18,mlx5_2,G1-G3
leaf-gpu,sys1-ice2-p-swi-bel57,sw10p1,SU13 slot 19,mlx5_2,G1-G3
leaf-gpu,sys1-ice2-p-swi-bel57,sw10p2,SU13 slot 20,mlx5_2,G1-G3
leaf-gpu,sys1-ice2-p-swi-bel57,sw11p1,SU13 slot 21,mlx5_2,G1-G3
leaf-gpu,sys1-ice2-p-swi-bel57,sw11p2,SU13 slot 22,mlx5_2,G1-G3
leaf-gpu,sys1-ice2-p-swi-bel57,sw12p1,SU13 slot 23,mlx5_2,G1-G3
leaf-gpu,sys1-ice2-p-swi-bel57,sw12p2,SU13 slot 24,mlx5_2,G1-G3
leaf-gpu,sys1-ice2-p-swi-bel57,sw13p1,SU13 slot 25,mlx5_2,G1-G3
leaf-gpu,sys1-ice2-p-swi-bel57,sw13p2,SU13 slot 26,mlx5_2,G1-G3
leaf-gpu,sys1-ice2-p-swi-bel57,sw14p1,SU13 slot 27,mlx5_2,G1-G3
leaf-gpu,sys1-ice2-p-swi-bel57,sw14p2,SU13 slot 28,mlx5_2,G1-G3
leaf-gpu,sys1-ice2-p-swi-bel57,sw15p1,SU13 slot 29,mlx5_2,G1-G3
leaf-gpu,sys1-ice2-p-swi-bel57,sw15p2,SU13 slot 30,mlx5_2,G1-G3
leaf-gpu,sys1-ice2-p-swi-bel57,sw16p1,SU13 slot 31,mlx5_2,G1-G3
leaf-gpu,sys1-ice2-p-swi-bel57,sw16p2,SU13 slot 32,mlx5_2,G1-G3
leaf-gpu,sys1-ice2-p-swi-bel57,sw17p1,SU13 slot 33,mlx5_2,G1-G3
leaf-gpu,sys1-ice2-p-swi-bel57,sw17p2,SU13 slot 34,mlx5_2,G1-G3
leaf-gpu,sys1-ice2-p-swi-bel57,sw18p1,SU13 slot 35,mlx5_2,G1-G3
leaf-gpu,sys1-ice2-p-swi-bel57,sw18p2,SU13 slot 36,mlx5_2,G1-G3
leaf-gpu,sys1-ice2-p-swi-bel57,sw19p1,SU13 slot 37,mlx5_2,G1-G3
leaf-gpu,sys1-ice2-p-swi-bel57,sw19p2,SU13 slot 38,mlx5_2,G1-G3
leaf-gpu,sys1-ice2-p-swi-bel57,sw20p1,SU13 slot 39,mlx5_2,G1-G3
leaf-gpu,sys1-ice2-p-swi-bel57,sw20p2,SU13 slot 40,mlx5_2,G1-G3
leaf-gpu,sys1-ice2-p-swi-bel57,sw21p1,SU13 slot 41,mlx5_2,G1-G3
leaf-gpu,sys1-ice2-p-swi-bel57,sw21p2,SU13 slot 42,mlx5_2,G1-G3
leaf-gpu,sys1-ice2-p-swi-bel57,sw22p1,SU13 slot 43,mlx5_2,G1-G3
leaf-gpu,sys1-ice2-p-swi-bel57,sw22p2,SU13 slot 44,mlx5_2,G1-G3
leaf-gpu,sys1-ice2-p-swi-bel57,sw23p1,SU13 slot 45,mlx5_2,G1-G3
leaf-gpu,sys1-ice2-p-swi-bel57,sw23p2,SU13 slot 46,mlx5_2,G1-G3
leaf-gpu,sys1-ice2-p-swi-bel57,sw24p1,SU13 slot 47,mlx5_2,G1-G3
leaf-gpu,sys1-ice2-p-swi-bel57,sw24p2,SU13 slot 48,mlx5_2,G1-G3
leaf-gpu,sys1-ice2-p-swi-bel57,sw25p1,SU13 slot 49,mlx5_2,G1-G3
leaf-gpu,sys1-ice2-p-swi-bel57,sw25p2,SU13 slot 50,mlx5_2,G1-G3
leaf-gpu,sys1-ice2-p-swi-bel57,sw26p1,SU13 slot 51,mlx5_2,G1-G3
leaf-gpu,sys1-ice2-p-swi-bel57,sw26p2,SU13 slot 52,mlx5_2,G1-G3
leaf-gpu,sys1-ice2-p-swi-bel57,sw27p1,SU13 slot 53,mlx5_2,G1-G3
leaf-gpu,sys1-ice2-p-swi-bel57,sw27p2,SU13 slot 54,mlx5_2,G1-G3
leaf-gpu,sys1-ice2-p-swi-bel57,sw28p1,SU13 slot 55,mlx5_2,G1-G3
leaf-gpu,sys1-ice2-p-swi-bel57,sw28p2,SU13 slot 56,mlx5_2,G1-G3
leaf-gpu,sys1-ice2-p-swi-bel57,sw29p1,SU13 slot 57,mlx5_2,G1-G3
leaf-gpu,sys1-ice2-p-swi-bel57,sw29p2,SU13 slot 58,mlx5_2,G1-G3
leaf-gpu,sys1-ice2-p-swi-bel57,sw30p1,SU13 slot 59,mlx5_2,G1-G3
leaf-gpu,sys1-ice2-p-swi-bel57,sw30p2,SU13 slot 60,mlx5_2,G1-G3
leaf-gpu,sys1-ice2-p-swi-bel57,sw31p1,SU13 slot 61,mlx5_2,G1-G3
leaf-gpu,sys1-ice2-p-swi-bel57,sw31p2,SU13 slot 62,mlx5_2,G1-G3
leaf-gpu,sys1-ice2-p-swi-bel57,sw32p1,SU13 slot 63,mlx5_2,G1-G3
leaf-gpu,sys1-ice2-p-swi-bel57,sw32p2,SU13 slot 64,mlx5_2,G1-G3
leaf-gpu,sys1-ice2-p-swi-bel57,sw33p1,SU13 slot 65,mlx5_2,G1-G3
leaf-gpu,sys1-ice2-p-swi-bel57,sw33p2,SU13 slot 66,mlx5_2,G1-G3
leaf-gpu,sys1-ice2-p-swi-bel57,sw34p1,SU13 slot 67,mlx5_2,G1-G3
leaf-gpu,sys1-ice2-p-swi-bel57,sw34p2,SU13 slot 68,mlx5_2,G1-G3
leaf-gpu,sys1-ice2-p-swi-bel57,sw35p1,SU13 slot 69,mlx5_2,G1-G3
leaf-gpu,sys1-ice2-p-swi-bel57,sw35p2,SU13 slot 70,mlx5_2,G1-G3
leaf-gpu,sys1-ice2-p-swi-bel57,sw36p1,SU13 slot 71,mlx5_2,G1-G3
leaf-gpu,sys1-ice2-p-swi-bel57,sw36p2,SU13 slot 72,mlx5_2,G1-G3
leaf-gpu,sys1-ice2-p-swi-bel58,sw1p1,SU14 slot 1,mlx5_2,G1-G3
leaf-gpu,sys1-ice2-p-swi-bel58,sw1p2,SU14 slot 2,mlx5_2,G1-G3
leaf-gpu,sys1-ice2-p-swi-bel58,sw2p1,SU14 slot 3,mlx5_2,G1-G3
leaf-gpu,sys1-ice2-p-swi-bel58,sw2p2,SU14 slot 4,mlx5_2,G1-G3
leaf-gpu,sys1-ice2-p-swi-bel58,sw3p1,SU14 slot 5,mlx5_2,G1-G3
leaf-gpu,sys1-ice2-p-swi-bel58,sw3p2,SU14 slot 6,mlx5_2,G1-G3
leaf-gpu,sys1-ice2-p-swi-bel58,sw4p1,SU14 slot 7,mlx5_2,G1-G3
leaf-gpu,sys1-ice2-p-swi-bel58,sw4p2,SU14 slot 8,mlx5_2,G1-G3
leaf-gpu,sys1-ice2-p-swi-bel58,sw5p1,SU14 slot 9,mlx5_2,G1-G3
leaf-gpu,sys1-ice2-p-swi-bel58,sw5p2,SU14 slot 10,mlx5_2,G1-G3
leaf-gpu,sys1-ice2-p-swi-bel58,sw6p1,SU14 slot 11,mlx5_2,G1-G3
leaf-gpu,sys1-ice2-p-swi-bel58,sw6p2,SU14 slot 12,mlx5_2,G1-G3
leaf-gpu,sys1-ice2-p-swi-bel58,sw7p1,SU14 slot 13,mlx5_2,G1-G3
leaf-gpu,sys1-ice2-p-swi-bel58,sw7p2,SU14 slot 14,mlx5_2,G1-G3
leaf-gpu,sys1-ice2-p-swi-bel58,sw8p1,SU14 slot 15,mlx5_2,G1-G3
leaf-gpu,sys1-ice2-p-swi-bel58,sw8p2,SU14 slot 16,mlx5_2,G1-G3
leaf-gpu,sys1-ice2-p-swi-bel58,sw9p1,SU14 slot 17,mlx5_2,G1-G3
leaf-gpu,sys1-ice2-p-swi-bel58,sw9p2,SU14 slot 18,mlx5_2,G1-G3
leaf-gpu,sys1-ice2-p-swi-bel58,sw10p1,SU14 slot 19,mlx5_2,G1-G3
leaf-gpu,sys1-ice2-p-swi-bel58,sw10p2,SU14 slot 20,mlx5_2,G1-G3
leaf-gpu,sys1-ice2-p-swi-bel58,sw11p1,SU14 slot 21,mlx5_2,G1-G3
leaf-gpu,sys1-ice2-p-swi-bel58,sw11p2,SU14 slot 22,mlx5_2,G1-G3
leaf-gpu,sys1-ice2-p-swi-bel58,sw12p1,SU14 slot 23,mlx5_2,G1-G3
leaf-gpu,sys1-ice2-p-swi-bel58,sw12p2,SU14 slot 24,mlx5_2,G1-G3
leaf-gpu,sys1-ice2-p-swi-bel58,sw13p1,SU14 slot 25,mlx5_2,G1-G3
leaf-gpu,sys1-ice2-p-swi-bel58,sw13p2,SU14 slot 26,mlx5_2,G1-G3
leaf-gpu,sys1-ice2-p-swi-bel58,sw14p1,SU14 slot 27,mlx5_2,G1-G3
leaf-gpu,sys1-ice2-p-swi-bel58,sw14p2,SU14 slot 28,mlx5_2,G1-G3
leaf-gpu,sys1-ice2-p-swi-bel58,sw15p1,SU14 slot 29,mlx5_2,G1-G3
leaf-gpu,sys1-ice2-p-swi-bel58,sw15p2,SU14 slot 30,mlx5_2,G1-G3
leaf-gpu,sys1-ice2-p-swi-bel58,sw16p1,SU14 slot 31,mlx5_2,G1-G3
leaf-gpu,sys1-ice2-p-swi-bel58,sw16p2,SU14 slot 32,mlx5_2,G1-G3
leaf-gpu,sys1-ice2-p-swi-bel58,sw17p1,SU14 slot 33,mlx5_2,G1-G3
leaf-gpu,sys1-ice2-p-swi-bel58,sw17p2,SU14 slot 34,mlx5_2,G1-G3
leaf-gpu,sys1-ice2-p-swi-bel58,sw18p1,SU14 slot 35,mlx5_2,G1-G3
leaf-gpu,sys1-ice2-p-swi-bel58,sw18p2,SU14 slot 36,mlx5_2,G1-G3
leaf-gpu,sys1-ice2-p-swi-bel58,sw19p1,SU14 slot 37,mlx5_2,G1-G3
leaf-gpu,sys1-ice2-p-swi-bel58,sw19p2,SU14 slot 38,mlx5_2,G1-G3
leaf-gpu,sys1-ice2-p-swi-bel58,sw20p1,SU14 slot 39,mlx5_2,G1-G3
leaf-gpu,sys1-ice2-p-swi-bel58,sw20p2,SU14 slot 40,mlx5_2,G1-G3
leaf-gpu,sys1-ice2-p-swi-bel58,sw21p1,SU14 slot 41,mlx5_2,G1-G3
leaf-gpu,sys1-ice2-p-swi-bel58,sw21p2,SU14 slot 42,mlx5_2,G1-G3
leaf-gpu,sys1-ice2-p-swi-bel58,sw22p1,SU14 slot 43,mlx5_2,G1-G3
leaf-gpu,sys1-ice2-p-swi-bel58,sw22p2,SU14 slot 44,mlx5_2,G1-G3
leaf-gpu,sys1-ice2-p-swi-bel58,sw23p1,SU14 slot 45,mlx5_2,G1-G3
leaf-gpu,sys1-ice2-p-swi-bel58,sw23p2,SU14 slot 46,mlx5_2,G1-G3
leaf-gpu,sys1-ice2-p-swi-bel58,sw24p1,SU14 slot 47,mlx5_2,G1-G3
leaf-gpu,sys1-ice2-p-swi-bel58,sw24p2,SU14 slot 48,mlx5_2,G1-G3
leaf-gpu,sys1-ice2-p-swi-bel58,sw25p1,SU14 slot 49,mlx5_2,G1-G3
leaf-gpu,sys1-ice2-p-swi-bel58,sw25p2,SU14 slot 50,mlx5_2,G1-G3
leaf-gpu,sys1-ice2-p-swi-bel58,sw26p1,SU14 slot 51,mlx5_2,G1-G3
leaf-gpu,sys1-ice2-p-swi-bel58,sw26p2,SU14 slot 52,mlx5_2,G1-G3
leaf-gpu,sys1-ice2-p-swi-bel58,sw27p1,SU14 slot 53,mlx5_2,G1-G3
leaf-gpu,sys1-ice2-p-swi-bel58,sw27p2,SU14 slot 54,mlx5_2,G1-G3
leaf-gpu,sys1-ice2-p-swi-bel58,sw28p1,SU14 slot 55,mlx5_2,G1-G3
leaf-gpu,sys1-ice2-p-swi-bel58,sw28p2,SU14 slot 56,mlx5_2,G1-G3
leaf-gpu,sys1-ice2-p-swi-bel58,sw29p1,SU14 slot 57,mlx5_2,G1-G3
leaf-gpu,sys1-ice2-p-swi-bel58,sw29p2,SU14 slot 58,mlx5_2,G1-G3
leaf-gpu,sys1-ice2-p-swi-bel58,sw30p1,SU14 slot 59,mlx5_2,G1-G3
leaf-gpu,sys1-ice2-p-swi-bel58,sw30p2,SU14 slot 60,mlx5_2,G1-G3
leaf-gpu,sys1-ice2-p-swi-bel58,sw31p1,SU14 slot 61,mlx5_2,G1-G3
leaf-gpu,sys1-ice2-p-swi-bel58,sw31p2,SU14 slot 62,mlx5_2,G1-G3
leaf-gpu,sys1-ice2-p-swi-bel58,sw32p1,SU14 slot 63,mlx5_2,G1-G3
leaf-gpu,sys1-ice2-p-swi-bel58,sw32p2,SU14 slot 64,mlx5_2,G1-G3
leaf-gpu,sys1-ice2-p-swi-bel58,sw33p1,SU14 slot 65,mlx5_2,G1-G3
leaf-gpu,sys1-ice2-p-swi-bel58,sw33p2,SU14 slot 66,mlx5_2,G1-G3
leaf-gpu,sys1-ice2-p-swi-bel58,sw34p1,SU14 slot 67,mlx5_2,G1-G3
leaf-gpu,sys1-ice2-p-swi-bel58,sw34p2,SU14 slot 68,mlx5_2,G1-G3
leaf-gpu,sys1-ice2-p-swi-bel58,sw35p1,SU14 slot 69,mlx5_2,G1-G3
leaf-gpu,sys1-ice2-p-swi-bel58,sw35p2,SU14 slot 70,mlx5_2,G1-G3
leaf-gpu,sys1-ice2-p-swi-bel58,sw36p1,SU14 slot 71,mlx5_2,G1-G3
leaf-gpu,sys1-ice2-p-swi-bel58,sw36p2,SU14 slot 72,mlx5_2,G1-G3
leaf-gpu,sys1-ice2-p-swi-bel59,sw1p1,SU15 slot 1,mlx5_2,G1-G3
leaf-gpu,sys1-ice2-p-swi-bel59,sw1p2,SU15 slot 2,mlx5_2,G1-G3
leaf-gpu,sys1-ice2-p-swi-bel59,sw2p1,SU15 slot 3,mlx5_2,G1-G3
leaf-gpu,sys1-ice2-p-swi-bel59,sw2p2,SU15 slot 4,mlx5_2,G1-G3
leaf-gpu,sys1-ice2-p-swi-bel59,sw3p1,SU15 slot 5,mlx5_2,G1-G3
leaf-gpu,sys1-ice2-p-swi-bel59,sw3p2,SU15 slot 6,mlx5_2,G1-G3
leaf-gpu,sys1-ice2-p-swi-bel59,sw4p1,SU15 slot 7,mlx5_2,G1-G3
leaf-gpu,sys1-ice2-p-swi-bel59,sw4p2,SU15 slot 8,mlx5_2,G1-G3
leaf-gpu,sys1-ice2-p-swi-bel59,sw5p1,SU15 slot 9,mlx5_2,G1-G3
leaf-gpu,sys1-ice2-p-swi-bel59,sw5p2,SU15 slot 10,mlx5_2,G1-G3
leaf-gpu,sys1-ice2-p-swi-bel59,sw6p1,SU15 slot 11,mlx5_2,G1-G3
leaf-gpu,sys1-ice2-p-swi-bel59,sw6p2,SU15 slot 12,mlx5_2,G1-G3
leaf-gpu,sys1-ice2-p-swi-bel59,sw7p1,SU15 slot 13,mlx5_2,G1-G3
leaf-gpu,sys1-ice2-p-swi-bel59,sw7p2,SU15 slot 14,mlx5_2,G1-G3
leaf-gpu,sys1-ice2-p-swi-bel59,sw8p1,SU15 slot 15,mlx5_2,G1-G3
leaf-gpu,sys1-ice2-p-swi-bel59,sw8p2,SU15 slot 16,mlx5_2,G1-G3
leaf-gpu,sys1-ice2-p-swi-bel59,sw9p1,SU15 slot 17,mlx5_2,G1-G3
leaf-gpu,sys1-ice2-p-swi-bel59,sw9p2,SU15 slot 18,mlx5_2,G1-G3
leaf-gpu,sys1-ice2-p-swi-bel59,sw10p1,SU15 slot 19,mlx5_2,G1-G3
leaf-gpu,sys1-ice2-p-swi-bel59,sw10p2,SU15 slot 20,mlx5_2,G1-G3
leaf-gpu,sys1-ice2-p-swi-bel59,sw11p1,SU15 slot 21,mlx5_2,G1-G3
leaf-gpu,sys1-ice2-p-swi-bel59,sw11p2,SU15 slot 22,mlx5_2,G1-G3
leaf-gpu,sys1-ice2-p-swi-bel59,sw12p1,SU15 slot 23,mlx5_2,G1-G3
leaf-gpu,sys1-ice2-p-swi-bel59,sw12p2,SU15 slot 24,mlx5_2,G1-G3
leaf-gpu,sys1-ice2-p-swi-bel59,sw13p1,SU15 slot 25,mlx5_2,G1-G3
leaf-gpu,sys1-ice2-p-swi-bel59,sw13p2,SU15 slot 26,mlx5_2,G1-G3
leaf-gpu,sys1-ice2-p-swi-bel59,sw14p1,SU15 slot 27,mlx5_2,G1-G3
leaf-gpu,sys1-ice2-p-swi-bel59,sw14p2,SU15 slot 28,mlx5_2,G1-G3
leaf-gpu,sys1-ice2-p-swi-bel59,sw15p1,SU15 slot 29,mlx5_2,G1-G3
leaf-gpu,sys1-ice2-p-swi-bel59,sw15p2,SU15 slot 30,mlx5_2,G1-G3
leaf-gpu,sys1-ice2-p-swi-bel59,sw16p1,SU15 slot 31,mlx5_2,G1-G3
leaf-gpu,sys1-ice2-p-swi-bel59,sw16p2,SU15 slot 32,mlx5_2,G1-G3
leaf-gpu,sys1-ice2-p-swi-bel59,sw17p1,SU15 slot 33,mlx5_2,G1-G3
leaf-gpu,sys1-ice2-p-swi-bel59,sw17p2,SU15 slot 34,mlx5_2,G1-G3
leaf-gpu,sys1-ice2-p-swi-bel59,sw18p1,SU15 slot 35,mlx5_2,G1-G3
leaf-gpu,sys1-ice2-p-swi-bel59,sw18p2,SU15 slot 36,mlx5_2,G1-G3
leaf-gpu,sys1-ice2-p-swi-bel59,sw19p1,SU15 slot 37,mlx5_2,G1-G3
leaf-gpu,sys1-ice2-p-swi-bel59,sw19p2,SU15 slot 38,mlx5_2,G1-G3
leaf-gpu,sys1-ice2-p-swi-bel59,sw20p1,SU15 slot 39,mlx5_2,G1-G3
leaf-gpu,sys1-ice2-p-swi-bel59,sw20p2,SU15 slot 40,mlx5_2,G1-G3
leaf-gpu,sys1-ice2-p-swi-bel59,sw21p1,SU15 slot 41,mlx5_2,G1-G3
leaf-gpu,sys1-ice2-p-swi-bel59,sw21p2,SU15 slot 42,mlx5_2,G1-G3
leaf-gpu,sys1-ice2-p-swi-bel59,sw22p1,SU15 slot 43,mlx5_2,G1-G3
leaf-gpu,sys1-ice2-p-swi-bel59,sw22p2,SU15 slot 44,mlx5_2,G1-G3
leaf-gpu,sys1-ice2-p-swi-bel59,sw23p1,SU15 slot 45,mlx5_2,G1-G3
leaf-gpu,sys1-ice2-p-swi-bel59,sw23p2,SU15 slot 46,mlx5_2,G1-G3
leaf-gpu,sys1-ice2-p-swi-bel59,sw24p1,SU15 slot 47,mlx5_2,G1-G3
leaf-gpu,sys1-ice2-p-swi-bel59,sw24p2,SU15 slot 48,mlx5_2,G1-G3
leaf-gpu,sys1-ice2-p-swi-bel59,sw25p1,SU15 slot 49,mlx5_2,G1-G3
leaf-gpu,sys1-ice2-p-swi-bel59,sw25p2,SU15 slot 50,mlx5_2,G1-G3
leaf-gpu,sys1-ice2-p-swi-bel59,sw26p1,SU15 slot 51,mlx5_2,G1-G3
leaf-gpu,sys1-ice2-p-swi-bel59,sw26p2,SU15 slot 52,mlx5_2,G1-G3
leaf-gpu,sys1-ice2-p-swi-bel59,sw27p1,SU15 slot 53,mlx5_2,G1-G3
leaf-gpu,sys1-ice2-p-swi-bel59,sw27p2,SU15 slot 54,mlx5_2,G1-G3
leaf-gpu,sys1-ice2-p-swi-bel59,sw28p1,SU15 slot 55,mlx5_2,G1-G3
leaf-gpu,sys1-ice2-p-swi-bel59,sw28p2,SU15 slot 56,mlx5_2,G1-G3
leaf-gpu,sys1-ice2-p-swi-bel59,sw29p1,SU15 slot 57,mlx5_2,G1-G3
leaf-gpu,sys1-ice2-p-swi-bel59,sw29p2,SU15 slot 58,mlx5_2,G1-G3
leaf-gpu,sys1-ice2-p-swi-bel59,sw30p1,SU15 slot 59,mlx5_2,G1-G3
leaf-gpu,sys1-ice2-p-swi-bel59,sw30p2,SU15 slot 60,mlx5_2,G1-G3
leaf-gpu,sys1-ice2-p-swi-bel59,sw31p1,SU15 slot 61,mlx5_2,G1-G3
leaf-gpu,sys1-ice2-p-swi-bel59,sw31p2,SU15 slot 62,mlx5_2,G1-G3
leaf-gpu,sys1-ice2-p-swi-bel59,sw32p1,SU15 slot 63,mlx5_2,G1-G3
leaf-gpu,sys1-ice2-p-swi-bel59,sw32p2,SU15 slot 64,mlx5_2,G1-G3
leaf-gpu,sys1-ice2-p-swi-bel59,sw33p1,SU15 slot 65,mlx5_2,G1-G3
leaf-gpu,sys1-ice2-p-swi-bel59,sw33p2,SU15 slot 66,mlx5_2,G1-G3
leaf-gpu,sys1-ice2-p-swi-bel59,sw34p1,SU15 slot 67,mlx5_2,G1-G3
leaf-gpu,sys1-ice2-p-swi-bel59,sw34p2,SU15 slot 68,mlx5_2,G1-G3
leaf-gpu,sys1-ice2-p-swi-bel59,sw35p1,SU15 slot 69,mlx5_2,G1-G3
leaf-gpu,sys1-ice2-p-swi-bel59,sw35p2,SU15 slot 70,mlx5_2,G1-G3
leaf-gpu,sys1-ice2-p-swi-bel59,sw36p1,SU15 slot 71,mlx5_2,G1-G3
leaf-gpu,sys1-ice2-p-swi-bel59,sw36p2,SU15 slot 72,mlx5_2,G1-G3
leaf-gpu,sys1-ice2-p-swi-bel60,sw1p1,SU16 slot 1,mlx5_2,G1-G3
leaf-gpu,sys1-ice2-p-swi-bel60,sw1p2,SU16 slot 2,mlx5_2,G1-G3
leaf-gpu,sys1-ice2-p-swi-bel60,sw2p1,SU16 slot 3,mlx5_2,G1-G3
leaf-gpu,sys1-ice2-p-swi-bel60,sw2p2,SU16 slot 4,mlx5_2,G1-G3
leaf-gpu,sys1-ice2-p-swi-bel60,sw3p1,SU16 slot 5,mlx5_2,G1-G3
leaf-gpu,sys1-ice2-p-swi-bel60,sw3p2,SU16 slot 6,mlx5_2,G1-G3
leaf-gpu,sys1-ice2-p-swi-bel60,sw4p1,SU16 slot 7,mlx5_2,G1-G3
leaf-gpu,sys1-ice2-p-swi-bel60,sw4p2,SU16 slot 8,mlx5_2,G1-G3
leaf-gpu,sys1-ice2-p-swi-bel60,sw5p1,SU16 slot 9,mlx5_2,G1-G3
leaf-gpu,sys1-ice2-p-swi-bel60,sw5p2,SU16 slot 10,mlx5_2,G1-G3
leaf-gpu,sys1-ice2-p-swi-bel60,sw6p1,SU16 slot 11,mlx5_2,G1-G3
leaf-gpu,sys1-ice2-p-swi-bel60,sw6p2,SU16 slot 12,mlx5_2,G1-G3
leaf-gpu,sys1-ice2-p-swi-bel60,sw7p1,SU16 slot 13,mlx5_2,G1-G3
leaf-gpu,sys1-ice2-p-swi-bel60,sw7p2,SU16 slot 14,mlx5_2,G1-G3
leaf-gpu,sys1-ice2-p-swi-bel60,sw8p1,SU16 slot 15,mlx5_2,G1-G3
leaf-gpu,sys1-ice2-p-swi-bel60,sw8p2,SU16 slot 16,mlx5_2,G1-G3
leaf-gpu,sys1-ice2-p-swi-bel60,sw9p1,SU16 slot 17,mlx5_2,G1-G3
leaf-gpu,sys1-ice2-p-swi-bel60,sw9p2,SU16 slot 18,mlx5_2,G1-G3
leaf-gpu,sys1-ice2-p-swi-bel60,sw10p1,SU16 slot 19,mlx5_2,G1-G3
leaf-gpu,sys1-ice2-p-swi-bel60,sw10p2,SU16 slot 20,mlx5_2,G1-G3
leaf-gpu,sys1-ice2-p-swi-bel60,sw11p1,SU16 slot 21,mlx5_2,G1-G3
leaf-gpu,sys1-ice2-p-swi-bel60,sw11p2,SU16 slot 22,mlx5_2,G1-G3
leaf-gpu,sys1-ice2-p-swi-bel60,sw12p1,SU16 slot 23,mlx5_2,G1-G3
leaf-gpu,sys1-ice2-p-swi-bel60,sw12p2,SU16 slot 24,mlx5_2,G1-G3
leaf-gpu,sys1-ice2-p-swi-bel60,sw13p1,SU16 slot 25,mlx5_2,G1-G3
leaf-gpu,sys1-ice2-p-swi-bel60,sw13p2,SU16 slot 26,mlx5_2,G1-G3
leaf-gpu,sys1-ice2-p-swi-bel60,sw14p1,SU16 slot 27,mlx5_2,G1-G3
leaf-gpu,sys1-ice2-p-swi-bel60,sw14p2,SU16 slot 28,mlx5_2,G1-G3
leaf-gpu,sys1-ice2-p-swi-bel60,sw15p1,SU16 slot 29,mlx5_2,G1-G3
leaf-gpu,sys1-ice2-p-swi-bel60,sw15p2,SU16 slot 30,mlx5_2,G1-G3
leaf-gpu,sys1-ice2-p-swi-bel60,sw16p1,SU16 slot 31,mlx5_2,G1-G3
leaf-gpu,sys1-ice2-p-swi-bel60,sw16p2,SU16 slot 32,mlx5_2,G1-G3
leaf-gpu,sys1-ice2-p-swi-bel60,sw17p1,SU16 slot 33,mlx5_2,G1-G3
leaf-gpu,sys1-ice2-p-swi-bel60,sw17p2,SU16 slot 34,mlx5_2,G1-G3
leaf-gpu,sys1-ice2-p-swi-bel60,sw18p1,SU16 slot 35,mlx5_2,G1-G3
leaf-gpu,sys1-ice2-p-swi-bel60,sw18p2,SU16 slot 36,mlx5_2,G1-G3
leaf-gpu,sys1-ice2-p-swi-bel60,sw19p1,SU16 slot 37,mlx5_2,G1-G3
leaf-gpu,sys1-ice2-p-swi-bel60,sw19p2,SU16 slot 38,mlx5_2,G1-G3
leaf-gpu,sys1-ice2-p-swi-bel60,sw20p1,SU16 slot 39,mlx5_2,G1-G3
leaf-gpu,sys1-ice2-p-swi-bel60,sw20p2,SU16 slot 40,mlx5_2,G1-G3
leaf-gpu,sys1-ice2-p-swi-bel60,sw21p1,SU16 slot 41,mlx5_2,G1-G3
leaf-gpu,sys1-ice2-p-swi-bel60,sw21p2,SU16 slot 42,mlx5_2,G1-G3
leaf-gpu,sys1-ice2-p-swi-bel60,sw22p1,SU16 slot 43,mlx5_2,G1-G3
leaf-gpu,sys1-ice2-p-swi-bel60,sw22p2,SU16 slot 44,mlx5_2,G1-G3
leaf-gpu,sys1-ice2-p-swi-bel60,sw23p1,SU16 slot 45,mlx5_2,G1-G3
leaf-gpu,sys1-ice2-p-swi-bel60,sw23p2,SU16 slot 46,mlx5_2,G1-G3
leaf-gpu,sys1-ice2-p-swi-bel60,sw24p1,SU16 slot 47,mlx5_2,G1-G3
leaf-gpu,sys1-ice2-p-swi-bel60,sw24p2,SU16 slot 48,mlx5_2,G1-G3
leaf-gpu,sys1-ice2-p-swi-bel60,sw25p1,SU16 slot 49,mlx5_2,G1-G3
leaf-gpu,sys1-ice2-p-swi-bel60,sw25p2,SU16 slot 50,mlx5_2,G1-G3
leaf-gpu,sys1-ice2-p-swi-bel60,sw26p1,SU16 slot 51,mlx5_2,G1-G3
leaf-gpu,sys1-ice2-p-swi-bel60,sw26p2,SU16 slot 52,mlx5_2,G1-G3
leaf-gpu,sys1-ice2-p-swi-bel60,sw27p1,SU16 slot 53,mlx5_2,G1-G3
leaf-gpu,sys1-ice2-p-swi-bel60,sw27p2,SU16 slot 54,mlx5_2,G1-G3
leaf-gpu,sys1-ice2-p-swi-bel60,sw28p1,SU16 slot 55,mlx5_2,G1-G3
leaf-gpu,sys1-ice2-p-swi-bel60,sw28p2,SU16 slot 56,mlx5_2,G1-G3
leaf-gpu,sys1-ice2-p-swi-bel60,sw29p1,SU16 slot 57,mlx5_2,G1-G3
leaf-gpu,sys1-ice2-p-swi-bel60,sw29p2,SU16 slot 58,mlx5_2,G1-G3
leaf-gpu,sys1-ice2-p-swi-bel60,sw30p1,SU16 slot 59,mlx5_2,G1-G3
leaf-gpu,sys1-ice2-p-swi-bel60,sw30p2,SU16 slot 60,mlx5_2,G1-G3
leaf-gpu,sys1-ice2-p-swi-bel60,sw31p1,SU16 slot 61,mlx5_2,G1-G3
leaf-gpu,sys1-ice2-p-swi-bel60,sw31p2,SU16 slot 62,mlx5_2,G1-G3
leaf-gpu,sys1-ice2-p-swi-bel60,sw32p1,SU16 slot 63,mlx5_2,G1-G3
leaf-gpu,sys1-ice2-p-swi-bel60,sw32p2,SU16 slot 64,mlx5_2,G1-G3
leaf-gpu,sys1-ice2-p-swi-bel60,sw33p1,SU16 slot 65,mlx5_2,G1-G3
leaf-gpu,sys1-ice2-p-swi-bel60,sw33p2,SU16 slot 66,mlx5_2,G1-G3
leaf-gpu,sys1-ice2-p-swi-bel60,sw34p1,SU16 slot 67,mlx5_2,G1-G3
leaf-gpu,sys1-ice2-p-swi-bel60,sw34p2,SU16 slot 68,mlx5_2,G1-G3
leaf-gpu,sys1-ice2-p-swi-bel60,sw35p1,SU16 slot 69,mlx5_2,G1-G3
leaf-gpu,sys1-ice2-p-swi-bel60,sw35p2,SU16 slot 70,mlx5_2,G1-G3
leaf-gpu,sys1-ice2-p-swi-bel60,sw36p1,SU16 slot 71,mlx5_2,G1-G3
leaf-gpu,sys1-ice2-p-swi-bel60,sw36p2,SU16 slot 72,mlx5_2,G1-G3
leaf-gpu,sys1-ice2-p-swi-bel61,sw1p1,SU13 slot 1,mlx5_3,G1-G3
leaf-gpu,sys1-ice2-p-swi-bel61,sw1p2,SU13 slot 2,mlx5_3,G1-G3
leaf-gpu,sys1-ice2-p-swi-bel61,sw2p1,SU13 slot 3,mlx5_3,G1-G3
leaf-gpu,sys1-ice2-p-swi-bel61,sw2p2,SU13 slot 4,mlx5_3,G1-G3
leaf-gpu,sys1-ice2-p-swi-bel61,sw3p1,SU13 slot 5,mlx5_3,G1-G3
leaf-gpu,sys1-ice2-p-swi-bel61,sw3p2,SU13 slot 6,mlx5_3,G1-G3
leaf-gpu,sys1-ice2-p-swi-bel61,sw4p1,SU13 slot 7,mlx5_3,G1-G3
leaf-gpu,sys1-ice2-p-swi-bel61,sw4p2,SU13 slot 8,mlx5_3,G1-G3
leaf-gpu,sys1-ice2-p-swi-bel61,sw5p1,SU13 slot 9,mlx5_3,G1-G3
leaf-gpu,sys1-ice2-p-swi-bel61,sw5p2,SU13 slot 10,mlx5_3,G1-G3
leaf-gpu,sys1-ice2-p-swi-bel61,sw6p1,SU13 slot 11,mlx5_3,G1-G3
leaf-gpu,sys1-ice2-p-swi-bel61,sw6p2,SU13 slot 12,mlx5_3,G1-G3
leaf-gpu,sys1-ice2-p-swi-bel61,sw7p1,SU13 slot 13,mlx5_3,G1-G3
leaf-gpu,sys1-ice2-p-swi-bel61,sw7p2,SU13 slot 14,mlx5_3,G1-G3
leaf-gpu,sys1-ice2-p-swi-bel61,sw8p1,SU13 slot 15,mlx5_3,G1-G3
leaf-gpu,sys1-ice2-p-swi-bel61,sw8p2,SU13 slot 16,mlx5_3,G1-G3
leaf-gpu,sys1-ice2-p-swi-bel61,sw9p1,SU13 slot 17,mlx5_3,G1-G3
leaf-gpu,sys1-ice2-p-swi-bel61,sw9p2,SU13 slot 18,mlx5_3,G1-G3
leaf-gpu,sys1-ice2-p-swi-bel61,sw10p1,SU13 slot 19,mlx5_3,G1-G3
leaf-gpu,sys1-ice2-p-swi-bel61,sw10p2,SU13 slot 20,mlx5_3,G1-G3
leaf-gpu,sys1-ice2-p-swi-bel61,sw11p1,SU13 slot 21,mlx5_3,G1-G3
leaf-gpu,sys1-ice2-p-swi-bel61,sw11p2,SU13 slot 22,mlx5_3,G1-G3
leaf-gpu,sys1-ice2-p-swi-bel61,sw12p1,SU13 slot 23,mlx5_3,G1-G3
leaf-gpu,sys1-ice2-p-swi-bel61,sw12p2,SU13 slot 24,mlx5_3,G1-G3
leaf-gpu,sys1-ice2-p-swi-bel61,sw13p1,SU13 slot 25,mlx5_3,G1-G3
leaf-gpu,sys1-ice2-p-swi-bel61,sw13p2,SU13 slot 26,mlx5_3,G1-G3
leaf-gpu,sys1-ice2-p-swi-bel61,sw14p1,SU13 slot 27,mlx5_3,G1-G3
leaf-gpu,sys1-ice2-p-swi-bel61,sw14p2,SU13 slot 28,mlx5_3,G1-G3
leaf-gpu,sys1-ice2-p-swi-bel61,sw15p1,SU13 slot 29,mlx5_3,G1-G3
leaf-gpu,sys1-ice2-p-swi-bel61,sw15p2,SU13 slot 30,mlx5_3,G1-G3
leaf-gpu,sys1-ice2-p-swi-bel61,sw16p1,SU13 slot 31,mlx5_3,G1-G3
leaf-gpu,sys1-ice2-p-swi-bel61,sw16p2,SU13 slot 32,mlx5_3,G1-G3
leaf-gpu,sys1-ice2-p-swi-bel61,sw17p1,SU13 slot 33,mlx5_3,G1-G3
leaf-gpu,sys1-ice2-p-swi-bel61,sw17p2,SU13 slot 34,mlx5_3,G1-G3
leaf-gpu,sys1-ice2-p-swi-bel61,sw18p1,SU13 slot 35,mlx5_3,G1-G3
leaf-gpu,sys1-ice2-p-swi-bel61,sw18p2,SU13 slot 36,mlx5_3,G1-G3
leaf-gpu,sys1-ice2-p-swi-bel61,sw19p1,SU13 slot 37,mlx5_3,G1-G3
leaf-gpu,sys1-ice2-p-swi-bel61,sw19p2,SU13 slot 38,mlx5_3,G1-G3
leaf-gpu,sys1-ice2-p-swi-bel61,sw20p1,SU13 slot 39,mlx5_3,G1-G3
leaf-gpu,sys1-ice2-p-swi-bel61,sw20p2,SU13 slot 40,mlx5_3,G1-G3
leaf-gpu,sys1-ice2-p-swi-bel61,sw21p1,SU13 slot 41,mlx5_3,G1-G3
leaf-gpu,sys1-ice2-p-swi-bel61,sw21p2,SU13 slot 42,mlx5_3,G1-G3
leaf-gpu,sys1-ice2-p-swi-bel61,sw22p1,SU13 slot 43,mlx5_3,G1-G3
leaf-gpu,sys1-ice2-p-swi-bel61,sw22p2,SU13 slot 44,mlx5_3,G1-G3
leaf-gpu,sys1-ice2-p-swi-bel61,sw23p1,SU13 slot 45,mlx5_3,G1-G3
leaf-gpu,sys1-ice2-p-swi-bel61,sw23p2,SU13 slot 46,mlx5_3,G1-G3
leaf-gpu,sys1-ice2-p-swi-bel61,sw24p1,SU13 slot 47,mlx5_3,G1-G3
leaf-gpu,sys1-ice2-p-swi-bel61,sw24p2,SU13 slot 48,mlx5_3,G1-G3
leaf-gpu,sys1-ice2-p-swi-bel61,sw25p1,SU13 slot 49,mlx5_3,G1-G3
leaf-gpu,sys1-ice2-p-swi-bel61,sw25p2,SU13 slot 50,mlx5_3,G1-G3
leaf-gpu,sys1-ice2-p-swi-bel61,sw26p1,SU13 slot 51,mlx5_3,G1-G3
leaf-gpu,sys1-ice2-p-swi-bel61,sw26p2,SU13 slot 52,mlx5_3,G1-G3
leaf-gpu,sys1-ice2-p-swi-bel61,sw27p1,SU13 slot 53,mlx5_3,G1-G3
leaf-gpu,sys1-ice2-p-swi-bel61,sw27p2,SU13 slot 54,mlx5_3,G1-G3
leaf-gpu,sys1-ice2-p-swi-bel61,sw28p1,SU13 slot 55,mlx5_3,G1-G3
leaf-gpu,sys1-ice2-p-swi-bel61,sw28p2,SU13 slot 56,mlx5_3,G1-G3
leaf-gpu,sys1-ice2-p-swi-bel61,sw29p1,SU13 slot 57,mlx5_3,G1-G3
leaf-gpu,sys1-ice2-p-swi-bel61,sw29p2,SU13 slot 58,mlx5_3,G1-G3
leaf-gpu,sys1-ice2-p-swi-bel61,sw30p1,SU13 slot 59,mlx5_3,G1-G3
leaf-gpu,sys1-ice2-p-swi-bel61,sw30p2,SU13 slot 60,mlx5_3,G1-G3
leaf-gpu,sys1-ice2-p-swi-bel61,sw31p1,SU13 slot 61,mlx5_3,G1-G3
leaf-gpu,sys1-ice2-p-swi-bel61,sw31p2,SU13 slot 62,mlx5_3,G1-G3
leaf-gpu,sys1-ice2-p-swi-bel61,sw32p1,SU13 slot 63,mlx5_3,G1-G3
leaf-gpu,sys1-ice2-p-swi-bel61,sw32p2,SU13 slot 64,mlx5_3,G1-G3
leaf-gpu,sys1-ice2-p-swi-bel61,sw33p1,SU13 slot 65,mlx5_3,G1-G3
leaf-gpu,sys1-ice2-p-swi-bel61,sw33p2,SU13 slot 66,mlx5_3,G1-G3
leaf-gpu,sys1-ice2-p-swi-bel61,sw34p1,SU13 slot 67,mlx5_3,G1-G3
leaf-gpu,sys1-ice2-p-swi-bel61,sw34p2,SU13 slot 68,mlx5_3,G1-G3
leaf-gpu,sys1-ice2-p-swi-bel61,sw35p1,SU13 slot 69,mlx5_3,G1-G3
leaf-gpu,sys1-ice2-p-swi-bel61,sw35p2,SU13 slot 70,mlx5_3,G1-G3
leaf-gpu,sys1-ice2-p-swi-bel61,sw36p1,SU13 slot 71,mlx5_3,G1-G3
leaf-gpu,sys1-ice2-p-swi-bel61,sw36p2,SU13 slot 72,mlx5_3,G1-G3
leaf-gpu,sys1-ice2-p-swi-bel62,sw1p1,SU14 slot 1,mlx5_3,G1-G3
leaf-gpu,sys1-ice2-p-swi-bel62,sw1p2,SU14 slot 2,mlx5_3,G1-G3
leaf-gpu,sys1-ice2-p-swi-bel62,sw2p1,SU14 slot 3,mlx5_3,G1-G3
leaf-gpu,sys1-ice2-p-swi-bel62,sw2p2,SU14 slot 4,mlx5_3,G1-G3
leaf-gpu,sys1-ice2-p-swi-bel62,sw3p1,SU14 slot 5,mlx5_3,G1-G3
leaf-gpu,sys1-ice2-p-swi-bel62,sw3p2,SU14 slot 6,mlx5_3,G1-G3
leaf-gpu,sys1-ice2-p-swi-bel62,sw4p1,SU14 slot 7,mlx5_3,G1-G3
leaf-gpu,sys1-ice2-p-swi-bel62,sw4p2,SU14 slot 8,mlx5_3,G1-G3
leaf-gpu,sys1-ice2-p-swi-bel62,sw5p1,SU14 slot 9,mlx5_3,G1-G3
leaf-gpu,sys1-ice2-p-swi-bel62,sw5p2,SU14 slot 10,mlx5_3,G1-G3
leaf-gpu,sys1-ice2-p-swi-bel62,sw6p1,SU14 slot 11,mlx5_3,G1-G3
leaf-gpu,sys1-ice2-p-swi-bel62,sw6p2,SU14 slot 12,mlx5_3,G1-G3
leaf-gpu,sys1-ice2-p-swi-bel62,sw7p1,SU14 slot 13,mlx5_3,G1-G3
leaf-gpu,sys1-ice2-p-swi-bel62,sw7p2,SU14 slot 14,mlx5_3,G1-G3
leaf-gpu,sys1-ice2-p-swi-bel62,sw8p1,SU14 slot 15,mlx5_3,G1-G3
leaf-gpu,sys1-ice2-p-swi-bel62,sw8p2,SU14 slot 16,mlx5_3,G1-G3
leaf-gpu,sys1-ice2-p-swi-bel62,sw9p1,SU14 slot 17,mlx5_3,G1-G3
leaf-gpu,sys1-ice2-p-swi-bel62,sw9p2,SU14 slot 18,mlx5_3,G1-G3
leaf-gpu,sys1-ice2-p-swi-bel62,sw10p1,SU14 slot 19,mlx5_3,G1-G3
leaf-gpu,sys1-ice2-p-swi-bel62,sw10p2,SU14 slot 20,mlx5_3,G1-G3
leaf-gpu,sys1-ice2-p-swi-bel62,sw11p1,SU14 slot 21,mlx5_3,G1-G3
leaf-gpu,sys1-ice2-p-swi-bel62,sw11p2,SU14 slot 22,mlx5_3,G1-G3
leaf-gpu,sys1-ice2-p-swi-bel62,sw12p1,SU14 slot 23,mlx5_3,G1-G3
leaf-gpu,sys1-ice2-p-swi-bel62,sw12p2,SU14 slot 24,mlx5_3,G1-G3
leaf-gpu,sys1-ice2-p-swi-bel62,sw13p1,SU14 slot 25,mlx5_3,G1-G3
leaf-gpu,sys1-ice2-p-swi-bel62,sw13p2,SU14 slot 26,mlx5_3,G1-G3
leaf-gpu,sys1-ice2-p-swi-bel62,sw14p1,SU14 slot 27,mlx5_3,G1-G3
leaf-gpu,sys1-ice2-p-swi-bel62,sw14p2,SU14 slot 28,mlx5_3,G1-G3
leaf-gpu,sys1-ice2-p-swi-bel62,sw15p1,SU14 slot 29,mlx5_3,G1-G3
leaf-gpu,sys1-ice2-p-swi-bel62,sw15p2,SU14 slot 30,mlx5_3,G1-G3
leaf-gpu,sys1-ice2-p-swi-bel62,sw16p1,SU14 slot 31,mlx5_3,G1-G3
leaf-gpu,sys1-ice2-p-swi-bel62,sw16p2,SU14 slot 32,mlx5_3,G1-G3
leaf-gpu,sys1-ice2-p-swi-bel62,sw17p1,SU14 slot 33,mlx5_3,G1-G3
leaf-gpu,sys1-ice2-p-swi-bel62,sw17p2,SU14 slot 34,mlx5_3,G1-G3
leaf-gpu,sys1-ice2-p-swi-bel62,sw18p1,SU14 slot 35,mlx5_3,G1-G3
leaf-gpu,sys1-ice2-p-swi-bel62,sw18p2,SU14 slot 36,mlx5_3,G1-G3
leaf-gpu,sys1-ice2-p-swi-bel62,sw19p1,SU14 slot 37,mlx5_3,G1-G3
leaf-gpu,sys1-ice2-p-swi-bel62,sw19p2,SU14 slot 38,mlx5_3,G1-G3
leaf-gpu,sys1-ice2-p-swi-bel62,sw20p1,SU14 slot 39,mlx5_3,G1-G3
leaf-gpu,sys1-ice2-p-swi-bel62,sw20p2,SU14 slot 40,mlx5_3,G1-G3
leaf-gpu,sys1-ice2-p-swi-bel62,sw21p1,SU14 slot 41,mlx5_3,G1-G3
leaf-gpu,sys1-ice2-p-swi-bel62,sw21p2,SU14 slot 42,mlx5_3,G1-G3
leaf-gpu,sys1-ice2-p-swi-bel62,sw22p1,SU14 slot 43,mlx5_3,G1-G3
leaf-gpu,sys1-ice2-p-swi-bel62,sw22p2,SU14 slot 44,mlx5_3,G1-G3
leaf-gpu,sys1-ice2-p-swi-bel62,sw23p1,SU14 slot 45,mlx5_3,G1-G3
leaf-gpu,sys1-ice2-p-swi-bel62,sw23p2,SU14 slot 46,mlx5_3,G1-G3
leaf-gpu,sys1-ice2-p-swi-bel62,sw24p1,SU14 slot 47,mlx5_3,G1-G3
leaf-gpu,sys1-ice2-p-swi-bel62,sw24p2,SU14 slot 48,mlx5_3,G1-G3
leaf-gpu,sys1-ice2-p-swi-bel62,sw25p1,SU14 slot 49,mlx5_3,G1-G3
leaf-gpu,sys1-ice2-p-swi-bel62,sw25p2,SU14 slot 50,mlx5_3,G1-G3
leaf-gpu,sys1-ice2-p-swi-bel62,sw26p1,SU14 slot 51,mlx5_3,G1-G3
leaf-gpu,sys1-ice2-p-swi-bel62,sw26p2,SU14 slot 52,mlx5_3,G1-G3
leaf-gpu,sys1-ice2-p-swi-bel62,sw27p1,SU14 slot 53,mlx5_3,G1-G3
leaf-gpu,sys1-ice2-p-swi-bel62,sw27p2,SU14 slot 54,mlx5_3,G1-G3
leaf-gpu,sys1-ice2-p-swi-bel62,sw28p1,SU14 slot 55,mlx5_3,G1-G3
leaf-gpu,sys1-ice2-p-swi-bel62,sw28p2,SU14 slot 56,mlx5_3,G1-G3
leaf-gpu,sys1-ice2-p-swi-bel62,sw29p1,SU14 slot 57,mlx5_3,G1-G3
leaf-gpu,sys1-ice2-p-swi-bel62,sw29p2,SU14 slot 58,mlx5_3,G1-G3
leaf-gpu,sys1-ice2-p-swi-bel62,sw30p1,SU14 slot 59,mlx5_3,G1-G3
leaf-gpu,sys1-ice2-p-swi-bel62,sw30p2,SU14 slot 60,mlx5_3,G1-G3
leaf-gpu,sys1-ice2-p-swi-bel62,sw31p1,SU14 slot 61,mlx5_3,G1-G3
leaf-gpu,sys1-ice2-p-swi-bel62,sw31p2,SU14 slot 62,mlx5_3,G1-G3
leaf-gpu,sys1-ice2-p-swi-bel62,sw32p1,SU14 slot 63,mlx5_3,G1-G3
leaf-gpu,sys1-ice2-p-swi-bel62,sw32p2,SU14 slot 64,mlx5_3,G1-G3
leaf-gpu,sys1-ice2-p-swi-bel62,sw33p1,SU14 slot 65,mlx5_3,G1-G3
leaf-gpu,sys1-ice2-p-swi-bel62,sw33p2,SU14 slot 66,mlx5_3,G1-G3
leaf-gpu,sys1-ice2-p-swi-bel62,sw34p1,SU14 slot 67,mlx5_3,G1-G3
leaf-gpu,sys1-ice2-p-swi-bel62,sw34p2,SU14 slot 68,mlx5_3,G1-G3
leaf-gpu,sys1-ice2-p-swi-bel62,sw35p1,SU14 slot 69,mlx5_3,G1-G3
leaf-gpu,sys1-ice2-p-swi-bel62,sw35p2,SU14 slot 70,mlx5_3,G1-G3
leaf-gpu,sys1-ice2-p-swi-bel62,sw36p1,SU14 slot 71,mlx5_3,G1-G3
leaf-gpu,sys1-ice2-p-swi-bel62,sw36p2,SU14 slot 72,mlx5_3,G1-G3
leaf-gpu,sys1-ice2-p-swi-bel63,sw1p1,SU15 slot 1,mlx5_3,G1-G3
leaf-gpu,sys1-ice2-p-swi-bel63,sw1p2,SU15 slot 2,mlx5_3,G1-G3
leaf-gpu,sys1-ice2-p-swi-bel63,sw2p1,SU15 slot 3,mlx5_3,G1-G3
leaf-gpu,sys1-ice2-p-swi-bel63,sw2p2,SU15 slot 4,mlx5_3,G1-G3
leaf-gpu,sys1-ice2-p-swi-bel63,sw3p1,SU15 slot 5,mlx5_3,G1-G3
leaf-gpu,sys1-ice2-p-swi-bel63,sw3p2,SU15 slot 6,mlx5_3,G1-G3
leaf-gpu,sys1-ice2-p-swi-bel63,sw4p1,SU15 slot 7,mlx5_3,G1-G3
leaf-gpu,sys1-ice2-p-swi-bel63,sw4p2,SU15 slot 8,mlx5_3,G1-G3
leaf-gpu,sys1-ice2-p-swi-bel63,sw5p1,SU15 slot 9,mlx5_3,G1-G3
leaf-gpu,sys1-ice2-p-swi-bel63,sw5p2,SU15 slot 10,mlx5_3,G1-G3
leaf-gpu,sys1-ice2-p-swi-bel63,sw6p1,SU15 slot 11,mlx5_3,G1-G3
leaf-gpu,sys1-ice2-p-swi-bel63,sw6p2,SU15 slot 12,mlx5_3,G1-G3
leaf-gpu,sys1-ice2-p-swi-bel63,sw7p1,SU15 slot 13,mlx5_3,G1-G3
leaf-gpu,sys1-ice2-p-swi-bel63,sw7p2,SU15 slot 14,mlx5_3,G1-G3
leaf-gpu,sys1-ice2-p-swi-bel63,sw8p1,SU15 slot 15,mlx5_3,G1-G3
leaf-gpu,sys1-ice2-p-swi-bel63,sw8p2,SU15 slot 16,mlx5_3,G1-G3
leaf-gpu,sys1-ice2-p-swi-bel63,sw9p1,SU15 slot 17,mlx5_3,G1-G3
leaf-gpu,sys1-ice2-p-swi-bel63,sw9p2,SU15 slot 18,mlx5_3,G1-G3
leaf-gpu,sys1-ice2-p-swi-bel63,sw10p1,SU15 slot 19,mlx5_3,G1-G3
leaf-gpu,sys1-ice2-p-swi-bel63,sw10p2,SU15 slot 20,mlx5_3,G1-G3
leaf-gpu,sys1-ice2-p-swi-bel63,sw11p1,SU15 slot 21,mlx5_3,G1-G3
leaf-gpu,sys1-ice2-p-swi-bel63,sw11p2,SU15 slot 22,mlx5_3,G1-G3
leaf-gpu,sys1-ice2-p-swi-bel63,sw12p1,SU15 slot 23,mlx5_3,G1-G3
leaf-gpu,sys1-ice2-p-swi-bel63,sw12p2,SU15 slot 24,mlx5_3,G1-G3
leaf-gpu,sys1-ice2-p-swi-bel63,sw13p1,SU15 slot 25,mlx5_3,G1-G3
leaf-gpu,sys1-ice2-p-swi-bel63,sw13p2,SU15 slot 26,mlx5_3,G1-G3
leaf-gpu,sys1-ice2-p-swi-bel63,sw14p1,SU15 slot 27,mlx5_3,G1-G3
leaf-gpu,sys1-ice2-p-swi-bel63,sw14p2,SU15 slot 28,mlx5_3,G1-G3
leaf-gpu,sys1-ice2-p-swi-bel63,sw15p1,SU15 slot 29,mlx5_3,G1-G3
leaf-gpu,sys1-ice2-p-swi-bel63,sw15p2,SU15 slot 30,mlx5_3,G1-G3
leaf-gpu,sys1-ice2-p-swi-bel63,sw16p1,SU15 slot 31,mlx5_3,G1-G3
leaf-gpu,sys1-ice2-p-swi-bel63,sw16p2,SU15 slot 32,mlx5_3,G1-G3
leaf-gpu,sys1-ice2-p-swi-bel63,sw17p1,SU15 slot 33,mlx5_3,G1-G3
leaf-gpu,sys1-ice2-p-swi-bel63,sw17p2,SU15 slot 34,mlx5_3,G1-G3
leaf-gpu,sys1-ice2-p-swi-bel63,sw18p1,SU15 slot 35,mlx5_3,G1-G3
leaf-gpu,sys1-ice2-p-swi-bel63,sw18p2,SU15 slot 36,mlx5_3,G1-G3
leaf-gpu,sys1-ice2-p-swi-bel63,sw19p1,SU15 slot 37,mlx5_3,G1-G3
leaf-gpu,sys1-ice2-p-swi-bel63,sw19p2,SU15 slot 38,mlx5_3,G1-G3
leaf-gpu,sys1-ice2-p-swi-bel63,sw20p1,SU15 slot 39,mlx5_3,G1-G3
leaf-gpu,sys1-ice2-p-swi-bel63,sw20p2,SU15 slot 40,mlx5_3,G1-G3
leaf-gpu,sys1-ice2-p-swi-bel63,sw21p1,SU15 slot 41,mlx5_3,G1-G3
leaf-gpu,sys1-ice2-p-swi-bel63,sw21p2,SU15 slot 42,mlx5_3,G1-G3
leaf-gpu,sys1-ice2-p-swi-bel63,sw22p1,SU15 slot 43,mlx5_3,G1-G3
leaf-gpu,sys1-ice2-p-swi-bel63,sw22p2,SU15 slot 44,mlx5_3,G1-G3
leaf-gpu,sys1-ice2-p-swi-bel63,sw23p1,SU15 slot 45,mlx5_3,G1-G3
leaf-gpu,sys1-ice2-p-swi-bel63,sw23p2,SU15 slot 46,mlx5_3,G1-G3
leaf-gpu,sys1-ice2-p-swi-bel63,sw24p1,SU15 slot 47,mlx5_3,G1-G3
leaf-gpu,sys1-ice2-p-swi-bel63,sw24p2,SU15 slot 48,mlx5_3,G1-G3
leaf-gpu,sys1-ice2-p-swi-bel63,sw25p1,SU15 slot 49,mlx5_3,G1-G3
leaf-gpu,sys1-ice2-p-swi-bel63,sw25p2,SU15 slot 50,mlx5_3,G1-G3
leaf-gpu,sys1-ice2-p-swi-bel63,sw26p1,SU15 slot 51,mlx5_3,G1-G3
leaf-gpu,sys1-ice2-p-swi-bel63,sw26p2,SU15 slot 52,mlx5_3,G1-G3
leaf-gpu,sys1-ice2-p-swi-bel63,sw27p1,SU15 slot 53,mlx5_3,G1-G3
leaf-gpu,sys1-ice2-p-swi-bel63,sw27p2,SU15 slot 54,mlx5_3,G1-G3
leaf-gpu,sys1-ice2-p-swi-bel63,sw28p1,SU15 slot 55,mlx5_3,G1-G3
leaf-gpu,sys1-ice2-p-swi-bel63,sw28p2,SU15 slot 56,mlx5_3,G1-G3
leaf-gpu,sys1-ice2-p-swi-bel63,sw29p1,SU15 slot 57,mlx5_3,G1-G3
leaf-gpu,sys1-ice2-p-swi-bel63,sw29p2,SU15 slot 58,mlx5_3,G1-G3
leaf-gpu,sys1-ice2-p-swi-bel63,sw30p1,SU15 slot 59,mlx5_3,G1-G3
leaf-gpu,sys1-ice2-p-swi-bel63,sw30p2,SU15 slot 60,mlx5_3,G1-G3
leaf-gpu,sys1-ice2-p-swi-bel63,sw31p1,SU15 slot 61,mlx5_3,G1-G3
leaf-gpu,sys1-ice2-p-swi-bel63,sw31p2,SU15 slot 62,mlx5_3,G1-G3
leaf-gpu,sys1-ice2-p-swi-bel63,sw32p1,SU15 slot 63,mlx5_3,G1-G3
leaf-gpu,sys1-ice2-p-swi-bel63,sw32p2,SU15 slot 64,mlx5_3,G1-G3
leaf-gpu,sys1-ice2-p-swi-bel63,sw33p1,SU15 slot 65,mlx5_3,G1-G3
leaf-gpu,sys1-ice2-p-swi-bel63,sw33p2,SU15 slot 66,mlx5_3,G1-G3
leaf-gpu,sys1-ice2-p-swi-bel63,sw34p1,SU15 slot 67,mlx5_3,G1-G3
leaf-gpu,sys1-ice2-p-swi-bel63,sw34p2,SU15 slot 68,mlx5_3,G1-G3
leaf-gpu,sys1-ice2-p-swi-bel63,sw35p1,SU15 slot 69,mlx5_3,G1-G3
leaf-gpu,sys1-ice2-p-swi-bel63,sw35p2,SU15 slot 70,mlx5_3,G1-G3
leaf-gpu,sys1-ice2-p-swi-bel63,sw36p1,SU15 slot 71,mlx5_3,G1-G3
leaf-gpu,sys1-ice2-p-swi-bel63,sw36p2,SU15 slot 72,mlx5_3,G1-G3
leaf-gpu,sys1-ice2-p-swi-bel64,sw1p1,SU16 slot 1,mlx5_3,G1-G3
leaf-gpu,sys1-ice2-p-swi-bel64,sw1p2,SU16 slot 2,mlx5_3,G1-G3
leaf-gpu,sys1-ice2-p-swi-bel64,sw2p1,SU16 slot 3,mlx5_3,G1-G3
leaf-gpu,sys1-ice2-p-swi-bel64,sw2p2,SU16 slot 4,mlx5_3,G1-G3
leaf-gpu,sys1-ice2-p-swi-bel64,sw3p1,SU16 slot 5,mlx5_3,G1-G3
leaf-gpu,sys1-ice2-p-swi-bel64,sw3p2,SU16 slot 6,mlx5_3,G1-G3
leaf-gpu,sys1-ice2-p-swi-bel64,sw4p1,SU16 slot 7,mlx5_3,G1-G3
leaf-gpu,sys1-ice2-p-swi-bel64,sw4p2,SU16 slot 8,mlx5_3,G1-G3
leaf-gpu,sys1-ice2-p-swi-bel64,sw5p1,SU16 slot 9,mlx5_3,G1-G3
leaf-gpu,sys1-ice2-p-swi-bel64,sw5p2,SU16 slot 10,mlx5_3,G1-G3
leaf-gpu,sys1-ice2-p-swi-bel64,sw6p1,SU16 slot 11,mlx5_3,G1-G3
leaf-gpu,sys1-ice2-p-swi-bel64,sw6p2,SU16 slot 12,mlx5_3,G1-G3
leaf-gpu,sys1-ice2-p-swi-bel64,sw7p1,SU16 slot 13,mlx5_3,G1-G3
leaf-gpu,sys1-ice2-p-swi-bel64,sw7p2,SU16 slot 14,mlx5_3,G1-G3
leaf-gpu,sys1-ice2-p-swi-bel64,sw8p1,SU16 slot 15,mlx5_3,G1-G3
leaf-gpu,sys1-ice2-p-swi-bel64,sw8p2,SU16 slot 16,mlx5_3,G1-G3
leaf-gpu,sys1-ice2-p-swi-bel64,sw9p1,SU16 slot 17,mlx5_3,G1-G3
leaf-gpu,sys1-ice2-p-swi-bel64,sw9p2,SU16 slot 18,mlx5_3,G1-G3
leaf-gpu,sys1-ice2-p-swi-bel64,sw10p1,SU16 slot 19,mlx5_3,G1-G3
leaf-gpu,sys1-ice2-p-swi-bel64,sw10p2,SU16 slot 20,mlx5_3,G1-G3
leaf-gpu,sys1-ice2-p-swi-bel64,sw11p1,SU16 slot 21,mlx5_3,G1-G3
leaf-gpu,sys1-ice2-p-swi-bel64,sw11p2,SU16 slot 22,mlx5_3,G1-G3
leaf-gpu,sys1-ice2-p-swi-bel64,sw12p1,SU16 slot 23,mlx5_3,G1-G3
leaf-gpu,sys1-ice2-p-swi-bel64,sw12p2,SU16 slot 24,mlx5_3,G1-G3
leaf-gpu,sys1-ice2-p-swi-bel64,sw13p1,SU16 slot 25,mlx5_3,G1-G3
leaf-gpu,sys1-ice2-p-swi-bel64,sw13p2,SU16 slot 26,mlx5_3,G1-G3
leaf-gpu,sys1-ice2-p-swi-bel64,sw14p1,SU16 slot 27,mlx5_3,G1-G3
leaf-gpu,sys1-ice2-p-swi-bel64,sw14p2,SU16 slot 28,mlx5_3,G1-G3
leaf-gpu,sys1-ice2-p-swi-bel64,sw15p1,SU16 slot 29,mlx5_3,G1-G3
leaf-gpu,sys1-ice2-p-swi-bel64,sw15p2,SU16 slot 30,mlx5_3,G1-G3
leaf-gpu,sys1-ice2-p-swi-bel64,sw16p1,SU16 slot 31,mlx5_3,G1-G3
leaf-gpu,sys1-ice2-p-swi-bel64,sw16p2,SU16 slot 32,mlx5_3,G1-G3
leaf-gpu,sys1-ice2-p-swi-bel64,sw17p1,SU16 slot 33,mlx5_3,G1-G3
leaf-gpu,sys1-ice2-p-swi-bel64,sw17p2,SU16 slot 34,mlx5_3,G1-G3
leaf-gpu,sys1-ice2-p-swi-bel64,sw18p1,SU16 slot 35,mlx5_3,G1-G3
leaf-gpu,sys1-ice2-p-swi-bel64,sw18p2,SU16 slot 36,mlx5_3,G1-G3
leaf-gpu,sys1-ice2-p-swi-bel64,sw19p1,SU16 slot 37,mlx5_3,G1-G3
leaf-gpu,sys1-ice2-p-swi-bel64,sw19p2,SU16 slot 38,mlx5_3,G1-G3
leaf-gpu,sys1-ice2-p-swi-bel64,sw20p1,SU16 slot 39,mlx5_3,G1-G3
leaf-gpu,sys1-ice2-p-swi-bel64,sw20p2,SU16 slot 40,mlx5_3,G1-G3
leaf-gpu,sys1-ice2-p-swi-bel64,sw21p1,SU16 slot 41,mlx5_3,G1-G3
leaf-gpu,sys1-ice2-p-swi-bel64,sw21p2,SU16 slot 42,mlx5_3,G1-G3
leaf-gpu,sys1-ice2-p-swi-bel64,sw22p1,SU16 slot 43,mlx5_3,G1-G3
leaf-gpu,sys1-ice2-p-swi-bel64,sw22p2,SU16 slot 44,mlx5_3,G1-G3
leaf-gpu,sys1-ice2-p-swi-bel64,sw23p1,SU16 slot 45,mlx5_3,G1-G3
leaf-gpu,sys1-ice2-p-swi-bel64,sw23p2,SU16 slot 46,mlx5_3,G1-G3
leaf-gpu,sys1-ice2-p-swi-bel64,sw24p1,SU16 slot 47,mlx5_3,G1-G3
leaf-gpu,sys1-ice2-p-swi-bel64,sw24p2,SU16 slot 48,mlx5_3,G1-G3
leaf-gpu,sys1-ice2-p-swi-bel64,sw25p1,SU16 slot 49,mlx5_3,G1-G3
leaf-gpu,sys1-ice2-p-swi-bel64,sw25p2,SU16 slot 50,mlx5_3,G1-G3
leaf-gpu,sys1-ice2-p-swi-bel64,sw26p1,SU16 slot 51,mlx5_3,G1-G3
leaf-gpu,sys1-ice2-p-swi-bel64,sw26p2,SU16 slot 52,mlx5_3,G1-G3
leaf-gpu,sys1-ice2-p-swi-bel64,sw27p1,SU16 slot 53,mlx5_3,G1-G3
leaf-gpu,sys1-ice2-p-swi-bel64,sw27p2,SU16 slot 54,mlx5_3,G1-G3
leaf-gpu,sys1-ice2-p-swi-bel64,sw28p1,SU16 slot 55,mlx5_3,G1-G3
leaf-gpu,sys1-ice2-p-swi-bel64,sw28p2,SU16 slot 56,mlx5_3,G1-G3
leaf-gpu,sys1-ice2-p-swi-bel64,sw29p1,SU16 slot 57,mlx5_3,G1-G3
leaf-gpu,sys1-ice2-p-swi-bel64,sw29p2,SU16 slot 58,mlx5_3,G1-G3
leaf-gpu,sys1-ice2-p-swi-bel64,sw30p1,SU16 slot 59,mlx5_3,G1-G3
leaf-gpu,sys1-ice2-p-swi-bel64,sw30p2,SU16 slot 60,mlx5_3,G1-G3
leaf-gpu,sys1-ice2-p-swi-bel64,sw31p1,SU16 slot 61,mlx5_3,G1-G3
leaf-gpu,sys1-ice2-p-swi-bel64,sw31p2,SU16 slot 62,mlx5_3,G1-G3
leaf-gpu,sys1-ice2-p-swi-bel64,sw32p1,SU16 slot 63,mlx5_3,G1-G3
leaf-gpu,sys1-ice2-p-swi-bel64,sw32p2,SU16 slot 64,mlx5_3,G1-G3
leaf-gpu,sys1-ice2-p-swi-bel64,sw33p1,SU16 slot 65,mlx5_3,G1-G3
leaf-gpu,sys1-ice2-p-swi-bel64,sw33p2,SU16 slot 66,mlx5_3,G1-G3
leaf-gpu,sys1-ice2-p-swi-bel64,sw34p1,SU16 slot 67,mlx5_3,G1-G3
leaf-gpu,sys1-ice2-p-swi-bel64,sw34p2,SU16 slot 68,mlx5_3,G1-G3
leaf-gpu,sys1-ice2-p-swi-bel64,sw35p1,SU16 slot 69,mlx5_3,G1-G3
leaf-gpu,sys1-ice2-p-swi-bel64,sw35p2,SU16 slot 70,mlx5_3,G1-G3
leaf-gpu,sys1-ice2-p-swi-bel64,sw36p1,SU16 slot 71,mlx5_3,G1-G3
leaf-gpu,sys1-ice2-p-swi-bel64,sw36p2,SU16 slot 72,mlx5_3,G1-G3
