netbox_cable_id,connection_type,endpoint_a_device,endpoint_a_port,endpoint_a_live_state,endpoint_b_device,endpoint_b_port,endpoint_b_live_state
95536,leaf-spine,sys1-lon14-p-swi-bel1,sw72p2,,sys1-lon14-p-swi-bes1,sw1p1,
95537,leaf-spine,sys1-lon14-p-swi-bel1,sw72p1,,sys1-lon14-p-swi-bes1,sw1p2,
95538,leaf-spine,sys1-lon14-p-swi-bel2,sw72p2,,sys1-lon14-p-swi-bes1,sw2p1,
95539,leaf-spine,sys1-lon14-p-swi-bel2,sw72p1,,sys1-lon14-p-swi-bes1,sw2p2,
95540,leaf-spine,sys1-lon14-p-swi-bel3,sw72p2,,sys1-lon14-p-swi-bes1,sw3p1,
95541,leaf-spine,sys1-lon14-p-swi-bel3,sw72p1,,sys1-lon14-p-swi-bes1,sw3p2,
95542,leaf-spine,sys1-lon14-p-swi-bel4,sw72p2,,sys1-lon14-p-swi-bes1,sw4p1,
95543,leaf-spine,sys1-lon14-p-swi-bel4,sw72p1,,sys1-lon14-p-swi-bes1,sw4p2,
95544,leaf-spine,sys1-lon14-p-swi-bel5,sw72p2,,sys1-lon14-p-swi-bes1,sw5p1,
95545,leaf-spine,sys1-lon14-p-swi-bel5,sw72p1,,sys1-lon14-p-swi-bes1,sw5p2,
95546,leaf-spine,sys1-lon14-p-swi-bel6,sw72p2,,sys1-lon14-p-swi-bes1,sw6p1,
95547,leaf-spine,sys1-lon14-p-swi-bel6,sw72p1,,sys1-lon14-p-swi-bes1,sw6p2,
95548,leaf-spine,sys1-lon14-p-swi-bel7,sw72p2,,sys1-lon14-p-swi-bes1,sw7p1,
95549,leaf-spine,sys1-lon14-p-swi-bel7,sw72p1,,sys1-lon14-p-swi-bes1,sw7p2,
95550,leaf-spine,sys1-lon14-p-swi-bel8,sw72p2,,sys1-lon14-p-swi-bes1,sw8p1,
95551,leaf-spine,sys1-lon14-p-swi-bel8,sw72p1,,sys1-lon14-p-swi-bes1,sw8p2,
95552,leaf-spine,sys1-lon14-p-swi-bel9,sw72p2,,sys1-lon14-p-swi-bes1,sw9p1,
95553,leaf-spine,sys1-lon14-p-swi-bel9,sw72p1,,sys1-lon14-p-swi-bes1,sw9p2,
95554,leaf-spine,sys1-lon14-p-swi-bel10,sw72p2,,sys1-lon14-p-swi-bes1,sw10p1,
95555,leaf-spine,sys1-lon14-p-swi-bel10,sw72p1,,sys1-lon14-p-swi-bes1,sw10p2,
95556,leaf-spine,sys1-lon14-p-swi-bel11,sw72p2,,sys1-lon14-p-swi-bes1,sw11p1,
95557,leaf-spine,sys1-lon14-p-swi-bel11,sw72p1,,sys1-lon14-p-swi-bes1,sw11p2,
95558,leaf-spine,sys1-lon14-p-swi-bel12,sw72p2,,sys1-lon14-p-swi-bes1,sw12p1,
95559,leaf-spine,sys1-lon14-p-swi-bel12,sw72p1,,sys1-lon14-p-swi-bes1,sw12p2,
95560,leaf-spine,sys1-lon14-p-swi-bel13,sw72p2,,sys1-lon14-p-swi-bes1,sw13p1,
95561,leaf-spine,sys1-lon14-p-swi-bel13,sw72p1,,sys1-lon14-p-swi-bes1,sw13p2,
95562,leaf-spine,sys1-lon14-p-swi-bel14,sw72p2,,sys1-lon14-p-swi-bes1,sw14p1,
95563,leaf-spine,sys1-lon14-p-swi-bel14,sw72p1,,sys1-lon14-p-swi-bes1,sw14p2,
95564,leaf-spine,sys1-lon14-p-swi-bel15,sw72p2,,sys1-lon14-p-swi-bes1,sw15p1,
95565,leaf-spine,sys1-lon14-p-swi-bel15,sw72p1,,sys1-lon14-p-swi-bes1,sw15p2,
95566,leaf-spine,sys1-lon14-p-swi-bel16,sw72p2,,sys1-lon14-p-swi-bes1,sw16p1,
95567,leaf-spine,sys1-lon14-p-swi-bel16,sw72p1,,sys1-lon14-p-swi-bes1,sw16p2,
95568,leaf-spine,sys1-lon14-p-swi-bel17,sw72p2,,sys1-lon14-p-swi-bes1,sw17p1,
95569,leaf-spine,sys1-lon14-p-swi-bel17,sw72p1,,sys1-lon14-p-swi-bes1,sw17p2,
95570,leaf-spine,sys1-lon14-p-swi-bel18,sw72p2,,sys1-lon14-p-swi-bes1,sw18p1,
95571,leaf-spine,sys1-lon14-p-swi-bel18,sw72p1,,sys1-lon14-p-swi-bes1,sw18p2,
95572,leaf-spine,sys1-lon14-p-swi-bel19,sw72p2,,sys1-lon14-p-swi-bes1,sw19p1,
95573,leaf-spine,sys1-lon14-p-swi-bel19,sw72p1,,sys1-lon14-p-swi-bes1,sw19p2,
95574,leaf-spine,sys1-lon14-p-swi-bel20,sw72p2,,sys1-lon14-p-swi-bes1,sw20p1,
95575,leaf-spine,sys1-lon14-p-swi-bel20,sw72p1,,sys1-lon14-p-swi-bes1,sw20p2,
95576,leaf-spine,sys1-lon14-p-swi-bel21,sw72p2,,sys1-lon14-p-swi-bes1,sw21p1,
95577,leaf-spine,sys1-lon14-p-swi-bel21,sw72p1,,sys1-lon14-p-swi-bes1,sw21p2,
95578,leaf-spine,sys1-lon14-p-swi-bel22,sw72p2,,sys1-lon14-p-swi-bes1,sw22p1,
95579,leaf-spine,sys1-lon14-p-swi-bel22,sw72p1,,sys1-lon14-p-swi-bes1,sw22p2,
95580,leaf-spine,sys1-lon14-p-swi-bel23,sw72p2,,sys1-lon14-p-swi-bes1,sw23p1,
95581,leaf-spine,sys1-lon14-p-swi-bel23,sw72p1,,sys1-lon14-p-swi-bes1,sw23p2,
95582,leaf-spine,sys1-lon14-p-swi-bel24,sw72p2,,sys1-lon14-p-swi-bes1,sw24p1,
95583,leaf-spine,sys1-lon14-p-swi-bel24,sw72p1,,sys1-lon14-p-swi-bes1,sw24p2,
95584,leaf-spine,sys1-lon14-p-swi-bel25,sw72p2,,sys1-lon14-p-swi-bes1,sw25p1,
95585,leaf-spine,sys1-lon14-p-swi-bel25,sw72p1,,sys1-lon14-p-swi-bes1,sw25p2,
95586,leaf-spine,sys1-lon14-p-swi-bel26,sw72p2,,sys1-lon14-p-swi-bes1,sw26p1,
95587,leaf-spine,sys1-lon14-p-swi-bel26,sw72p1,,sys1-lon14-p-swi-bes1,sw26p2,
95588,leaf-spine,sys1-lon14-p-swi-bel27,sw72p2,,sys1-lon14-p-swi-bes1,sw27p1,
95589,leaf-spine,sys1-lon14-p-swi-bel27,sw72p1,,sys1-lon14-p-swi-bes1,sw27p2,
95590,leaf-spine,sys1-lon14-p-swi-bel28,sw72p2,,sys1-lon14-p-swi-bes1,sw28p1,
95591,leaf-spine,sys1-lon14-p-swi-bel28,sw72p1,,sys1-lon14-p-swi-bes1,sw28p2,
95592,leaf-spine,sys1-lon14-p-swi-bel29,sw72p2,,sys1-lon14-p-swi-bes1,sw29p1,
95593,leaf-spine,sys1-lon14-p-swi-bel29,sw72p1,,sys1-lon14-p-swi-bes1,sw29p2,
95594,leaf-spine,sys1-lon14-p-swi-bel30,sw72p2,,sys1-lon14-p-swi-bes1,sw30p1,
95595,leaf-spine,sys1-lon14-p-swi-bel30,sw72p1,,sys1-lon14-p-swi-bes1,sw30p2,
95596,leaf-spine,sys1-lon14-p-swi-bel31,sw72p2,,sys1-lon14-p-swi-bes1,sw31p1,
95597,leaf-spine,sys1-lon14-p-swi-bel31,sw72p1,,sys1-lon14-p-swi-bes1,sw31p2,
95598,leaf-spine,sys1-lon14-p-swi-bel32,sw72p2,,sys1-lon14-p-swi-bes1,sw32p1,
95599,leaf-spine,sys1-lon14-p-swi-bel32,sw72p1,,sys1-lon14-p-swi-bes1,sw32p2,
95600,leaf-spine,sys1-lon14-p-swi-bel33,sw72p2,,sys1-lon14-p-swi-bes1,sw33p1,
95601,leaf-spine,sys1-lon14-p-swi-bel33,sw72p1,,sys1-lon14-p-swi-bes1,sw33p2,
95602,leaf-spine,sys1-lon14-p-swi-bel34,sw72p2,,sys1-lon14-p-swi-bes1,sw34p1,
95603,leaf-spine,sys1-lon14-p-swi-bel34,sw72p1,,sys1-lon14-p-swi-bes1,sw34p2,
95604,leaf-spine,sys1-lon14-p-swi-bel35,sw72p2,,sys1-lon14-p-swi-bes1,sw35p1,
95605,leaf-spine,sys1-lon14-p-swi-bel35,sw72p1,,sys1-lon14-p-swi-bes1,sw35p2,
95606,leaf-spine,sys1-lon14-p-swi-bel36,sw72p2,,sys1-lon14-p-swi-bes1,sw36p1,
95607,leaf-spine,sys1-lon14-p-swi-bel36,sw72p1,,sys1-lon14-p-swi-bes1,sw36p2,
95608,leaf-spine,sys1-lon14-p-swi-bel37,sw72p2,,sys1-lon14-p-swi-bes1,sw37p1,
95609,leaf-spine,sys1-lon14-p-swi-bel37,sw72p1,,sys1-lon14-p-swi-bes1,sw37p2,
95610,leaf-spine,sys1-lon14-p-swi-bel38,sw72p2,,sys1-lon14-p-swi-bes1,sw38p1,
95611,leaf-spine,sys1-lon14-p-swi-bel38,sw72p1,,sys1-lon14-p-swi-bes1,sw38p2,
95612,leaf-spine,sys1-lon14-p-swi-bel39,sw72p2,,sys1-lon14-p-swi-bes1,sw39p1,
95613,leaf-spine,sys1-lon14-p-swi-bel39,sw72p1,,sys1-lon14-p-swi-bes1,sw39p2,
95614,leaf-spine,sys1-lon14-p-swi-bel40,sw72p2,,sys1-lon14-p-swi-bes1,sw40p1,
95615,leaf-spine,sys1-lon14-p-swi-bel40,sw72p1,,sys1-lon14-p-swi-bes1,sw40p2,
95616,leaf-spine,sys1-lon14-p-swi-bel41,sw72p2,,sys1-lon14-p-swi-bes1,sw41p1,
95617,leaf-spine,sys1-lon14-p-swi-bel41,sw72p1,,sys1-lon14-p-swi-bes1,sw41p2,
95618,leaf-spine,sys1-lon14-p-swi-bel42,sw72p2,,sys1-lon14-p-swi-bes1,sw42p1,
95619,leaf-spine,sys1-lon14-p-swi-bel42,sw72p1,,sys1-lon14-p-swi-bes1,sw42p2,
95620,leaf-spine,sys1-lon14-p-swi-bel43,sw72p2,,sys1-lon14-p-swi-bes1,sw43p1,
95621,leaf-spine,sys1-lon14-p-swi-bel43,sw72p1,,sys1-lon14-p-swi-bes1,sw43p2,
95622,leaf-spine,sys1-lon14-p-swi-bel44,sw72p2,,sys1-lon14-p-swi-bes1,sw44p1,
95623,leaf-spine,sys1-lon14-p-swi-bel44,sw72p1,,sys1-lon14-p-swi-bes1,sw44p2,
95624,leaf-spine,sys1-lon14-p-swi-bel45,sw72p2,,sys1-lon14-p-swi-bes1,sw45p1,
95625,leaf-spine,sys1-lon14-p-swi-bel45,sw72p1,,sys1-lon14-p-swi-bes1,sw45p2,
95626,leaf-spine,sys1-lon14-p-swi-bel46,sw72p2,,sys1-lon14-p-swi-bes1,sw46p1,
95627,leaf-spine,sys1-lon14-p-swi-bel46,sw72p1,,sys1-lon14-p-swi-bes1,sw46p2,
95628,leaf-spine,sys1-lon14-p-swi-bel47,sw72p2,,sys1-lon14-p-swi-bes1,sw47p1,
95629,leaf-spine,sys1-lon14-p-swi-bel47,sw72p1,,sys1-lon14-p-swi-bes1,sw47p2,
95630,leaf-spine,sys1-lon14-p-swi-bel48,sw72p2,,sys1-lon14-p-swi-bes1,sw48p1,
95631,leaf-spine,sys1-lon14-p-swi-bel48,sw72p1,,sys1-lon14-p-swi-bes1,sw48p2,
95632,leaf-spine,sys1-lon14-p-swi-bel49,sw72p2,,sys1-lon14-p-swi-bes1,sw49p1,
95633,leaf-spine,sys1-lon14-p-swi-bel49,sw72p1,,sys1-lon14-p-swi-bes1,sw49p2,
95634,leaf-spine,sys1-lon14-p-swi-bel50,sw72p2,,sys1-lon14-p-swi-bes1,sw50p1,
95635,leaf-spine,sys1-lon14-p-swi-bel50,sw72p1,,sys1-lon14-p-swi-bes1,sw50p2,
95636,leaf-spine,sys1-lon14-p-swi-bel51,sw72p2,,sys1-lon14-p-swi-bes1,sw51p1,
95637,leaf-spine,sys1-lon14-p-swi-bel51,sw72p1,,sys1-lon14-p-swi-bes1,sw51p2,
95638,leaf-spine,sys1-lon14-p-swi-bel52,sw72p2,,sys1-lon14-p-swi-bes1,sw52p1,
95639,leaf-spine,sys1-lon14-p-swi-bel52,sw72p1,,sys1-lon14-p-swi-bes1,sw52p2,
95640,leaf-spine,sys1-lon14-p-swi-bel53,sw72p2,,sys1-lon14-p-swi-bes1,sw53p1,
95641,leaf-spine,sys1-lon14-p-swi-bel53,sw72p1,,sys1-lon14-p-swi-bes1,sw53p2,
95642,leaf-spine,sys1-lon14-p-swi-bel54,sw72p2,,sys1-lon14-p-swi-bes1,sw54p1,
95643,leaf-spine,sys1-lon14-p-swi-bel54,sw72p1,,sys1-lon14-p-swi-bes1,sw54p2,
95644,leaf-spine,sys1-lon14-p-swi-bel55,sw72p2,,sys1-lon14-p-swi-bes1,sw55p1,
95645,leaf-spine,sys1-lon14-p-swi-bel55,sw72p1,,sys1-lon14-p-swi-bes1,sw55p2,
95646,leaf-spine,sys1-lon14-p-swi-bel56,sw72p2,,sys1-lon14-p-swi-bes1,sw56p1,
95647,leaf-spine,sys1-lon14-p-swi-bel56,sw72p1,,sys1-lon14-p-swi-bes1,sw56p2,
95648,leaf-spine,sys1-lon14-p-swi-bel57,sw72p2,,sys1-lon14-p-swi-bes1,sw57p1,
95649,leaf-spine,sys1-lon14-p-swi-bel57,sw72p1,,sys1-lon14-p-swi-bes1,sw57p2,
95650,leaf-spine,sys1-lon14-p-swi-bel58,sw72p2,,sys1-lon14-p-swi-bes1,sw58p1,
95651,leaf-spine,sys1-lon14-p-swi-bel58,sw72p1,,sys1-lon14-p-swi-bes1,sw58p2,
95652,leaf-spine,sys1-lon14-p-swi-bel59,sw72p2,,sys1-lon14-p-swi-bes1,sw59p1,
95653,leaf-spine,sys1-lon14-p-swi-bel59,sw72p1,,sys1-lon14-p-swi-bes1,sw59p2,
95654,leaf-spine,sys1-lon14-p-swi-bel60,sw72p2,,sys1-lon14-p-swi-bes1,sw60p1,
95655,leaf-spine,sys1-lon14-p-swi-bel60,sw72p1,,sys1-lon14-p-swi-bes1,sw60p2,
95656,leaf-spine,sys1-lon14-p-swi-bel61,sw72p2,,sys1-lon14-p-swi-bes1,sw61p1,
95657,leaf-spine,sys1-lon14-p-swi-bel61,sw72p1,,sys1-lon14-p-swi-bes1,sw61p2,
95658,leaf-spine,sys1-lon14-p-swi-bel62,sw72p2,,sys1-lon14-p-swi-bes1,sw62p1,
95659,leaf-spine,sys1-lon14-p-swi-bel62,sw72p1,,sys1-lon14-p-swi-bes1,sw62p2,
95660,leaf-spine,sys1-lon14-p-swi-bel63,sw72p2,,sys1-lon14-p-swi-bes1,sw63p1,
95661,leaf-spine,sys1-lon14-p-swi-bel63,sw72p1,,sys1-lon14-p-swi-bes1,sw63p2,
95662,leaf-spine,sys1-lon14-p-swi-bel64,sw72p2,,sys1-lon14-p-swi-bes1,sw64p1,
95663,leaf-spine,sys1-lon14-p-swi-bel64,sw72p1,,sys1-lon14-p-swi-bes1,sw64p2,
95664,leaf-spine,sys1-lon14-p-swi-bel1,sw71p2,,sys1-lon14-p-swi-bes2,sw1p1,
95665,leaf-spine,sys1-lon14-p-swi-bel1,sw71p1,,sys1-lon14-p-swi-bes2,sw1p2,
95666,leaf-spine,sys1-lon14-p-swi-bel2,sw71p2,,sys1-lon14-p-swi-bes2,sw2p1,
95667,leaf-spine,sys1-lon14-p-swi-bel2,sw71p1,,sys1-lon14-p-swi-bes2,sw2p2,
95668,leaf-spine,sys1-lon14-p-swi-bel3,sw71p2,,sys1-lon14-p-swi-bes2,sw3p1,
95669,leaf-spine,sys1-lon14-p-swi-bel3,sw71p1,,sys1-lon14-p-swi-bes2,sw3p2,
95670,leaf-spine,sys1-lon14-p-swi-bel4,sw71p2,,sys1-lon14-p-swi-bes2,sw4p1,
95671,leaf-spine,sys1-lon14-p-swi-bel4,sw71p1,,sys1-lon14-p-swi-bes2,sw4p2,
95672,leaf-spine,sys1-lon14-p-swi-bel5,sw71p2,,sys1-lon14-p-swi-bes2,sw5p1,
95673,leaf-spine,sys1-lon14-p-swi-bel5,sw71p1,,sys1-lon14-p-swi-bes2,sw5p2,
95674,leaf-spine,sys1-lon14-p-swi-bel6,sw71p2,,sys1-lon14-p-swi-bes2,sw6p1,
95675,leaf-spine,sys1-lon14-p-swi-bel6,sw71p1,,sys1-lon14-p-swi-bes2,sw6p2,
95676,leaf-spine,sys1-lon14-p-swi-bel7,sw71p2,,sys1-lon14-p-swi-bes2,sw7p1,
95677,leaf-spine,sys1-lon14-p-swi-bel7,sw71p1,,sys1-lon14-p-swi-bes2,sw7p2,
95678,leaf-spine,sys1-lon14-p-swi-bel8,sw71p2,,sys1-lon14-p-swi-bes2,sw8p1,
95679,leaf-spine,sys1-lon14-p-swi-bel8,sw71p1,,sys1-lon14-p-swi-bes2,sw8p2,
95680,leaf-spine,sys1-lon14-p-swi-bel9,sw71p2,,sys1-lon14-p-swi-bes2,sw9p1,
95681,leaf-spine,sys1-lon14-p-swi-bel9,sw71p1,,sys1-lon14-p-swi-bes2,sw9p2,
95682,leaf-spine,sys1-lon14-p-swi-bel10,sw71p2,,sys1-lon14-p-swi-bes2,sw10p1,
95683,leaf-spine,sys1-lon14-p-swi-bel10,sw71p1,,sys1-lon14-p-swi-bes2,sw10p2,
95684,leaf-spine,sys1-lon14-p-swi-bel11,sw71p2,,sys1-lon14-p-swi-bes2,sw11p1,
95685,leaf-spine,sys1-lon14-p-swi-bel11,sw71p1,,sys1-lon14-p-swi-bes2,sw11p2,
95686,leaf-spine,sys1-lon14-p-swi-bel12,sw71p2,,sys1-lon14-p-swi-bes2,sw12p1,
95687,leaf-spine,sys1-lon14-p-swi-bel12,sw71p1,,sys1-lon14-p-swi-bes2,sw12p2,
95688,leaf-spine,sys1-lon14-p-swi-bel13,sw71p2,,sys1-lon14-p-swi-bes2,sw13p1,
95689,leaf-spine,sys1-lon14-p-swi-bel13,sw71p1,,sys1-lon14-p-swi-bes2,sw13p2,
95690,leaf-spine,sys1-lon14-p-swi-bel14,sw71p2,,sys1-lon14-p-swi-bes2,sw14p1,
95691,leaf-spine,sys1-lon14-p-swi-bel14,sw71p1,,sys1-lon14-p-swi-bes2,sw14p2,
95692,leaf-spine,sys1-lon14-p-swi-bel15,sw71p2,,sys1-lon14-p-swi-bes2,sw15p1,
95693,leaf-spine,sys1-lon14-p-swi-bel15,sw71p1,,sys1-lon14-p-swi-bes2,sw15p2,
95694,leaf-spine,sys1-lon14-p-swi-bel16,sw71p2,,sys1-lon14-p-swi-bes2,sw16p1,
95695,leaf-spine,sys1-lon14-p-swi-bel16,sw71p1,,sys1-lon14-p-swi-bes2,sw16p2,
95696,leaf-spine,sys1-lon14-p-swi-bel17,sw71p2,,sys1-lon14-p-swi-bes2,sw17p1,
95697,leaf-spine,sys1-lon14-p-swi-bel17,sw71p1,,sys1-lon14-p-swi-bes2,sw17p2,
95698,leaf-spine,sys1-lon14-p-swi-bel18,sw71p2,,sys1-lon14-p-swi-bes2,sw18p1,
95699,leaf-spine,sys1-lon14-p-swi-bel18,sw71p1,,sys1-lon14-p-swi-bes2,sw18p2,
95700,leaf-spine,sys1-lon14-p-swi-bel19,sw71p2,,sys1-lon14-p-swi-bes2,sw19p1,
95701,leaf-spine,sys1-lon14-p-swi-bel19,sw71p1,,sys1-lon14-p-swi-bes2,sw19p2,
95702,leaf-spine,sys1-lon14-p-swi-bel20,sw71p2,,sys1-lon14-p-swi-bes2,sw20p1,
95703,leaf-spine,sys1-lon14-p-swi-bel20,sw71p1,,sys1-lon14-p-swi-bes2,sw20p2,
95704,leaf-spine,sys1-lon14-p-swi-bel21,sw71p2,,sys1-lon14-p-swi-bes2,sw21p1,
95705,leaf-spine,sys1-lon14-p-swi-bel21,sw71p1,,sys1-lon14-p-swi-bes2,sw21p2,
95706,leaf-spine,sys1-lon14-p-swi-bel22,sw71p2,,sys1-lon14-p-swi-bes2,sw22p1,
95707,leaf-spine,sys1-lon14-p-swi-bel22,sw71p1,,sys1-lon14-p-swi-bes2,sw22p2,
95708,leaf-spine,sys1-lon14-p-swi-bel23,sw71p2,,sys1-lon14-p-swi-bes2,sw23p1,
95709,leaf-spine,sys1-lon14-p-swi-bel23,sw71p1,,sys1-lon14-p-swi-bes2,sw23p2,
95710,leaf-spine,sys1-lon14-p-swi-bel24,sw71p2,,sys1-lon14-p-swi-bes2,sw24p1,
95711,leaf-spine,sys1-lon14-p-swi-bel24,sw71p1,,sys1-lon14-p-swi-bes2,sw24p2,
95712,leaf-spine,sys1-lon14-p-swi-bel25,sw71p2,,sys1-lon14-p-swi-bes2,sw25p1,
95713,leaf-spine,sys1-lon14-p-swi-bel25,sw71p1,,sys1-lon14-p-swi-bes2,sw25p2,
95714,leaf-spine,sys1-lon14-p-swi-bel26,sw71p2,,sys1-lon14-p-swi-bes2,sw26p1,
95715,leaf-spine,sys1-lon14-p-swi-bel26,sw71p1,,sys1-lon14-p-swi-bes2,sw26p2,
95716,leaf-spine,sys1-lon14-p-swi-bel27,sw71p2,,sys1-lon14-p-swi-bes2,sw27p1,
95717,leaf-spine,sys1-lon14-p-swi-bel27,sw71p1,,sys1-lon14-p-swi-bes2,sw27p2,
95718,leaf-spine,sys1-lon14-p-swi-bel28,sw71p2,,sys1-lon14-p-swi-bes2,sw28p1,
95719,leaf-spine,sys1-lon14-p-swi-bel28,sw71p1,,sys1-lon14-p-swi-bes2,sw28p2,
95720,leaf-spine,sys1-lon14-p-swi-bel29,sw71p2,,sys1-lon14-p-swi-bes2,sw29p1,
95721,leaf-spine,sys1-lon14-p-swi-bel29,sw71p1,,sys1-lon14-p-swi-bes2,sw29p2,
95722,leaf-spine,sys1-lon14-p-swi-bel30,sw71p2,,sys1-lon14-p-swi-bes2,sw30p1,
95723,leaf-spine,sys1-lon14-p-swi-bel30,sw71p1,,sys1-lon14-p-swi-bes2,sw30p2,
95724,leaf-spine,sys1-lon14-p-swi-bel31,sw71p2,,sys1-lon14-p-swi-bes2,sw31p1,
95725,leaf-spine,sys1-lon14-p-swi-bel31,sw71p1,,sys1-lon14-p-swi-bes2,sw31p2,
95726,leaf-spine,sys1-lon14-p-swi-bel32,sw71p2,,sys1-lon14-p-swi-bes2,sw32p1,
95727,leaf-spine,sys1-lon14-p-swi-bel32,sw71p1,,sys1-lon14-p-swi-bes2,sw32p2,
95728,leaf-spine,sys1-lon14-p-swi-bel33,sw71p2,,sys1-lon14-p-swi-bes2,sw33p1,
95729,leaf-spine,sys1-lon14-p-swi-bel33,sw71p1,,sys1-lon14-p-swi-bes2,sw33p2,
95730,leaf-spine,sys1-lon14-p-swi-bel34,sw71p2,,sys1-lon14-p-swi-bes2,sw34p1,
95731,leaf-spine,sys1-lon14-p-swi-bel34,sw71p1,,sys1-lon14-p-swi-bes2,sw34p2,
95732,leaf-spine,sys1-lon14-p-swi-bel35,sw71p2,,sys1-lon14-p-swi-bes2,sw35p1,
95733,leaf-spine,sys1-lon14-p-swi-bel35,sw71p1,,sys1-lon14-p-swi-bes2,sw35p2,
95734,leaf-spine,sys1-lon14-p-swi-bel36,sw71p2,,sys1-lon14-p-swi-bes2,sw36p1,
95735,leaf-spine,sys1-lon14-p-swi-bel36,sw71p1,,sys1-lon14-p-swi-bes2,sw36p2,
95736,leaf-spine,sys1-lon14-p-swi-bel37,sw71p2,,sys1-lon14-p-swi-bes2,sw37p1,
95737,leaf-spine,sys1-lon14-p-swi-bel37,sw71p1,,sys1-lon14-p-swi-bes2,sw37p2,
95738,leaf-spine,sys1-lon14-p-swi-bel38,sw71p2,,sys1-lon14-p-swi-bes2,sw38p1,
95739,leaf-spine,sys1-lon14-p-swi-bel38,sw71p1,,sys1-lon14-p-swi-bes2,sw38p2,
95740,leaf-spine,sys1-lon14-p-swi-bel39,sw71p2,,sys1-lon14-p-swi-bes2,sw39p1,
95741,leaf-spine,sys1-lon14-p-swi-bel39,sw71p1,,sys1-lon14-p-swi-bes2,sw39p2,
95742,leaf-spine,sys1-lon14-p-swi-bel40,sw71p2,,sys1-lon14-p-swi-bes2,sw40p1,
95743,leaf-spine,sys1-lon14-p-swi-bel40,sw71p1,,sys1-lon14-p-swi-bes2,sw40p2,
95744,leaf-spine,sys1-lon14-p-swi-bel41,sw71p2,,sys1-lon14-p-swi-bes2,sw41p1,
95745,leaf-spine,sys1-lon14-p-swi-bel41,sw71p1,,sys1-lon14-p-swi-bes2,sw41p2,
95746,leaf-spine,sys1-lon14-p-swi-bel42,sw71p2,,sys1-lon14-p-swi-bes2,sw42p1,
95747,leaf-spine,sys1-lon14-p-swi-bel42,sw71p1,,sys1-lon14-p-swi-bes2,sw42p2,
95748,leaf-spine,sys1-lon14-p-swi-bel43,sw71p2,,sys1-lon14-p-swi-bes2,sw43p1,
95749,leaf-spine,sys1-lon14-p-swi-bel43,sw71p1,,sys1-lon14-p-swi-bes2,sw43p2,
95750,leaf-spine,sys1-lon14-p-swi-bel44,sw71p2,,sys1-lon14-p-swi-bes2,sw44p1,
95751,leaf-spine,sys1-lon14-p-swi-bel44,sw71p1,,sys1-lon14-p-swi-bes2,sw44p2,
95752,leaf-spine,sys1-lon14-p-swi-bel45,sw71p2,,sys1-lon14-p-swi-bes2,sw45p1,
95753,leaf-spine,sys1-lon14-p-swi-bel45,sw71p1,,sys1-lon14-p-swi-bes2,sw45p2,
95754,leaf-spine,sys1-lon14-p-swi-bel46,sw71p2,,sys1-lon14-p-swi-bes2,sw46p1,
95755,leaf-spine,sys1-lon14-p-swi-bel46,sw71p1,,sys1-lon14-p-swi-bes2,sw46p2,
95756,leaf-spine,sys1-lon14-p-swi-bel47,sw71p2,,sys1-lon14-p-swi-bes2,sw47p1,
95757,leaf-spine,sys1-lon14-p-swi-bel47,sw71p1,,sys1-lon14-p-swi-bes2,sw47p2,
95758,leaf-spine,sys1-lon14-p-swi-bel48,sw71p2,,sys1-lon14-p-swi-bes2,sw48p1,
95759,leaf-spine,sys1-lon14-p-swi-bel48,sw71p1,,sys1-lon14-p-swi-bes2,sw48p2,
95760,leaf-spine,sys1-lon14-p-swi-bel49,sw71p2,,sys1-lon14-p-swi-bes2,sw49p1,
95761,leaf-spine,sys1-lon14-p-swi-bel49,sw71p1,,sys1-lon14-p-swi-bes2,sw49p2,
95762,leaf-spine,sys1-lon14-p-swi-bel50,sw71p2,,sys1-lon14-p-swi-bes2,sw50p1,
95763,leaf-spine,sys1-lon14-p-swi-bel50,sw71p1,,sys1-lon14-p-swi-bes2,sw50p2,
95764,leaf-spine,sys1-lon14-p-swi-bel51,sw71p2,,sys1-lon14-p-swi-bes2,sw51p1,
95765,leaf-spine,sys1-lon14-p-swi-bel51,sw71p1,,sys1-lon14-p-swi-bes2,sw51p2,
95766,leaf-spine,sys1-lon14-p-swi-bel52,sw71p2,,sys1-lon14-p-swi-bes2,sw52p1,
95767,leaf-spine,sys1-lon14-p-swi-bel52,sw71p1,,sys1-lon14-p-swi-bes2,sw52p2,
95768,leaf-spine,sys1-lon14-p-swi-bel53,sw71p2,,sys1-lon14-p-swi-bes2,sw53p1,
95769,leaf-spine,sys1-lon14-p-swi-bel53,sw71p1,,sys1-lon14-p-swi-bes2,sw53p2,
95770,leaf-spine,sys1-lon14-p-swi-bel54,sw71p2,,sys1-lon14-p-swi-bes2,sw54p1,
95771,leaf-spine,sys1-lon14-p-swi-bel54,sw71p1,,sys1-lon14-p-swi-bes2,sw54p2,
95772,leaf-spine,sys1-lon14-p-swi-bel55,sw71p2,,sys1-lon14-p-swi-bes2,sw55p1,
95773,leaf-spine,sys1-lon14-p-swi-bel55,sw71p1,,sys1-lon14-p-swi-bes2,sw55p2,
95774,leaf-spine,sys1-lon14-p-swi-bel56,sw71p2,,sys1-lon14-p-swi-bes2,sw56p1,
95775,leaf-spine,sys1-lon14-p-swi-bel56,sw71p1,,sys1-lon14-p-swi-bes2,sw56p2,
95776,leaf-spine,sys1-lon14-p-swi-bel57,sw71p2,,sys1-lon14-p-swi-bes2,sw57p1,
95777,leaf-spine,sys1-lon14-p-swi-bel57,sw71p1,,sys1-lon14-p-swi-bes2,sw57p2,
95778,leaf-spine,sys1-lon14-p-swi-bel58,sw71p2,,sys1-lon14-p-swi-bes2,sw58p1,
95779,leaf-spine,sys1-lon14-p-swi-bel58,sw71p1,,sys1-lon14-p-swi-bes2,sw58p2,
95780,leaf-spine,sys1-lon14-p-swi-bel59,sw71p2,,sys1-lon14-p-swi-bes2,sw59p1,
95781,leaf-spine,sys1-lon14-p-swi-bel59,sw71p1,,sys1-lon14-p-swi-bes2,sw59p2,
95782,leaf-spine,sys1-lon14-p-swi-bel60,sw71p2,,sys1-lon14-p-swi-bes2,sw60p1,
95783,leaf-spine,sys1-lon14-p-swi-bel60,sw71p1,,sys1-lon14-p-swi-bes2,sw60p2,
95784,leaf-spine,sys1-lon14-p-swi-bel61,sw71p2,,sys1-lon14-p-swi-bes2,sw61p1,
95785,leaf-spine,sys1-lon14-p-swi-bel61,sw71p1,,sys1-lon14-p-swi-bes2,sw61p2,
95786,leaf-spine,sys1-lon14-p-swi-bel62,sw71p2,,sys1-lon14-p-swi-bes2,sw62p1,
95787,leaf-spine,sys1-lon14-p-swi-bel62,sw71p1,,sys1-lon14-p-swi-bes2,sw62p2,
95788,leaf-spine,sys1-lon14-p-swi-bel63,sw71p2,,sys1-lon14-p-swi-bes2,sw63p1,
95789,leaf-spine,sys1-lon14-p-swi-bel63,sw71p1,,sys1-lon14-p-swi-bes2,sw63p2,
95790,leaf-spine,sys1-lon14-p-swi-bel64,sw71p2,,sys1-lon14-p-swi-bes2,sw64p1,
95791,leaf-spine,sys1-lon14-p-swi-bel64,sw71p1,,sys1-lon14-p-swi-bes2,sw64p2,
95792,leaf-spine,sys1-lon14-p-swi-bel1,sw70p2,,sys1-lon14-p-swi-bes3,sw1p1,
95793,leaf-spine,sys1-lon14-p-swi-bel1,sw70p1,,sys1-lon14-p-swi-bes3,sw1p2,
95794,leaf-spine,sys1-lon14-p-swi-bel2,sw70p2,,sys1-lon14-p-swi-bes3,sw2p1,
95795,leaf-spine,sys1-lon14-p-swi-bel2,sw70p1,,sys1-lon14-p-swi-bes3,sw2p2,
95796,leaf-spine,sys1-lon14-p-swi-bel3,sw70p2,,sys1-lon14-p-swi-bes3,sw3p1,
95797,leaf-spine,sys1-lon14-p-swi-bel3,sw70p1,,sys1-lon14-p-swi-bes3,sw3p2,
95798,leaf-spine,sys1-lon14-p-swi-bel4,sw70p2,,sys1-lon14-p-swi-bes3,sw4p1,
95799,leaf-spine,sys1-lon14-p-swi-bel4,sw70p1,,sys1-lon14-p-swi-bes3,sw4p2,
95800,leaf-spine,sys1-lon14-p-swi-bel5,sw70p2,,sys1-lon14-p-swi-bes3,sw5p1,
95801,leaf-spine,sys1-lon14-p-swi-bel5,sw70p1,,sys1-lon14-p-swi-bes3,sw5p2,
95802,leaf-spine,sys1-lon14-p-swi-bel6,sw70p2,,sys1-lon14-p-swi-bes3,sw6p1,
95803,leaf-spine,sys1-lon14-p-swi-bel6,sw70p1,,sys1-lon14-p-swi-bes3,sw6p2,
95804,leaf-spine,sys1-lon14-p-swi-bel7,sw70p2,,sys1-lon14-p-swi-bes3,sw7p1,
95805,leaf-spine,sys1-lon14-p-swi-bel7,sw70p1,,sys1-lon14-p-swi-bes3,sw7p2,
95806,leaf-spine,sys1-lon14-p-swi-bel8,sw70p2,,sys1-lon14-p-swi-bes3,sw8p1,
95807,leaf-spine,sys1-lon14-p-swi-bel8,sw70p1,,sys1-lon14-p-swi-bes3,sw8p2,
95808,leaf-spine,sys1-lon14-p-swi-bel9,sw70p2,,sys1-lon14-p-swi-bes3,sw9p1,
95809,leaf-spine,sys1-lon14-p-swi-bel9,sw70p1,,sys1-lon14-p-swi-bes3,sw9p2,
95810,leaf-spine,sys1-lon14-p-swi-bel10,sw70p2,,sys1-lon14-p-swi-bes3,sw10p1,
95811,leaf-spine,sys1-lon14-p-swi-bel10,sw70p1,,sys1-lon14-p-swi-bes3,sw10p2,
95812,leaf-spine,sys1-lon14-p-swi-bel11,sw70p2,,sys1-lon14-p-swi-bes3,sw11p1,
95813,leaf-spine,sys1-lon14-p-swi-bel11,sw70p1,,sys1-lon14-p-swi-bes3,sw11p2,
95814,leaf-spine,sys1-lon14-p-swi-bel12,sw70p2,,sys1-lon14-p-swi-bes3,sw12p1,
95815,leaf-spine,sys1-lon14-p-swi-bel12,sw70p1,,sys1-lon14-p-swi-bes3,sw12p2,
95816,leaf-spine,sys1-lon14-p-swi-bel13,sw70p2,,sys1-lon14-p-swi-bes3,sw13p1,
95817,leaf-spine,sys1-lon14-p-swi-bel13,sw70p1,,sys1-lon14-p-swi-bes3,sw13p2,
95818,leaf-spine,sys1-lon14-p-swi-bel14,sw70p2,,sys1-lon14-p-swi-bes3,sw14p1,
95819,leaf-spine,sys1-lon14-p-swi-bel14,sw70p1,,sys1-lon14-p-swi-bes3,sw14p2,
95820,leaf-spine,sys1-lon14-p-swi-bel15,sw70p2,,sys1-lon14-p-swi-bes3,sw15p1,
95821,leaf-spine,sys1-lon14-p-swi-bel15,sw70p1,,sys1-lon14-p-swi-bes3,sw15p2,
95822,leaf-spine,sys1-lon14-p-swi-bel16,sw70p2,,sys1-lon14-p-swi-bes3,sw16p1,
95823,leaf-spine,sys1-lon14-p-swi-bel16,sw70p1,,sys1-lon14-p-swi-bes3,sw16p2,
95824,leaf-spine,sys1-lon14-p-swi-bel17,sw70p2,,sys1-lon14-p-swi-bes3,sw17p1,
95825,leaf-spine,sys1-lon14-p-swi-bel17,sw70p1,,sys1-lon14-p-swi-bes3,sw17p2,
95826,leaf-spine,sys1-lon14-p-swi-bel18,sw70p2,,sys1-lon14-p-swi-bes3,sw18p1,
95827,leaf-spine,sys1-lon14-p-swi-bel18,sw70p1,,sys1-lon14-p-swi-bes3,sw18p2,
95828,leaf-spine,sys1-lon14-p-swi-bel19,sw70p2,,sys1-lon14-p-swi-bes3,sw19p1,
95829,leaf-spine,sys1-lon14-p-swi-bel19,sw70p1,,sys1-lon14-p-swi-bes3,sw19p2,
95830,leaf-spine,sys1-lon14-p-swi-bel20,sw70p2,,sys1-lon14-p-swi-bes3,sw20p1,
95831,leaf-spine,sys1-lon14-p-swi-bel20,sw70p1,,sys1-lon14-p-swi-bes3,sw20p2,
95832,leaf-spine,sys1-lon14-p-swi-bel21,sw70p2,,sys1-lon14-p-swi-bes3,sw21p1,
95833,leaf-spine,sys1-lon14-p-swi-bel21,sw70p1,,sys1-lon14-p-swi-bes3,sw21p2,
95834,leaf-spine,sys1-lon14-p-swi-bel22,sw70p2,,sys1-lon14-p-swi-bes3,sw22p1,
95835,leaf-spine,sys1-lon14-p-swi-bel22,sw70p1,,sys1-lon14-p-swi-bes3,sw22p2,
95836,leaf-spine,sys1-lon14-p-swi-bel23,sw70p2,,sys1-lon14-p-swi-bes3,sw23p1,
95837,leaf-spine,sys1-lon14-p-swi-bel23,sw70p1,,sys1-lon14-p-swi-bes3,sw23p2,
95838,leaf-spine,sys1-lon14-p-swi-bel24,sw70p2,,sys1-lon14-p-swi-bes3,sw24p1,
95839,leaf-spine,sys1-lon14-p-swi-bel24,sw70p1,,sys1-lon14-p-swi-bes3,sw24p2,
95840,leaf-spine,sys1-lon14-p-swi-bel25,sw70p2,,sys1-lon14-p-swi-bes3,sw25p1,
95841,leaf-spine,sys1-lon14-p-swi-bel25,sw70p1,,sys1-lon14-p-swi-bes3,sw25p2,
95842,leaf-spine,sys1-lon14-p-swi-bel26,sw70p2,,sys1-lon14-p-swi-bes3,sw26p1,
95843,leaf-spine,sys1-lon14-p-swi-bel26,sw70p1,,sys1-lon14-p-swi-bes3,sw26p2,
95844,leaf-spine,sys1-lon14-p-swi-bel27,sw70p2,,sys1-lon14-p-swi-bes3,sw27p1,
95845,leaf-spine,sys1-lon14-p-swi-bel27,sw70p1,,sys1-lon14-p-swi-bes3,sw27p2,
95846,leaf-spine,sys1-lon14-p-swi-bel28,sw70p2,,sys1-lon14-p-swi-bes3,sw28p1,
95847,leaf-spine,sys1-lon14-p-swi-bel28,sw70p1,,sys1-lon14-p-swi-bes3,sw28p2,
95848,leaf-spine,sys1-lon14-p-swi-bel29,sw70p2,,sys1-lon14-p-swi-bes3,sw29p1,
95849,leaf-spine,sys1-lon14-p-swi-bel29,sw70p1,,sys1-lon14-p-swi-bes3,sw29p2,
95850,leaf-spine,sys1-lon14-p-swi-bel30,sw70p2,,sys1-lon14-p-swi-bes3,sw30p1,
95851,leaf-spine,sys1-lon14-p-swi-bel30,sw70p1,,sys1-lon14-p-swi-bes3,sw30p2,
95852,leaf-spine,sys1-lon14-p-swi-bel31,sw70p2,,sys1-lon14-p-swi-bes3,sw31p1,
95853,leaf-spine,sys1-lon14-p-swi-bel31,sw70p1,,sys1-lon14-p-swi-bes3,sw31p2,
95854,leaf-spine,sys1-lon14-p-swi-bel32,sw70p2,,sys1-lon14-p-swi-bes3,sw32p1,
95855,leaf-spine,sys1-lon14-p-swi-bel32,sw70p1,,sys1-lon14-p-swi-bes3,sw32p2,
95856,leaf-spine,sys1-lon14-p-swi-bel33,sw70p2,,sys1-lon14-p-swi-bes3,sw33p1,
95857,leaf-spine,sys1-lon14-p-swi-bel33,sw70p1,,sys1-lon14-p-swi-bes3,sw33p2,
95858,leaf-spine,sys1-lon14-p-swi-bel34,sw70p2,,sys1-lon14-p-swi-bes3,sw34p1,
95859,leaf-spine,sys1-lon14-p-swi-bel34,sw70p1,,sys1-lon14-p-swi-bes3,sw34p2,
95860,leaf-spine,sys1-lon14-p-swi-bel35,sw70p2,,sys1-lon14-p-swi-bes3,sw35p1,
95861,leaf-spine,sys1-lon14-p-swi-bel35,sw70p1,,sys1-lon14-p-swi-bes3,sw35p2,
95862,leaf-spine,sys1-lon14-p-swi-bel36,sw70p2,,sys1-lon14-p-swi-bes3,sw36p1,
95863,leaf-spine,sys1-lon14-p-swi-bel36,sw70p1,,sys1-lon14-p-swi-bes3,sw36p2,
95864,leaf-spine,sys1-lon14-p-swi-bel37,sw70p2,,sys1-lon14-p-swi-bes3,sw37p1,
95865,leaf-spine,sys1-lon14-p-swi-bel37,sw70p1,,sys1-lon14-p-swi-bes3,sw37p2,
95866,leaf-spine,sys1-lon14-p-swi-bel38,sw70p2,,sys1-lon14-p-swi-bes3,sw38p1,
95867,leaf-spine,sys1-lon14-p-swi-bel38,sw70p1,,sys1-lon14-p-swi-bes3,sw38p2,
95868,leaf-spine,sys1-lon14-p-swi-bel39,sw70p2,,sys1-lon14-p-swi-bes3,sw39p1,
95869,leaf-spine,sys1-lon14-p-swi-bel39,sw70p1,,sys1-lon14-p-swi-bes3,sw39p2,
95870,leaf-spine,sys1-lon14-p-swi-bel40,sw70p2,,sys1-lon14-p-swi-bes3,sw40p1,
95871,leaf-spine,sys1-lon14-p-swi-bel40,sw70p1,,sys1-lon14-p-swi-bes3,sw40p2,
95872,leaf-spine,sys1-lon14-p-swi-bel41,sw70p2,,sys1-lon14-p-swi-bes3,sw41p1,
95873,leaf-spine,sys1-lon14-p-swi-bel41,sw70p1,,sys1-lon14-p-swi-bes3,sw41p2,
95874,leaf-spine,sys1-lon14-p-swi-bel42,sw70p2,,sys1-lon14-p-swi-bes3,sw42p1,
95875,leaf-spine,sys1-lon14-p-swi-bel42,sw70p1,,sys1-lon14-p-swi-bes3,sw42p2,
95876,leaf-spine,sys1-lon14-p-swi-bel43,sw70p2,,sys1-lon14-p-swi-bes3,sw43p1,
95877,leaf-spine,sys1-lon14-p-swi-bel43,sw70p1,,sys1-lon14-p-swi-bes3,sw43p2,
95878,leaf-spine,sys1-lon14-p-swi-bel44,sw70p2,,sys1-lon14-p-swi-bes3,sw44p1,
95879,leaf-spine,sys1-lon14-p-swi-bel44,sw70p1,,sys1-lon14-p-swi-bes3,sw44p2,
95880,leaf-spine,sys1-lon14-p-swi-bel45,sw70p2,,sys1-lon14-p-swi-bes3,sw45p1,
95881,leaf-spine,sys1-lon14-p-swi-bel45,sw70p1,,sys1-lon14-p-swi-bes3,sw45p2,
95882,leaf-spine,sys1-lon14-p-swi-bel46,sw70p2,,sys1-lon14-p-swi-bes3,sw46p1,
95883,leaf-spine,sys1-lon14-p-swi-bel46,sw70p1,,sys1-lon14-p-swi-bes3,sw46p2,
95884,leaf-spine,sys1-lon14-p-swi-bel47,sw70p2,,sys1-lon14-p-swi-bes3,sw47p1,
95885,leaf-spine,sys1-lon14-p-swi-bel47,sw70p1,,sys1-lon14-p-swi-bes3,sw47p2,
95886,leaf-spine,sys1-lon14-p-swi-bel48,sw70p2,,sys1-lon14-p-swi-bes3,sw48p1,
95887,leaf-spine,sys1-lon14-p-swi-bel48,sw70p1,,sys1-lon14-p-swi-bes3,sw48p2,
95888,leaf-spine,sys1-lon14-p-swi-bel49,sw70p2,,sys1-lon14-p-swi-bes3,sw49p1,
95889,leaf-spine,sys1-lon14-p-swi-bel49,sw70p1,,sys1-lon14-p-swi-bes3,sw49p2,
95890,leaf-spine,sys1-lon14-p-swi-bel50,sw70p2,,sys1-lon14-p-swi-bes3,sw50p1,
95891,leaf-spine,sys1-lon14-p-swi-bel50,sw70p1,,sys1-lon14-p-swi-bes3,sw50p2,
95892,leaf-spine,sys1-lon14-p-swi-bel51,sw70p2,,sys1-lon14-p-swi-bes3,sw51p1,
95893,leaf-spine,sys1-lon14-p-swi-bel51,sw70p1,,sys1-lon14-p-swi-bes3,sw51p2,
95894,leaf-spine,sys1-lon14-p-swi-bel52,sw70p2,,sys1-lon14-p-swi-bes3,sw52p1,
95895,leaf-spine,sys1-lon14-p-swi-bel52,sw70p1,,sys1-lon14-p-swi-bes3,sw52p2,
95896,leaf-spine,sys1-lon14-p-swi-bel53,sw70p2,,sys1-lon14-p-swi-bes3,sw53p1,
95897,leaf-spine,sys1-lon14-p-swi-bel53,sw70p1,,sys1-lon14-p-swi-bes3,sw53p2,
95898,leaf-spine,sys1-lon14-p-swi-bel54,sw70p2,,sys1-lon14-p-swi-bes3,sw54p1,
95899,leaf-spine,sys1-lon14-p-swi-bel54,sw70p1,,sys1-lon14-p-swi-bes3,sw54p2,
95900,leaf-spine,sys1-lon14-p-swi-bel55,sw70p2,,sys1-lon14-p-swi-bes3,sw55p1,
95901,leaf-spine,sys1-lon14-p-swi-bel55,sw70p1,,sys1-lon14-p-swi-bes3,sw55p2,
95902,leaf-spine,sys1-lon14-p-swi-bel56,sw70p2,,sys1-lon14-p-swi-bes3,sw56p1,
95903,leaf-spine,sys1-lon14-p-swi-bel56,sw70p1,,sys1-lon14-p-swi-bes3,sw56p2,
95904,leaf-spine,sys1-lon14-p-swi-bel57,sw70p2,,sys1-lon14-p-swi-bes3,sw57p1,
95905,leaf-spine,sys1-lon14-p-swi-bel57,sw70p1,,sys1-lon14-p-swi-bes3,sw57p2,
95906,leaf-spine,sys1-lon14-p-swi-bel58,sw70p2,,sys1-lon14-p-swi-bes3,sw58p1,
95907,leaf-spine,sys1-lon14-p-swi-bel58,sw70p1,,sys1-lon14-p-swi-bes3,sw58p2,
95908,leaf-spine,sys1-lon14-p-swi-bel59,sw70p2,,sys1-lon14-p-swi-bes3,sw59p1,
95909,leaf-spine,sys1-lon14-p-swi-bel59,sw70p1,,sys1-lon14-p-swi-bes3,sw59p2,
95910,leaf-spine,sys1-lon14-p-swi-bel60,sw70p2,,sys1-lon14-p-swi-bes3,sw60p1,
95911,leaf-spine,sys1-lon14-p-swi-bel60,sw70p1,,sys1-lon14-p-swi-bes3,sw60p2,
95912,leaf-spine,sys1-lon14-p-swi-bel61,sw70p2,,sys1-lon14-p-swi-bes3,sw61p1,
95913,leaf-spine,sys1-lon14-p-swi-bel61,sw70p1,,sys1-lon14-p-swi-bes3,sw61p2,
95914,leaf-spine,sys1-lon14-p-swi-bel62,sw70p2,,sys1-lon14-p-swi-bes3,sw62p1,
95915,leaf-spine,sys1-lon14-p-swi-bel62,sw70p1,,sys1-lon14-p-swi-bes3,sw62p2,
95916,leaf-spine,sys1-lon14-p-swi-bel63,sw70p2,,sys1-lon14-p-swi-bes3,sw63p1,
95917,leaf-spine,sys1-lon14-p-swi-bel63,sw70p1,,sys1-lon14-p-swi-bes3,sw63p2,
95918,leaf-spine,sys1-lon14-p-swi-bel64,sw70p2,,sys1-lon14-p-swi-bes3,sw64p1,
95919,leaf-spine,sys1-lon14-p-swi-bel64,sw70p1,,sys1-lon14-p-swi-bes3,sw64p2,
95920,leaf-spine,sys1-lon14-p-swi-bel1,sw69p2,,sys1-lon14-p-swi-bes4,sw1p1,
95921,leaf-spine,sys1-lon14-p-swi-bel1,sw69p1,,sys1-lon14-p-swi-bes4,sw1p2,
95922,leaf-spine,sys1-lon14-p-swi-bel2,sw69p2,,sys1-lon14-p-swi-bes4,sw2p1,
95923,leaf-spine,sys1-lon14-p-swi-bel2,sw69p1,,sys1-lon14-p-swi-bes4,sw2p2,
95924,leaf-spine,sys1-lon14-p-swi-bel3,sw69p2,,sys1-lon14-p-swi-bes4,sw3p1,
95925,leaf-spine,sys1-lon14-p-swi-bel3,sw69p1,,sys1-lon14-p-swi-bes4,sw3p2,
95926,leaf-spine,sys1-lon14-p-swi-bel4,sw69p2,,sys1-lon14-p-swi-bes4,sw4p1,
95927,leaf-spine,sys1-lon14-p-swi-bel4,sw69p1,,sys1-lon14-p-swi-bes4,sw4p2,
95928,leaf-spine,sys1-lon14-p-swi-bel5,sw69p2,,sys1-lon14-p-swi-bes4,sw5p1,
95929,leaf-spine,sys1-lon14-p-swi-bel5,sw69p1,,sys1-lon14-p-swi-bes4,sw5p2,
95930,leaf-spine,sys1-lon14-p-swi-bel6,sw69p2,,sys1-lon14-p-swi-bes4,sw6p1,
95931,leaf-spine,sys1-lon14-p-swi-bel6,sw69p1,,sys1-lon14-p-swi-bes4,sw6p2,
95932,leaf-spine,sys1-lon14-p-swi-bel7,sw69p2,,sys1-lon14-p-swi-bes4,sw7p1,
95933,leaf-spine,sys1-lon14-p-swi-bel7,sw69p1,,sys1-lon14-p-swi-bes4,sw7p2,
95934,leaf-spine,sys1-lon14-p-swi-bel8,sw69p2,,sys1-lon14-p-swi-bes4,sw8p1,
95935,leaf-spine,sys1-lon14-p-swi-bel8,sw69p1,,sys1-lon14-p-swi-bes4,sw8p2,
95936,leaf-spine,sys1-lon14-p-swi-bel9,sw69p2,,sys1-lon14-p-swi-bes4,sw9p1,
95937,leaf-spine,sys1-lon14-p-swi-bel9,sw69p1,,sys1-lon14-p-swi-bes4,sw9p2,
95938,leaf-spine,sys1-lon14-p-swi-bel10,sw69p2,,sys1-lon14-p-swi-bes4,sw10p1,
95939,leaf-spine,sys1-lon14-p-swi-bel10,sw69p1,,sys1-lon14-p-swi-bes4,sw10p2,
95940,leaf-spine,sys1-lon14-p-swi-bel11,sw69p2,,sys1-lon14-p-swi-bes4,sw11p1,
95941,leaf-spine,sys1-lon14-p-swi-bel11,sw69p1,,sys1-lon14-p-swi-bes4,sw11p2,
95942,leaf-spine,sys1-lon14-p-swi-bel12,sw69p2,,sys1-lon14-p-swi-bes4,sw12p1,
95943,leaf-spine,sys1-lon14-p-swi-bel12,sw69p1,,sys1-lon14-p-swi-bes4,sw12p2,
95944,leaf-spine,sys1-lon14-p-swi-bel13,sw69p2,,sys1-lon14-p-swi-bes4,sw13p1,
95945,leaf-spine,sys1-lon14-p-swi-bel13,sw69p1,,sys1-lon14-p-swi-bes4,sw13p2,
95946,leaf-spine,sys1-lon14-p-swi-bel14,sw69p2,,sys1-lon14-p-swi-bes4,sw14p1,
95947,leaf-spine,sys1-lon14-p-swi-bel14,sw69p1,,sys1-lon14-p-swi-bes4,sw14p2,
95948,leaf-spine,sys1-lon14-p-swi-bel15,sw69p2,,sys1-lon14-p-swi-bes4,sw15p1,
95949,leaf-spine,sys1-lon14-p-swi-bel15,sw69p1,,sys1-lon14-p-swi-bes4,sw15p2,
95950,leaf-spine,sys1-lon14-p-swi-bel16,sw69p2,,sys1-lon14-p-swi-bes4,sw16p1,
95951,leaf-spine,sys1-lon14-p-swi-bel16,sw69p1,,sys1-lon14-p-swi-bes4,sw16p2,
95952,leaf-spine,sys1-lon14-p-swi-bel17,sw69p2,,sys1-lon14-p-swi-bes4,sw17p1,
95953,leaf-spine,sys1-lon14-p-swi-bel17,sw69p1,,sys1-lon14-p-swi-bes4,sw17p2,
95954,leaf-spine,sys1-lon14-p-swi-bel18,sw69p2,,sys1-lon14-p-swi-bes4,sw18p1,
95955,leaf-spine,sys1-lon14-p-swi-bel18,sw69p1,,sys1-lon14-p-swi-bes4,sw18p2,
95956,leaf-spine,sys1-lon14-p-swi-bel19,sw69p2,,sys1-lon14-p-swi-bes4,sw19p1,
95957,leaf-spine,sys1-lon14-p-swi-bel19,sw69p1,,sys1-lon14-p-swi-bes4,sw19p2,
95958,leaf-spine,sys1-lon14-p-swi-bel20,sw69p2,,sys1-lon14-p-swi-bes4,sw20p1,
95959,leaf-spine,sys1-lon14-p-swi-bel20,sw69p1,,sys1-lon14-p-swi-bes4,sw20p2,
95960,leaf-spine,sys1-lon14-p-swi-bel21,sw69p2,,sys1-lon14-p-swi-bes4,sw21p1,
95961,leaf-spine,sys1-lon14-p-swi-bel21,sw69p1,,sys1-lon14-p-swi-bes4,sw21p2,
95962,leaf-spine,sys1-lon14-p-swi-bel22,sw69p2,,sys1-lon14-p-swi-bes4,sw22p1,
95963,leaf-spine,sys1-lon14-p-swi-bel22,sw69p1,,sys1-lon14-p-swi-bes4,sw22p2,
95964,leaf-spine,sys1-lon14-p-swi-bel23,sw69p2,,sys1-lon14-p-swi-bes4,sw23p1,
95965,leaf-spine,sys1-lon14-p-swi-bel23,sw69p1,,sys1-lon14-p-swi-bes4,sw23p2,
95966,leaf-spine,sys1-lon14-p-swi-bel24,sw69p2,,sys1-lon14-p-swi-bes4,sw24p1,
95967,leaf-spine,sys1-lon14-p-swi-bel24,sw69p1,,sys1-lon14-p-swi-bes4,sw24p2,
95968,leaf-spine,sys1-lon14-p-swi-bel25,sw69p2,,sys1-lon14-p-swi-bes4,sw25p1,
95969,leaf-spine,sys1-lon14-p-swi-bel25,sw69p1,,sys1-lon14-p-swi-bes4,sw25p2,
95970,leaf-spine,sys1-lon14-p-swi-bel26,sw69p2,,sys1-lon14-p-swi-bes4,sw26p1,
95971,leaf-spine,sys1-lon14-p-swi-bel26,sw69p1,,sys1-lon14-p-swi-bes4,sw26p2,
95972,leaf-spine,sys1-lon14-p-swi-bel27,sw69p2,,sys1-lon14-p-swi-bes4,sw27p1,
95973,leaf-spine,sys1-lon14-p-swi-bel27,sw69p1,,sys1-lon14-p-swi-bes4,sw27p2,
95974,leaf-spine,sys1-lon14-p-swi-bel28,sw69p2,,sys1-lon14-p-swi-bes4,sw28p1,
95975,leaf-spine,sys1-lon14-p-swi-bel28,sw69p1,,sys1-lon14-p-swi-bes4,sw28p2,
95976,leaf-spine,sys1-lon14-p-swi-bel29,sw69p2,,sys1-lon14-p-swi-bes4,sw29p1,
95977,leaf-spine,sys1-lon14-p-swi-bel29,sw69p1,,sys1-lon14-p-swi-bes4,sw29p2,
95978,leaf-spine,sys1-lon14-p-swi-bel30,sw69p2,,sys1-lon14-p-swi-bes4,sw30p1,
95979,leaf-spine,sys1-lon14-p-swi-bel30,sw69p1,,sys1-lon14-p-swi-bes4,sw30p2,
95980,leaf-spine,sys1-lon14-p-swi-bel31,sw69p2,,sys1-lon14-p-swi-bes4,sw31p1,
95981,leaf-spine,sys1-lon14-p-swi-bel31,sw69p1,,sys1-lon14-p-swi-bes4,sw31p2,
95982,leaf-spine,sys1-lon14-p-swi-bel32,sw69p2,,sys1-lon14-p-swi-bes4,sw32p1,
95983,leaf-spine,sys1-lon14-p-swi-bel32,sw69p1,,sys1-lon14-p-swi-bes4,sw32p2,
95984,leaf-spine,sys1-lon14-p-swi-bel33,sw69p2,,sys1-lon14-p-swi-bes4,sw33p1,
95985,leaf-spine,sys1-lon14-p-swi-bel33,sw69p1,,sys1-lon14-p-swi-bes4,sw33p2,
95986,leaf-spine,sys1-lon14-p-swi-bel34,sw69p2,,sys1-lon14-p-swi-bes4,sw34p1,
95987,leaf-spine,sys1-lon14-p-swi-bel34,sw69p1,,sys1-lon14-p-swi-bes4,sw34p2,
95988,leaf-spine,sys1-lon14-p-swi-bel35,sw69p2,,sys1-lon14-p-swi-bes4,sw35p1,
95989,leaf-spine,sys1-lon14-p-swi-bel35,sw69p1,,sys1-lon14-p-swi-bes4,sw35p2,
95990,leaf-spine,sys1-lon14-p-swi-bel36,sw69p2,,sys1-lon14-p-swi-bes4,sw36p1,
95991,leaf-spine,sys1-lon14-p-swi-bel36,sw69p1,,sys1-lon14-p-swi-bes4,sw36p2,
95992,leaf-spine,sys1-lon14-p-swi-bel37,sw69p2,,sys1-lon14-p-swi-bes4,sw37p1,
95993,leaf-spine,sys1-lon14-p-swi-bel37,sw69p1,,sys1-lon14-p-swi-bes4,sw37p2,
95994,leaf-spine,sys1-lon14-p-swi-bel38,sw69p2,,sys1-lon14-p-swi-bes4,sw38p1,
95995,leaf-spine,sys1-lon14-p-swi-bel38,sw69p1,,sys1-lon14-p-swi-bes4,sw38p2,
95996,leaf-spine,sys1-lon14-p-swi-bel39,sw69p2,,sys1-lon14-p-swi-bes4,sw39p1,
95997,leaf-spine,sys1-lon14-p-swi-bel39,sw69p1,,sys1-lon14-p-swi-bes4,sw39p2,
95998,leaf-spine,sys1-lon14-p-swi-bel40,sw69p2,,sys1-lon14-p-swi-bes4,sw40p1,
95999,leaf-spine,sys1-lon14-p-swi-bel40,sw69p1,,sys1-lon14-p-swi-bes4,sw40p2,
96000,leaf-spine,sys1-lon14-p-swi-bel41,sw69p2,,sys1-lon14-p-swi-bes4,sw41p1,
96001,leaf-spine,sys1-lon14-p-swi-bel41,sw69p1,,sys1-lon14-p-swi-bes4,sw41p2,
96002,leaf-spine,sys1-lon14-p-swi-bel42,sw69p2,,sys1-lon14-p-swi-bes4,sw42p1,
96003,leaf-spine,sys1-lon14-p-swi-bel42,sw69p1,,sys1-lon14-p-swi-bes4,sw42p2,
96004,leaf-spine,sys1-lon14-p-swi-bel43,sw69p2,,sys1-lon14-p-swi-bes4,sw43p1,
96005,leaf-spine,sys1-lon14-p-swi-bel43,sw69p1,,sys1-lon14-p-swi-bes4,sw43p2,
96006,leaf-spine,sys1-lon14-p-swi-bel44,sw69p2,,sys1-lon14-p-swi-bes4,sw44p1,
96007,leaf-spine,sys1-lon14-p-swi-bel44,sw69p1,,sys1-lon14-p-swi-bes4,sw44p2,
96008,leaf-spine,sys1-lon14-p-swi-bel45,sw69p2,,sys1-lon14-p-swi-bes4,sw45p1,
96009,leaf-spine,sys1-lon14-p-swi-bel45,sw69p1,,sys1-lon14-p-swi-bes4,sw45p2,
96010,leaf-spine,sys1-lon14-p-swi-bel46,sw69p2,,sys1-lon14-p-swi-bes4,sw46p1,
96011,leaf-spine,sys1-lon14-p-swi-bel46,sw69p1,,sys1-lon14-p-swi-bes4,sw46p2,
96012,leaf-spine,sys1-lon14-p-swi-bel47,sw69p2,,sys1-lon14-p-swi-bes4,sw47p1,
96013,leaf-spine,sys1-lon14-p-swi-bel47,sw69p1,,sys1-lon14-p-swi-bes4,sw47p2,
96014,leaf-spine,sys1-lon14-p-swi-bel48,sw69p2,,sys1-lon14-p-swi-bes4,sw48p1,
96015,leaf-spine,sys1-lon14-p-swi-bel48,sw69p1,,sys1-lon14-p-swi-bes4,sw48p2,
96016,leaf-spine,sys1-lon14-p-swi-bel49,sw69p2,,sys1-lon14-p-swi-bes4,sw49p1,
96017,leaf-spine,sys1-lon14-p-swi-bel49,sw69p1,,sys1-lon14-p-swi-bes4,sw49p2,
96018,leaf-spine,sys1-lon14-p-swi-bel50,sw69p2,,sys1-lon14-p-swi-bes4,sw50p1,
96019,leaf-spine,sys1-lon14-p-swi-bel50,sw69p1,,sys1-lon14-p-swi-bes4,sw50p2,
96020,leaf-spine,sys1-lon14-p-swi-bel51,sw69p2,,sys1-lon14-p-swi-bes4,sw51p1,
96021,leaf-spine,sys1-lon14-p-swi-bel51,sw69p1,,sys1-lon14-p-swi-bes4,sw51p2,
96022,leaf-spine,sys1-lon14-p-swi-bel52,sw69p2,,sys1-lon14-p-swi-bes4,sw52p1,
96023,leaf-spine,sys1-lon14-p-swi-bel52,sw69p1,,sys1-lon14-p-swi-bes4,sw52p2,
96024,leaf-spine,sys1-lon14-p-swi-bel53,sw69p2,,sys1-lon14-p-swi-bes4,sw53p1,
96025,leaf-spine,sys1-lon14-p-swi-bel53,sw69p1,,sys1-lon14-p-swi-bes4,sw53p2,
96026,leaf-spine,sys1-lon14-p-swi-bel54,sw69p2,,sys1-lon14-p-swi-bes4,sw54p1,
96027,leaf-spine,sys1-lon14-p-swi-bel54,sw69p1,,sys1-lon14-p-swi-bes4,sw54p2,
96028,leaf-spine,sys1-lon14-p-swi-bel55,sw69p2,,sys1-lon14-p-swi-bes4,sw55p1,
96029,leaf-spine,sys1-lon14-p-swi-bel55,sw69p1,,sys1-lon14-p-swi-bes4,sw55p2,
96030,leaf-spine,sys1-lon14-p-swi-bel56,sw69p2,,sys1-lon14-p-swi-bes4,sw56p1,
96031,leaf-spine,sys1-lon14-p-swi-bel56,sw69p1,,sys1-lon14-p-swi-bes4,sw56p2,
96032,leaf-spine,sys1-lon14-p-swi-bel57,sw69p2,,sys1-lon14-p-swi-bes4,sw57p1,
96033,leaf-spine,sys1-lon14-p-swi-bel57,sw69p1,,sys1-lon14-p-swi-bes4,sw57p2,
96034,leaf-spine,sys1-lon14-p-swi-bel58,sw69p2,,sys1-lon14-p-swi-bes4,sw58p1,
96035,leaf-spine,sys1-lon14-p-swi-bel58,sw69p1,,sys1-lon14-p-swi-bes4,sw58p2,
96036,leaf-spine,sys1-lon14-p-swi-bel59,sw69p2,,sys1-lon14-p-swi-bes4,sw59p1,
96037,leaf-spine,sys1-lon14-p-swi-bel59,sw69p1,,sys1-lon14-p-swi-bes4,sw59p2,
96038,leaf-spine,sys1-lon14-p-swi-bel60,sw69p2,,sys1-lon14-p-swi-bes4,sw60p1,
96039,leaf-spine,sys1-lon14-p-swi-bel60,sw69p1,,sys1-lon14-p-swi-bes4,sw60p2,
96040,leaf-spine,sys1-lon14-p-swi-bel61,sw69p2,,sys1-lon14-p-swi-bes4,sw61p1,
96041,leaf-spine,sys1-lon14-p-swi-bel61,sw69p1,,sys1-lon14-p-swi-bes4,sw61p2,
96042,leaf-spine,sys1-lon14-p-swi-bel62,sw69p2,,sys1-lon14-p-swi-bes4,sw62p1,
96043,leaf-spine,sys1-lon14-p-swi-bel62,sw69p1,,sys1-lon14-p-swi-bes4,sw62p2,
96044,leaf-spine,sys1-lon14-p-swi-bel63,sw69p2,,sys1-lon14-p-swi-bes4,sw63p1,
96045,leaf-spine,sys1-lon14-p-swi-bel63,sw69p1,,sys1-lon14-p-swi-bes4,sw63p2,
96046,leaf-spine,sys1-lon14-p-swi-bel64,sw69p2,,sys1-lon14-p-swi-bes4,sw64p1,
96047,leaf-spine,sys1-lon14-p-swi-bel64,sw69p1,,sys1-lon14-p-swi-bes4,sw64p2,
96048,leaf-spine,sys1-lon14-p-swi-bel1,sw68p2,,sys1-lon14-p-swi-bes5,sw1p1,
96049,leaf-spine,sys1-lon14-p-swi-bel1,sw68p1,,sys1-lon14-p-swi-bes5,sw1p2,
96050,leaf-spine,sys1-lon14-p-swi-bel2,sw68p2,,sys1-lon14-p-swi-bes5,sw2p1,
96051,leaf-spine,sys1-lon14-p-swi-bel2,sw68p1,,sys1-lon14-p-swi-bes5,sw2p2,
96052,leaf-spine,sys1-lon14-p-swi-bel3,sw68p2,,sys1-lon14-p-swi-bes5,sw3p1,
96053,leaf-spine,sys1-lon14-p-swi-bel3,sw68p1,,sys1-lon14-p-swi-bes5,sw3p2,
96054,leaf-spine,sys1-lon14-p-swi-bel4,sw68p2,,sys1-lon14-p-swi-bes5,sw4p1,
96055,leaf-spine,sys1-lon14-p-swi-bel4,sw68p1,,sys1-lon14-p-swi-bes5,sw4p2,
96056,leaf-spine,sys1-lon14-p-swi-bel5,sw68p2,,sys1-lon14-p-swi-bes5,sw5p1,
96057,leaf-spine,sys1-lon14-p-swi-bel5,sw68p1,,sys1-lon14-p-swi-bes5,sw5p2,
96058,leaf-spine,sys1-lon14-p-swi-bel6,sw68p2,,sys1-lon14-p-swi-bes5,sw6p1,
96059,leaf-spine,sys1-lon14-p-swi-bel6,sw68p1,,sys1-lon14-p-swi-bes5,sw6p2,
96060,leaf-spine,sys1-lon14-p-swi-bel7,sw68p2,,sys1-lon14-p-swi-bes5,sw7p1,
96061,leaf-spine,sys1-lon14-p-swi-bel7,sw68p1,,sys1-lon14-p-swi-bes5,sw7p2,
96062,leaf-spine,sys1-lon14-p-swi-bel8,sw68p2,,sys1-lon14-p-swi-bes5,sw8p1,
96063,leaf-spine,sys1-lon14-p-swi-bel8,sw68p1,,sys1-lon14-p-swi-bes5,sw8p2,
96064,leaf-spine,sys1-lon14-p-swi-bel9,sw68p2,,sys1-lon14-p-swi-bes5,sw9p1,
96065,leaf-spine,sys1-lon14-p-swi-bel9,sw68p1,,sys1-lon14-p-swi-bes5,sw9p2,
96066,leaf-spine,sys1-lon14-p-swi-bel10,sw68p2,,sys1-lon14-p-swi-bes5,sw10p1,
96067,leaf-spine,sys1-lon14-p-swi-bel10,sw68p1,,sys1-lon14-p-swi-bes5,sw10p2,
96068,leaf-spine,sys1-lon14-p-swi-bel11,sw68p2,,sys1-lon14-p-swi-bes5,sw11p1,
96069,leaf-spine,sys1-lon14-p-swi-bel11,sw68p1,,sys1-lon14-p-swi-bes5,sw11p2,
96070,leaf-spine,sys1-lon14-p-swi-bel12,sw68p2,,sys1-lon14-p-swi-bes5,sw12p1,
96071,leaf-spine,sys1-lon14-p-swi-bel12,sw68p1,,sys1-lon14-p-swi-bes5,sw12p2,
96072,leaf-spine,sys1-lon14-p-swi-bel13,sw68p2,,sys1-lon14-p-swi-bes5,sw13p1,
96073,leaf-spine,sys1-lon14-p-swi-bel13,sw68p1,,sys1-lon14-p-swi-bes5,sw13p2,
96074,leaf-spine,sys1-lon14-p-swi-bel14,sw68p2,,sys1-lon14-p-swi-bes5,sw14p1,
96075,leaf-spine,sys1-lon14-p-swi-bel14,sw68p1,,sys1-lon14-p-swi-bes5,sw14p2,
96076,leaf-spine,sys1-lon14-p-swi-bel15,sw68p2,,sys1-lon14-p-swi-bes5,sw15p1,
96077,leaf-spine,sys1-lon14-p-swi-bel15,sw68p1,,sys1-lon14-p-swi-bes5,sw15p2,
96078,leaf-spine,sys1-lon14-p-swi-bel16,sw68p2,,sys1-lon14-p-swi-bes5,sw16p1,
96079,leaf-spine,sys1-lon14-p-swi-bel16,sw68p1,,sys1-lon14-p-swi-bes5,sw16p2,
96080,leaf-spine,sys1-lon14-p-swi-bel17,sw68p2,,sys1-lon14-p-swi-bes5,sw17p1,
96081,leaf-spine,sys1-lon14-p-swi-bel17,sw68p1,,sys1-lon14-p-swi-bes5,sw17p2,
96082,leaf-spine,sys1-lon14-p-swi-bel18,sw68p2,,sys1-lon14-p-swi-bes5,sw18p1,
96083,leaf-spine,sys1-lon14-p-swi-bel18,sw68p1,,sys1-lon14-p-swi-bes5,sw18p2,
96084,leaf-spine,sys1-lon14-p-swi-bel19,sw68p2,,sys1-lon14-p-swi-bes5,sw19p1,
96085,leaf-spine,sys1-lon14-p-swi-bel19,sw68p1,,sys1-lon14-p-swi-bes5,sw19p2,
96086,leaf-spine,sys1-lon14-p-swi-bel20,sw68p2,,sys1-lon14-p-swi-bes5,sw20p1,
96087,leaf-spine,sys1-lon14-p-swi-bel20,sw68p1,,sys1-lon14-p-swi-bes5,sw20p2,
96088,leaf-spine,sys1-lon14-p-swi-bel21,sw68p2,,sys1-lon14-p-swi-bes5,sw21p1,
96089,leaf-spine,sys1-lon14-p-swi-bel21,sw68p1,,sys1-lon14-p-swi-bes5,sw21p2,
96090,leaf-spine,sys1-lon14-p-swi-bel22,sw68p2,,sys1-lon14-p-swi-bes5,sw22p1,
96091,leaf-spine,sys1-lon14-p-swi-bel22,sw68p1,,sys1-lon14-p-swi-bes5,sw22p2,
96092,leaf-spine,sys1-lon14-p-swi-bel23,sw68p2,,sys1-lon14-p-swi-bes5,sw23p1,
96093,leaf-spine,sys1-lon14-p-swi-bel23,sw68p1,,sys1-lon14-p-swi-bes5,sw23p2,
96094,leaf-spine,sys1-lon14-p-swi-bel24,sw68p2,,sys1-lon14-p-swi-bes5,sw24p1,
96095,leaf-spine,sys1-lon14-p-swi-bel24,sw68p1,,sys1-lon14-p-swi-bes5,sw24p2,
96096,leaf-spine,sys1-lon14-p-swi-bel25,sw68p2,,sys1-lon14-p-swi-bes5,sw25p1,
96097,leaf-spine,sys1-lon14-p-swi-bel25,sw68p1,,sys1-lon14-p-swi-bes5,sw25p2,
96098,leaf-spine,sys1-lon14-p-swi-bel26,sw68p2,,sys1-lon14-p-swi-bes5,sw26p1,
96099,leaf-spine,sys1-lon14-p-swi-bel26,sw68p1,,sys1-lon14-p-swi-bes5,sw26p2,
96100,leaf-spine,sys1-lon14-p-swi-bel27,sw68p2,,sys1-lon14-p-swi-bes5,sw27p1,
96101,leaf-spine,sys1-lon14-p-swi-bel27,sw68p1,,sys1-lon14-p-swi-bes5,sw27p2,
96102,leaf-spine,sys1-lon14-p-swi-bel28,sw68p2,,sys1-lon14-p-swi-bes5,sw28p1,
96103,leaf-spine,sys1-lon14-p-swi-bel28,sw68p1,,sys1-lon14-p-swi-bes5,sw28p2,
96104,leaf-spine,sys1-lon14-p-swi-bel29,sw68p2,,sys1-lon14-p-swi-bes5,sw29p1,
96105,leaf-spine,sys1-lon14-p-swi-bel29,sw68p1,,sys1-lon14-p-swi-bes5,sw29p2,
96106,leaf-spine,sys1-lon14-p-swi-bel30,sw68p2,,sys1-lon14-p-swi-bes5,sw30p1,
96107,leaf-spine,sys1-lon14-p-swi-bel30,sw68p1,,sys1-lon14-p-swi-bes5,sw30p2,
96108,leaf-spine,sys1-lon14-p-swi-bel31,sw68p2,,sys1-lon14-p-swi-bes5,sw31p1,
96109,leaf-spine,sys1-lon14-p-swi-bel31,sw68p1,,sys1-lon14-p-swi-bes5,sw31p2,
96110,leaf-spine,sys1-lon14-p-swi-bel32,sw68p2,,sys1-lon14-p-swi-bes5,sw32p1,
96111,leaf-spine,sys1-lon14-p-swi-bel32,sw68p1,,sys1-lon14-p-swi-bes5,sw32p2,
96112,leaf-spine,sys1-lon14-p-swi-bel33,sw68p2,,sys1-lon14-p-swi-bes5,sw33p1,
96113,leaf-spine,sys1-lon14-p-swi-bel33,sw68p1,,sys1-lon14-p-swi-bes5,sw33p2,
96114,leaf-spine,sys1-lon14-p-swi-bel34,sw68p2,,sys1-lon14-p-swi-bes5,sw34p1,
96115,leaf-spine,sys1-lon14-p-swi-bel34,sw68p1,,sys1-lon14-p-swi-bes5,sw34p2,
96116,leaf-spine,sys1-lon14-p-swi-bel35,sw68p2,,sys1-lon14-p-swi-bes5,sw35p1,
96117,leaf-spine,sys1-lon14-p-swi-bel35,sw68p1,,sys1-lon14-p-swi-bes5,sw35p2,
96118,leaf-spine,sys1-lon14-p-swi-bel36,sw68p2,,sys1-lon14-p-swi-bes5,sw36p1,
96119,leaf-spine,sys1-lon14-p-swi-bel36,sw68p1,,sys1-lon14-p-swi-bes5,sw36p2,
96120,leaf-spine,sys1-lon14-p-swi-bel37,sw68p2,,sys1-lon14-p-swi-bes5,sw37p1,
96121,leaf-spine,sys1-lon14-p-swi-bel37,sw68p1,,sys1-lon14-p-swi-bes5,sw37p2,
96122,leaf-spine,sys1-lon14-p-swi-bel38,sw68p2,,sys1-lon14-p-swi-bes5,sw38p1,
96123,leaf-spine,sys1-lon14-p-swi-bel38,sw68p1,,sys1-lon14-p-swi-bes5,sw38p2,
96124,leaf-spine,sys1-lon14-p-swi-bel39,sw68p2,,sys1-lon14-p-swi-bes5,sw39p1,
96125,leaf-spine,sys1-lon14-p-swi-bel39,sw68p1,,sys1-lon14-p-swi-bes5,sw39p2,
96126,leaf-spine,sys1-lon14-p-swi-bel40,sw68p2,,sys1-lon14-p-swi-bes5,sw40p1,
96127,leaf-spine,sys1-lon14-p-swi-bel40,sw68p1,,sys1-lon14-p-swi-bes5,sw40p2,
96128,leaf-spine,sys1-lon14-p-swi-bel41,sw68p2,,sys1-lon14-p-swi-bes5,sw41p1,
96129,leaf-spine,sys1-lon14-p-swi-bel41,sw68p1,,sys1-lon14-p-swi-bes5,sw41p2,
96130,leaf-spine,sys1-lon14-p-swi-bel42,sw68p2,,sys1-lon14-p-swi-bes5,sw42p1,
96131,leaf-spine,sys1-lon14-p-swi-bel42,sw68p1,,sys1-lon14-p-swi-bes5,sw42p2,
96132,leaf-spine,sys1-lon14-p-swi-bel43,sw68p2,,sys1-lon14-p-swi-bes5,sw43p1,
96133,leaf-spine,sys1-lon14-p-swi-bel43,sw68p1,,sys1-lon14-p-swi-bes5,sw43p2,
96134,leaf-spine,sys1-lon14-p-swi-bel44,sw68p2,,sys1-lon14-p-swi-bes5,sw44p1,
96135,leaf-spine,sys1-lon14-p-swi-bel44,sw68p1,,sys1-lon14-p-swi-bes5,sw44p2,
96136,leaf-spine,sys1-lon14-p-swi-bel45,sw68p2,,sys1-lon14-p-swi-bes5,sw45p1,
96137,leaf-spine,sys1-lon14-p-swi-bel45,sw68p1,,sys1-lon14-p-swi-bes5,sw45p2,
96138,leaf-spine,sys1-lon14-p-swi-bel46,sw68p2,,sys1-lon14-p-swi-bes5,sw46p1,
96139,leaf-spine,sys1-lon14-p-swi-bel46,sw68p1,,sys1-lon14-p-swi-bes5,sw46p2,
96140,leaf-spine,sys1-lon14-p-swi-bel47,sw68p2,,sys1-lon14-p-swi-bes5,sw47p1,
96141,leaf-spine,sys1-lon14-p-swi-bel47,sw68p1,,sys1-lon14-p-swi-bes5,sw47p2,
96142,leaf-spine,sys1-lon14-p-swi-bel48,sw68p2,,sys1-lon14-p-swi-bes5,sw48p1,
96143,leaf-spine,sys1-lon14-p-swi-bel48,sw68p1,,sys1-lon14-p-swi-bes5,sw48p2,
96144,leaf-spine,sys1-lon14-p-swi-bel49,sw68p2,,sys1-lon14-p-swi-bes5,sw49p1,
96145,leaf-spine,sys1-lon14-p-swi-bel49,sw68p1,,sys1-lon14-p-swi-bes5,sw49p2,
96146,leaf-spine,sys1-lon14-p-swi-bel50,sw68p2,,sys1-lon14-p-swi-bes5,sw50p1,
96147,leaf-spine,sys1-lon14-p-swi-bel50,sw68p1,,sys1-lon14-p-swi-bes5,sw50p2,
96148,leaf-spine,sys1-lon14-p-swi-bel51,sw68p2,,sys1-lon14-p-swi-bes5,sw51p1,
96149,leaf-spine,sys1-lon14-p-swi-bel51,sw68p1,,sys1-lon14-p-swi-bes5,sw51p2,
96150,leaf-spine,sys1-lon14-p-swi-bel52,sw68p2,,sys1-lon14-p-swi-bes5,sw52p1,
96151,leaf-spine,sys1-lon14-p-swi-bel52,sw68p1,,sys1-lon14-p-swi-bes5,sw52p2,
96152,leaf-spine,sys1-lon14-p-swi-bel53,sw68p2,,sys1-lon14-p-swi-bes5,sw53p1,
96153,leaf-spine,sys1-lon14-p-swi-bel53,sw68p1,,sys1-lon14-p-swi-bes5,sw53p2,
96154,leaf-spine,sys1-lon14-p-swi-bel54,sw68p2,,sys1-lon14-p-swi-bes5,sw54p1,
96155,leaf-spine,sys1-lon14-p-swi-bel54,sw68p1,,sys1-lon14-p-swi-bes5,sw54p2,
96156,leaf-spine,sys1-lon14-p-swi-bel55,sw68p2,,sys1-lon14-p-swi-bes5,sw55p1,
96157,leaf-spine,sys1-lon14-p-swi-bel55,sw68p1,,sys1-lon14-p-swi-bes5,sw55p2,
96158,leaf-spine,sys1-lon14-p-swi-bel56,sw68p2,,sys1-lon14-p-swi-bes5,sw56p1,
96159,leaf-spine,sys1-lon14-p-swi-bel56,sw68p1,,sys1-lon14-p-swi-bes5,sw56p2,
96160,leaf-spine,sys1-lon14-p-swi-bel57,sw68p2,,sys1-lon14-p-swi-bes5,sw57p1,
96161,leaf-spine,sys1-lon14-p-swi-bel57,sw68p1,,sys1-lon14-p-swi-bes5,sw57p2,
96162,leaf-spine,sys1-lon14-p-swi-bel58,sw68p2,,sys1-lon14-p-swi-bes5,sw58p1,
96163,leaf-spine,sys1-lon14-p-swi-bel58,sw68p1,,sys1-lon14-p-swi-bes5,sw58p2,
96164,leaf-spine,sys1-lon14-p-swi-bel59,sw68p2,,sys1-lon14-p-swi-bes5,sw59p1,
96165,leaf-spine,sys1-lon14-p-swi-bel59,sw68p1,,sys1-lon14-p-swi-bes5,sw59p2,
96166,leaf-spine,sys1-lon14-p-swi-bel60,sw68p2,,sys1-lon14-p-swi-bes5,sw60p1,
96167,leaf-spine,sys1-lon14-p-swi-bel60,sw68p1,,sys1-lon14-p-swi-bes5,sw60p2,
96168,leaf-spine,sys1-lon14-p-swi-bel61,sw68p2,,sys1-lon14-p-swi-bes5,sw61p1,
96169,leaf-spine,sys1-lon14-p-swi-bel61,sw68p1,,sys1-lon14-p-swi-bes5,sw61p2,
96170,leaf-spine,sys1-lon14-p-swi-bel62,sw68p2,,sys1-lon14-p-swi-bes5,sw62p1,
96171,leaf-spine,sys1-lon14-p-swi-bel62,sw68p1,,sys1-lon14-p-swi-bes5,sw62p2,
96172,leaf-spine,sys1-lon14-p-swi-bel63,sw68p2,,sys1-lon14-p-swi-bes5,sw63p1,
96173,leaf-spine,sys1-lon14-p-swi-bel63,sw68p1,,sys1-lon14-p-swi-bes5,sw63p2,
96174,leaf-spine,sys1-lon14-p-swi-bel64,sw68p2,,sys1-lon14-p-swi-bes5,sw64p1,
96175,leaf-spine,sys1-lon14-p-swi-bel64,sw68p1,,sys1-lon14-p-swi-bes5,sw64p2,
96176,leaf-spine,sys1-lon14-p-swi-bel1,sw67p2,,sys1-lon14-p-swi-bes6,sw1p1,
96177,leaf-spine,sys1-lon14-p-swi-bel1,sw67p1,,sys1-lon14-p-swi-bes6,sw1p2,
96178,leaf-spine,sys1-lon14-p-swi-bel2,sw67p2,,sys1-lon14-p-swi-bes6,sw2p1,
96179,leaf-spine,sys1-lon14-p-swi-bel2,sw67p1,,sys1-lon14-p-swi-bes6,sw2p2,
96180,leaf-spine,sys1-lon14-p-swi-bel3,sw67p2,,sys1-lon14-p-swi-bes6,sw3p1,
96181,leaf-spine,sys1-lon14-p-swi-bel3,sw67p1,,sys1-lon14-p-swi-bes6,sw3p2,
96182,leaf-spine,sys1-lon14-p-swi-bel4,sw67p2,,sys1-lon14-p-swi-bes6,sw4p1,
96183,leaf-spine,sys1-lon14-p-swi-bel4,sw67p1,,sys1-lon14-p-swi-bes6,sw4p2,
96184,leaf-spine,sys1-lon14-p-swi-bel5,sw67p2,,sys1-lon14-p-swi-bes6,sw5p1,
96185,leaf-spine,sys1-lon14-p-swi-bel5,sw67p1,,sys1-lon14-p-swi-bes6,sw5p2,
96186,leaf-spine,sys1-lon14-p-swi-bel6,sw67p2,,sys1-lon14-p-swi-bes6,sw6p1,
96187,leaf-spine,sys1-lon14-p-swi-bel6,sw67p1,,sys1-lon14-p-swi-bes6,sw6p2,
96188,leaf-spine,sys1-lon14-p-swi-bel7,sw67p2,,sys1-lon14-p-swi-bes6,sw7p1,
96189,leaf-spine,sys1-lon14-p-swi-bel7,sw67p1,,sys1-lon14-p-swi-bes6,sw7p2,
96190,leaf-spine,sys1-lon14-p-swi-bel8,sw67p2,,sys1-lon14-p-swi-bes6,sw8p1,
96191,leaf-spine,sys1-lon14-p-swi-bel8,sw67p1,,sys1-lon14-p-swi-bes6,sw8p2,
96192,leaf-spine,sys1-lon14-p-swi-bel9,sw67p2,,sys1-lon14-p-swi-bes6,sw9p1,
96193,leaf-spine,sys1-lon14-p-swi-bel9,sw67p1,,sys1-lon14-p-swi-bes6,sw9p2,
96194,leaf-spine,sys1-lon14-p-swi-bel10,sw67p2,,sys1-lon14-p-swi-bes6,sw10p1,
96195,leaf-spine,sys1-lon14-p-swi-bel10,sw67p1,,sys1-lon14-p-swi-bes6,sw10p2,
96196,leaf-spine,sys1-lon14-p-swi-bel11,sw67p2,,sys1-lon14-p-swi-bes6,sw11p1,
96197,leaf-spine,sys1-lon14-p-swi-bel11,sw67p1,,sys1-lon14-p-swi-bes6,sw11p2,
96198,leaf-spine,sys1-lon14-p-swi-bel12,sw67p2,,sys1-lon14-p-swi-bes6,sw12p1,
96199,leaf-spine,sys1-lon14-p-swi-bel12,sw67p1,,sys1-lon14-p-swi-bes6,sw12p2,
96200,leaf-spine,sys1-lon14-p-swi-bel13,sw67p2,,sys1-lon14-p-swi-bes6,sw13p1,
96201,leaf-spine,sys1-lon14-p-swi-bel13,sw67p1,,sys1-lon14-p-swi-bes6,sw13p2,
96202,leaf-spine,sys1-lon14-p-swi-bel14,sw67p2,,sys1-lon14-p-swi-bes6,sw14p1,
96203,leaf-spine,sys1-lon14-p-swi-bel14,sw67p1,,sys1-lon14-p-swi-bes6,sw14p2,
96204,leaf-spine,sys1-lon14-p-swi-bel15,sw67p2,,sys1-lon14-p-swi-bes6,sw15p1,
96205,leaf-spine,sys1-lon14-p-swi-bel15,sw67p1,,sys1-lon14-p-swi-bes6,sw15p2,
96206,leaf-spine,sys1-lon14-p-swi-bel16,sw67p2,,sys1-lon14-p-swi-bes6,sw16p1,
96207,leaf-spine,sys1-lon14-p-swi-bel16,sw67p1,,sys1-lon14-p-swi-bes6,sw16p2,
96208,leaf-spine,sys1-lon14-p-swi-bel17,sw67p2,,sys1-lon14-p-swi-bes6,sw17p1,
96209,leaf-spine,sys1-lon14-p-swi-bel17,sw67p1,,sys1-lon14-p-swi-bes6,sw17p2,
96210,leaf-spine,sys1-lon14-p-swi-bel18,sw67p2,,sys1-lon14-p-swi-bes6,sw18p1,
96211,leaf-spine,sys1-lon14-p-swi-bel18,sw67p1,,sys1-lon14-p-swi-bes6,sw18p2,
96212,leaf-spine,sys1-lon14-p-swi-bel19,sw67p2,,sys1-lon14-p-swi-bes6,sw19p1,
96213,leaf-spine,sys1-lon14-p-swi-bel19,sw67p1,,sys1-lon14-p-swi-bes6,sw19p2,
96214,leaf-spine,sys1-lon14-p-swi-bel20,sw67p2,,sys1-lon14-p-swi-bes6,sw20p1,
96215,leaf-spine,sys1-lon14-p-swi-bel20,sw67p1,,sys1-lon14-p-swi-bes6,sw20p2,
96216,leaf-spine,sys1-lon14-p-swi-bel21,sw67p2,,sys1-lon14-p-swi-bes6,sw21p1,
96217,leaf-spine,sys1-lon14-p-swi-bel21,sw67p1,,sys1-lon14-p-swi-bes6,sw21p2,
96218,leaf-spine,sys1-lon14-p-swi-bel22,sw67p2,,sys1-lon14-p-swi-bes6,sw22p1,
96219,leaf-spine,sys1-lon14-p-swi-bel22,sw67p1,,sys1-lon14-p-swi-bes6,sw22p2,
96220,leaf-spine,sys1-lon14-p-swi-bel23,sw67p2,,sys1-lon14-p-swi-bes6,sw23p1,
96221,leaf-spine,sys1-lon14-p-swi-bel23,sw67p1,,sys1-lon14-p-swi-bes6,sw23p2,
96222,leaf-spine,sys1-lon14-p-swi-bel24,sw67p2,,sys1-lon14-p-swi-bes6,sw24p1,
96223,leaf-spine,sys1-lon14-p-swi-bel24,sw67p1,,sys1-lon14-p-swi-bes6,sw24p2,
96224,leaf-spine,sys1-lon14-p-swi-bel25,sw67p2,,sys1-lon14-p-swi-bes6,sw25p1,
96225,leaf-spine,sys1-lon14-p-swi-bel25,sw67p1,,sys1-lon14-p-swi-bes6,sw25p2,
96226,leaf-spine,sys1-lon14-p-swi-bel26,sw67p2,,sys1-lon14-p-swi-bes6,sw26p1,
96227,leaf-spine,sys1-lon14-p-swi-bel26,sw67p1,,sys1-lon14-p-swi-bes6,sw26p2,
96228,leaf-spine,sys1-lon14-p-swi-bel27,sw67p2,,sys1-lon14-p-swi-bes6,sw27p1,
96229,leaf-spine,sys1-lon14-p-swi-bel27,sw67p1,,sys1-lon14-p-swi-bes6,sw27p2,
96230,leaf-spine,sys1-lon14-p-swi-bel28,sw67p2,,sys1-lon14-p-swi-bes6,sw28p1,
96231,leaf-spine,sys1-lon14-p-swi-bel28,sw67p1,,sys1-lon14-p-swi-bes6,sw28p2,
96232,leaf-spine,sys1-lon14-p-swi-bel29,sw67p2,,sys1-lon14-p-swi-bes6,sw29p1,
96233,leaf-spine,sys1-lon14-p-swi-bel29,sw67p1,,sys1-lon14-p-swi-bes6,sw29p2,
96234,leaf-spine,sys1-lon14-p-swi-bel30,sw67p2,,sys1-lon14-p-swi-bes6,sw30p1,
96235,leaf-spine,sys1-lon14-p-swi-bel30,sw67p1,,sys1-lon14-p-swi-bes6,sw30p2,
96236,leaf-spine,sys1-lon14-p-swi-bel31,sw67p2,,sys1-lon14-p-swi-bes6,sw31p1,
96237,leaf-spine,sys1-lon14-p-swi-bel31,sw67p1,,sys1-lon14-p-swi-bes6,sw31p2,
96238,leaf-spine,sys1-lon14-p-swi-bel32,sw67p2,,sys1-lon14-p-swi-bes6,sw32p1,
96239,leaf-spine,sys1-lon14-p-swi-bel32,sw67p1,,sys1-lon14-p-swi-bes6,sw32p2,
96240,leaf-spine,sys1-lon14-p-swi-bel33,sw67p2,,sys1-lon14-p-swi-bes6,sw33p1,
96241,leaf-spine,sys1-lon14-p-swi-bel33,sw67p1,,sys1-lon14-p-swi-bes6,sw33p2,
96242,leaf-spine,sys1-lon14-p-swi-bel34,sw67p2,,sys1-lon14-p-swi-bes6,sw34p1,
96243,leaf-spine,sys1-lon14-p-swi-bel34,sw67p1,,sys1-lon14-p-swi-bes6,sw34p2,
96244,leaf-spine,sys1-lon14-p-swi-bel35,sw67p2,,sys1-lon14-p-swi-bes6,sw35p1,
96245,leaf-spine,sys1-lon14-p-swi-bel35,sw67p1,,sys1-lon14-p-swi-bes6,sw35p2,
96246,leaf-spine,sys1-lon14-p-swi-bel36,sw67p2,,sys1-lon14-p-swi-bes6,sw36p1,
96247,leaf-spine,sys1-lon14-p-swi-bel36,sw67p1,,sys1-lon14-p-swi-bes6,sw36p2,
96248,leaf-spine,sys1-lon14-p-swi-bel37,sw67p2,,sys1-lon14-p-swi-bes6,sw37p1,
96249,leaf-spine,sys1-lon14-p-swi-bel37,sw67p1,,sys1-lon14-p-swi-bes6,sw37p2,
96250,leaf-spine,sys1-lon14-p-swi-bel38,sw67p2,,sys1-lon14-p-swi-bes6,sw38p1,
96251,leaf-spine,sys1-lon14-p-swi-bel38,sw67p1,,sys1-lon14-p-swi-bes6,sw38p2,
96252,leaf-spine,sys1-lon14-p-swi-bel39,sw67p2,,sys1-lon14-p-swi-bes6,sw39p1,
96253,leaf-spine,sys1-lon14-p-swi-bel39,sw67p1,,sys1-lon14-p-swi-bes6,sw39p2,
96254,leaf-spine,sys1-lon14-p-swi-bel40,sw67p2,,sys1-lon14-p-swi-bes6,sw40p1,
96255,leaf-spine,sys1-lon14-p-swi-bel40,sw67p1,,sys1-lon14-p-swi-bes6,sw40p2,
96256,leaf-spine,sys1-lon14-p-swi-bel41,sw67p2,,sys1-lon14-p-swi-bes6,sw41p1,
96257,leaf-spine,sys1-lon14-p-swi-bel41,sw67p1,,sys1-lon14-p-swi-bes6,sw41p2,
96258,leaf-spine,sys1-lon14-p-swi-bel42,sw67p2,,sys1-lon14-p-swi-bes6,sw42p1,
96259,leaf-spine,sys1-lon14-p-swi-bel42,sw67p1,,sys1-lon14-p-swi-bes6,sw42p2,
96260,leaf-spine,sys1-lon14-p-swi-bel43,sw67p2,,sys1-lon14-p-swi-bes6,sw43p1,
96261,leaf-spine,sys1-lon14-p-swi-bel43,sw67p1,,sys1-lon14-p-swi-bes6,sw43p2,
96262,leaf-spine,sys1-lon14-p-swi-bel44,sw67p2,,sys1-lon14-p-swi-bes6,sw44p1,
96263,leaf-spine,sys1-lon14-p-swi-bel44,sw67p1,,sys1-lon14-p-swi-bes6,sw44p2,
96264,leaf-spine,sys1-lon14-p-swi-bel45,sw67p2,,sys1-lon14-p-swi-bes6,sw45p1,
96265,leaf-spine,sys1-lon14-p-swi-bel45,sw67p1,,sys1-lon14-p-swi-bes6,sw45p2,
96266,leaf-spine,sys1-lon14-p-swi-bel46,sw67p2,,sys1-lon14-p-swi-bes6,sw46p1,
96267,leaf-spine,sys1-lon14-p-swi-bel46,sw67p1,,sys1-lon14-p-swi-bes6,sw46p2,
96268,leaf-spine,sys1-lon14-p-swi-bel47,sw67p2,,sys1-lon14-p-swi-bes6,sw47p1,
96269,leaf-spine,sys1-lon14-p-swi-bel47,sw67p1,,sys1-lon14-p-swi-bes6,sw47p2,
96270,leaf-spine,sys1-lon14-p-swi-bel48,sw67p2,,sys1-lon14-p-swi-bes6,sw48p1,
96271,leaf-spine,sys1-lon14-p-swi-bel48,sw67p1,,sys1-lon14-p-swi-bes6,sw48p2,
96272,leaf-spine,sys1-lon14-p-swi-bel49,sw67p2,,sys1-lon14-p-swi-bes6,sw49p1,
96273,leaf-spine,sys1-lon14-p-swi-bel49,sw67p1,,sys1-lon14-p-swi-bes6,sw49p2,
96274,leaf-spine,sys1-lon14-p-swi-bel50,sw67p2,,sys1-lon14-p-swi-bes6,sw50p1,
96275,leaf-spine,sys1-lon14-p-swi-bel50,sw67p1,,sys1-lon14-p-swi-bes6,sw50p2,
96276,leaf-spine,sys1-lon14-p-swi-bel51,sw67p2,,sys1-lon14-p-swi-bes6,sw51p1,
96277,leaf-spine,sys1-lon14-p-swi-bel51,sw67p1,,sys1-lon14-p-swi-bes6,sw51p2,
96278,leaf-spine,sys1-lon14-p-swi-bel52,sw67p2,,sys1-lon14-p-swi-bes6,sw52p1,
96279,leaf-spine,sys1-lon14-p-swi-bel52,sw67p1,,sys1-lon14-p-swi-bes6,sw52p2,
96280,leaf-spine,sys1-lon14-p-swi-bel53,sw67p2,,sys1-lon14-p-swi-bes6,sw53p1,
96281,leaf-spine,sys1-lon14-p-swi-bel53,sw67p1,,sys1-lon14-p-swi-bes6,sw53p2,
96282,leaf-spine,sys1-lon14-p-swi-bel54,sw67p2,,sys1-lon14-p-swi-bes6,sw54p1,
96283,leaf-spine,sys1-lon14-p-swi-bel54,sw67p1,,sys1-lon14-p-swi-bes6,sw54p2,
96284,leaf-spine,sys1-lon14-p-swi-bel55,sw67p2,,sys1-lon14-p-swi-bes6,sw55p1,
96285,leaf-spine,sys1-lon14-p-swi-bel55,sw67p1,,sys1-lon14-p-swi-bes6,sw55p2,
96286,leaf-spine,sys1-lon14-p-swi-bel56,sw67p2,,sys1-lon14-p-swi-bes6,sw56p1,
96287,leaf-spine,sys1-lon14-p-swi-bel56,sw67p1,,sys1-lon14-p-swi-bes6,sw56p2,
96288,leaf-spine,sys1-lon14-p-swi-bel57,sw67p2,,sys1-lon14-p-swi-bes6,sw57p1,
96289,leaf-spine,sys1-lon14-p-swi-bel57,sw67p1,,sys1-lon14-p-swi-bes6,sw57p2,
96290,leaf-spine,sys1-lon14-p-swi-bel58,sw67p2,,sys1-lon14-p-swi-bes6,sw58p1,
96291,leaf-spine,sys1-lon14-p-swi-bel58,sw67p1,,sys1-lon14-p-swi-bes6,sw58p2,
96292,leaf-spine,sys1-lon14-p-swi-bel59,sw67p2,,sys1-lon14-p-swi-bes6,sw59p1,
96293,leaf-spine,sys1-lon14-p-swi-bel59,sw67p1,,sys1-lon14-p-swi-bes6,sw59p2,
96294,leaf-spine,sys1-lon14-p-swi-bel60,sw67p2,,sys1-lon14-p-swi-bes6,sw60p1,
96295,leaf-spine,sys1-lon14-p-swi-bel60,sw67p1,,sys1-lon14-p-swi-bes6,sw60p2,
96296,leaf-spine,sys1-lon14-p-swi-bel61,sw67p2,,sys1-lon14-p-swi-bes6,sw61p1,
96297,leaf-spine,sys1-lon14-p-swi-bel61,sw67p1,,sys1-lon14-p-swi-bes6,sw61p2,
96298,leaf-spine,sys1-lon14-p-swi-bel62,sw67p2,,sys1-lon14-p-swi-bes6,sw62p1,
96299,leaf-spine,sys1-lon14-p-swi-bel62,sw67p1,,sys1-lon14-p-swi-bes6,sw62p2,
96300,leaf-spine,sys1-lon14-p-swi-bel63,sw67p2,,sys1-lon14-p-swi-bes6,sw63p1,
96301,leaf-spine,sys1-lon14-p-swi-bel63,sw67p1,,sys1-lon14-p-swi-bes6,sw63p2,
96302,leaf-spine,sys1-lon14-p-swi-bel64,sw67p2,,sys1-lon14-p-swi-bes6,sw64p1,
96303,leaf-spine,sys1-lon14-p-swi-bel64,sw67p1,,sys1-lon14-p-swi-bes6,sw64p2,
96304,leaf-spine,sys1-lon14-p-swi-bel1,sw66p2,,sys1-lon14-p-swi-bes7,sw1p1,
96305,leaf-spine,sys1-lon14-p-swi-bel1,sw66p1,,sys1-lon14-p-swi-bes7,sw1p2,
96306,leaf-spine,sys1-lon14-p-swi-bel2,sw66p2,,sys1-lon14-p-swi-bes7,sw2p1,
96307,leaf-spine,sys1-lon14-p-swi-bel2,sw66p1,,sys1-lon14-p-swi-bes7,sw2p2,
96308,leaf-spine,sys1-lon14-p-swi-bel3,sw66p2,,sys1-lon14-p-swi-bes7,sw3p1,
96309,leaf-spine,sys1-lon14-p-swi-bel3,sw66p1,,sys1-lon14-p-swi-bes7,sw3p2,
96310,leaf-spine,sys1-lon14-p-swi-bel4,sw66p2,,sys1-lon14-p-swi-bes7,sw4p1,
96311,leaf-spine,sys1-lon14-p-swi-bel4,sw66p1,,sys1-lon14-p-swi-bes7,sw4p2,
96312,leaf-spine,sys1-lon14-p-swi-bel5,sw66p2,,sys1-lon14-p-swi-bes7,sw5p1,
96313,leaf-spine,sys1-lon14-p-swi-bel5,sw66p1,,sys1-lon14-p-swi-bes7,sw5p2,
96314,leaf-spine,sys1-lon14-p-swi-bel6,sw66p2,,sys1-lon14-p-swi-bes7,sw6p1,
96315,leaf-spine,sys1-lon14-p-swi-bel6,sw66p1,,sys1-lon14-p-swi-bes7,sw6p2,
96316,leaf-spine,sys1-lon14-p-swi-bel7,sw66p2,,sys1-lon14-p-swi-bes7,sw7p1,
96317,leaf-spine,sys1-lon14-p-swi-bel7,sw66p1,,sys1-lon14-p-swi-bes7,sw7p2,
96318,leaf-spine,sys1-lon14-p-swi-bel8,sw66p2,,sys1-lon14-p-swi-bes7,sw8p1,
96319,leaf-spine,sys1-lon14-p-swi-bel8,sw66p1,,sys1-lon14-p-swi-bes7,sw8p2,
96320,leaf-spine,sys1-lon14-p-swi-bel9,sw66p2,,sys1-lon14-p-swi-bes7,sw9p1,
96321,leaf-spine,sys1-lon14-p-swi-bel9,sw66p1,,sys1-lon14-p-swi-bes7,sw9p2,
96322,leaf-spine,sys1-lon14-p-swi-bel10,sw66p2,,sys1-lon14-p-swi-bes7,sw10p1,
96323,leaf-spine,sys1-lon14-p-swi-bel10,sw66p1,,sys1-lon14-p-swi-bes7,sw10p2,
96324,leaf-spine,sys1-lon14-p-swi-bel11,sw66p2,,sys1-lon14-p-swi-bes7,sw11p1,
96325,leaf-spine,sys1-lon14-p-swi-bel11,sw66p1,,sys1-lon14-p-swi-bes7,sw11p2,
96326,leaf-spine,sys1-lon14-p-swi-bel12,sw66p2,,sys1-lon14-p-swi-bes7,sw12p1,
96327,leaf-spine,sys1-lon14-p-swi-bel12,sw66p1,,sys1-lon14-p-swi-bes7,sw12p2,
96328,leaf-spine,sys1-lon14-p-swi-bel13,sw66p2,,sys1-lon14-p-swi-bes7,sw13p1,
96329,leaf-spine,sys1-lon14-p-swi-bel13,sw66p1,,sys1-lon14-p-swi-bes7,sw13p2,
96330,leaf-spine,sys1-lon14-p-swi-bel14,sw66p2,,sys1-lon14-p-swi-bes7,sw14p1,
96331,leaf-spine,sys1-lon14-p-swi-bel14,sw66p1,,sys1-lon14-p-swi-bes7,sw14p2,
96332,leaf-spine,sys1-lon14-p-swi-bel15,sw66p2,,sys1-lon14-p-swi-bes7,sw15p1,
96333,leaf-spine,sys1-lon14-p-swi-bel15,sw66p1,,sys1-lon14-p-swi-bes7,sw15p2,
96334,leaf-spine,sys1-lon14-p-swi-bel16,sw66p2,,sys1-lon14-p-swi-bes7,sw16p1,
96335,leaf-spine,sys1-lon14-p-swi-bel16,sw66p1,,sys1-lon14-p-swi-bes7,sw16p2,
96336,leaf-spine,sys1-lon14-p-swi-bel17,sw66p2,,sys1-lon14-p-swi-bes7,sw17p1,
96337,leaf-spine,sys1-lon14-p-swi-bel17,sw66p1,,sys1-lon14-p-swi-bes7,sw17p2,
96338,leaf-spine,sys1-lon14-p-swi-bel18,sw66p2,,sys1-lon14-p-swi-bes7,sw18p1,
96339,leaf-spine,sys1-lon14-p-swi-bel18,sw66p1,,sys1-lon14-p-swi-bes7,sw18p2,
96340,leaf-spine,sys1-lon14-p-swi-bel19,sw66p2,,sys1-lon14-p-swi-bes7,sw19p1,
96341,leaf-spine,sys1-lon14-p-swi-bel19,sw66p1,,sys1-lon14-p-swi-bes7,sw19p2,
96342,leaf-spine,sys1-lon14-p-swi-bel20,sw66p2,,sys1-lon14-p-swi-bes7,sw20p1,
96343,leaf-spine,sys1-lon14-p-swi-bel20,sw66p1,,sys1-lon14-p-swi-bes7,sw20p2,
96344,leaf-spine,sys1-lon14-p-swi-bel21,sw66p2,,sys1-lon14-p-swi-bes7,sw21p1,
96345,leaf-spine,sys1-lon14-p-swi-bel21,sw66p1,,sys1-lon14-p-swi-bes7,sw21p2,
96346,leaf-spine,sys1-lon14-p-swi-bel22,sw66p2,,sys1-lon14-p-swi-bes7,sw22p1,
96347,leaf-spine,sys1-lon14-p-swi-bel22,sw66p1,,sys1-lon14-p-swi-bes7,sw22p2,
96348,leaf-spine,sys1-lon14-p-swi-bel23,sw66p2,,sys1-lon14-p-swi-bes7,sw23p1,
96349,leaf-spine,sys1-lon14-p-swi-bel23,sw66p1,,sys1-lon14-p-swi-bes7,sw23p2,
96350,leaf-spine,sys1-lon14-p-swi-bel24,sw66p2,,sys1-lon14-p-swi-bes7,sw24p1,
96351,leaf-spine,sys1-lon14-p-swi-bel24,sw66p1,,sys1-lon14-p-swi-bes7,sw24p2,
96352,leaf-spine,sys1-lon14-p-swi-bel25,sw66p2,,sys1-lon14-p-swi-bes7,sw25p1,
96353,leaf-spine,sys1-lon14-p-swi-bel25,sw66p1,,sys1-lon14-p-swi-bes7,sw25p2,
96354,leaf-spine,sys1-lon14-p-swi-bel26,sw66p2,,sys1-lon14-p-swi-bes7,sw26p1,
96355,leaf-spine,sys1-lon14-p-swi-bel26,sw66p1,,sys1-lon14-p-swi-bes7,sw26p2,
96356,leaf-spine,sys1-lon14-p-swi-bel27,sw66p2,,sys1-lon14-p-swi-bes7,sw27p1,
96357,leaf-spine,sys1-lon14-p-swi-bel27,sw66p1,,sys1-lon14-p-swi-bes7,sw27p2,
96358,leaf-spine,sys1-lon14-p-swi-bel28,sw66p2,,sys1-lon14-p-swi-bes7,sw28p1,
96359,leaf-spine,sys1-lon14-p-swi-bel28,sw66p1,,sys1-lon14-p-swi-bes7,sw28p2,
96360,leaf-spine,sys1-lon14-p-swi-bel29,sw66p2,,sys1-lon14-p-swi-bes7,sw29p1,
96361,leaf-spine,sys1-lon14-p-swi-bel29,sw66p1,,sys1-lon14-p-swi-bes7,sw29p2,
96362,leaf-spine,sys1-lon14-p-swi-bel30,sw66p2,,sys1-lon14-p-swi-bes7,sw30p1,
96363,leaf-spine,sys1-lon14-p-swi-bel30,sw66p1,,sys1-lon14-p-swi-bes7,sw30p2,
96364,leaf-spine,sys1-lon14-p-swi-bel31,sw66p2,,sys1-lon14-p-swi-bes7,sw31p1,
96365,leaf-spine,sys1-lon14-p-swi-bel31,sw66p1,,sys1-lon14-p-swi-bes7,sw31p2,
96366,leaf-spine,sys1-lon14-p-swi-bel32,sw66p2,,sys1-lon14-p-swi-bes7,sw32p1,
96367,leaf-spine,sys1-lon14-p-swi-bel32,sw66p1,,sys1-lon14-p-swi-bes7,sw32p2,
96368,leaf-spine,sys1-lon14-p-swi-bel33,sw66p2,,sys1-lon14-p-swi-bes7,sw33p1,
96369,leaf-spine,sys1-lon14-p-swi-bel33,sw66p1,,sys1-lon14-p-swi-bes7,sw33p2,
96370,leaf-spine,sys1-lon14-p-swi-bel34,sw66p2,,sys1-lon14-p-swi-bes7,sw34p1,
96371,leaf-spine,sys1-lon14-p-swi-bel34,sw66p1,,sys1-lon14-p-swi-bes7,sw34p2,
96372,leaf-spine,sys1-lon14-p-swi-bel35,sw66p2,,sys1-lon14-p-swi-bes7,sw35p1,
96373,leaf-spine,sys1-lon14-p-swi-bel35,sw66p1,,sys1-lon14-p-swi-bes7,sw35p2,
96374,leaf-spine,sys1-lon14-p-swi-bel36,sw66p2,,sys1-lon14-p-swi-bes7,sw36p1,
96375,leaf-spine,sys1-lon14-p-swi-bel36,sw66p1,,sys1-lon14-p-swi-bes7,sw36p2,
96376,leaf-spine,sys1-lon14-p-swi-bel37,sw66p2,,sys1-lon14-p-swi-bes7,sw37p1,
96377,leaf-spine,sys1-lon14-p-swi-bel37,sw66p1,,sys1-lon14-p-swi-bes7,sw37p2,
96378,leaf-spine,sys1-lon14-p-swi-bel38,sw66p2,,sys1-lon14-p-swi-bes7,sw38p1,
96379,leaf-spine,sys1-lon14-p-swi-bel38,sw66p1,,sys1-lon14-p-swi-bes7,sw38p2,
96380,leaf-spine,sys1-lon14-p-swi-bel39,sw66p2,,sys1-lon14-p-swi-bes7,sw39p1,
96381,leaf-spine,sys1-lon14-p-swi-bel39,sw66p1,,sys1-lon14-p-swi-bes7,sw39p2,
96382,leaf-spine,sys1-lon14-p-swi-bel40,sw66p2,,sys1-lon14-p-swi-bes7,sw40p1,
96383,leaf-spine,sys1-lon14-p-swi-bel40,sw66p1,,sys1-lon14-p-swi-bes7,sw40p2,
96384,leaf-spine,sys1-lon14-p-swi-bel41,sw66p2,,sys1-lon14-p-swi-bes7,sw41p1,
96385,leaf-spine,sys1-lon14-p-swi-bel41,sw66p1,,sys1-lon14-p-swi-bes7,sw41p2,
96386,leaf-spine,sys1-lon14-p-swi-bel42,sw66p2,,sys1-lon14-p-swi-bes7,sw42p1,
96387,leaf-spine,sys1-lon14-p-swi-bel42,sw66p1,,sys1-lon14-p-swi-bes7,sw42p2,
96388,leaf-spine,sys1-lon14-p-swi-bel43,sw66p2,,sys1-lon14-p-swi-bes7,sw43p1,
96389,leaf-spine,sys1-lon14-p-swi-bel43,sw66p1,,sys1-lon14-p-swi-bes7,sw43p2,
96390,leaf-spine,sys1-lon14-p-swi-bel44,sw66p2,,sys1-lon14-p-swi-bes7,sw44p1,
96391,leaf-spine,sys1-lon14-p-swi-bel44,sw66p1,,sys1-lon14-p-swi-bes7,sw44p2,
96392,leaf-spine,sys1-lon14-p-swi-bel45,sw66p2,,sys1-lon14-p-swi-bes7,sw45p1,
96393,leaf-spine,sys1-lon14-p-swi-bel45,sw66p1,,sys1-lon14-p-swi-bes7,sw45p2,
96394,leaf-spine,sys1-lon14-p-swi-bel46,sw66p2,,sys1-lon14-p-swi-bes7,sw46p1,
96395,leaf-spine,sys1-lon14-p-swi-bel46,sw66p1,,sys1-lon14-p-swi-bes7,sw46p2,
96396,leaf-spine,sys1-lon14-p-swi-bel47,sw66p2,,sys1-lon14-p-swi-bes7,sw47p1,
96397,leaf-spine,sys1-lon14-p-swi-bel47,sw66p1,,sys1-lon14-p-swi-bes7,sw47p2,
96398,leaf-spine,sys1-lon14-p-swi-bel48,sw66p2,,sys1-lon14-p-swi-bes7,sw48p1,
96399,leaf-spine,sys1-lon14-p-swi-bel48,sw66p1,,sys1-lon14-p-swi-bes7,sw48p2,
96400,leaf-spine,sys1-lon14-p-swi-bel49,sw66p2,,sys1-lon14-p-swi-bes7,sw49p1,
96401,leaf-spine,sys1-lon14-p-swi-bel49,sw66p1,,sys1-lon14-p-swi-bes7,sw49p2,
96402,leaf-spine,sys1-lon14-p-swi-bel50,sw66p2,,sys1-lon14-p-swi-bes7,sw50p1,
96403,leaf-spine,sys1-lon14-p-swi-bel50,sw66p1,,sys1-lon14-p-swi-bes7,sw50p2,
96404,leaf-spine,sys1-lon14-p-swi-bel51,sw66p2,,sys1-lon14-p-swi-bes7,sw51p1,
96405,leaf-spine,sys1-lon14-p-swi-bel51,sw66p1,,sys1-lon14-p-swi-bes7,sw51p2,
96406,leaf-spine,sys1-lon14-p-swi-bel52,sw66p2,,sys1-lon14-p-swi-bes7,sw52p1,
96407,leaf-spine,sys1-lon14-p-swi-bel52,sw66p1,,sys1-lon14-p-swi-bes7,sw52p2,
96408,leaf-spine,sys1-lon14-p-swi-bel53,sw66p2,,sys1-lon14-p-swi-bes7,sw53p1,
96409,leaf-spine,sys1-lon14-p-swi-bel53,sw66p1,,sys1-lon14-p-swi-bes7,sw53p2,
96410,leaf-spine,sys1-lon14-p-swi-bel54,sw66p2,,sys1-lon14-p-swi-bes7,sw54p1,
96411,leaf-spine,sys1-lon14-p-swi-bel54,sw66p1,,sys1-lon14-p-swi-bes7,sw54p2,
96412,leaf-spine,sys1-lon14-p-swi-bel55,sw66p2,,sys1-lon14-p-swi-bes7,sw55p1,
96413,leaf-spine,sys1-lon14-p-swi-bel55,sw66p1,,sys1-lon14-p-swi-bes7,sw55p2,
96414,leaf-spine,sys1-lon14-p-swi-bel56,sw66p2,,sys1-lon14-p-swi-bes7,sw56p1,
96415,leaf-spine,sys1-lon14-p-swi-bel56,sw66p1,,sys1-lon14-p-swi-bes7,sw56p2,
96416,leaf-spine,sys1-lon14-p-swi-bel57,sw66p2,,sys1-lon14-p-swi-bes7,sw57p1,
96417,leaf-spine,sys1-lon14-p-swi-bel57,sw66p1,,sys1-lon14-p-swi-bes7,sw57p2,
96418,leaf-spine,sys1-lon14-p-swi-bel58,sw66p2,,sys1-lon14-p-swi-bes7,sw58p1,
96419,leaf-spine,sys1-lon14-p-swi-bel58,sw66p1,,sys1-lon14-p-swi-bes7,sw58p2,
96420,leaf-spine,sys1-lon14-p-swi-bel59,sw66p2,,sys1-lon14-p-swi-bes7,sw59p1,
96421,leaf-spine,sys1-lon14-p-swi-bel59,sw66p1,,sys1-lon14-p-swi-bes7,sw59p2,
96422,leaf-spine,sys1-lon14-p-swi-bel60,sw66p2,,sys1-lon14-p-swi-bes7,sw60p1,
96423,leaf-spine,sys1-lon14-p-swi-bel60,sw66p1,,sys1-lon14-p-swi-bes7,sw60p2,
96424,leaf-spine,sys1-lon14-p-swi-bel61,sw66p2,,sys1-lon14-p-swi-bes7,sw61p1,
96425,leaf-spine,sys1-lon14-p-swi-bel61,sw66p1,,sys1-lon14-p-swi-bes7,sw61p2,
96426,leaf-spine,sys1-lon14-p-swi-bel62,sw66p2,,sys1-lon14-p-swi-bes7,sw62p1,
96427,leaf-spine,sys1-lon14-p-swi-bel62,sw66p1,,sys1-lon14-p-swi-bes7,sw62p2,
96428,leaf-spine,sys1-lon14-p-swi-bel63,sw66p2,,sys1-lon14-p-swi-bes7,sw63p1,
96429,leaf-spine,sys1-lon14-p-swi-bel63,sw66p1,,sys1-lon14-p-swi-bes7,sw63p2,
96430,leaf-spine,sys1-lon14-p-swi-bel64,sw66p2,,sys1-lon14-p-swi-bes7,sw64p1,
96431,leaf-spine,sys1-lon14-p-swi-bel64,sw66p1,,sys1-lon14-p-swi-bes7,sw64p2,
96432,leaf-spine,sys1-lon14-p-swi-bel1,sw65p2,,sys1-lon14-p-swi-bes8,sw1p1,
96433,leaf-spine,sys1-lon14-p-swi-bel1,sw65p1,,sys1-lon14-p-swi-bes8,sw1p2,
96434,leaf-spine,sys1-lon14-p-swi-bel2,sw65p2,,sys1-lon14-p-swi-bes8,sw2p1,
96435,leaf-spine,sys1-lon14-p-swi-bel2,sw65p1,,sys1-lon14-p-swi-bes8,sw2p2,
96436,leaf-spine,sys1-lon14-p-swi-bel3,sw65p2,,sys1-lon14-p-swi-bes8,sw3p1,
96437,leaf-spine,sys1-lon14-p-swi-bel3,sw65p1,,sys1-lon14-p-swi-bes8,sw3p2,
96438,leaf-spine,sys1-lon14-p-swi-bel4,sw65p2,,sys1-lon14-p-swi-bes8,sw4p1,
96439,leaf-spine,sys1-lon14-p-swi-bel4,sw65p1,,sys1-lon14-p-swi-bes8,sw4p2,
96440,leaf-spine,sys1-lon14-p-swi-bel5,sw65p2,,sys1-lon14-p-swi-bes8,sw5p1,
96441,leaf-spine,sys1-lon14-p-swi-bel5,sw65p1,,sys1-lon14-p-swi-bes8,sw5p2,
96442,leaf-spine,sys1-lon14-p-swi-bel6,sw65p2,,sys1-lon14-p-swi-bes8,sw6p1,
96443,leaf-spine,sys1-lon14-p-swi-bel6,sw65p1,,sys1-lon14-p-swi-bes8,sw6p2,
96444,leaf-spine,sys1-lon14-p-swi-bel7,sw65p2,,sys1-lon14-p-swi-bes8,sw7p1,
96445,leaf-spine,sys1-lon14-p-swi-bel7,sw65p1,,sys1-lon14-p-swi-bes8,sw7p2,
96446,leaf-spine,sys1-lon14-p-swi-bel8,sw65p2,,sys1-lon14-p-swi-bes8,sw8p1,
96447,leaf-spine,sys1-lon14-p-swi-bel8,sw65p1,,sys1-lon14-p-swi-bes8,sw8p2,
96448,leaf-spine,sys1-lon14-p-swi-bel9,sw65p2,,sys1-lon14-p-swi-bes8,sw9p1,
96449,leaf-spine,sys1-lon14-p-swi-bel9,sw65p1,,sys1-lon14-p-swi-bes8,sw9p2,
96450,leaf-spine,sys1-lon14-p-swi-bel10,sw65p2,,sys1-lon14-p-swi-bes8,sw10p1,
96451,leaf-spine,sys1-lon14-p-swi-bel10,sw65p1,,sys1-lon14-p-swi-bes8,sw10p2,
96452,leaf-spine,sys1-lon14-p-swi-bel11,sw65p2,,sys1-lon14-p-swi-bes8,sw11p1,
96453,leaf-spine,sys1-lon14-p-swi-bel11,sw65p1,,sys1-lon14-p-swi-bes8,sw11p2,
96454,leaf-spine,sys1-lon14-p-swi-bel12,sw65p2,,sys1-lon14-p-swi-bes8,sw12p1,
96455,leaf-spine,sys1-lon14-p-swi-bel12,sw65p1,,sys1-lon14-p-swi-bes8,sw12p2,
96456,leaf-spine,sys1-lon14-p-swi-bel13,sw65p2,,sys1-lon14-p-swi-bes8,sw13p1,
96457,leaf-spine,sys1-lon14-p-swi-bel13,sw65p1,,sys1-lon14-p-swi-bes8,sw13p2,
96458,leaf-spine,sys1-lon14-p-swi-bel14,sw65p2,,sys1-lon14-p-swi-bes8,sw14p1,
96459,leaf-spine,sys1-lon14-p-swi-bel14,sw65p1,,sys1-lon14-p-swi-bes8,sw14p2,
96460,leaf-spine,sys1-lon14-p-swi-bel15,sw65p2,,sys1-lon14-p-swi-bes8,sw15p1,
96461,leaf-spine,sys1-lon14-p-swi-bel15,sw65p1,,sys1-lon14-p-swi-bes8,sw15p2,
96462,leaf-spine,sys1-lon14-p-swi-bel16,sw65p2,,sys1-lon14-p-swi-bes8,sw16p1,
96463,leaf-spine,sys1-lon14-p-swi-bel16,sw65p1,,sys1-lon14-p-swi-bes8,sw16p2,
96464,leaf-spine,sys1-lon14-p-swi-bel17,sw65p2,,sys1-lon14-p-swi-bes8,sw17p1,
96465,leaf-spine,sys1-lon14-p-swi-bel17,sw65p1,,sys1-lon14-p-swi-bes8,sw17p2,
96466,leaf-spine,sys1-lon14-p-swi-bel18,sw65p2,,sys1-lon14-p-swi-bes8,sw18p1,
96467,leaf-spine,sys1-lon14-p-swi-bel18,sw65p1,,sys1-lon14-p-swi-bes8,sw18p2,
96468,leaf-spine,sys1-lon14-p-swi-bel19,sw65p2,,sys1-lon14-p-swi-bes8,sw19p1,
96469,leaf-spine,sys1-lon14-p-swi-bel19,sw65p1,,sys1-lon14-p-swi-bes8,sw19p2,
96470,leaf-spine,sys1-lon14-p-swi-bel20,sw65p2,,sys1-lon14-p-swi-bes8,sw20p1,
96471,leaf-spine,sys1-lon14-p-swi-bel20,sw65p1,,sys1-lon14-p-swi-bes8,sw20p2,
96472,leaf-spine,sys1-lon14-p-swi-bel21,sw65p2,,sys1-lon14-p-swi-bes8,sw21p1,
96473,leaf-spine,sys1-lon14-p-swi-bel21,sw65p1,,sys1-lon14-p-swi-bes8,sw21p2,
96474,leaf-spine,sys1-lon14-p-swi-bel22,sw65p2,,sys1-lon14-p-swi-bes8,sw22p1,
96475,leaf-spine,sys1-lon14-p-swi-bel22,sw65p1,,sys1-lon14-p-swi-bes8,sw22p2,
96476,leaf-spine,sys1-lon14-p-swi-bel23,sw65p2,,sys1-lon14-p-swi-bes8,sw23p1,
96477,leaf-spine,sys1-lon14-p-swi-bel23,sw65p1,,sys1-lon14-p-swi-bes8,sw23p2,
96478,leaf-spine,sys1-lon14-p-swi-bel24,sw65p2,,sys1-lon14-p-swi-bes8,sw24p1,
96479,leaf-spine,sys1-lon14-p-swi-bel24,sw65p1,,sys1-lon14-p-swi-bes8,sw24p2,
96480,leaf-spine,sys1-lon14-p-swi-bel25,sw65p2,,sys1-lon14-p-swi-bes8,sw25p1,
96481,leaf-spine,sys1-lon14-p-swi-bel25,sw65p1,,sys1-lon14-p-swi-bes8,sw25p2,
96482,leaf-spine,sys1-lon14-p-swi-bel26,sw65p2,,sys1-lon14-p-swi-bes8,sw26p1,
96483,leaf-spine,sys1-lon14-p-swi-bel26,sw65p1,,sys1-lon14-p-swi-bes8,sw26p2,
96484,leaf-spine,sys1-lon14-p-swi-bel27,sw65p2,,sys1-lon14-p-swi-bes8,sw27p1,
96485,leaf-spine,sys1-lon14-p-swi-bel27,sw65p1,,sys1-lon14-p-swi-bes8,sw27p2,
96486,leaf-spine,sys1-lon14-p-swi-bel28,sw65p2,,sys1-lon14-p-swi-bes8,sw28p1,
96487,leaf-spine,sys1-lon14-p-swi-bel28,sw65p1,,sys1-lon14-p-swi-bes8,sw28p2,
96488,leaf-spine,sys1-lon14-p-swi-bel29,sw65p2,,sys1-lon14-p-swi-bes8,sw29p1,
96489,leaf-spine,sys1-lon14-p-swi-bel29,sw65p1,,sys1-lon14-p-swi-bes8,sw29p2,
96490,leaf-spine,sys1-lon14-p-swi-bel30,sw65p2,,sys1-lon14-p-swi-bes8,sw30p1,
96491,leaf-spine,sys1-lon14-p-swi-bel30,sw65p1,,sys1-lon14-p-swi-bes8,sw30p2,
96492,leaf-spine,sys1-lon14-p-swi-bel31,sw65p2,,sys1-lon14-p-swi-bes8,sw31p1,
96493,leaf-spine,sys1-lon14-p-swi-bel31,sw65p1,,sys1-lon14-p-swi-bes8,sw31p2,
96494,leaf-spine,sys1-lon14-p-swi-bel32,sw65p2,,sys1-lon14-p-swi-bes8,sw32p1,
96495,leaf-spine,sys1-lon14-p-swi-bel32,sw65p1,,sys1-lon14-p-swi-bes8,sw32p2,
96496,leaf-spine,sys1-lon14-p-swi-bel33,sw65p2,,sys1-lon14-p-swi-bes8,sw33p1,
96497,leaf-spine,sys1-lon14-p-swi-bel33,sw65p1,,sys1-lon14-p-swi-bes8,sw33p2,
96498,leaf-spine,sys1-lon14-p-swi-bel34,sw65p2,,sys1-lon14-p-swi-bes8,sw34p1,
96499,leaf-spine,sys1-lon14-p-swi-bel34,sw65p1,,sys1-lon14-p-swi-bes8,sw34p2,
96500,leaf-spine,sys1-lon14-p-swi-bel35,sw65p2,,sys1-lon14-p-swi-bes8,sw35p1,
96501,leaf-spine,sys1-lon14-p-swi-bel35,sw65p1,,sys1-lon14-p-swi-bes8,sw35p2,
96502,leaf-spine,sys1-lon14-p-swi-bel36,sw65p2,,sys1-lon14-p-swi-bes8,sw36p1,
96503,leaf-spine,sys1-lon14-p-swi-bel36,sw65p1,,sys1-lon14-p-swi-bes8,sw36p2,
96504,leaf-spine,sys1-lon14-p-swi-bel37,sw65p2,,sys1-lon14-p-swi-bes8,sw37p1,
96505,leaf-spine,sys1-lon14-p-swi-bel37,sw65p1,,sys1-lon14-p-swi-bes8,sw37p2,
96506,leaf-spine,sys1-lon14-p-swi-bel38,sw65p2,,sys1-lon14-p-swi-bes8,sw38p1,
96507,leaf-spine,sys1-lon14-p-swi-bel38,sw65p1,,sys1-lon14-p-swi-bes8,sw38p2,
96508,leaf-spine,sys1-lon14-p-swi-bel39,sw65p2,,sys1-lon14-p-swi-bes8,sw39p1,
96509,leaf-spine,sys1-lon14-p-swi-bel39,sw65p1,,sys1-lon14-p-swi-bes8,sw39p2,
96510,leaf-spine,sys1-lon14-p-swi-bel40,sw65p2,,sys1-lon14-p-swi-bes8,sw40p1,
96511,leaf-spine,sys1-lon14-p-swi-bel40,sw65p1,,sys1-lon14-p-swi-bes8,sw40p2,
96512,leaf-spine,sys1-lon14-p-swi-bel41,sw65p2,,sys1-lon14-p-swi-bes8,sw41p1,
96513,leaf-spine,sys1-lon14-p-swi-bel41,sw65p1,,sys1-lon14-p-swi-bes8,sw41p2,
96514,leaf-spine,sys1-lon14-p-swi-bel42,sw65p2,,sys1-lon14-p-swi-bes8,sw42p1,
96515,leaf-spine,sys1-lon14-p-swi-bel42,sw65p1,,sys1-lon14-p-swi-bes8,sw42p2,
96516,leaf-spine,sys1-lon14-p-swi-bel43,sw65p2,,sys1-lon14-p-swi-bes8,sw43p1,
96517,leaf-spine,sys1-lon14-p-swi-bel43,sw65p1,,sys1-lon14-p-swi-bes8,sw43p2,
96518,leaf-spine,sys1-lon14-p-swi-bel44,sw65p2,,sys1-lon14-p-swi-bes8,sw44p1,
96519,leaf-spine,sys1-lon14-p-swi-bel44,sw65p1,,sys1-lon14-p-swi-bes8,sw44p2,
96520,leaf-spine,sys1-lon14-p-swi-bel45,sw65p2,,sys1-lon14-p-swi-bes8,sw45p1,
96521,leaf-spine,sys1-lon14-p-swi-bel45,sw65p1,,sys1-lon14-p-swi-bes8,sw45p2,
96522,leaf-spine,sys1-lon14-p-swi-bel46,sw65p2,,sys1-lon14-p-swi-bes8,sw46p1,
96523,leaf-spine,sys1-lon14-p-swi-bel46,sw65p1,,sys1-lon14-p-swi-bes8,sw46p2,
96524,leaf-spine,sys1-lon14-p-swi-bel47,sw65p2,,sys1-lon14-p-swi-bes8,sw47p1,
96525,leaf-spine,sys1-lon14-p-swi-bel47,sw65p1,,sys1-lon14-p-swi-bes8,sw47p2,
96526,leaf-spine,sys1-lon14-p-swi-bel48,sw65p2,,sys1-lon14-p-swi-bes8,sw48p1,
96527,leaf-spine,sys1-lon14-p-swi-bel48,sw65p1,,sys1-lon14-p-swi-bes8,sw48p2,
96528,leaf-spine,sys1-lon14-p-swi-bel49,sw65p2,,sys1-lon14-p-swi-bes8,sw49p1,
96529,leaf-spine,sys1-lon14-p-swi-bel49,sw65p1,,sys1-lon14-p-swi-bes8,sw49p2,
96530,leaf-spine,sys1-lon14-p-swi-bel50,sw65p2,,sys1-lon14-p-swi-bes8,sw50p1,
96531,leaf-spine,sys1-lon14-p-swi-bel50,sw65p1,,sys1-lon14-p-swi-bes8,sw50p2,
96532,leaf-spine,sys1-lon14-p-swi-bel51,sw65p2,,sys1-lon14-p-swi-bes8,sw51p1,
96533,leaf-spine,sys1-lon14-p-swi-bel51,sw65p1,,sys1-lon14-p-swi-bes8,sw51p2,
96534,leaf-spine,sys1-lon14-p-swi-bel52,sw65p2,,sys1-lon14-p-swi-bes8,sw52p1,
96535,leaf-spine,sys1-lon14-p-swi-bel52,sw65p1,,sys1-lon14-p-swi-bes8,sw52p2,
96536,leaf-spine,sys1-lon14-p-swi-bel53,sw65p2,,sys1-lon14-p-swi-bes8,sw53p1,
96537,leaf-spine,sys1-lon14-p-swi-bel53,sw65p1,,sys1-lon14-p-swi-bes8,sw53p2,
96538,leaf-spine,sys1-lon14-p-swi-bel54,sw65p2,,sys1-lon14-p-swi-bes8,sw54p1,
96539,leaf-spine,sys1-lon14-p-swi-bel54,sw65p1,,sys1-lon14-p-swi-bes8,sw54p2,
96540,leaf-spine,sys1-lon14-p-swi-bel55,sw65p2,,sys1-lon14-p-swi-bes8,sw55p1,
96541,leaf-spine,sys1-lon14-p-swi-bel55,sw65p1,,sys1-lon14-p-swi-bes8,sw55p2,
96542,leaf-spine,sys1-lon14-p-swi-bel56,sw65p2,,sys1-lon14-p-swi-bes8,sw56p1,
96543,leaf-spine,sys1-lon14-p-swi-bel56,sw65p1,,sys1-lon14-p-swi-bes8,sw56p2,
96544,leaf-spine,sys1-lon14-p-swi-bel57,sw65p2,,sys1-lon14-p-swi-bes8,sw57p1,
96545,leaf-spine,sys1-lon14-p-swi-bel57,sw65p1,,sys1-lon14-p-swi-bes8,sw57p2,
96546,leaf-spine,sys1-lon14-p-swi-bel58,sw65p2,,sys1-lon14-p-swi-bes8,sw58p1,
96547,leaf-spine,sys1-lon14-p-swi-bel58,sw65p1,,sys1-lon14-p-swi-bes8,sw58p2,
96548,leaf-spine,sys1-lon14-p-swi-bel59,sw65p2,,sys1-lon14-p-swi-bes8,sw59p1,
96549,leaf-spine,sys1-lon14-p-swi-bel59,sw65p1,,sys1-lon14-p-swi-bes8,sw59p2,
96550,leaf-spine,sys1-lon14-p-swi-bel60,sw65p2,,sys1-lon14-p-swi-bes8,sw60p1,
96551,leaf-spine,sys1-lon14-p-swi-bel60,sw65p1,,sys1-lon14-p-swi-bes8,sw60p2,
96552,leaf-spine,sys1-lon14-p-swi-bel61,sw65p2,,sys1-lon14-p-swi-bes8,sw61p1,
96553,leaf-spine,sys1-lon14-p-swi-bel61,sw65p1,,sys1-lon14-p-swi-bes8,sw61p2,
96554,leaf-spine,sys1-lon14-p-swi-bel62,sw65p2,,sys1-lon14-p-swi-bes8,sw62p1,
96555,leaf-spine,sys1-lon14-p-swi-bel62,sw65p1,,sys1-lon14-p-swi-bes8,sw62p2,
96556,leaf-spine,sys1-lon14-p-swi-bel63,sw65p2,,sys1-lon14-p-swi-bes8,sw63p1,
96557,leaf-spine,sys1-lon14-p-swi-bel63,sw65p1,,sys1-lon14-p-swi-bes8,sw63p2,
96558,leaf-spine,sys1-lon14-p-swi-bel64,sw65p2,,sys1-lon14-p-swi-bes8,sw64p1,
96559,leaf-spine,sys1-lon14-p-swi-bel64,sw65p1,,sys1-lon14-p-swi-bes8,sw64p2,
96560,leaf-spine,sys1-lon14-p-swi-bel1,sw64p2,,sys1-lon14-p-swi-bes9,sw1p1,
96561,leaf-spine,sys1-lon14-p-swi-bel1,sw64p1,,sys1-lon14-p-swi-bes9,sw1p2,
96562,leaf-spine,sys1-lon14-p-swi-bel2,sw64p2,,sys1-lon14-p-swi-bes9,sw2p1,
96563,leaf-spine,sys1-lon14-p-swi-bel2,sw64p1,,sys1-lon14-p-swi-bes9,sw2p2,
96564,leaf-spine,sys1-lon14-p-swi-bel3,sw64p2,,sys1-lon14-p-swi-bes9,sw3p1,
96565,leaf-spine,sys1-lon14-p-swi-bel3,sw64p1,,sys1-lon14-p-swi-bes9,sw3p2,
96566,leaf-spine,sys1-lon14-p-swi-bel4,sw64p2,,sys1-lon14-p-swi-bes9,sw4p1,
96567,leaf-spine,sys1-lon14-p-swi-bel4,sw64p1,,sys1-lon14-p-swi-bes9,sw4p2,
96568,leaf-spine,sys1-lon14-p-swi-bel5,sw64p2,,sys1-lon14-p-swi-bes9,sw5p1,
96569,leaf-spine,sys1-lon14-p-swi-bel5,sw64p1,,sys1-lon14-p-swi-bes9,sw5p2,
96570,leaf-spine,sys1-lon14-p-swi-bel6,sw64p2,,sys1-lon14-p-swi-bes9,sw6p1,
96571,leaf-spine,sys1-lon14-p-swi-bel6,sw64p1,,sys1-lon14-p-swi-bes9,sw6p2,
96572,leaf-spine,sys1-lon14-p-swi-bel7,sw64p2,,sys1-lon14-p-swi-bes9,sw7p1,
96573,leaf-spine,sys1-lon14-p-swi-bel7,sw64p1,,sys1-lon14-p-swi-bes9,sw7p2,
96574,leaf-spine,sys1-lon14-p-swi-bel8,sw64p2,,sys1-lon14-p-swi-bes9,sw8p1,
96575,leaf-spine,sys1-lon14-p-swi-bel8,sw64p1,,sys1-lon14-p-swi-bes9,sw8p2,
96576,leaf-spine,sys1-lon14-p-swi-bel9,sw64p2,,sys1-lon14-p-swi-bes9,sw9p1,
96577,leaf-spine,sys1-lon14-p-swi-bel9,sw64p1,,sys1-lon14-p-swi-bes9,sw9p2,
96578,leaf-spine,sys1-lon14-p-swi-bel10,sw64p2,,sys1-lon14-p-swi-bes9,sw10p1,
96579,leaf-spine,sys1-lon14-p-swi-bel10,sw64p1,,sys1-lon14-p-swi-bes9,sw10p2,
96580,leaf-spine,sys1-lon14-p-swi-bel11,sw64p2,,sys1-lon14-p-swi-bes9,sw11p1,
96581,leaf-spine,sys1-lon14-p-swi-bel11,sw64p1,,sys1-lon14-p-swi-bes9,sw11p2,
96582,leaf-spine,sys1-lon14-p-swi-bel12,sw64p2,,sys1-lon14-p-swi-bes9,sw12p1,
96583,leaf-spine,sys1-lon14-p-swi-bel12,sw64p1,,sys1-lon14-p-swi-bes9,sw12p2,
96584,leaf-spine,sys1-lon14-p-swi-bel13,sw64p2,,sys1-lon14-p-swi-bes9,sw13p1,
96585,leaf-spine,sys1-lon14-p-swi-bel13,sw64p1,,sys1-lon14-p-swi-bes9,sw13p2,
96586,leaf-spine,sys1-lon14-p-swi-bel14,sw64p2,,sys1-lon14-p-swi-bes9,sw14p1,
96587,leaf-spine,sys1-lon14-p-swi-bel14,sw64p1,,sys1-lon14-p-swi-bes9,sw14p2,
96588,leaf-spine,sys1-lon14-p-swi-bel15,sw64p2,,sys1-lon14-p-swi-bes9,sw15p1,
96589,leaf-spine,sys1-lon14-p-swi-bel15,sw64p1,,sys1-lon14-p-swi-bes9,sw15p2,
96590,leaf-spine,sys1-lon14-p-swi-bel16,sw64p2,,sys1-lon14-p-swi-bes9,sw16p1,
96591,leaf-spine,sys1-lon14-p-swi-bel16,sw64p1,,sys1-lon14-p-swi-bes9,sw16p2,
96592,leaf-spine,sys1-lon14-p-swi-bel17,sw64p2,,sys1-lon14-p-swi-bes9,sw17p1,
96593,leaf-spine,sys1-lon14-p-swi-bel17,sw64p1,,sys1-lon14-p-swi-bes9,sw17p2,
96594,leaf-spine,sys1-lon14-p-swi-bel18,sw64p2,,sys1-lon14-p-swi-bes9,sw18p1,
96595,leaf-spine,sys1-lon14-p-swi-bel18,sw64p1,,sys1-lon14-p-swi-bes9,sw18p2,
96596,leaf-spine,sys1-lon14-p-swi-bel19,sw64p2,,sys1-lon14-p-swi-bes9,sw19p1,
96597,leaf-spine,sys1-lon14-p-swi-bel19,sw64p1,,sys1-lon14-p-swi-bes9,sw19p2,
96598,leaf-spine,sys1-lon14-p-swi-bel20,sw64p2,,sys1-lon14-p-swi-bes9,sw20p1,
96599,leaf-spine,sys1-lon14-p-swi-bel20,sw64p1,,sys1-lon14-p-swi-bes9,sw20p2,
96600,leaf-spine,sys1-lon14-p-swi-bel21,sw64p2,,sys1-lon14-p-swi-bes9,sw21p1,
96601,leaf-spine,sys1-lon14-p-swi-bel21,sw64p1,,sys1-lon14-p-swi-bes9,sw21p2,
96602,leaf-spine,sys1-lon14-p-swi-bel22,sw64p2,,sys1-lon14-p-swi-bes9,sw22p1,
96603,leaf-spine,sys1-lon14-p-swi-bel22,sw64p1,,sys1-lon14-p-swi-bes9,sw22p2,
96604,leaf-spine,sys1-lon14-p-swi-bel23,sw64p2,,sys1-lon14-p-swi-bes9,sw23p1,
96605,leaf-spine,sys1-lon14-p-swi-bel23,sw64p1,,sys1-lon14-p-swi-bes9,sw23p2,
96606,leaf-spine,sys1-lon14-p-swi-bel24,sw64p2,,sys1-lon14-p-swi-bes9,sw24p1,
96607,leaf-spine,sys1-lon14-p-swi-bel24,sw64p1,,sys1-lon14-p-swi-bes9,sw24p2,
96608,leaf-spine,sys1-lon14-p-swi-bel25,sw64p2,,sys1-lon14-p-swi-bes9,sw25p1,
96609,leaf-spine,sys1-lon14-p-swi-bel25,sw64p1,,sys1-lon14-p-swi-bes9,sw25p2,
96610,leaf-spine,sys1-lon14-p-swi-bel26,sw64p2,,sys1-lon14-p-swi-bes9,sw26p1,
96611,leaf-spine,sys1-lon14-p-swi-bel26,sw64p1,,sys1-lon14-p-swi-bes9,sw26p2,
96612,leaf-spine,sys1-lon14-p-swi-bel27,sw64p2,,sys1-lon14-p-swi-bes9,sw27p1,
96613,leaf-spine,sys1-lon14-p-swi-bel27,sw64p1,,sys1-lon14-p-swi-bes9,sw27p2,
96614,leaf-spine,sys1-lon14-p-swi-bel28,sw64p2,,sys1-lon14-p-swi-bes9,sw28p1,
96615,leaf-spine,sys1-lon14-p-swi-bel28,sw64p1,,sys1-lon14-p-swi-bes9,sw28p2,
96616,leaf-spine,sys1-lon14-p-swi-bel29,sw64p2,,sys1-lon14-p-swi-bes9,sw29p1,
96617,leaf-spine,sys1-lon14-p-swi-bel29,sw64p1,,sys1-lon14-p-swi-bes9,sw29p2,
96618,leaf-spine,sys1-lon14-p-swi-bel30,sw64p2,,sys1-lon14-p-swi-bes9,sw30p1,
96619,leaf-spine,sys1-lon14-p-swi-bel30,sw64p1,,sys1-lon14-p-swi-bes9,sw30p2,
96620,leaf-spine,sys1-lon14-p-swi-bel31,sw64p2,,sys1-lon14-p-swi-bes9,sw31p1,
96621,leaf-spine,sys1-lon14-p-swi-bel31,sw64p1,,sys1-lon14-p-swi-bes9,sw31p2,
96622,leaf-spine,sys1-lon14-p-swi-bel32,sw64p2,,sys1-lon14-p-swi-bes9,sw32p1,
96623,leaf-spine,sys1-lon14-p-swi-bel32,sw64p1,,sys1-lon14-p-swi-bes9,sw32p2,
96624,leaf-spine,sys1-lon14-p-swi-bel33,sw64p2,,sys1-lon14-p-swi-bes9,sw33p1,
96625,leaf-spine,sys1-lon14-p-swi-bel33,sw64p1,,sys1-lon14-p-swi-bes9,sw33p2,
96626,leaf-spine,sys1-lon14-p-swi-bel34,sw64p2,,sys1-lon14-p-swi-bes9,sw34p1,
96627,leaf-spine,sys1-lon14-p-swi-bel34,sw64p1,,sys1-lon14-p-swi-bes9,sw34p2,
96628,leaf-spine,sys1-lon14-p-swi-bel35,sw64p2,,sys1-lon14-p-swi-bes9,sw35p1,
96629,leaf-spine,sys1-lon14-p-swi-bel35,sw64p1,,sys1-lon14-p-swi-bes9,sw35p2,
96630,leaf-spine,sys1-lon14-p-swi-bel36,sw64p2,,sys1-lon14-p-swi-bes9,sw36p1,
96631,leaf-spine,sys1-lon14-p-swi-bel36,sw64p1,,sys1-lon14-p-swi-bes9,sw36p2,
96632,leaf-spine,sys1-lon14-p-swi-bel37,sw64p2,,sys1-lon14-p-swi-bes9,sw37p1,
96633,leaf-spine,sys1-lon14-p-swi-bel37,sw64p1,,sys1-lon14-p-swi-bes9,sw37p2,
96634,leaf-spine,sys1-lon14-p-swi-bel38,sw64p2,,sys1-lon14-p-swi-bes9,sw38p1,
96635,leaf-spine,sys1-lon14-p-swi-bel38,sw64p1,,sys1-lon14-p-swi-bes9,sw38p2,
96636,leaf-spine,sys1-lon14-p-swi-bel39,sw64p2,,sys1-lon14-p-swi-bes9,sw39p1,
96637,leaf-spine,sys1-lon14-p-swi-bel39,sw64p1,,sys1-lon14-p-swi-bes9,sw39p2,
96638,leaf-spine,sys1-lon14-p-swi-bel40,sw64p2,,sys1-lon14-p-swi-bes9,sw40p1,
96639,leaf-spine,sys1-lon14-p-swi-bel40,sw64p1,,sys1-lon14-p-swi-bes9,sw40p2,
96640,leaf-spine,sys1-lon14-p-swi-bel41,sw64p2,,sys1-lon14-p-swi-bes9,sw41p1,
96641,leaf-spine,sys1-lon14-p-swi-bel41,sw64p1,,sys1-lon14-p-swi-bes9,sw41p2,
96642,leaf-spine,sys1-lon14-p-swi-bel42,sw64p2,,sys1-lon14-p-swi-bes9,sw42p1,
96643,leaf-spine,sys1-lon14-p-swi-bel42,sw64p1,,sys1-lon14-p-swi-bes9,sw42p2,
96644,leaf-spine,sys1-lon14-p-swi-bel43,sw64p2,,sys1-lon14-p-swi-bes9,sw43p1,
96645,leaf-spine,sys1-lon14-p-swi-bel43,sw64p1,,sys1-lon14-p-swi-bes9,sw43p2,
96646,leaf-spine,sys1-lon14-p-swi-bel44,sw64p2,,sys1-lon14-p-swi-bes9,sw44p1,
96647,leaf-spine,sys1-lon14-p-swi-bel44,sw64p1,,sys1-lon14-p-swi-bes9,sw44p2,
96648,leaf-spine,sys1-lon14-p-swi-bel45,sw64p2,,sys1-lon14-p-swi-bes9,sw45p1,
96649,leaf-spine,sys1-lon14-p-swi-bel45,sw64p1,,sys1-lon14-p-swi-bes9,sw45p2,
96650,leaf-spine,sys1-lon14-p-swi-bel46,sw64p2,,sys1-lon14-p-swi-bes9,sw46p1,
96651,leaf-spine,sys1-lon14-p-swi-bel46,sw64p1,,sys1-lon14-p-swi-bes9,sw46p2,
96652,leaf-spine,sys1-lon14-p-swi-bel47,sw64p2,,sys1-lon14-p-swi-bes9,sw47p1,
96653,leaf-spine,sys1-lon14-p-swi-bel47,sw64p1,,sys1-lon14-p-swi-bes9,sw47p2,
96654,leaf-spine,sys1-lon14-p-swi-bel48,sw64p2,,sys1-lon14-p-swi-bes9,sw48p1,
96655,leaf-spine,sys1-lon14-p-swi-bel48,sw64p1,,sys1-lon14-p-swi-bes9,sw48p2,
96656,leaf-spine,sys1-lon14-p-swi-bel49,sw64p2,,sys1-lon14-p-swi-bes9,sw49p1,
96657,leaf-spine,sys1-lon14-p-swi-bel49,sw64p1,,sys1-lon14-p-swi-bes9,sw49p2,
96658,leaf-spine,sys1-lon14-p-swi-bel50,sw64p2,,sys1-lon14-p-swi-bes9,sw50p1,
96659,leaf-spine,sys1-lon14-p-swi-bel50,sw64p1,,sys1-lon14-p-swi-bes9,sw50p2,
96660,leaf-spine,sys1-lon14-p-swi-bel51,sw64p2,,sys1-lon14-p-swi-bes9,sw51p1,
96661,leaf-spine,sys1-lon14-p-swi-bel51,sw64p1,,sys1-lon14-p-swi-bes9,sw51p2,
96662,leaf-spine,sys1-lon14-p-swi-bel52,sw64p2,,sys1-lon14-p-swi-bes9,sw52p1,
96663,leaf-spine,sys1-lon14-p-swi-bel52,sw64p1,,sys1-lon14-p-swi-bes9,sw52p2,
96664,leaf-spine,sys1-lon14-p-swi-bel53,sw64p2,,sys1-lon14-p-swi-bes9,sw53p1,
96665,leaf-spine,sys1-lon14-p-swi-bel53,sw64p1,,sys1-lon14-p-swi-bes9,sw53p2,
96666,leaf-spine,sys1-lon14-p-swi-bel54,sw64p2,,sys1-lon14-p-swi-bes9,sw54p1,
96667,leaf-spine,sys1-lon14-p-swi-bel54,sw64p1,,sys1-lon14-p-swi-bes9,sw54p2,
96668,leaf-spine,sys1-lon14-p-swi-bel55,sw64p2,,sys1-lon14-p-swi-bes9,sw55p1,
96669,leaf-spine,sys1-lon14-p-swi-bel55,sw64p1,,sys1-lon14-p-swi-bes9,sw55p2,
96670,leaf-spine,sys1-lon14-p-swi-bel56,sw64p2,,sys1-lon14-p-swi-bes9,sw56p1,
96671,leaf-spine,sys1-lon14-p-swi-bel56,sw64p1,,sys1-lon14-p-swi-bes9,sw56p2,
96672,leaf-spine,sys1-lon14-p-swi-bel57,sw64p2,,sys1-lon14-p-swi-bes9,sw57p1,
96673,leaf-spine,sys1-lon14-p-swi-bel57,sw64p1,,sys1-lon14-p-swi-bes9,sw57p2,
96674,leaf-spine,sys1-lon14-p-swi-bel58,sw64p2,,sys1-lon14-p-swi-bes9,sw58p1,
96675,leaf-spine,sys1-lon14-p-swi-bel58,sw64p1,,sys1-lon14-p-swi-bes9,sw58p2,
96676,leaf-spine,sys1-lon14-p-swi-bel59,sw64p2,,sys1-lon14-p-swi-bes9,sw59p1,
96677,leaf-spine,sys1-lon14-p-swi-bel59,sw64p1,,sys1-lon14-p-swi-bes9,sw59p2,
96678,leaf-spine,sys1-lon14-p-swi-bel60,sw64p2,,sys1-lon14-p-swi-bes9,sw60p1,
96679,leaf-spine,sys1-lon14-p-swi-bel60,sw64p1,,sys1-lon14-p-swi-bes9,sw60p2,
96680,leaf-spine,sys1-lon14-p-swi-bel61,sw64p2,,sys1-lon14-p-swi-bes9,sw61p1,
96681,leaf-spine,sys1-lon14-p-swi-bel61,sw64p1,,sys1-lon14-p-swi-bes9,sw61p2,
96682,leaf-spine,sys1-lon14-p-swi-bel62,sw64p2,,sys1-lon14-p-swi-bes9,sw62p1,
96683,leaf-spine,sys1-lon14-p-swi-bel62,sw64p1,,sys1-lon14-p-swi-bes9,sw62p2,
96684,leaf-spine,sys1-lon14-p-swi-bel63,sw64p2,,sys1-lon14-p-swi-bes9,sw63p1,
96685,leaf-spine,sys1-lon14-p-swi-bel63,sw64p1,,sys1-lon14-p-swi-bes9,sw63p2,
96686,leaf-spine,sys1-lon14-p-swi-bel64,sw64p2,,sys1-lon14-p-swi-bes9,sw64p1,
96687,leaf-spine,sys1-lon14-p-swi-bel64,sw64p1,,sys1-lon14-p-swi-bes9,sw64p2,
96688,leaf-spine,sys1-lon14-p-swi-bel1,sw63p2,,sys1-lon14-p-swi-bes10,sw1p1,
96689,leaf-spine,sys1-lon14-p-swi-bel1,sw63p1,,sys1-lon14-p-swi-bes10,sw1p2,
96690,leaf-spine,sys1-lon14-p-swi-bel2,sw63p2,,sys1-lon14-p-swi-bes10,sw2p1,
96691,leaf-spine,sys1-lon14-p-swi-bel2,sw63p1,,sys1-lon14-p-swi-bes10,sw2p2,
96692,leaf-spine,sys1-lon14-p-swi-bel3,sw63p2,,sys1-lon14-p-swi-bes10,sw3p1,
96693,leaf-spine,sys1-lon14-p-swi-bel3,sw63p1,,sys1-lon14-p-swi-bes10,sw3p2,
96694,leaf-spine,sys1-lon14-p-swi-bel4,sw63p2,,sys1-lon14-p-swi-bes10,sw4p1,
96695,leaf-spine,sys1-lon14-p-swi-bel4,sw63p1,,sys1-lon14-p-swi-bes10,sw4p2,
96696,leaf-spine,sys1-lon14-p-swi-bel5,sw63p2,,sys1-lon14-p-swi-bes10,sw5p1,
96697,leaf-spine,sys1-lon14-p-swi-bel5,sw63p1,,sys1-lon14-p-swi-bes10,sw5p2,
96698,leaf-spine,sys1-lon14-p-swi-bel6,sw63p2,,sys1-lon14-p-swi-bes10,sw6p1,
96699,leaf-spine,sys1-lon14-p-swi-bel6,sw63p1,,sys1-lon14-p-swi-bes10,sw6p2,
96700,leaf-spine,sys1-lon14-p-swi-bel7,sw63p2,,sys1-lon14-p-swi-bes10,sw7p1,
96701,leaf-spine,sys1-lon14-p-swi-bel7,sw63p1,,sys1-lon14-p-swi-bes10,sw7p2,
96702,leaf-spine,sys1-lon14-p-swi-bel8,sw63p2,,sys1-lon14-p-swi-bes10,sw8p1,
96703,leaf-spine,sys1-lon14-p-swi-bel8,sw63p1,,sys1-lon14-p-swi-bes10,sw8p2,
96704,leaf-spine,sys1-lon14-p-swi-bel9,sw63p2,,sys1-lon14-p-swi-bes10,sw9p1,
96705,leaf-spine,sys1-lon14-p-swi-bel9,sw63p1,,sys1-lon14-p-swi-bes10,sw9p2,
96706,leaf-spine,sys1-lon14-p-swi-bel10,sw63p2,,sys1-lon14-p-swi-bes10,sw10p1,
96707,leaf-spine,sys1-lon14-p-swi-bel10,sw63p1,,sys1-lon14-p-swi-bes10,sw10p2,
96708,leaf-spine,sys1-lon14-p-swi-bel11,sw63p2,,sys1-lon14-p-swi-bes10,sw11p1,
96709,leaf-spine,sys1-lon14-p-swi-bel11,sw63p1,,sys1-lon14-p-swi-bes10,sw11p2,
96710,leaf-spine,sys1-lon14-p-swi-bel12,sw63p2,,sys1-lon14-p-swi-bes10,sw12p1,
96711,leaf-spine,sys1-lon14-p-swi-bel12,sw63p1,,sys1-lon14-p-swi-bes10,sw12p2,
96712,leaf-spine,sys1-lon14-p-swi-bel13,sw63p2,,sys1-lon14-p-swi-bes10,sw13p1,
96713,leaf-spine,sys1-lon14-p-swi-bel13,sw63p1,,sys1-lon14-p-swi-bes10,sw13p2,
96714,leaf-spine,sys1-lon14-p-swi-bel14,sw63p2,,sys1-lon14-p-swi-bes10,sw14p1,
96715,leaf-spine,sys1-lon14-p-swi-bel14,sw63p1,,sys1-lon14-p-swi-bes10,sw14p2,
96716,leaf-spine,sys1-lon14-p-swi-bel15,sw63p2,,sys1-lon14-p-swi-bes10,sw15p1,
96717,leaf-spine,sys1-lon14-p-swi-bel15,sw63p1,,sys1-lon14-p-swi-bes10,sw15p2,
96718,leaf-spine,sys1-lon14-p-swi-bel16,sw63p2,,sys1-lon14-p-swi-bes10,sw16p1,
96719,leaf-spine,sys1-lon14-p-swi-bel16,sw63p1,,sys1-lon14-p-swi-bes10,sw16p2,
96720,leaf-spine,sys1-lon14-p-swi-bel17,sw63p2,,sys1-lon14-p-swi-bes10,sw17p1,
96721,leaf-spine,sys1-lon14-p-swi-bel17,sw63p1,,sys1-lon14-p-swi-bes10,sw17p2,
96722,leaf-spine,sys1-lon14-p-swi-bel18,sw63p2,,sys1-lon14-p-swi-bes10,sw18p1,
96723,leaf-spine,sys1-lon14-p-swi-bel18,sw63p1,,sys1-lon14-p-swi-bes10,sw18p2,
96724,leaf-spine,sys1-lon14-p-swi-bel19,sw63p2,,sys1-lon14-p-swi-bes10,sw19p1,
96725,leaf-spine,sys1-lon14-p-swi-bel19,sw63p1,,sys1-lon14-p-swi-bes10,sw19p2,
96726,leaf-spine,sys1-lon14-p-swi-bel20,sw63p2,,sys1-lon14-p-swi-bes10,sw20p1,
96727,leaf-spine,sys1-lon14-p-swi-bel20,sw63p1,,sys1-lon14-p-swi-bes10,sw20p2,
96728,leaf-spine,sys1-lon14-p-swi-bel21,sw63p2,,sys1-lon14-p-swi-bes10,sw21p1,
96729,leaf-spine,sys1-lon14-p-swi-bel21,sw63p1,,sys1-lon14-p-swi-bes10,sw21p2,
96730,leaf-spine,sys1-lon14-p-swi-bel22,sw63p2,,sys1-lon14-p-swi-bes10,sw22p1,
96731,leaf-spine,sys1-lon14-p-swi-bel22,sw63p1,,sys1-lon14-p-swi-bes10,sw22p2,
96732,leaf-spine,sys1-lon14-p-swi-bel23,sw63p2,,sys1-lon14-p-swi-bes10,sw23p1,
96733,leaf-spine,sys1-lon14-p-swi-bel23,sw63p1,,sys1-lon14-p-swi-bes10,sw23p2,
96734,leaf-spine,sys1-lon14-p-swi-bel24,sw63p2,,sys1-lon14-p-swi-bes10,sw24p1,
96735,leaf-spine,sys1-lon14-p-swi-bel24,sw63p1,,sys1-lon14-p-swi-bes10,sw24p2,
96736,leaf-spine,sys1-lon14-p-swi-bel25,sw63p2,,sys1-lon14-p-swi-bes10,sw25p1,
96737,leaf-spine,sys1-lon14-p-swi-bel25,sw63p1,,sys1-lon14-p-swi-bes10,sw25p2,
96738,leaf-spine,sys1-lon14-p-swi-bel26,sw63p2,,sys1-lon14-p-swi-bes10,sw26p1,
96739,leaf-spine,sys1-lon14-p-swi-bel26,sw63p1,,sys1-lon14-p-swi-bes10,sw26p2,
96740,leaf-spine,sys1-lon14-p-swi-bel27,sw63p2,,sys1-lon14-p-swi-bes10,sw27p1,
96741,leaf-spine,sys1-lon14-p-swi-bel27,sw63p1,,sys1-lon14-p-swi-bes10,sw27p2,
96742,leaf-spine,sys1-lon14-p-swi-bel28,sw63p2,,sys1-lon14-p-swi-bes10,sw28p1,
96743,leaf-spine,sys1-lon14-p-swi-bel28,sw63p1,,sys1-lon14-p-swi-bes10,sw28p2,
96744,leaf-spine,sys1-lon14-p-swi-bel29,sw63p2,,sys1-lon14-p-swi-bes10,sw29p1,
96745,leaf-spine,sys1-lon14-p-swi-bel29,sw63p1,,sys1-lon14-p-swi-bes10,sw29p2,
96746,leaf-spine,sys1-lon14-p-swi-bel30,sw63p2,,sys1-lon14-p-swi-bes10,sw30p1,
96747,leaf-spine,sys1-lon14-p-swi-bel30,sw63p1,,sys1-lon14-p-swi-bes10,sw30p2,
96748,leaf-spine,sys1-lon14-p-swi-bel31,sw63p2,,sys1-lon14-p-swi-bes10,sw31p1,
96749,leaf-spine,sys1-lon14-p-swi-bel31,sw63p1,,sys1-lon14-p-swi-bes10,sw31p2,
96750,leaf-spine,sys1-lon14-p-swi-bel32,sw63p2,,sys1-lon14-p-swi-bes10,sw32p1,
96751,leaf-spine,sys1-lon14-p-swi-bel32,sw63p1,,sys1-lon14-p-swi-bes10,sw32p2,
96752,leaf-spine,sys1-lon14-p-swi-bel33,sw63p2,,sys1-lon14-p-swi-bes10,sw33p1,
96753,leaf-spine,sys1-lon14-p-swi-bel33,sw63p1,,sys1-lon14-p-swi-bes10,sw33p2,
96754,leaf-spine,sys1-lon14-p-swi-bel34,sw63p2,,sys1-lon14-p-swi-bes10,sw34p1,
96755,leaf-spine,sys1-lon14-p-swi-bel34,sw63p1,,sys1-lon14-p-swi-bes10,sw34p2,
96756,leaf-spine,sys1-lon14-p-swi-bel35,sw63p2,,sys1-lon14-p-swi-bes10,sw35p1,
96757,leaf-spine,sys1-lon14-p-swi-bel35,sw63p1,,sys1-lon14-p-swi-bes10,sw35p2,
96758,leaf-spine,sys1-lon14-p-swi-bel36,sw63p2,,sys1-lon14-p-swi-bes10,sw36p1,
96759,leaf-spine,sys1-lon14-p-swi-bel36,sw63p1,,sys1-lon14-p-swi-bes10,sw36p2,
96760,leaf-spine,sys1-lon14-p-swi-bel37,sw63p2,,sys1-lon14-p-swi-bes10,sw37p1,
96761,leaf-spine,sys1-lon14-p-swi-bel37,sw63p1,,sys1-lon14-p-swi-bes10,sw37p2,
96762,leaf-spine,sys1-lon14-p-swi-bel38,sw63p2,,sys1-lon14-p-swi-bes10,sw38p1,
96763,leaf-spine,sys1-lon14-p-swi-bel38,sw63p1,,sys1-lon14-p-swi-bes10,sw38p2,
96764,leaf-spine,sys1-lon14-p-swi-bel39,sw63p2,,sys1-lon14-p-swi-bes10,sw39p1,
96765,leaf-spine,sys1-lon14-p-swi-bel39,sw63p1,,sys1-lon14-p-swi-bes10,sw39p2,
96766,leaf-spine,sys1-lon14-p-swi-bel40,sw63p2,,sys1-lon14-p-swi-bes10,sw40p1,
96767,leaf-spine,sys1-lon14-p-swi-bel40,sw63p1,,sys1-lon14-p-swi-bes10,sw40p2,
96768,leaf-spine,sys1-lon14-p-swi-bel41,sw63p2,,sys1-lon14-p-swi-bes10,sw41p1,
96769,leaf-spine,sys1-lon14-p-swi-bel41,sw63p1,,sys1-lon14-p-swi-bes10,sw41p2,
96770,leaf-spine,sys1-lon14-p-swi-bel42,sw63p2,,sys1-lon14-p-swi-bes10,sw42p1,
96771,leaf-spine,sys1-lon14-p-swi-bel42,sw63p1,,sys1-lon14-p-swi-bes10,sw42p2,
96772,leaf-spine,sys1-lon14-p-swi-bel43,sw63p2,,sys1-lon14-p-swi-bes10,sw43p1,
96773,leaf-spine,sys1-lon14-p-swi-bel43,sw63p1,,sys1-lon14-p-swi-bes10,sw43p2,
96774,leaf-spine,sys1-lon14-p-swi-bel44,sw63p2,,sys1-lon14-p-swi-bes10,sw44p1,
96775,leaf-spine,sys1-lon14-p-swi-bel44,sw63p1,,sys1-lon14-p-swi-bes10,sw44p2,
96776,leaf-spine,sys1-lon14-p-swi-bel45,sw63p2,,sys1-lon14-p-swi-bes10,sw45p1,
96777,leaf-spine,sys1-lon14-p-swi-bel45,sw63p1,,sys1-lon14-p-swi-bes10,sw45p2,
96778,leaf-spine,sys1-lon14-p-swi-bel46,sw63p2,,sys1-lon14-p-swi-bes10,sw46p1,
96779,leaf-spine,sys1-lon14-p-swi-bel46,sw63p1,,sys1-lon14-p-swi-bes10,sw46p2,
96780,leaf-spine,sys1-lon14-p-swi-bel47,sw63p2,,sys1-lon14-p-swi-bes10,sw47p1,
96781,leaf-spine,sys1-lon14-p-swi-bel47,sw63p1,,sys1-lon14-p-swi-bes10,sw47p2,
96782,leaf-spine,sys1-lon14-p-swi-bel48,sw63p2,,sys1-lon14-p-swi-bes10,sw48p1,
96783,leaf-spine,sys1-lon14-p-swi-bel48,sw63p1,,sys1-lon14-p-swi-bes10,sw48p2,
96784,leaf-spine,sys1-lon14-p-swi-bel49,sw63p2,,sys1-lon14-p-swi-bes10,sw49p1,
96785,leaf-spine,sys1-lon14-p-swi-bel49,sw63p1,,sys1-lon14-p-swi-bes10,sw49p2,
96786,leaf-spine,sys1-lon14-p-swi-bel50,sw63p2,,sys1-lon14-p-swi-bes10,sw50p1,
96787,leaf-spine,sys1-lon14-p-swi-bel50,sw63p1,,sys1-lon14-p-swi-bes10,sw50p2,
96788,leaf-spine,sys1-lon14-p-swi-bel51,sw63p2,,sys1-lon14-p-swi-bes10,sw51p1,
96789,leaf-spine,sys1-lon14-p-swi-bel51,sw63p1,,sys1-lon14-p-swi-bes10,sw51p2,
96790,leaf-spine,sys1-lon14-p-swi-bel52,sw63p2,,sys1-lon14-p-swi-bes10,sw52p1,
96791,leaf-spine,sys1-lon14-p-swi-bel52,sw63p1,,sys1-lon14-p-swi-bes10,sw52p2,
96792,leaf-spine,sys1-lon14-p-swi-bel53,sw63p2,,sys1-lon14-p-swi-bes10,sw53p1,
96793,leaf-spine,sys1-lon14-p-swi-bel53,sw63p1,,sys1-lon14-p-swi-bes10,sw53p2,
96794,leaf-spine,sys1-lon14-p-swi-bel54,sw63p2,,sys1-lon14-p-swi-bes10,sw54p1,
96795,leaf-spine,sys1-lon14-p-swi-bel54,sw63p1,,sys1-lon14-p-swi-bes10,sw54p2,
96796,leaf-spine,sys1-lon14-p-swi-bel55,sw63p2,,sys1-lon14-p-swi-bes10,sw55p1,
96797,leaf-spine,sys1-lon14-p-swi-bel55,sw63p1,,sys1-lon14-p-swi-bes10,sw55p2,
96798,leaf-spine,sys1-lon14-p-swi-bel56,sw63p2,,sys1-lon14-p-swi-bes10,sw56p1,
96799,leaf-spine,sys1-lon14-p-swi-bel56,sw63p1,,sys1-lon14-p-swi-bes10,sw56p2,
96800,leaf-spine,sys1-lon14-p-swi-bel57,sw63p2,,sys1-lon14-p-swi-bes10,sw57p1,
96801,leaf-spine,sys1-lon14-p-swi-bel57,sw63p1,,sys1-lon14-p-swi-bes10,sw57p2,
96802,leaf-spine,sys1-lon14-p-swi-bel58,sw63p2,,sys1-lon14-p-swi-bes10,sw58p1,
96803,leaf-spine,sys1-lon14-p-swi-bel58,sw63p1,,sys1-lon14-p-swi-bes10,sw58p2,
96804,leaf-spine,sys1-lon14-p-swi-bel59,sw63p2,,sys1-lon14-p-swi-bes10,sw59p1,
96805,leaf-spine,sys1-lon14-p-swi-bel59,sw63p1,,sys1-lon14-p-swi-bes10,sw59p2,
96806,leaf-spine,sys1-lon14-p-swi-bel60,sw63p2,,sys1-lon14-p-swi-bes10,sw60p1,
96807,leaf-spine,sys1-lon14-p-swi-bel60,sw63p1,,sys1-lon14-p-swi-bes10,sw60p2,
96808,leaf-spine,sys1-lon14-p-swi-bel61,sw63p2,,sys1-lon14-p-swi-bes10,sw61p1,
96809,leaf-spine,sys1-lon14-p-swi-bel61,sw63p1,,sys1-lon14-p-swi-bes10,sw61p2,
96810,leaf-spine,sys1-lon14-p-swi-bel62,sw63p2,,sys1-lon14-p-swi-bes10,sw62p1,
96811,leaf-spine,sys1-lon14-p-swi-bel62,sw63p1,,sys1-lon14-p-swi-bes10,sw62p2,
96812,leaf-spine,sys1-lon14-p-swi-bel63,sw63p2,,sys1-lon14-p-swi-bes10,sw63p1,
96813,leaf-spine,sys1-lon14-p-swi-bel63,sw63p1,,sys1-lon14-p-swi-bes10,sw63p2,
96814,leaf-spine,sys1-lon14-p-swi-bel64,sw63p2,,sys1-lon14-p-swi-bes10,sw64p1,
96815,leaf-spine,sys1-lon14-p-swi-bel64,sw63p1,,sys1-lon14-p-swi-bes10,sw64p2,
96816,leaf-spine,sys1-lon14-p-swi-bel1,sw62p2,,sys1-lon14-p-swi-bes11,sw1p1,
96817,leaf-spine,sys1-lon14-p-swi-bel1,sw62p1,,sys1-lon14-p-swi-bes11,sw1p2,
96818,leaf-spine,sys1-lon14-p-swi-bel2,sw62p2,,sys1-lon14-p-swi-bes11,sw2p1,
96819,leaf-spine,sys1-lon14-p-swi-bel2,sw62p1,,sys1-lon14-p-swi-bes11,sw2p2,
96820,leaf-spine,sys1-lon14-p-swi-bel3,sw62p2,,sys1-lon14-p-swi-bes11,sw3p1,
96821,leaf-spine,sys1-lon14-p-swi-bel3,sw62p1,,sys1-lon14-p-swi-bes11,sw3p2,
96822,leaf-spine,sys1-lon14-p-swi-bel4,sw62p2,,sys1-lon14-p-swi-bes11,sw4p1,
96823,leaf-spine,sys1-lon14-p-swi-bel4,sw62p1,,sys1-lon14-p-swi-bes11,sw4p2,
96824,leaf-spine,sys1-lon14-p-swi-bel5,sw62p2,,sys1-lon14-p-swi-bes11,sw5p1,
96825,leaf-spine,sys1-lon14-p-swi-bel5,sw62p1,,sys1-lon14-p-swi-bes11,sw5p2,
96826,leaf-spine,sys1-lon14-p-swi-bel6,sw62p2,,sys1-lon14-p-swi-bes11,sw6p1,
96827,leaf-spine,sys1-lon14-p-swi-bel6,sw62p1,,sys1-lon14-p-swi-bes11,sw6p2,
96828,leaf-spine,sys1-lon14-p-swi-bel7,sw62p2,,sys1-lon14-p-swi-bes11,sw7p1,
96829,leaf-spine,sys1-lon14-p-swi-bel7,sw62p1,,sys1-lon14-p-swi-bes11,sw7p2,
96830,leaf-spine,sys1-lon14-p-swi-bel8,sw62p2,,sys1-lon14-p-swi-bes11,sw8p1,
96831,leaf-spine,sys1-lon14-p-swi-bel8,sw62p1,,sys1-lon14-p-swi-bes11,sw8p2,
96832,leaf-spine,sys1-lon14-p-swi-bel9,sw62p2,,sys1-lon14-p-swi-bes11,sw9p1,
96833,leaf-spine,sys1-lon14-p-swi-bel9,sw62p1,,sys1-lon14-p-swi-bes11,sw9p2,
96834,leaf-spine,sys1-lon14-p-swi-bel10,sw62p2,,sys1-lon14-p-swi-bes11,sw10p1,
96835,leaf-spine,sys1-lon14-p-swi-bel10,sw62p1,,sys1-lon14-p-swi-bes11,sw10p2,
96836,leaf-spine,sys1-lon14-p-swi-bel11,sw62p2,,sys1-lon14-p-swi-bes11,sw11p1,
96837,leaf-spine,sys1-lon14-p-swi-bel11,sw62p1,,sys1-lon14-p-swi-bes11,sw11p2,
96838,leaf-spine,sys1-lon14-p-swi-bel12,sw62p2,,sys1-lon14-p-swi-bes11,sw12p1,
96839,leaf-spine,sys1-lon14-p-swi-bel12,sw62p1,,sys1-lon14-p-swi-bes11,sw12p2,
96840,leaf-spine,sys1-lon14-p-swi-bel13,sw62p2,,sys1-lon14-p-swi-bes11,sw13p1,
96841,leaf-spine,sys1-lon14-p-swi-bel13,sw62p1,,sys1-lon14-p-swi-bes11,sw13p2,
96842,leaf-spine,sys1-lon14-p-swi-bel14,sw62p2,,sys1-lon14-p-swi-bes11,sw14p1,
96843,leaf-spine,sys1-lon14-p-swi-bel14,sw62p1,,sys1-lon14-p-swi-bes11,sw14p2,
96844,leaf-spine,sys1-lon14-p-swi-bel15,sw62p2,,sys1-lon14-p-swi-bes11,sw15p1,
96845,leaf-spine,sys1-lon14-p-swi-bel15,sw62p1,,sys1-lon14-p-swi-bes11,sw15p2,
96846,leaf-spine,sys1-lon14-p-swi-bel16,sw62p2,,sys1-lon14-p-swi-bes11,sw16p1,
96847,leaf-spine,sys1-lon14-p-swi-bel16,sw62p1,,sys1-lon14-p-swi-bes11,sw16p2,
96848,leaf-spine,sys1-lon14-p-swi-bel17,sw62p2,,sys1-lon14-p-swi-bes11,sw17p1,
96849,leaf-spine,sys1-lon14-p-swi-bel17,sw62p1,,sys1-lon14-p-swi-bes11,sw17p2,
96850,leaf-spine,sys1-lon14-p-swi-bel18,sw62p2,,sys1-lon14-p-swi-bes11,sw18p1,
96851,leaf-spine,sys1-lon14-p-swi-bel18,sw62p1,,sys1-lon14-p-swi-bes11,sw18p2,
96852,leaf-spine,sys1-lon14-p-swi-bel19,sw62p2,,sys1-lon14-p-swi-bes11,sw19p1,
96853,leaf-spine,sys1-lon14-p-swi-bel19,sw62p1,,sys1-lon14-p-swi-bes11,sw19p2,
96854,leaf-spine,sys1-lon14-p-swi-bel20,sw62p2,,sys1-lon14-p-swi-bes11,sw20p1,
96855,leaf-spine,sys1-lon14-p-swi-bel20,sw62p1,,sys1-lon14-p-swi-bes11,sw20p2,
96856,leaf-spine,sys1-lon14-p-swi-bel21,sw62p2,,sys1-lon14-p-swi-bes11,sw21p1,
96857,leaf-spine,sys1-lon14-p-swi-bel21,sw62p1,,sys1-lon14-p-swi-bes11,sw21p2,
96858,leaf-spine,sys1-lon14-p-swi-bel22,sw62p2,,sys1-lon14-p-swi-bes11,sw22p1,
96859,leaf-spine,sys1-lon14-p-swi-bel22,sw62p1,,sys1-lon14-p-swi-bes11,sw22p2,
96860,leaf-spine,sys1-lon14-p-swi-bel23,sw62p2,,sys1-lon14-p-swi-bes11,sw23p1,
96861,leaf-spine,sys1-lon14-p-swi-bel23,sw62p1,,sys1-lon14-p-swi-bes11,sw23p2,
96862,leaf-spine,sys1-lon14-p-swi-bel24,sw62p2,,sys1-lon14-p-swi-bes11,sw24p1,
96863,leaf-spine,sys1-lon14-p-swi-bel24,sw62p1,,sys1-lon14-p-swi-bes11,sw24p2,
96864,leaf-spine,sys1-lon14-p-swi-bel25,sw62p2,,sys1-lon14-p-swi-bes11,sw25p1,
96865,leaf-spine,sys1-lon14-p-swi-bel25,sw62p1,,sys1-lon14-p-swi-bes11,sw25p2,
96866,leaf-spine,sys1-lon14-p-swi-bel26,sw62p2,,sys1-lon14-p-swi-bes11,sw26p1,
96867,leaf-spine,sys1-lon14-p-swi-bel26,sw62p1,,sys1-lon14-p-swi-bes11,sw26p2,
96868,leaf-spine,sys1-lon14-p-swi-bel27,sw62p2,,sys1-lon14-p-swi-bes11,sw27p1,
96869,leaf-spine,sys1-lon14-p-swi-bel27,sw62p1,,sys1-lon14-p-swi-bes11,sw27p2,
96870,leaf-spine,sys1-lon14-p-swi-bel28,sw62p2,,sys1-lon14-p-swi-bes11,sw28p1,
96871,leaf-spine,sys1-lon14-p-swi-bel28,sw62p1,,sys1-lon14-p-swi-bes11,sw28p2,
96872,leaf-spine,sys1-lon14-p-swi-bel29,sw62p2,,sys1-lon14-p-swi-bes11,sw29p1,
96873,leaf-spine,sys1-lon14-p-swi-bel29,sw62p1,,sys1-lon14-p-swi-bes11,sw29p2,
96874,leaf-spine,sys1-lon14-p-swi-bel30,sw62p2,,sys1-lon14-p-swi-bes11,sw30p1,
96875,leaf-spine,sys1-lon14-p-swi-bel30,sw62p1,,sys1-lon14-p-swi-bes11,sw30p2,
96876,leaf-spine,sys1-lon14-p-swi-bel31,sw62p2,,sys1-lon14-p-swi-bes11,sw31p1,
96877,leaf-spine,sys1-lon14-p-swi-bel31,sw62p1,,sys1-lon14-p-swi-bes11,sw31p2,
96878,leaf-spine,sys1-lon14-p-swi-bel32,sw62p2,,sys1-lon14-p-swi-bes11,sw32p1,
96879,leaf-spine,sys1-lon14-p-swi-bel32,sw62p1,,sys1-lon14-p-swi-bes11,sw32p2,
96880,leaf-spine,sys1-lon14-p-swi-bel33,sw62p2,,sys1-lon14-p-swi-bes11,sw33p1,
96881,leaf-spine,sys1-lon14-p-swi-bel33,sw62p1,,sys1-lon14-p-swi-bes11,sw33p2,
96882,leaf-spine,sys1-lon14-p-swi-bel34,sw62p2,,sys1-lon14-p-swi-bes11,sw34p1,
96883,leaf-spine,sys1-lon14-p-swi-bel34,sw62p1,,sys1-lon14-p-swi-bes11,sw34p2,
96884,leaf-spine,sys1-lon14-p-swi-bel35,sw62p2,,sys1-lon14-p-swi-bes11,sw35p1,
96885,leaf-spine,sys1-lon14-p-swi-bel35,sw62p1,,sys1-lon14-p-swi-bes11,sw35p2,
96886,leaf-spine,sys1-lon14-p-swi-bel36,sw62p2,,sys1-lon14-p-swi-bes11,sw36p1,
96887,leaf-spine,sys1-lon14-p-swi-bel36,sw62p1,,sys1-lon14-p-swi-bes11,sw36p2,
96888,leaf-spine,sys1-lon14-p-swi-bel37,sw62p2,,sys1-lon14-p-swi-bes11,sw37p1,
96889,leaf-spine,sys1-lon14-p-swi-bel37,sw62p1,,sys1-lon14-p-swi-bes11,sw37p2,
96890,leaf-spine,sys1-lon14-p-swi-bel38,sw62p2,,sys1-lon14-p-swi-bes11,sw38p1,
96891,leaf-spine,sys1-lon14-p-swi-bel38,sw62p1,,sys1-lon14-p-swi-bes11,sw38p2,
96892,leaf-spine,sys1-lon14-p-swi-bel39,sw62p2,,sys1-lon14-p-swi-bes11,sw39p1,
96893,leaf-spine,sys1-lon14-p-swi-bel39,sw62p1,,sys1-lon14-p-swi-bes11,sw39p2,
96894,leaf-spine,sys1-lon14-p-swi-bel40,sw62p2,,sys1-lon14-p-swi-bes11,sw40p1,
96895,leaf-spine,sys1-lon14-p-swi-bel40,sw62p1,,sys1-lon14-p-swi-bes11,sw40p2,
96896,leaf-spine,sys1-lon14-p-swi-bel41,sw62p2,,sys1-lon14-p-swi-bes11,sw41p1,
96897,leaf-spine,sys1-lon14-p-swi-bel41,sw62p1,,sys1-lon14-p-swi-bes11,sw41p2,
96898,leaf-spine,sys1-lon14-p-swi-bel42,sw62p2,,sys1-lon14-p-swi-bes11,sw42p1,
96899,leaf-spine,sys1-lon14-p-swi-bel42,sw62p1,,sys1-lon14-p-swi-bes11,sw42p2,
96900,leaf-spine,sys1-lon14-p-swi-bel43,sw62p2,,sys1-lon14-p-swi-bes11,sw43p1,
96901,leaf-spine,sys1-lon14-p-swi-bel43,sw62p1,,sys1-lon14-p-swi-bes11,sw43p2,
96902,leaf-spine,sys1-lon14-p-swi-bel44,sw62p2,,sys1-lon14-p-swi-bes11,sw44p1,
96903,leaf-spine,sys1-lon14-p-swi-bel44,sw62p1,,sys1-lon14-p-swi-bes11,sw44p2,
96904,leaf-spine,sys1-lon14-p-swi-bel45,sw62p2,,sys1-lon14-p-swi-bes11,sw45p1,
96905,leaf-spine,sys1-lon14-p-swi-bel45,sw62p1,,sys1-lon14-p-swi-bes11,sw45p2,
96906,leaf-spine,sys1-lon14-p-swi-bel46,sw62p2,,sys1-lon14-p-swi-bes11,sw46p1,
96907,leaf-spine,sys1-lon14-p-swi-bel46,sw62p1,,sys1-lon14-p-swi-bes11,sw46p2,
96908,leaf-spine,sys1-lon14-p-swi-bel47,sw62p2,,sys1-lon14-p-swi-bes11,sw47p1,
96909,leaf-spine,sys1-lon14-p-swi-bel47,sw62p1,,sys1-lon14-p-swi-bes11,sw47p2,
96910,leaf-spine,sys1-lon14-p-swi-bel48,sw62p2,,sys1-lon14-p-swi-bes11,sw48p1,
96911,leaf-spine,sys1-lon14-p-swi-bel48,sw62p1,,sys1-lon14-p-swi-bes11,sw48p2,
96912,leaf-spine,sys1-lon14-p-swi-bel49,sw62p2,,sys1-lon14-p-swi-bes11,sw49p1,
96913,leaf-spine,sys1-lon14-p-swi-bel49,sw62p1,,sys1-lon14-p-swi-bes11,sw49p2,
96914,leaf-spine,sys1-lon14-p-swi-bel50,sw62p2,,sys1-lon14-p-swi-bes11,sw50p1,
96915,leaf-spine,sys1-lon14-p-swi-bel50,sw62p1,,sys1-lon14-p-swi-bes11,sw50p2,
96916,leaf-spine,sys1-lon14-p-swi-bel51,sw62p2,,sys1-lon14-p-swi-bes11,sw51p1,
96917,leaf-spine,sys1-lon14-p-swi-bel51,sw62p1,,sys1-lon14-p-swi-bes11,sw51p2,
96918,leaf-spine,sys1-lon14-p-swi-bel52,sw62p2,,sys1-lon14-p-swi-bes11,sw52p1,
96919,leaf-spine,sys1-lon14-p-swi-bel52,sw62p1,,sys1-lon14-p-swi-bes11,sw52p2,
96920,leaf-spine,sys1-lon14-p-swi-bel53,sw62p2,,sys1-lon14-p-swi-bes11,sw53p1,
96921,leaf-spine,sys1-lon14-p-swi-bel53,sw62p1,,sys1-lon14-p-swi-bes11,sw53p2,
96922,leaf-spine,sys1-lon14-p-swi-bel54,sw62p2,,sys1-lon14-p-swi-bes11,sw54p1,
96923,leaf-spine,sys1-lon14-p-swi-bel54,sw62p1,,sys1-lon14-p-swi-bes11,sw54p2,
96924,leaf-spine,sys1-lon14-p-swi-bel55,sw62p2,,sys1-lon14-p-swi-bes11,sw55p1,
96925,leaf-spine,sys1-lon14-p-swi-bel55,sw62p1,,sys1-lon14-p-swi-bes11,sw55p2,
96926,leaf-spine,sys1-lon14-p-swi-bel56,sw62p2,,sys1-lon14-p-swi-bes11,sw56p1,
96927,leaf-spine,sys1-lon14-p-swi-bel56,sw62p1,,sys1-lon14-p-swi-bes11,sw56p2,
96928,leaf-spine,sys1-lon14-p-swi-bel57,sw62p2,,sys1-lon14-p-swi-bes11,sw57p1,
96929,leaf-spine,sys1-lon14-p-swi-bel57,sw62p1,,sys1-lon14-p-swi-bes11,sw57p2,
96930,leaf-spine,sys1-lon14-p-swi-bel58,sw62p2,,sys1-lon14-p-swi-bes11,sw58p1,
96931,leaf-spine,sys1-lon14-p-swi-bel58,sw62p1,,sys1-lon14-p-swi-bes11,sw58p2,
96932,leaf-spine,sys1-lon14-p-swi-bel59,sw62p2,,sys1-lon14-p-swi-bes11,sw59p1,
96933,leaf-spine,sys1-lon14-p-swi-bel59,sw62p1,,sys1-lon14-p-swi-bes11,sw59p2,
96934,leaf-spine,sys1-lon14-p-swi-bel60,sw62p2,,sys1-lon14-p-swi-bes11,sw60p1,
96935,leaf-spine,sys1-lon14-p-swi-bel60,sw62p1,,sys1-lon14-p-swi-bes11,sw60p2,
96936,leaf-spine,sys1-lon14-p-swi-bel61,sw62p2,,sys1-lon14-p-swi-bes11,sw61p1,
96937,leaf-spine,sys1-lon14-p-swi-bel61,sw62p1,,sys1-lon14-p-swi-bes11,sw61p2,
96938,leaf-spine,sys1-lon14-p-swi-bel62,sw62p2,,sys1-lon14-p-swi-bes11,sw62p1,
96939,leaf-spine,sys1-lon14-p-swi-bel62,sw62p1,,sys1-lon14-p-swi-bes11,sw62p2,
96940,leaf-spine,sys1-lon14-p-swi-bel63,sw62p2,,sys1-lon14-p-swi-bes11,sw63p1,
96941,leaf-spine,sys1-lon14-p-swi-bel63,sw62p1,,sys1-lon14-p-swi-bes11,sw63p2,
96942,leaf-spine,sys1-lon14-p-swi-bel64,sw62p2,,sys1-lon14-p-swi-bes11,sw64p1,
96943,leaf-spine,sys1-lon14-p-swi-bel64,sw62p1,,sys1-lon14-p-swi-bes11,sw64p2,
96944,leaf-spine,sys1-lon14-p-swi-bel1,sw61p2,,sys1-lon14-p-swi-bes12,sw1p1,
96945,leaf-spine,sys1-lon14-p-swi-bel1,sw61p1,,sys1-lon14-p-swi-bes12,sw1p2,
96946,leaf-spine,sys1-lon14-p-swi-bel2,sw61p2,,sys1-lon14-p-swi-bes12,sw2p1,
96947,leaf-spine,sys1-lon14-p-swi-bel2,sw61p1,,sys1-lon14-p-swi-bes12,sw2p2,
96948,leaf-spine,sys1-lon14-p-swi-bel3,sw61p2,,sys1-lon14-p-swi-bes12,sw3p1,
96949,leaf-spine,sys1-lon14-p-swi-bel3,sw61p1,,sys1-lon14-p-swi-bes12,sw3p2,
96950,leaf-spine,sys1-lon14-p-swi-bel4,sw61p2,,sys1-lon14-p-swi-bes12,sw4p1,
96951,leaf-spine,sys1-lon14-p-swi-bel4,sw61p1,,sys1-lon14-p-swi-bes12,sw4p2,
96952,leaf-spine,sys1-lon14-p-swi-bel5,sw61p2,,sys1-lon14-p-swi-bes12,sw5p1,
96953,leaf-spine,sys1-lon14-p-swi-bel5,sw61p1,,sys1-lon14-p-swi-bes12,sw5p2,
96954,leaf-spine,sys1-lon14-p-swi-bel6,sw61p2,,sys1-lon14-p-swi-bes12,sw6p1,
96955,leaf-spine,sys1-lon14-p-swi-bel6,sw61p1,,sys1-lon14-p-swi-bes12,sw6p2,
96956,leaf-spine,sys1-lon14-p-swi-bel7,sw61p2,,sys1-lon14-p-swi-bes12,sw7p1,
96957,leaf-spine,sys1-lon14-p-swi-bel7,sw61p1,,sys1-lon14-p-swi-bes12,sw7p2,
96958,leaf-spine,sys1-lon14-p-swi-bel8,sw61p2,,sys1-lon14-p-swi-bes12,sw8p1,
96959,leaf-spine,sys1-lon14-p-swi-bel8,sw61p1,,sys1-lon14-p-swi-bes12,sw8p2,
96960,leaf-spine,sys1-lon14-p-swi-bel9,sw61p2,,sys1-lon14-p-swi-bes12,sw9p1,
96961,leaf-spine,sys1-lon14-p-swi-bel9,sw61p1,,sys1-lon14-p-swi-bes12,sw9p2,
96962,leaf-spine,sys1-lon14-p-swi-bel10,sw61p2,,sys1-lon14-p-swi-bes12,sw10p1,
96963,leaf-spine,sys1-lon14-p-swi-bel10,sw61p1,,sys1-lon14-p-swi-bes12,sw10p2,
96964,leaf-spine,sys1-lon14-p-swi-bel11,sw61p2,,sys1-lon14-p-swi-bes12,sw11p1,
96965,leaf-spine,sys1-lon14-p-swi-bel11,sw61p1,,sys1-lon14-p-swi-bes12,sw11p2,
96966,leaf-spine,sys1-lon14-p-swi-bel12,sw61p2,,sys1-lon14-p-swi-bes12,sw12p1,
96967,leaf-spine,sys1-lon14-p-swi-bel12,sw61p1,,sys1-lon14-p-swi-bes12,sw12p2,
96968,leaf-spine,sys1-lon14-p-swi-bel13,sw61p2,,sys1-lon14-p-swi-bes12,sw13p1,
96969,leaf-spine,sys1-lon14-p-swi-bel13,sw61p1,,sys1-lon14-p-swi-bes12,sw13p2,
96970,leaf-spine,sys1-lon14-p-swi-bel14,sw61p2,,sys1-lon14-p-swi-bes12,sw14p1,
96971,leaf-spine,sys1-lon14-p-swi-bel14,sw61p1,,sys1-lon14-p-swi-bes12,sw14p2,
96972,leaf-spine,sys1-lon14-p-swi-bel15,sw61p2,,sys1-lon14-p-swi-bes12,sw15p1,
96973,leaf-spine,sys1-lon14-p-swi-bel15,sw61p1,,sys1-lon14-p-swi-bes12,sw15p2,
96974,leaf-spine,sys1-lon14-p-swi-bel16,sw61p2,,sys1-lon14-p-swi-bes12,sw16p1,
96975,leaf-spine,sys1-lon14-p-swi-bel16,sw61p1,,sys1-lon14-p-swi-bes12,sw16p2,
96976,leaf-spine,sys1-lon14-p-swi-bel17,sw61p2,,sys1-lon14-p-swi-bes12,sw17p1,
96977,leaf-spine,sys1-lon14-p-swi-bel17,sw61p1,,sys1-lon14-p-swi-bes12,sw17p2,
96978,leaf-spine,sys1-lon14-p-swi-bel18,sw61p2,,sys1-lon14-p-swi-bes12,sw18p1,
96979,leaf-spine,sys1-lon14-p-swi-bel18,sw61p1,,sys1-lon14-p-swi-bes12,sw18p2,
96980,leaf-spine,sys1-lon14-p-swi-bel19,sw61p2,,sys1-lon14-p-swi-bes12,sw19p1,
96981,leaf-spine,sys1-lon14-p-swi-bel19,sw61p1,,sys1-lon14-p-swi-bes12,sw19p2,
96982,leaf-spine,sys1-lon14-p-swi-bel20,sw61p2,,sys1-lon14-p-swi-bes12,sw20p1,
96983,leaf-spine,sys1-lon14-p-swi-bel20,sw61p1,,sys1-lon14-p-swi-bes12,sw20p2,
96984,leaf-spine,sys1-lon14-p-swi-bel21,sw61p2,,sys1-lon14-p-swi-bes12,sw21p1,
96985,leaf-spine,sys1-lon14-p-swi-bel21,sw61p1,,sys1-lon14-p-swi-bes12,sw21p2,
96986,leaf-spine,sys1-lon14-p-swi-bel22,sw61p2,,sys1-lon14-p-swi-bes12,sw22p1,
96987,leaf-spine,sys1-lon14-p-swi-bel22,sw61p1,,sys1-lon14-p-swi-bes12,sw22p2,
96988,leaf-spine,sys1-lon14-p-swi-bel23,sw61p2,,sys1-lon14-p-swi-bes12,sw23p1,
96989,leaf-spine,sys1-lon14-p-swi-bel23,sw61p1,,sys1-lon14-p-swi-bes12,sw23p2,
96990,leaf-spine,sys1-lon14-p-swi-bel24,sw61p2,,sys1-lon14-p-swi-bes12,sw24p1,
96991,leaf-spine,sys1-lon14-p-swi-bel24,sw61p1,,sys1-lon14-p-swi-bes12,sw24p2,
96992,leaf-spine,sys1-lon14-p-swi-bel25,sw61p2,,sys1-lon14-p-swi-bes12,sw25p1,
96993,leaf-spine,sys1-lon14-p-swi-bel25,sw61p1,,sys1-lon14-p-swi-bes12,sw25p2,
96994,leaf-spine,sys1-lon14-p-swi-bel26,sw61p2,,sys1-lon14-p-swi-bes12,sw26p1,
96995,leaf-spine,sys1-lon14-p-swi-bel26,sw61p1,,sys1-lon14-p-swi-bes12,sw26p2,
96996,leaf-spine,sys1-lon14-p-swi-bel27,sw61p2,,sys1-lon14-p-swi-bes12,sw27p1,
96997,leaf-spine,sys1-lon14-p-swi-bel27,sw61p1,,sys1-lon14-p-swi-bes12,sw27p2,
96998,leaf-spine,sys1-lon14-p-swi-bel28,sw61p2,,sys1-lon14-p-swi-bes12,sw28p1,
96999,leaf-spine,sys1-lon14-p-swi-bel28,sw61p1,,sys1-lon14-p-swi-bes12,sw28p2,
97000,leaf-spine,sys1-lon14-p-swi-bel29,sw61p2,,sys1-lon14-p-swi-bes12,sw29p1,
97001,leaf-spine,sys1-lon14-p-swi-bel29,sw61p1,,sys1-lon14-p-swi-bes12,sw29p2,
97002,leaf-spine,sys1-lon14-p-swi-bel30,sw61p2,,sys1-lon14-p-swi-bes12,sw30p1,
97003,leaf-spine,sys1-lon14-p-swi-bel30,sw61p1,,sys1-lon14-p-swi-bes12,sw30p2,
97004,leaf-spine,sys1-lon14-p-swi-bel31,sw61p2,,sys1-lon14-p-swi-bes12,sw31p1,
97005,leaf-spine,sys1-lon14-p-swi-bel31,sw61p1,,sys1-lon14-p-swi-bes12,sw31p2,
97006,leaf-spine,sys1-lon14-p-swi-bel32,sw61p2,,sys1-lon14-p-swi-bes12,sw32p1,
97007,leaf-spine,sys1-lon14-p-swi-bel32,sw61p1,,sys1-lon14-p-swi-bes12,sw32p2,
97008,leaf-spine,sys1-lon14-p-swi-bel33,sw61p2,,sys1-lon14-p-swi-bes12,sw33p1,
97009,leaf-spine,sys1-lon14-p-swi-bel33,sw61p1,,sys1-lon14-p-swi-bes12,sw33p2,
97010,leaf-spine,sys1-lon14-p-swi-bel34,sw61p2,,sys1-lon14-p-swi-bes12,sw34p1,
97011,leaf-spine,sys1-lon14-p-swi-bel34,sw61p1,,sys1-lon14-p-swi-bes12,sw34p2,
97012,leaf-spine,sys1-lon14-p-swi-bel35,sw61p2,,sys1-lon14-p-swi-bes12,sw35p1,
97013,leaf-spine,sys1-lon14-p-swi-bel35,sw61p1,,sys1-lon14-p-swi-bes12,sw35p2,
97014,leaf-spine,sys1-lon14-p-swi-bel36,sw61p2,,sys1-lon14-p-swi-bes12,sw36p1,
97015,leaf-spine,sys1-lon14-p-swi-bel36,sw61p1,,sys1-lon14-p-swi-bes12,sw36p2,
97016,leaf-spine,sys1-lon14-p-swi-bel37,sw61p2,,sys1-lon14-p-swi-bes12,sw37p1,
97017,leaf-spine,sys1-lon14-p-swi-bel37,sw61p1,,sys1-lon14-p-swi-bes12,sw37p2,
97018,leaf-spine,sys1-lon14-p-swi-bel38,sw61p2,,sys1-lon14-p-swi-bes12,sw38p1,
97019,leaf-spine,sys1-lon14-p-swi-bel38,sw61p1,,sys1-lon14-p-swi-bes12,sw38p2,
97020,leaf-spine,sys1-lon14-p-swi-bel39,sw61p2,,sys1-lon14-p-swi-bes12,sw39p1,
97021,leaf-spine,sys1-lon14-p-swi-bel39,sw61p1,,sys1-lon14-p-swi-bes12,sw39p2,
97022,leaf-spine,sys1-lon14-p-swi-bel40,sw61p2,,sys1-lon14-p-swi-bes12,sw40p1,
97023,leaf-spine,sys1-lon14-p-swi-bel40,sw61p1,,sys1-lon14-p-swi-bes12,sw40p2,
97024,leaf-spine,sys1-lon14-p-swi-bel41,sw61p2,,sys1-lon14-p-swi-bes12,sw41p1,
97025,leaf-spine,sys1-lon14-p-swi-bel41,sw61p1,,sys1-lon14-p-swi-bes12,sw41p2,
97026,leaf-spine,sys1-lon14-p-swi-bel42,sw61p2,,sys1-lon14-p-swi-bes12,sw42p1,
97027,leaf-spine,sys1-lon14-p-swi-bel42,sw61p1,,sys1-lon14-p-swi-bes12,sw42p2,
97028,leaf-spine,sys1-lon14-p-swi-bel43,sw61p2,,sys1-lon14-p-swi-bes12,sw43p1,
97029,leaf-spine,sys1-lon14-p-swi-bel43,sw61p1,,sys1-lon14-p-swi-bes12,sw43p2,
97030,leaf-spine,sys1-lon14-p-swi-bel44,sw61p2,,sys1-lon14-p-swi-bes12,sw44p1,
97031,leaf-spine,sys1-lon14-p-swi-bel44,sw61p1,,sys1-lon14-p-swi-bes12,sw44p2,
97032,leaf-spine,sys1-lon14-p-swi-bel45,sw61p2,,sys1-lon14-p-swi-bes12,sw45p1,
97033,leaf-spine,sys1-lon14-p-swi-bel45,sw61p1,,sys1-lon14-p-swi-bes12,sw45p2,
97034,leaf-spine,sys1-lon14-p-swi-bel46,sw61p2,,sys1-lon14-p-swi-bes12,sw46p1,
97035,leaf-spine,sys1-lon14-p-swi-bel46,sw61p1,,sys1-lon14-p-swi-bes12,sw46p2,
97036,leaf-spine,sys1-lon14-p-swi-bel47,sw61p2,,sys1-lon14-p-swi-bes12,sw47p1,
97037,leaf-spine,sys1-lon14-p-swi-bel47,sw61p1,,sys1-lon14-p-swi-bes12,sw47p2,
97038,leaf-spine,sys1-lon14-p-swi-bel48,sw61p2,,sys1-lon14-p-swi-bes12,sw48p1,
97039,leaf-spine,sys1-lon14-p-swi-bel48,sw61p1,,sys1-lon14-p-swi-bes12,sw48p2,
97040,leaf-spine,sys1-lon14-p-swi-bel49,sw61p2,,sys1-lon14-p-swi-bes12,sw49p1,
97041,leaf-spine,sys1-lon14-p-swi-bel49,sw61p1,,sys1-lon14-p-swi-bes12,sw49p2,
97042,leaf-spine,sys1-lon14-p-swi-bel50,sw61p2,,sys1-lon14-p-swi-bes12,sw50p1,
97043,leaf-spine,sys1-lon14-p-swi-bel50,sw61p1,,sys1-lon14-p-swi-bes12,sw50p2,
97044,leaf-spine,sys1-lon14-p-swi-bel51,sw61p2,,sys1-lon14-p-swi-bes12,sw51p1,
97045,leaf-spine,sys1-lon14-p-swi-bel51,sw61p1,,sys1-lon14-p-swi-bes12,sw51p2,
97046,leaf-spine,sys1-lon14-p-swi-bel52,sw61p2,,sys1-lon14-p-swi-bes12,sw52p1,
97047,leaf-spine,sys1-lon14-p-swi-bel52,sw61p1,,sys1-lon14-p-swi-bes12,sw52p2,
97048,leaf-spine,sys1-lon14-p-swi-bel53,sw61p2,,sys1-lon14-p-swi-bes12,sw53p1,
97049,leaf-spine,sys1-lon14-p-swi-bel53,sw61p1,,sys1-lon14-p-swi-bes12,sw53p2,
97050,leaf-spine,sys1-lon14-p-swi-bel54,sw61p2,,sys1-lon14-p-swi-bes12,sw54p1,
97051,leaf-spine,sys1-lon14-p-swi-bel54,sw61p1,,sys1-lon14-p-swi-bes12,sw54p2,
97052,leaf-spine,sys1-lon14-p-swi-bel55,sw61p2,,sys1-lon14-p-swi-bes12,sw55p1,
97053,leaf-spine,sys1-lon14-p-swi-bel55,sw61p1,,sys1-lon14-p-swi-bes12,sw55p2,
97054,leaf-spine,sys1-lon14-p-swi-bel56,sw61p2,,sys1-lon14-p-swi-bes12,sw56p1,
97055,leaf-spine,sys1-lon14-p-swi-bel56,sw61p1,,sys1-lon14-p-swi-bes12,sw56p2,
97056,leaf-spine,sys1-lon14-p-swi-bel57,sw61p2,,sys1-lon14-p-swi-bes12,sw57p1,
97057,leaf-spine,sys1-lon14-p-swi-bel57,sw61p1,,sys1-lon14-p-swi-bes12,sw57p2,
97058,leaf-spine,sys1-lon14-p-swi-bel58,sw61p2,,sys1-lon14-p-swi-bes12,sw58p1,
97059,leaf-spine,sys1-lon14-p-swi-bel58,sw61p1,,sys1-lon14-p-swi-bes12,sw58p2,
97060,leaf-spine,sys1-lon14-p-swi-bel59,sw61p2,,sys1-lon14-p-swi-bes12,sw59p1,
97061,leaf-spine,sys1-lon14-p-swi-bel59,sw61p1,,sys1-lon14-p-swi-bes12,sw59p2,
97062,leaf-spine,sys1-lon14-p-swi-bel60,sw61p2,,sys1-lon14-p-swi-bes12,sw60p1,
97063,leaf-spine,sys1-lon14-p-swi-bel60,sw61p1,,sys1-lon14-p-swi-bes12,sw60p2,
97064,leaf-spine,sys1-lon14-p-swi-bel61,sw61p2,,sys1-lon14-p-swi-bes12,sw61p1,
97065,leaf-spine,sys1-lon14-p-swi-bel61,sw61p1,,sys1-lon14-p-swi-bes12,sw61p2,
97066,leaf-spine,sys1-lon14-p-swi-bel62,sw61p2,,sys1-lon14-p-swi-bes12,sw62p1,
97067,leaf-spine,sys1-lon14-p-swi-bel62,sw61p1,,sys1-lon14-p-swi-bes12,sw62p2,
97068,leaf-spine,sys1-lon14-p-swi-bel63,sw61p2,,sys1-lon14-p-swi-bes12,sw63p1,
97069,leaf-spine,sys1-lon14-p-swi-bel63,sw61p1,,sys1-lon14-p-swi-bes12,sw63p2,
97070,leaf-spine,sys1-lon14-p-swi-bel64,sw61p2,,sys1-lon14-p-swi-bes12,sw64p1,
97071,leaf-spine,sys1-lon14-p-swi-bel64,sw61p1,,sys1-lon14-p-swi-bes12,sw64p2,
97072,leaf-spine,sys1-lon14-p-swi-bel1,sw60p2,,sys1-lon14-p-swi-bes13,sw1p1,
97073,leaf-spine,sys1-lon14-p-swi-bel1,sw60p1,,sys1-lon14-p-swi-bes13,sw1p2,
97074,leaf-spine,sys1-lon14-p-swi-bel2,sw60p2,,sys1-lon14-p-swi-bes13,sw2p1,
97075,leaf-spine,sys1-lon14-p-swi-bel2,sw60p1,,sys1-lon14-p-swi-bes13,sw2p2,
97076,leaf-spine,sys1-lon14-p-swi-bel3,sw60p2,,sys1-lon14-p-swi-bes13,sw3p1,
97077,leaf-spine,sys1-lon14-p-swi-bel3,sw60p1,,sys1-lon14-p-swi-bes13,sw3p2,
97078,leaf-spine,sys1-lon14-p-swi-bel4,sw60p2,,sys1-lon14-p-swi-bes13,sw4p1,
97079,leaf-spine,sys1-lon14-p-swi-bel4,sw60p1,,sys1-lon14-p-swi-bes13,sw4p2,
97080,leaf-spine,sys1-lon14-p-swi-bel5,sw60p2,,sys1-lon14-p-swi-bes13,sw5p1,
97081,leaf-spine,sys1-lon14-p-swi-bel5,sw60p1,,sys1-lon14-p-swi-bes13,sw5p2,
97082,leaf-spine,sys1-lon14-p-swi-bel6,sw60p2,,sys1-lon14-p-swi-bes13,sw6p1,
97083,leaf-spine,sys1-lon14-p-swi-bel6,sw60p1,,sys1-lon14-p-swi-bes13,sw6p2,
97084,leaf-spine,sys1-lon14-p-swi-bel7,sw60p2,,sys1-lon14-p-swi-bes13,sw7p1,
97085,leaf-spine,sys1-lon14-p-swi-bel7,sw60p1,,sys1-lon14-p-swi-bes13,sw7p2,
97086,leaf-spine,sys1-lon14-p-swi-bel8,sw60p2,,sys1-lon14-p-swi-bes13,sw8p1,
97087,leaf-spine,sys1-lon14-p-swi-bel8,sw60p1,,sys1-lon14-p-swi-bes13,sw8p2,
97088,leaf-spine,sys1-lon14-p-swi-bel9,sw60p2,,sys1-lon14-p-swi-bes13,sw9p1,
97089,leaf-spine,sys1-lon14-p-swi-bel9,sw60p1,,sys1-lon14-p-swi-bes13,sw9p2,
97090,leaf-spine,sys1-lon14-p-swi-bel10,sw60p2,,sys1-lon14-p-swi-bes13,sw10p1,
97091,leaf-spine,sys1-lon14-p-swi-bel10,sw60p1,,sys1-lon14-p-swi-bes13,sw10p2,
97092,leaf-spine,sys1-lon14-p-swi-bel11,sw60p2,,sys1-lon14-p-swi-bes13,sw11p1,
97093,leaf-spine,sys1-lon14-p-swi-bel11,sw60p1,,sys1-lon14-p-swi-bes13,sw11p2,
97094,leaf-spine,sys1-lon14-p-swi-bel12,sw60p2,,sys1-lon14-p-swi-bes13,sw12p1,
97095,leaf-spine,sys1-lon14-p-swi-bel12,sw60p1,,sys1-lon14-p-swi-bes13,sw12p2,
97096,leaf-spine,sys1-lon14-p-swi-bel13,sw60p2,,sys1-lon14-p-swi-bes13,sw13p1,
97097,leaf-spine,sys1-lon14-p-swi-bel13,sw60p1,,sys1-lon14-p-swi-bes13,sw13p2,
97098,leaf-spine,sys1-lon14-p-swi-bel14,sw60p2,,sys1-lon14-p-swi-bes13,sw14p1,
97099,leaf-spine,sys1-lon14-p-swi-bel14,sw60p1,,sys1-lon14-p-swi-bes13,sw14p2,
97100,leaf-spine,sys1-lon14-p-swi-bel15,sw60p2,,sys1-lon14-p-swi-bes13,sw15p1,
97101,leaf-spine,sys1-lon14-p-swi-bel15,sw60p1,,sys1-lon14-p-swi-bes13,sw15p2,
97102,leaf-spine,sys1-lon14-p-swi-bel16,sw60p2,,sys1-lon14-p-swi-bes13,sw16p1,
97103,leaf-spine,sys1-lon14-p-swi-bel16,sw60p1,,sys1-lon14-p-swi-bes13,sw16p2,
97104,leaf-spine,sys1-lon14-p-swi-bel17,sw60p2,,sys1-lon14-p-swi-bes13,sw17p1,
97105,leaf-spine,sys1-lon14-p-swi-bel17,sw60p1,,sys1-lon14-p-swi-bes13,sw17p2,
97106,leaf-spine,sys1-lon14-p-swi-bel18,sw60p2,,sys1-lon14-p-swi-bes13,sw18p1,
97107,leaf-spine,sys1-lon14-p-swi-bel18,sw60p1,,sys1-lon14-p-swi-bes13,sw18p2,
97108,leaf-spine,sys1-lon14-p-swi-bel19,sw60p2,,sys1-lon14-p-swi-bes13,sw19p1,
97109,leaf-spine,sys1-lon14-p-swi-bel19,sw60p1,,sys1-lon14-p-swi-bes13,sw19p2,
97110,leaf-spine,sys1-lon14-p-swi-bel20,sw60p2,,sys1-lon14-p-swi-bes13,sw20p1,
97111,leaf-spine,sys1-lon14-p-swi-bel20,sw60p1,,sys1-lon14-p-swi-bes13,sw20p2,
97112,leaf-spine,sys1-lon14-p-swi-bel21,sw60p2,,sys1-lon14-p-swi-bes13,sw21p1,
97113,leaf-spine,sys1-lon14-p-swi-bel21,sw60p1,,sys1-lon14-p-swi-bes13,sw21p2,
97114,leaf-spine,sys1-lon14-p-swi-bel22,sw60p2,,sys1-lon14-p-swi-bes13,sw22p1,
97115,leaf-spine,sys1-lon14-p-swi-bel22,sw60p1,,sys1-lon14-p-swi-bes13,sw22p2,
97116,leaf-spine,sys1-lon14-p-swi-bel23,sw60p2,,sys1-lon14-p-swi-bes13,sw23p1,
97117,leaf-spine,sys1-lon14-p-swi-bel23,sw60p1,,sys1-lon14-p-swi-bes13,sw23p2,
97118,leaf-spine,sys1-lon14-p-swi-bel24,sw60p2,,sys1-lon14-p-swi-bes13,sw24p1,
97119,leaf-spine,sys1-lon14-p-swi-bel24,sw60p1,,sys1-lon14-p-swi-bes13,sw24p2,
97120,leaf-spine,sys1-lon14-p-swi-bel25,sw60p2,,sys1-lon14-p-swi-bes13,sw25p1,
97121,leaf-spine,sys1-lon14-p-swi-bel25,sw60p1,,sys1-lon14-p-swi-bes13,sw25p2,
97122,leaf-spine,sys1-lon14-p-swi-bel26,sw60p2,,sys1-lon14-p-swi-bes13,sw26p1,
97123,leaf-spine,sys1-lon14-p-swi-bel26,sw60p1,,sys1-lon14-p-swi-bes13,sw26p2,
97124,leaf-spine,sys1-lon14-p-swi-bel27,sw60p2,,sys1-lon14-p-swi-bes13,sw27p1,
97125,leaf-spine,sys1-lon14-p-swi-bel27,sw60p1,,sys1-lon14-p-swi-bes13,sw27p2,
97126,leaf-spine,sys1-lon14-p-swi-bel28,sw60p2,,sys1-lon14-p-swi-bes13,sw28p1,
97127,leaf-spine,sys1-lon14-p-swi-bel28,sw60p1,,sys1-lon14-p-swi-bes13,sw28p2,
97128,leaf-spine,sys1-lon14-p-swi-bel29,sw60p2,,sys1-lon14-p-swi-bes13,sw29p1,
97129,leaf-spine,sys1-lon14-p-swi-bel29,sw60p1,,sys1-lon14-p-swi-bes13,sw29p2,
97130,leaf-spine,sys1-lon14-p-swi-bel30,sw60p2,,sys1-lon14-p-swi-bes13,sw30p1,
97131,leaf-spine,sys1-lon14-p-swi-bel30,sw60p1,,sys1-lon14-p-swi-bes13,sw30p2,
97132,leaf-spine,sys1-lon14-p-swi-bel31,sw60p2,,sys1-lon14-p-swi-bes13,sw31p1,
97133,leaf-spine,sys1-lon14-p-swi-bel31,sw60p1,,sys1-lon14-p-swi-bes13,sw31p2,
97134,leaf-spine,sys1-lon14-p-swi-bel32,sw60p2,,sys1-lon14-p-swi-bes13,sw32p1,
97135,leaf-spine,sys1-lon14-p-swi-bel32,sw60p1,,sys1-lon14-p-swi-bes13,sw32p2,
97136,leaf-spine,sys1-lon14-p-swi-bel33,sw60p2,,sys1-lon14-p-swi-bes13,sw33p1,
97137,leaf-spine,sys1-lon14-p-swi-bel33,sw60p1,,sys1-lon14-p-swi-bes13,sw33p2,
97138,leaf-spine,sys1-lon14-p-swi-bel34,sw60p2,,sys1-lon14-p-swi-bes13,sw34p1,
97139,leaf-spine,sys1-lon14-p-swi-bel34,sw60p1,,sys1-lon14-p-swi-bes13,sw34p2,
97140,leaf-spine,sys1-lon14-p-swi-bel35,sw60p2,,sys1-lon14-p-swi-bes13,sw35p1,
97141,leaf-spine,sys1-lon14-p-swi-bel35,sw60p1,,sys1-lon14-p-swi-bes13,sw35p2,
97142,leaf-spine,sys1-lon14-p-swi-bel36,sw60p2,,sys1-lon14-p-swi-bes13,sw36p1,
97143,leaf-spine,sys1-lon14-p-swi-bel36,sw60p1,,sys1-lon14-p-swi-bes13,sw36p2,
97144,leaf-spine,sys1-lon14-p-swi-bel37,sw60p2,,sys1-lon14-p-swi-bes13,sw37p1,
97145,leaf-spine,sys1-lon14-p-swi-bel37,sw60p1,,sys1-lon14-p-swi-bes13,sw37p2,
97146,leaf-spine,sys1-lon14-p-swi-bel38,sw60p2,,sys1-lon14-p-swi-bes13,sw38p1,
97147,leaf-spine,sys1-lon14-p-swi-bel38,sw60p1,,sys1-lon14-p-swi-bes13,sw38p2,
97148,leaf-spine,sys1-lon14-p-swi-bel39,sw60p2,,sys1-lon14-p-swi-bes13,sw39p1,
97149,leaf-spine,sys1-lon14-p-swi-bel39,sw60p1,,sys1-lon14-p-swi-bes13,sw39p2,
97150,leaf-spine,sys1-lon14-p-swi-bel40,sw60p2,,sys1-lon14-p-swi-bes13,sw40p1,
97151,leaf-spine,sys1-lon14-p-swi-bel40,sw60p1,,sys1-lon14-p-swi-bes13,sw40p2,
97152,leaf-spine,sys1-lon14-p-swi-bel41,sw60p2,,sys1-lon14-p-swi-bes13,sw41p1,
97153,leaf-spine,sys1-lon14-p-swi-bel41,sw60p1,,sys1-lon14-p-swi-bes13,sw41p2,
97154,leaf-spine,sys1-lon14-p-swi-bel42,sw60p2,,sys1-lon14-p-swi-bes13,sw42p1,
97155,leaf-spine,sys1-lon14-p-swi-bel42,sw60p1,,sys1-lon14-p-swi-bes13,sw42p2,
97156,leaf-spine,sys1-lon14-p-swi-bel43,sw60p2,,sys1-lon14-p-swi-bes13,sw43p1,
97157,leaf-spine,sys1-lon14-p-swi-bel43,sw60p1,,sys1-lon14-p-swi-bes13,sw43p2,
97158,leaf-spine,sys1-lon14-p-swi-bel44,sw60p2,,sys1-lon14-p-swi-bes13,sw44p1,
97159,leaf-spine,sys1-lon14-p-swi-bel44,sw60p1,,sys1-lon14-p-swi-bes13,sw44p2,
97160,leaf-spine,sys1-lon14-p-swi-bel45,sw60p2,,sys1-lon14-p-swi-bes13,sw45p1,
97161,leaf-spine,sys1-lon14-p-swi-bel45,sw60p1,,sys1-lon14-p-swi-bes13,sw45p2,
97162,leaf-spine,sys1-lon14-p-swi-bel46,sw60p2,,sys1-lon14-p-swi-bes13,sw46p1,
97163,leaf-spine,sys1-lon14-p-swi-bel46,sw60p1,,sys1-lon14-p-swi-bes13,sw46p2,
97164,leaf-spine,sys1-lon14-p-swi-bel47,sw60p2,,sys1-lon14-p-swi-bes13,sw47p1,
97165,leaf-spine,sys1-lon14-p-swi-bel47,sw60p1,,sys1-lon14-p-swi-bes13,sw47p2,
97166,leaf-spine,sys1-lon14-p-swi-bel48,sw60p2,,sys1-lon14-p-swi-bes13,sw48p1,
97167,leaf-spine,sys1-lon14-p-swi-bel48,sw60p1,,sys1-lon14-p-swi-bes13,sw48p2,
97168,leaf-spine,sys1-lon14-p-swi-bel49,sw60p2,,sys1-lon14-p-swi-bes13,sw49p1,
97169,leaf-spine,sys1-lon14-p-swi-bel49,sw60p1,,sys1-lon14-p-swi-bes13,sw49p2,
97170,leaf-spine,sys1-lon14-p-swi-bel50,sw60p2,,sys1-lon14-p-swi-bes13,sw50p1,
97171,leaf-spine,sys1-lon14-p-swi-bel50,sw60p1,,sys1-lon14-p-swi-bes13,sw50p2,
97172,leaf-spine,sys1-lon14-p-swi-bel51,sw60p2,,sys1-lon14-p-swi-bes13,sw51p1,
97173,leaf-spine,sys1-lon14-p-swi-bel51,sw60p1,,sys1-lon14-p-swi-bes13,sw51p2,
97174,leaf-spine,sys1-lon14-p-swi-bel52,sw60p2,,sys1-lon14-p-swi-bes13,sw52p1,
97175,leaf-spine,sys1-lon14-p-swi-bel52,sw60p1,,sys1-lon14-p-swi-bes13,sw52p2,
97176,leaf-spine,sys1-lon14-p-swi-bel53,sw60p2,,sys1-lon14-p-swi-bes13,sw53p1,
97177,leaf-spine,sys1-lon14-p-swi-bel53,sw60p1,,sys1-lon14-p-swi-bes13,sw53p2,
97178,leaf-spine,sys1-lon14-p-swi-bel54,sw60p2,,sys1-lon14-p-swi-bes13,sw54p1,
97179,leaf-spine,sys1-lon14-p-swi-bel54,sw60p1,,sys1-lon14-p-swi-bes13,sw54p2,
97180,leaf-spine,sys1-lon14-p-swi-bel55,sw60p2,,sys1-lon14-p-swi-bes13,sw55p1,
97181,leaf-spine,sys1-lon14-p-swi-bel55,sw60p1,,sys1-lon14-p-swi-bes13,sw55p2,
97182,leaf-spine,sys1-lon14-p-swi-bel56,sw60p2,,sys1-lon14-p-swi-bes13,sw56p1,
97183,leaf-spine,sys1-lon14-p-swi-bel56,sw60p1,,sys1-lon14-p-swi-bes13,sw56p2,
97184,leaf-spine,sys1-lon14-p-swi-bel57,sw60p2,,sys1-lon14-p-swi-bes13,sw57p1,
97185,leaf-spine,sys1-lon14-p-swi-bel57,sw60p1,,sys1-lon14-p-swi-bes13,sw57p2,
97186,leaf-spine,sys1-lon14-p-swi-bel58,sw60p2,,sys1-lon14-p-swi-bes13,sw58p1,
97187,leaf-spine,sys1-lon14-p-swi-bel58,sw60p1,,sys1-lon14-p-swi-bes13,sw58p2,
97188,leaf-spine,sys1-lon14-p-swi-bel59,sw60p2,,sys1-lon14-p-swi-bes13,sw59p1,
97189,leaf-spine,sys1-lon14-p-swi-bel59,sw60p1,,sys1-lon14-p-swi-bes13,sw59p2,
97190,leaf-spine,sys1-lon14-p-swi-bel60,sw60p2,,sys1-lon14-p-swi-bes13,sw60p1,
97191,leaf-spine,sys1-lon14-p-swi-bel60,sw60p1,,sys1-lon14-p-swi-bes13,sw60p2,
97192,leaf-spine,sys1-lon14-p-swi-bel61,sw60p2,,sys1-lon14-p-swi-bes13,sw61p1,
97193,leaf-spine,sys1-lon14-p-swi-bel61,sw60p1,,sys1-lon14-p-swi-bes13,sw61p2,
97194,leaf-spine,sys1-lon14-p-swi-bel62,sw60p2,,sys1-lon14-p-swi-bes13,sw62p1,
97195,leaf-spine,sys1-lon14-p-swi-bel62,sw60p1,,sys1-lon14-p-swi-bes13,sw62p2,
97196,leaf-spine,sys1-lon14-p-swi-bel63,sw60p2,,sys1-lon14-p-swi-bes13,sw63p1,
97197,leaf-spine,sys1-lon14-p-swi-bel63,sw60p1,,sys1-lon14-p-swi-bes13,sw63p2,
97198,leaf-spine,sys1-lon14-p-swi-bel64,sw60p2,,sys1-lon14-p-swi-bes13,sw64p1,
97199,leaf-spine,sys1-lon14-p-swi-bel64,sw60p1,,sys1-lon14-p-swi-bes13,sw64p2,
97200,leaf-spine,sys1-lon14-p-swi-bel1,sw59p2,,sys1-lon14-p-swi-bes14,sw1p1,
97201,leaf-spine,sys1-lon14-p-swi-bel1,sw59p1,,sys1-lon14-p-swi-bes14,sw1p2,
97202,leaf-spine,sys1-lon14-p-swi-bel2,sw59p2,,sys1-lon14-p-swi-bes14,sw2p1,
97203,leaf-spine,sys1-lon14-p-swi-bel2,sw59p1,,sys1-lon14-p-swi-bes14,sw2p2,
97204,leaf-spine,sys1-lon14-p-swi-bel3,sw59p2,,sys1-lon14-p-swi-bes14,sw3p1,
97205,leaf-spine,sys1-lon14-p-swi-bel3,sw59p1,,sys1-lon14-p-swi-bes14,sw3p2,
97206,leaf-spine,sys1-lon14-p-swi-bel4,sw59p2,,sys1-lon14-p-swi-bes14,sw4p1,
97207,leaf-spine,sys1-lon14-p-swi-bel4,sw59p1,,sys1-lon14-p-swi-bes14,sw4p2,
97208,leaf-spine,sys1-lon14-p-swi-bel5,sw59p2,,sys1-lon14-p-swi-bes14,sw5p1,
97209,leaf-spine,sys1-lon14-p-swi-bel5,sw59p1,,sys1-lon14-p-swi-bes14,sw5p2,
97210,leaf-spine,sys1-lon14-p-swi-bel6,sw59p2,,sys1-lon14-p-swi-bes14,sw6p1,
97211,leaf-spine,sys1-lon14-p-swi-bel6,sw59p1,,sys1-lon14-p-swi-bes14,sw6p2,
97212,leaf-spine,sys1-lon14-p-swi-bel7,sw59p2,,sys1-lon14-p-swi-bes14,sw7p1,
97213,leaf-spine,sys1-lon14-p-swi-bel7,sw59p1,,sys1-lon14-p-swi-bes14,sw7p2,
97214,leaf-spine,sys1-lon14-p-swi-bel8,sw59p2,,sys1-lon14-p-swi-bes14,sw8p1,
97215,leaf-spine,sys1-lon14-p-swi-bel8,sw59p1,,sys1-lon14-p-swi-bes14,sw8p2,
97216,leaf-spine,sys1-lon14-p-swi-bel9,sw59p2,,sys1-lon14-p-swi-bes14,sw9p1,
97217,leaf-spine,sys1-lon14-p-swi-bel9,sw59p1,,sys1-lon14-p-swi-bes14,sw9p2,
97218,leaf-spine,sys1-lon14-p-swi-bel10,sw59p2,,sys1-lon14-p-swi-bes14,sw10p1,
97219,leaf-spine,sys1-lon14-p-swi-bel10,sw59p1,,sys1-lon14-p-swi-bes14,sw10p2,
97220,leaf-spine,sys1-lon14-p-swi-bel11,sw59p2,,sys1-lon14-p-swi-bes14,sw11p1,
97221,leaf-spine,sys1-lon14-p-swi-bel11,sw59p1,,sys1-lon14-p-swi-bes14,sw11p2,
97222,leaf-spine,sys1-lon14-p-swi-bel12,sw59p2,,sys1-lon14-p-swi-bes14,sw12p1,
97223,leaf-spine,sys1-lon14-p-swi-bel12,sw59p1,,sys1-lon14-p-swi-bes14,sw12p2,
97224,leaf-spine,sys1-lon14-p-swi-bel13,sw59p2,,sys1-lon14-p-swi-bes14,sw13p1,
97225,leaf-spine,sys1-lon14-p-swi-bel13,sw59p1,,sys1-lon14-p-swi-bes14,sw13p2,
97226,leaf-spine,sys1-lon14-p-swi-bel14,sw59p2,,sys1-lon14-p-swi-bes14,sw14p1,
97227,leaf-spine,sys1-lon14-p-swi-bel14,sw59p1,,sys1-lon14-p-swi-bes14,sw14p2,
97228,leaf-spine,sys1-lon14-p-swi-bel15,sw59p2,,sys1-lon14-p-swi-bes14,sw15p1,
97229,leaf-spine,sys1-lon14-p-swi-bel15,sw59p1,,sys1-lon14-p-swi-bes14,sw15p2,
97230,leaf-spine,sys1-lon14-p-swi-bel16,sw59p2,,sys1-lon14-p-swi-bes14,sw16p1,
97231,leaf-spine,sys1-lon14-p-swi-bel16,sw59p1,,sys1-lon14-p-swi-bes14,sw16p2,
97232,leaf-spine,sys1-lon14-p-swi-bel17,sw59p2,,sys1-lon14-p-swi-bes14,sw17p1,
97233,leaf-spine,sys1-lon14-p-swi-bel17,sw59p1,,sys1-lon14-p-swi-bes14,sw17p2,
97234,leaf-spine,sys1-lon14-p-swi-bel18,sw59p2,,sys1-lon14-p-swi-bes14,sw18p1,
97235,leaf-spine,sys1-lon14-p-swi-bel18,sw59p1,,sys1-lon14-p-swi-bes14,sw18p2,
97236,leaf-spine,sys1-lon14-p-swi-bel19,sw59p2,,sys1-lon14-p-swi-bes14,sw19p1,
97237,leaf-spine,sys1-lon14-p-swi-bel19,sw59p1,,sys1-lon14-p-swi-bes14,sw19p2,
97238,leaf-spine,sys1-lon14-p-swi-bel20,sw59p2,,sys1-lon14-p-swi-bes14,sw20p1,
97239,leaf-spine,sys1-lon14-p-swi-bel20,sw59p1,,sys1-lon14-p-swi-bes14,sw20p2,
97240,leaf-spine,sys1-lon14-p-swi-bel21,sw59p2,,sys1-lon14-p-swi-bes14,sw21p1,
97241,leaf-spine,sys1-lon14-p-swi-bel21,sw59p1,,sys1-lon14-p-swi-bes14,sw21p2,
97242,leaf-spine,sys1-lon14-p-swi-bel22,sw59p2,,sys1-lon14-p-swi-bes14,sw22p1,
97243,leaf-spine,sys1-lon14-p-swi-bel22,sw59p1,,sys1-lon14-p-swi-bes14,sw22p2,
97244,leaf-spine,sys1-lon14-p-swi-bel23,sw59p2,,sys1-lon14-p-swi-bes14,sw23p1,
97245,leaf-spine,sys1-lon14-p-swi-bel23,sw59p1,,sys1-lon14-p-swi-bes14,sw23p2,
97246,leaf-spine,sys1-lon14-p-swi-bel24,sw59p2,,sys1-lon14-p-swi-bes14,sw24p1,
97247,leaf-spine,sys1-lon14-p-swi-bel24,sw59p1,,sys1-lon14-p-swi-bes14,sw24p2,
97248,leaf-spine,sys1-lon14-p-swi-bel25,sw59p2,,sys1-lon14-p-swi-bes14,sw25p1,
97249,leaf-spine,sys1-lon14-p-swi-bel25,sw59p1,,sys1-lon14-p-swi-bes14,sw25p2,
97250,leaf-spine,sys1-lon14-p-swi-bel26,sw59p2,,sys1-lon14-p-swi-bes14,sw26p1,
97251,leaf-spine,sys1-lon14-p-swi-bel26,sw59p1,,sys1-lon14-p-swi-bes14,sw26p2,
97252,leaf-spine,sys1-lon14-p-swi-bel27,sw59p2,,sys1-lon14-p-swi-bes14,sw27p1,
97253,leaf-spine,sys1-lon14-p-swi-bel27,sw59p1,,sys1-lon14-p-swi-bes14,sw27p2,
97254,leaf-spine,sys1-lon14-p-swi-bel28,sw59p2,,sys1-lon14-p-swi-bes14,sw28p1,
97255,leaf-spine,sys1-lon14-p-swi-bel28,sw59p1,,sys1-lon14-p-swi-bes14,sw28p2,
97256,leaf-spine,sys1-lon14-p-swi-bel29,sw59p2,,sys1-lon14-p-swi-bes14,sw29p1,
97257,leaf-spine,sys1-lon14-p-swi-bel29,sw59p1,,sys1-lon14-p-swi-bes14,sw29p2,
97258,leaf-spine,sys1-lon14-p-swi-bel30,sw59p2,,sys1-lon14-p-swi-bes14,sw30p1,
97259,leaf-spine,sys1-lon14-p-swi-bel30,sw59p1,,sys1-lon14-p-swi-bes14,sw30p2,
97260,leaf-spine,sys1-lon14-p-swi-bel31,sw59p2,,sys1-lon14-p-swi-bes14,sw31p1,
97261,leaf-spine,sys1-lon14-p-swi-bel31,sw59p1,,sys1-lon14-p-swi-bes14,sw31p2,
97262,leaf-spine,sys1-lon14-p-swi-bel32,sw59p2,,sys1-lon14-p-swi-bes14,sw32p1,
97263,leaf-spine,sys1-lon14-p-swi-bel32,sw59p1,,sys1-lon14-p-swi-bes14,sw32p2,
97264,leaf-spine,sys1-lon14-p-swi-bel33,sw59p2,,sys1-lon14-p-swi-bes14,sw33p1,
97265,leaf-spine,sys1-lon14-p-swi-bel33,sw59p1,,sys1-lon14-p-swi-bes14,sw33p2,
97266,leaf-spine,sys1-lon14-p-swi-bel34,sw59p2,,sys1-lon14-p-swi-bes14,sw34p1,
97267,leaf-spine,sys1-lon14-p-swi-bel34,sw59p1,,sys1-lon14-p-swi-bes14,sw34p2,
97268,leaf-spine,sys1-lon14-p-swi-bel35,sw59p2,,sys1-lon14-p-swi-bes14,sw35p1,
97269,leaf-spine,sys1-lon14-p-swi-bel35,sw59p1,,sys1-lon14-p-swi-bes14,sw35p2,
97270,leaf-spine,sys1-lon14-p-swi-bel36,sw59p2,,sys1-lon14-p-swi-bes14,sw36p1,
97271,leaf-spine,sys1-lon14-p-swi-bel36,sw59p1,,sys1-lon14-p-swi-bes14,sw36p2,
97272,leaf-spine,sys1-lon14-p-swi-bel37,sw59p2,,sys1-lon14-p-swi-bes14,sw37p1,
97273,leaf-spine,sys1-lon14-p-swi-bel37,sw59p1,,sys1-lon14-p-swi-bes14,sw37p2,
97274,leaf-spine,sys1-lon14-p-swi-bel38,sw59p2,,sys1-lon14-p-swi-bes14,sw38p1,
97275,leaf-spine,sys1-lon14-p-swi-bel38,sw59p1,,sys1-lon14-p-swi-bes14,sw38p2,
97276,leaf-spine,sys1-lon14-p-swi-bel39,sw59p2,,sys1-lon14-p-swi-bes14,sw39p1,
97277,leaf-spine,sys1-lon14-p-swi-bel39,sw59p1,,sys1-lon14-p-swi-bes14,sw39p2,
97278,leaf-spine,sys1-lon14-p-swi-bel40,sw59p2,,sys1-lon14-p-swi-bes14,sw40p1,
97279,leaf-spine,sys1-lon14-p-swi-bel40,sw59p1,,sys1-lon14-p-swi-bes14,sw40p2,
97280,leaf-spine,sys1-lon14-p-swi-bel41,sw59p2,,sys1-lon14-p-swi-bes14,sw41p1,
97281,leaf-spine,sys1-lon14-p-swi-bel41,sw59p1,,sys1-lon14-p-swi-bes14,sw41p2,
97282,leaf-spine,sys1-lon14-p-swi-bel42,sw59p2,,sys1-lon14-p-swi-bes14,sw42p1,
97283,leaf-spine,sys1-lon14-p-swi-bel42,sw59p1,,sys1-lon14-p-swi-bes14,sw42p2,
97284,leaf-spine,sys1-lon14-p-swi-bel43,sw59p2,,sys1-lon14-p-swi-bes14,sw43p1,
97285,leaf-spine,sys1-lon14-p-swi-bel43,sw59p1,,sys1-lon14-p-swi-bes14,sw43p2,
97286,leaf-spine,sys1-lon14-p-swi-bel44,sw59p2,,sys1-lon14-p-swi-bes14,sw44p1,
97287,leaf-spine,sys1-lon14-p-swi-bel44,sw59p1,,sys1-lon14-p-swi-bes14,sw44p2,
97288,leaf-spine,sys1-lon14-p-swi-bel45,sw59p2,,sys1-lon14-p-swi-bes14,sw45p1,
97289,leaf-spine,sys1-lon14-p-swi-bel45,sw59p1,,sys1-lon14-p-swi-bes14,sw45p2,
97290,leaf-spine,sys1-lon14-p-swi-bel46,sw59p2,,sys1-lon14-p-swi-bes14,sw46p1,
97291,leaf-spine,sys1-lon14-p-swi-bel46,sw59p1,,sys1-lon14-p-swi-bes14,sw46p2,
97292,leaf-spine,sys1-lon14-p-swi-bel47,sw59p2,,sys1-lon14-p-swi-bes14,sw47p1,
97293,leaf-spine,sys1-lon14-p-swi-bel47,sw59p1,,sys1-lon14-p-swi-bes14,sw47p2,
97294,leaf-spine,sys1-lon14-p-swi-bel48,sw59p2,,sys1-lon14-p-swi-bes14,sw48p1,
97295,leaf-spine,sys1-lon14-p-swi-bel48,sw59p1,,sys1-lon14-p-swi-bes14,sw48p2,
97296,leaf-spine,sys1-lon14-p-swi-bel49,sw59p2,,sys1-lon14-p-swi-bes14,sw49p1,
97297,leaf-spine,sys1-lon14-p-swi-bel49,sw59p1,,sys1-lon14-p-swi-bes14,sw49p2,
97298,leaf-spine,sys1-lon14-p-swi-bel50,sw59p2,,sys1-lon14-p-swi-bes14,sw50p1,
97299,leaf-spine,sys1-lon14-p-swi-bel50,sw59p1,,sys1-lon14-p-swi-bes14,sw50p2,
97300,leaf-spine,sys1-lon14-p-swi-bel51,sw59p2,,sys1-lon14-p-swi-bes14,sw51p1,
97301,leaf-spine,sys1-lon14-p-swi-bel51,sw59p1,,sys1-lon14-p-swi-bes14,sw51p2,
97302,leaf-spine,sys1-lon14-p-swi-bel52,sw59p2,,sys1-lon14-p-swi-bes14,sw52p1,
97303,leaf-spine,sys1-lon14-p-swi-bel52,sw59p1,,sys1-lon14-p-swi-bes14,sw52p2,
97304,leaf-spine,sys1-lon14-p-swi-bel53,sw59p2,,sys1-lon14-p-swi-bes14,sw53p1,
97305,leaf-spine,sys1-lon14-p-swi-bel53,sw59p1,,sys1-lon14-p-swi-bes14,sw53p2,
97306,leaf-spine,sys1-lon14-p-swi-bel54,sw59p2,,sys1-lon14-p-swi-bes14,sw54p1,
97307,leaf-spine,sys1-lon14-p-swi-bel54,sw59p1,,sys1-lon14-p-swi-bes14,sw54p2,
97308,leaf-spine,sys1-lon14-p-swi-bel55,sw59p2,,sys1-lon14-p-swi-bes14,sw55p1,
97309,leaf-spine,sys1-lon14-p-swi-bel55,sw59p1,,sys1-lon14-p-swi-bes14,sw55p2,
97310,leaf-spine,sys1-lon14-p-swi-bel56,sw59p2,,sys1-lon14-p-swi-bes14,sw56p1,
97311,leaf-spine,sys1-lon14-p-swi-bel56,sw59p1,,sys1-lon14-p-swi-bes14,sw56p2,
97312,leaf-spine,sys1-lon14-p-swi-bel57,sw59p2,,sys1-lon14-p-swi-bes14,sw57p1,
97313,leaf-spine,sys1-lon14-p-swi-bel57,sw59p1,,sys1-lon14-p-swi-bes14,sw57p2,
97314,leaf-spine,sys1-lon14-p-swi-bel58,sw59p2,,sys1-lon14-p-swi-bes14,sw58p1,
97315,leaf-spine,sys1-lon14-p-swi-bel58,sw59p1,,sys1-lon14-p-swi-bes14,sw58p2,
97316,leaf-spine,sys1-lon14-p-swi-bel59,sw59p2,,sys1-lon14-p-swi-bes14,sw59p1,
97317,leaf-spine,sys1-lon14-p-swi-bel59,sw59p1,,sys1-lon14-p-swi-bes14,sw59p2,
97318,leaf-spine,sys1-lon14-p-swi-bel60,sw59p2,,sys1-lon14-p-swi-bes14,sw60p1,
97319,leaf-spine,sys1-lon14-p-swi-bel60,sw59p1,,sys1-lon14-p-swi-bes14,sw60p2,
97320,leaf-spine,sys1-lon14-p-swi-bel61,sw59p2,,sys1-lon14-p-swi-bes14,sw61p1,
97321,leaf-spine,sys1-lon14-p-swi-bel61,sw59p1,,sys1-lon14-p-swi-bes14,sw61p2,
97322,leaf-spine,sys1-lon14-p-swi-bel62,sw59p2,,sys1-lon14-p-swi-bes14,sw62p1,
97323,leaf-spine,sys1-lon14-p-swi-bel62,sw59p1,,sys1-lon14-p-swi-bes14,sw62p2,
97324,leaf-spine,sys1-lon14-p-swi-bel63,sw59p2,,sys1-lon14-p-swi-bes14,sw63p1,
97325,leaf-spine,sys1-lon14-p-swi-bel63,sw59p1,,sys1-lon14-p-swi-bes14,sw63p2,
97326,leaf-spine,sys1-lon14-p-swi-bel64,sw59p2,,sys1-lon14-p-swi-bes14,sw64p1,
97327,leaf-spine,sys1-lon14-p-swi-bel64,sw59p1,,sys1-lon14-p-swi-bes14,sw64p2,
97328,leaf-spine,sys1-lon14-p-swi-bel1,sw58p2,,sys1-lon14-p-swi-bes15,sw1p1,
97329,leaf-spine,sys1-lon14-p-swi-bel1,sw58p1,,sys1-lon14-p-swi-bes15,sw1p2,
97330,leaf-spine,sys1-lon14-p-swi-bel2,sw58p2,,sys1-lon14-p-swi-bes15,sw2p1,
97331,leaf-spine,sys1-lon14-p-swi-bel2,sw58p1,,sys1-lon14-p-swi-bes15,sw2p2,
97332,leaf-spine,sys1-lon14-p-swi-bel3,sw58p2,,sys1-lon14-p-swi-bes15,sw3p1,
97333,leaf-spine,sys1-lon14-p-swi-bel3,sw58p1,,sys1-lon14-p-swi-bes15,sw3p2,
97334,leaf-spine,sys1-lon14-p-swi-bel4,sw58p2,,sys1-lon14-p-swi-bes15,sw4p1,
97335,leaf-spine,sys1-lon14-p-swi-bel4,sw58p1,,sys1-lon14-p-swi-bes15,sw4p2,
97336,leaf-spine,sys1-lon14-p-swi-bel5,sw58p2,,sys1-lon14-p-swi-bes15,sw5p1,
97337,leaf-spine,sys1-lon14-p-swi-bel5,sw58p1,,sys1-lon14-p-swi-bes15,sw5p2,
97338,leaf-spine,sys1-lon14-p-swi-bel6,sw58p2,,sys1-lon14-p-swi-bes15,sw6p1,
97339,leaf-spine,sys1-lon14-p-swi-bel6,sw58p1,,sys1-lon14-p-swi-bes15,sw6p2,
97340,leaf-spine,sys1-lon14-p-swi-bel7,sw58p2,,sys1-lon14-p-swi-bes15,sw7p1,
97341,leaf-spine,sys1-lon14-p-swi-bel7,sw58p1,,sys1-lon14-p-swi-bes15,sw7p2,
97342,leaf-spine,sys1-lon14-p-swi-bel8,sw58p2,,sys1-lon14-p-swi-bes15,sw8p1,
97343,leaf-spine,sys1-lon14-p-swi-bel8,sw58p1,,sys1-lon14-p-swi-bes15,sw8p2,
97344,leaf-spine,sys1-lon14-p-swi-bel9,sw58p2,,sys1-lon14-p-swi-bes15,sw9p1,
97345,leaf-spine,sys1-lon14-p-swi-bel9,sw58p1,,sys1-lon14-p-swi-bes15,sw9p2,
97346,leaf-spine,sys1-lon14-p-swi-bel10,sw58p2,,sys1-lon14-p-swi-bes15,sw10p1,
97347,leaf-spine,sys1-lon14-p-swi-bel10,sw58p1,,sys1-lon14-p-swi-bes15,sw10p2,
97348,leaf-spine,sys1-lon14-p-swi-bel11,sw58p2,,sys1-lon14-p-swi-bes15,sw11p1,
97349,leaf-spine,sys1-lon14-p-swi-bel11,sw58p1,,sys1-lon14-p-swi-bes15,sw11p2,
97350,leaf-spine,sys1-lon14-p-swi-bel12,sw58p2,,sys1-lon14-p-swi-bes15,sw12p1,
97351,leaf-spine,sys1-lon14-p-swi-bel12,sw58p1,,sys1-lon14-p-swi-bes15,sw12p2,
97352,leaf-spine,sys1-lon14-p-swi-bel13,sw58p2,,sys1-lon14-p-swi-bes15,sw13p1,
97353,leaf-spine,sys1-lon14-p-swi-bel13,sw58p1,,sys1-lon14-p-swi-bes15,sw13p2,
97354,leaf-spine,sys1-lon14-p-swi-bel14,sw58p2,,sys1-lon14-p-swi-bes15,sw14p1,
97355,leaf-spine,sys1-lon14-p-swi-bel14,sw58p1,,sys1-lon14-p-swi-bes15,sw14p2,
97356,leaf-spine,sys1-lon14-p-swi-bel15,sw58p2,,sys1-lon14-p-swi-bes15,sw15p1,
97357,leaf-spine,sys1-lon14-p-swi-bel15,sw58p1,,sys1-lon14-p-swi-bes15,sw15p2,
97358,leaf-spine,sys1-lon14-p-swi-bel16,sw58p2,,sys1-lon14-p-swi-bes15,sw16p1,
97359,leaf-spine,sys1-lon14-p-swi-bel16,sw58p1,,sys1-lon14-p-swi-bes15,sw16p2,
97360,leaf-spine,sys1-lon14-p-swi-bel17,sw58p2,,sys1-lon14-p-swi-bes15,sw17p1,
97361,leaf-spine,sys1-lon14-p-swi-bel17,sw58p1,,sys1-lon14-p-swi-bes15,sw17p2,
97362,leaf-spine,sys1-lon14-p-swi-bel18,sw58p2,,sys1-lon14-p-swi-bes15,sw18p1,
97363,leaf-spine,sys1-lon14-p-swi-bel18,sw58p1,,sys1-lon14-p-swi-bes15,sw18p2,
97364,leaf-spine,sys1-lon14-p-swi-bel19,sw58p2,,sys1-lon14-p-swi-bes15,sw19p1,
97365,leaf-spine,sys1-lon14-p-swi-bel19,sw58p1,,sys1-lon14-p-swi-bes15,sw19p2,
97366,leaf-spine,sys1-lon14-p-swi-bel20,sw58p2,,sys1-lon14-p-swi-bes15,sw20p1,
97367,leaf-spine,sys1-lon14-p-swi-bel20,sw58p1,,sys1-lon14-p-swi-bes15,sw20p2,
97368,leaf-spine,sys1-lon14-p-swi-bel21,sw58p2,,sys1-lon14-p-swi-bes15,sw21p1,
97369,leaf-spine,sys1-lon14-p-swi-bel21,sw58p1,,sys1-lon14-p-swi-bes15,sw21p2,
97370,leaf-spine,sys1-lon14-p-swi-bel22,sw58p2,,sys1-lon14-p-swi-bes15,sw22p1,
97371,leaf-spine,sys1-lon14-p-swi-bel22,sw58p1,,sys1-lon14-p-swi-bes15,sw22p2,
97372,leaf-spine,sys1-lon14-p-swi-bel23,sw58p2,,sys1-lon14-p-swi-bes15,sw23p1,
97373,leaf-spine,sys1-lon14-p-swi-bel23,sw58p1,,sys1-lon14-p-swi-bes15,sw23p2,
97374,leaf-spine,sys1-lon14-p-swi-bel24,sw58p2,,sys1-lon14-p-swi-bes15,sw24p1,
97375,leaf-spine,sys1-lon14-p-swi-bel24,sw58p1,,sys1-lon14-p-swi-bes15,sw24p2,
97376,leaf-spine,sys1-lon14-p-swi-bel25,sw58p2,,sys1-lon14-p-swi-bes15,sw25p1,
97377,leaf-spine,sys1-lon14-p-swi-bel25,sw58p1,,sys1-lon14-p-swi-bes15,sw25p2,
97378,leaf-spine,sys1-lon14-p-swi-bel26,sw58p2,,sys1-lon14-p-swi-bes15,sw26p1,
97379,leaf-spine,sys1-lon14-p-swi-bel26,sw58p1,,sys1-lon14-p-swi-bes15,sw26p2,
97380,leaf-spine,sys1-lon14-p-swi-bel27,sw58p2,,sys1-lon14-p-swi-bes15,sw27p1,
97381,leaf-spine,sys1-lon14-p-swi-bel27,sw58p1,,sys1-lon14-p-swi-bes15,sw27p2,
97382,leaf-spine,sys1-lon14-p-swi-bel28,sw58p2,,sys1-lon14-p-swi-bes15,sw28p1,
97383,leaf-spine,sys1-lon14-p-swi-bel28,sw58p1,,sys1-lon14-p-swi-bes15,sw28p2,
97384,leaf-spine,sys1-lon14-p-swi-bel29,sw58p2,,sys1-lon14-p-swi-bes15,sw29p1,
97385,leaf-spine,sys1-lon14-p-swi-bel29,sw58p1,,sys1-lon14-p-swi-bes15,sw29p2,
97386,leaf-spine,sys1-lon14-p-swi-bel30,sw58p2,,sys1-lon14-p-swi-bes15,sw30p1,
97387,leaf-spine,sys1-lon14-p-swi-bel30,sw58p1,,sys1-lon14-p-swi-bes15,sw30p2,
97388,leaf-spine,sys1-lon14-p-swi-bel31,sw58p2,,sys1-lon14-p-swi-bes15,sw31p1,
97389,leaf-spine,sys1-lon14-p-swi-bel31,sw58p1,,sys1-lon14-p-swi-bes15,sw31p2,
97390,leaf-spine,sys1-lon14-p-swi-bel32,sw58p2,,sys1-lon14-p-swi-bes15,sw32p1,
97391,leaf-spine,sys1-lon14-p-swi-bel32,sw58p1,,sys1-lon14-p-swi-bes15,sw32p2,
97392,leaf-spine,sys1-lon14-p-swi-bel33,sw58p2,,sys1-lon14-p-swi-bes15,sw33p1,
97393,leaf-spine,sys1-lon14-p-swi-bel33,sw58p1,,sys1-lon14-p-swi-bes15,sw33p2,
97394,leaf-spine,sys1-lon14-p-swi-bel34,sw58p2,,sys1-lon14-p-swi-bes15,sw34p1,
97395,leaf-spine,sys1-lon14-p-swi-bel34,sw58p1,,sys1-lon14-p-swi-bes15,sw34p2,
97396,leaf-spine,sys1-lon14-p-swi-bel35,sw58p2,,sys1-lon14-p-swi-bes15,sw35p1,
97397,leaf-spine,sys1-lon14-p-swi-bel35,sw58p1,,sys1-lon14-p-swi-bes15,sw35p2,
97398,leaf-spine,sys1-lon14-p-swi-bel36,sw58p2,,sys1-lon14-p-swi-bes15,sw36p1,
97399,leaf-spine,sys1-lon14-p-swi-bel36,sw58p1,,sys1-lon14-p-swi-bes15,sw36p2,
97400,leaf-spine,sys1-lon14-p-swi-bel37,sw58p2,,sys1-lon14-p-swi-bes15,sw37p1,
97401,leaf-spine,sys1-lon14-p-swi-bel37,sw58p1,,sys1-lon14-p-swi-bes15,sw37p2,
97402,leaf-spine,sys1-lon14-p-swi-bel38,sw58p2,,sys1-lon14-p-swi-bes15,sw38p1,
97403,leaf-spine,sys1-lon14-p-swi-bel38,sw58p1,,sys1-lon14-p-swi-bes15,sw38p2,
97404,leaf-spine,sys1-lon14-p-swi-bel39,sw58p2,,sys1-lon14-p-swi-bes15,sw39p1,
97405,leaf-spine,sys1-lon14-p-swi-bel39,sw58p1,,sys1-lon14-p-swi-bes15,sw39p2,
97406,leaf-spine,sys1-lon14-p-swi-bel40,sw58p2,,sys1-lon14-p-swi-bes15,sw40p1,
97407,leaf-spine,sys1-lon14-p-swi-bel40,sw58p1,,sys1-lon14-p-swi-bes15,sw40p2,
97408,leaf-spine,sys1-lon14-p-swi-bel41,sw58p2,,sys1-lon14-p-swi-bes15,sw41p1,
97409,leaf-spine,sys1-lon14-p-swi-bel41,sw58p1,,sys1-lon14-p-swi-bes15,sw41p2,
97410,leaf-spine,sys1-lon14-p-swi-bel42,sw58p2,,sys1-lon14-p-swi-bes15,sw42p1,
97411,leaf-spine,sys1-lon14-p-swi-bel42,sw58p1,,sys1-lon14-p-swi-bes15,sw42p2,
97412,leaf-spine,sys1-lon14-p-swi-bel43,sw58p2,,sys1-lon14-p-swi-bes15,sw43p1,
97413,leaf-spine,sys1-lon14-p-swi-bel43,sw58p1,,sys1-lon14-p-swi-bes15,sw43p2,
97414,leaf-spine,sys1-lon14-p-swi-bel44,sw58p2,,sys1-lon14-p-swi-bes15,sw44p1,
97415,leaf-spine,sys1-lon14-p-swi-bel44,sw58p1,,sys1-lon14-p-swi-bes15,sw44p2,
97416,leaf-spine,sys1-lon14-p-swi-bel45,sw58p2,,sys1-lon14-p-swi-bes15,sw45p1,
97417,leaf-spine,sys1-lon14-p-swi-bel45,sw58p1,,sys1-lon14-p-swi-bes15,sw45p2,
97418,leaf-spine,sys1-lon14-p-swi-bel46,sw58p2,,sys1-lon14-p-swi-bes15,sw46p1,
97419,leaf-spine,sys1-lon14-p-swi-bel46,sw58p1,,sys1-lon14-p-swi-bes15,sw46p2,
97420,leaf-spine,sys1-lon14-p-swi-bel47,sw58p2,,sys1-lon14-p-swi-bes15,sw47p1,
97421,leaf-spine,sys1-lon14-p-swi-bel47,sw58p1,,sys1-lon14-p-swi-bes15,sw47p2,
97422,leaf-spine,sys1-lon14-p-swi-bel48,sw58p2,,sys1-lon14-p-swi-bes15,sw48p1,
97423,leaf-spine,sys1-lon14-p-swi-bel48,sw58p1,,sys1-lon14-p-swi-bes15,sw48p2,
97424,leaf-spine,sys1-lon14-p-swi-bel49,sw58p2,,sys1-lon14-p-swi-bes15,sw49p1,
97425,leaf-spine,sys1-lon14-p-swi-bel49,sw58p1,,sys1-lon14-p-swi-bes15,sw49p2,
97426,leaf-spine,sys1-lon14-p-swi-bel50,sw58p2,,sys1-lon14-p-swi-bes15,sw50p1,
97427,leaf-spine,sys1-lon14-p-swi-bel50,sw58p1,,sys1-lon14-p-swi-bes15,sw50p2,
97428,leaf-spine,sys1-lon14-p-swi-bel51,sw58p2,,sys1-lon14-p-swi-bes15,sw51p1,
97429,leaf-spine,sys1-lon14-p-swi-bel51,sw58p1,,sys1-lon14-p-swi-bes15,sw51p2,
97430,leaf-spine,sys1-lon14-p-swi-bel52,sw58p2,,sys1-lon14-p-swi-bes15,sw52p1,
97431,leaf-spine,sys1-lon14-p-swi-bel52,sw58p1,,sys1-lon14-p-swi-bes15,sw52p2,
97432,leaf-spine,sys1-lon14-p-swi-bel53,sw58p2,,sys1-lon14-p-swi-bes15,sw53p1,
97433,leaf-spine,sys1-lon14-p-swi-bel53,sw58p1,,sys1-lon14-p-swi-bes15,sw53p2,
97434,leaf-spine,sys1-lon14-p-swi-bel54,sw58p2,,sys1-lon14-p-swi-bes15,sw54p1,
97435,leaf-spine,sys1-lon14-p-swi-bel54,sw58p1,,sys1-lon14-p-swi-bes15,sw54p2,
97436,leaf-spine,sys1-lon14-p-swi-bel55,sw58p2,,sys1-lon14-p-swi-bes15,sw55p1,
97437,leaf-spine,sys1-lon14-p-swi-bel55,sw58p1,,sys1-lon14-p-swi-bes15,sw55p2,
97438,leaf-spine,sys1-lon14-p-swi-bel56,sw58p2,,sys1-lon14-p-swi-bes15,sw56p1,
97439,leaf-spine,sys1-lon14-p-swi-bel56,sw58p1,,sys1-lon14-p-swi-bes15,sw56p2,
97440,leaf-spine,sys1-lon14-p-swi-bel57,sw58p2,,sys1-lon14-p-swi-bes15,sw57p1,
97441,leaf-spine,sys1-lon14-p-swi-bel57,sw58p1,,sys1-lon14-p-swi-bes15,sw57p2,
97442,leaf-spine,sys1-lon14-p-swi-bel58,sw58p2,,sys1-lon14-p-swi-bes15,sw58p1,
97443,leaf-spine,sys1-lon14-p-swi-bel58,sw58p1,,sys1-lon14-p-swi-bes15,sw58p2,
97444,leaf-spine,sys1-lon14-p-swi-bel59,sw58p2,,sys1-lon14-p-swi-bes15,sw59p1,
97445,leaf-spine,sys1-lon14-p-swi-bel59,sw58p1,,sys1-lon14-p-swi-bes15,sw59p2,
97446,leaf-spine,sys1-lon14-p-swi-bel60,sw58p2,,sys1-lon14-p-swi-bes15,sw60p1,
97447,leaf-spine,sys1-lon14-p-swi-bel60,sw58p1,,sys1-lon14-p-swi-bes15,sw60p2,
97448,leaf-spine,sys1-lon14-p-swi-bel61,sw58p2,,sys1-lon14-p-swi-bes15,sw61p1,
97449,leaf-spine,sys1-lon14-p-swi-bel61,sw58p1,,sys1-lon14-p-swi-bes15,sw61p2,
97450,leaf-spine,sys1-lon14-p-swi-bel62,sw58p2,,sys1-lon14-p-swi-bes15,sw62p1,
97451,leaf-spine,sys1-lon14-p-swi-bel62,sw58p1,,sys1-lon14-p-swi-bes15,sw62p2,
97452,leaf-spine,sys1-lon14-p-swi-bel63,sw58p2,,sys1-lon14-p-swi-bes15,sw63p1,
97453,leaf-spine,sys1-lon14-p-swi-bel63,sw58p1,,sys1-lon14-p-swi-bes15,sw63p2,
97454,leaf-spine,sys1-lon14-p-swi-bel64,sw58p2,,sys1-lon14-p-swi-bes15,sw64p1,
97455,leaf-spine,sys1-lon14-p-swi-bel64,sw58p1,,sys1-lon14-p-swi-bes15,sw64p2,
97456,leaf-spine,sys1-lon14-p-swi-bel1,sw57p2,,sys1-lon14-p-swi-bes16,sw1p1,
97457,leaf-spine,sys1-lon14-p-swi-bel1,sw57p1,,sys1-lon14-p-swi-bes16,sw1p2,
97458,leaf-spine,sys1-lon14-p-swi-bel2,sw57p2,,sys1-lon14-p-swi-bes16,sw2p1,
97459,leaf-spine,sys1-lon14-p-swi-bel2,sw57p1,,sys1-lon14-p-swi-bes16,sw2p2,
97460,leaf-spine,sys1-lon14-p-swi-bel3,sw57p2,,sys1-lon14-p-swi-bes16,sw3p1,
97461,leaf-spine,sys1-lon14-p-swi-bel3,sw57p1,,sys1-lon14-p-swi-bes16,sw3p2,
97462,leaf-spine,sys1-lon14-p-swi-bel4,sw57p2,,sys1-lon14-p-swi-bes16,sw4p1,
97463,leaf-spine,sys1-lon14-p-swi-bel4,sw57p1,,sys1-lon14-p-swi-bes16,sw4p2,
97464,leaf-spine,sys1-lon14-p-swi-bel5,sw57p2,,sys1-lon14-p-swi-bes16,sw5p1,
97465,leaf-spine,sys1-lon14-p-swi-bel5,sw57p1,,sys1-lon14-p-swi-bes16,sw5p2,
97466,leaf-spine,sys1-lon14-p-swi-bel6,sw57p2,,sys1-lon14-p-swi-bes16,sw6p1,
97467,leaf-spine,sys1-lon14-p-swi-bel6,sw57p1,,sys1-lon14-p-swi-bes16,sw6p2,
97468,leaf-spine,sys1-lon14-p-swi-bel7,sw57p2,,sys1-lon14-p-swi-bes16,sw7p1,
97469,leaf-spine,sys1-lon14-p-swi-bel7,sw57p1,,sys1-lon14-p-swi-bes16,sw7p2,
97470,leaf-spine,sys1-lon14-p-swi-bel8,sw57p2,,sys1-lon14-p-swi-bes16,sw8p1,
97471,leaf-spine,sys1-lon14-p-swi-bel8,sw57p1,,sys1-lon14-p-swi-bes16,sw8p2,
97472,leaf-spine,sys1-lon14-p-swi-bel9,sw57p2,,sys1-lon14-p-swi-bes16,sw9p1,
97473,leaf-spine,sys1-lon14-p-swi-bel9,sw57p1,,sys1-lon14-p-swi-bes16,sw9p2,
97474,leaf-spine,sys1-lon14-p-swi-bel10,sw57p2,,sys1-lon14-p-swi-bes16,sw10p1,
97475,leaf-spine,sys1-lon14-p-swi-bel10,sw57p1,,sys1-lon14-p-swi-bes16,sw10p2,
97476,leaf-spine,sys1-lon14-p-swi-bel11,sw57p2,,sys1-lon14-p-swi-bes16,sw11p1,
97477,leaf-spine,sys1-lon14-p-swi-bel11,sw57p1,,sys1-lon14-p-swi-bes16,sw11p2,
97478,leaf-spine,sys1-lon14-p-swi-bel12,sw57p2,,sys1-lon14-p-swi-bes16,sw12p1,
97479,leaf-spine,sys1-lon14-p-swi-bel12,sw57p1,,sys1-lon14-p-swi-bes16,sw12p2,
97480,leaf-spine,sys1-lon14-p-swi-bel13,sw57p2,,sys1-lon14-p-swi-bes16,sw13p1,
97481,leaf-spine,sys1-lon14-p-swi-bel13,sw57p1,,sys1-lon14-p-swi-bes16,sw13p2,
97482,leaf-spine,sys1-lon14-p-swi-bel14,sw57p2,,sys1-lon14-p-swi-bes16,sw14p1,
97483,leaf-spine,sys1-lon14-p-swi-bel14,sw57p1,,sys1-lon14-p-swi-bes16,sw14p2,
97484,leaf-spine,sys1-lon14-p-swi-bel15,sw57p2,,sys1-lon14-p-swi-bes16,sw15p1,
97485,leaf-spine,sys1-lon14-p-swi-bel15,sw57p1,,sys1-lon14-p-swi-bes16,sw15p2,
97486,leaf-spine,sys1-lon14-p-swi-bel16,sw57p2,,sys1-lon14-p-swi-bes16,sw16p1,
97487,leaf-spine,sys1-lon14-p-swi-bel16,sw57p1,,sys1-lon14-p-swi-bes16,sw16p2,
97488,leaf-spine,sys1-lon14-p-swi-bel17,sw57p2,,sys1-lon14-p-swi-bes16,sw17p1,
97489,leaf-spine,sys1-lon14-p-swi-bel17,sw57p1,,sys1-lon14-p-swi-bes16,sw17p2,
97490,leaf-spine,sys1-lon14-p-swi-bel18,sw57p2,,sys1-lon14-p-swi-bes16,sw18p1,
97491,leaf-spine,sys1-lon14-p-swi-bel18,sw57p1,,sys1-lon14-p-swi-bes16,sw18p2,
97492,leaf-spine,sys1-lon14-p-swi-bel19,sw57p2,,sys1-lon14-p-swi-bes16,sw19p1,
97493,leaf-spine,sys1-lon14-p-swi-bel19,sw57p1,,sys1-lon14-p-swi-bes16,sw19p2,
97494,leaf-spine,sys1-lon14-p-swi-bel20,sw57p2,,sys1-lon14-p-swi-bes16,sw20p1,
97495,leaf-spine,sys1-lon14-p-swi-bel20,sw57p1,,sys1-lon14-p-swi-bes16,sw20p2,
97496,leaf-spine,sys1-lon14-p-swi-bel21,sw57p2,,sys1-lon14-p-swi-bes16,sw21p1,
97497,leaf-spine,sys1-lon14-p-swi-bel21,sw57p1,,sys1-lon14-p-swi-bes16,sw21p2,
97498,leaf-spine,sys1-lon14-p-swi-bel22,sw57p2,,sys1-lon14-p-swi-bes16,sw22p1,
97499,leaf-spine,sys1-lon14-p-swi-bel22,sw57p1,,sys1-lon14-p-swi-bes16,sw22p2,
97500,leaf-spine,sys1-lon14-p-swi-bel23,sw57p2,,sys1-lon14-p-swi-bes16,sw23p1,
97501,leaf-spine,sys1-lon14-p-swi-bel23,sw57p1,,sys1-lon14-p-swi-bes16,sw23p2,
97502,leaf-spine,sys1-lon14-p-swi-bel24,sw57p2,,sys1-lon14-p-swi-bes16,sw24p1,
97503,leaf-spine,sys1-lon14-p-swi-bel24,sw57p1,,sys1-lon14-p-swi-bes16,sw24p2,
97504,leaf-spine,sys1-lon14-p-swi-bel25,sw57p2,,sys1-lon14-p-swi-bes16,sw25p1,
97505,leaf-spine,sys1-lon14-p-swi-bel25,sw57p1,,sys1-lon14-p-swi-bes16,sw25p2,
97506,leaf-spine,sys1-lon14-p-swi-bel26,sw57p2,,sys1-lon14-p-swi-bes16,sw26p1,
97507,leaf-spine,sys1-lon14-p-swi-bel26,sw57p1,,sys1-lon14-p-swi-bes16,sw26p2,
97508,leaf-spine,sys1-lon14-p-swi-bel27,sw57p2,,sys1-lon14-p-swi-bes16,sw27p1,
97509,leaf-spine,sys1-lon14-p-swi-bel27,sw57p1,,sys1-lon14-p-swi-bes16,sw27p2,
97510,leaf-spine,sys1-lon14-p-swi-bel28,sw57p2,,sys1-lon14-p-swi-bes16,sw28p1,
97511,leaf-spine,sys1-lon14-p-swi-bel28,sw57p1,,sys1-lon14-p-swi-bes16,sw28p2,
97512,leaf-spine,sys1-lon14-p-swi-bel29,sw57p2,,sys1-lon14-p-swi-bes16,sw29p1,
97513,leaf-spine,sys1-lon14-p-swi-bel29,sw57p1,,sys1-lon14-p-swi-bes16,sw29p2,
97514,leaf-spine,sys1-lon14-p-swi-bel30,sw57p2,,sys1-lon14-p-swi-bes16,sw30p1,
97515,leaf-spine,sys1-lon14-p-swi-bel30,sw57p1,,sys1-lon14-p-swi-bes16,sw30p2,
97516,leaf-spine,sys1-lon14-p-swi-bel31,sw57p2,,sys1-lon14-p-swi-bes16,sw31p1,
97517,leaf-spine,sys1-lon14-p-swi-bel31,sw57p1,,sys1-lon14-p-swi-bes16,sw31p2,
97518,leaf-spine,sys1-lon14-p-swi-bel32,sw57p2,,sys1-lon14-p-swi-bes16,sw32p1,
97519,leaf-spine,sys1-lon14-p-swi-bel32,sw57p1,,sys1-lon14-p-swi-bes16,sw32p2,
97520,leaf-spine,sys1-lon14-p-swi-bel33,sw57p2,,sys1-lon14-p-swi-bes16,sw33p1,
97521,leaf-spine,sys1-lon14-p-swi-bel33,sw57p1,,sys1-lon14-p-swi-bes16,sw33p2,
97522,leaf-spine,sys1-lon14-p-swi-bel34,sw57p2,,sys1-lon14-p-swi-bes16,sw34p1,
97523,leaf-spine,sys1-lon14-p-swi-bel34,sw57p1,,sys1-lon14-p-swi-bes16,sw34p2,
97524,leaf-spine,sys1-lon14-p-swi-bel35,sw57p2,,sys1-lon14-p-swi-bes16,sw35p1,
97525,leaf-spine,sys1-lon14-p-swi-bel35,sw57p1,,sys1-lon14-p-swi-bes16,sw35p2,
97526,leaf-spine,sys1-lon14-p-swi-bel36,sw57p2,,sys1-lon14-p-swi-bes16,sw36p1,
97527,leaf-spine,sys1-lon14-p-swi-bel36,sw57p1,,sys1-lon14-p-swi-bes16,sw36p2,
97528,leaf-spine,sys1-lon14-p-swi-bel37,sw57p2,,sys1-lon14-p-swi-bes16,sw37p1,
97529,leaf-spine,sys1-lon14-p-swi-bel37,sw57p1,,sys1-lon14-p-swi-bes16,sw37p2,
97530,leaf-spine,sys1-lon14-p-swi-bel38,sw57p2,,sys1-lon14-p-swi-bes16,sw38p1,
97531,leaf-spine,sys1-lon14-p-swi-bel38,sw57p1,,sys1-lon14-p-swi-bes16,sw38p2,
97532,leaf-spine,sys1-lon14-p-swi-bel39,sw57p2,,sys1-lon14-p-swi-bes16,sw39p1,
97533,leaf-spine,sys1-lon14-p-swi-bel39,sw57p1,,sys1-lon14-p-swi-bes16,sw39p2,
97534,leaf-spine,sys1-lon14-p-swi-bel40,sw57p2,,sys1-lon14-p-swi-bes16,sw40p1,
97535,leaf-spine,sys1-lon14-p-swi-bel40,sw57p1,,sys1-lon14-p-swi-bes16,sw40p2,
97536,leaf-spine,sys1-lon14-p-swi-bel41,sw57p2,,sys1-lon14-p-swi-bes16,sw41p1,
97537,leaf-spine,sys1-lon14-p-swi-bel41,sw57p1,,sys1-lon14-p-swi-bes16,sw41p2,
97538,leaf-spine,sys1-lon14-p-swi-bel42,sw57p2,,sys1-lon14-p-swi-bes16,sw42p1,
97539,leaf-spine,sys1-lon14-p-swi-bel42,sw57p1,,sys1-lon14-p-swi-bes16,sw42p2,
97540,leaf-spine,sys1-lon14-p-swi-bel43,sw57p2,,sys1-lon14-p-swi-bes16,sw43p1,
97541,leaf-spine,sys1-lon14-p-swi-bel43,sw57p1,,sys1-lon14-p-swi-bes16,sw43p2,
97542,leaf-spine,sys1-lon14-p-swi-bel44,sw57p2,,sys1-lon14-p-swi-bes16,sw44p1,
97543,leaf-spine,sys1-lon14-p-swi-bel44,sw57p1,,sys1-lon14-p-swi-bes16,sw44p2,
97544,leaf-spine,sys1-lon14-p-swi-bel45,sw57p2,,sys1-lon14-p-swi-bes16,sw45p1,
97545,leaf-spine,sys1-lon14-p-swi-bel45,sw57p1,,sys1-lon14-p-swi-bes16,sw45p2,
97546,leaf-spine,sys1-lon14-p-swi-bel46,sw57p2,,sys1-lon14-p-swi-bes16,sw46p1,
97547,leaf-spine,sys1-lon14-p-swi-bel46,sw57p1,,sys1-lon14-p-swi-bes16,sw46p2,
97548,leaf-spine,sys1-lon14-p-swi-bel47,sw57p2,,sys1-lon14-p-swi-bes16,sw47p1,
97549,leaf-spine,sys1-lon14-p-swi-bel47,sw57p1,,sys1-lon14-p-swi-bes16,sw47p2,
97550,leaf-spine,sys1-lon14-p-swi-bel48,sw57p2,,sys1-lon14-p-swi-bes16,sw48p1,
97551,leaf-spine,sys1-lon14-p-swi-bel48,sw57p1,,sys1-lon14-p-swi-bes16,sw48p2,
97552,leaf-spine,sys1-lon14-p-swi-bel49,sw57p2,,sys1-lon14-p-swi-bes16,sw49p1,
97553,leaf-spine,sys1-lon14-p-swi-bel49,sw57p1,,sys1-lon14-p-swi-bes16,sw49p2,
97554,leaf-spine,sys1-lon14-p-swi-bel50,sw57p2,,sys1-lon14-p-swi-bes16,sw50p1,
97555,leaf-spine,sys1-lon14-p-swi-bel50,sw57p1,,sys1-lon14-p-swi-bes16,sw50p2,
97556,leaf-spine,sys1-lon14-p-swi-bel51,sw57p2,,sys1-lon14-p-swi-bes16,sw51p1,
97557,leaf-spine,sys1-lon14-p-swi-bel51,sw57p1,,sys1-lon14-p-swi-bes16,sw51p2,
97558,leaf-spine,sys1-lon14-p-swi-bel52,sw57p2,,sys1-lon14-p-swi-bes16,sw52p1,
97559,leaf-spine,sys1-lon14-p-swi-bel52,sw57p1,,sys1-lon14-p-swi-bes16,sw52p2,
97560,leaf-spine,sys1-lon14-p-swi-bel53,sw57p2,,sys1-lon14-p-swi-bes16,sw53p1,
97561,leaf-spine,sys1-lon14-p-swi-bel53,sw57p1,,sys1-lon14-p-swi-bes16,sw53p2,
97562,leaf-spine,sys1-lon14-p-swi-bel54,sw57p2,,sys1-lon14-p-swi-bes16,sw54p1,
97563,leaf-spine,sys1-lon14-p-swi-bel54,sw57p1,,sys1-lon14-p-swi-bes16,sw54p2,
97564,leaf-spine,sys1-lon14-p-swi-bel55,sw57p2,,sys1-lon14-p-swi-bes16,sw55p1,
97565,leaf-spine,sys1-lon14-p-swi-bel55,sw57p1,,sys1-lon14-p-swi-bes16,sw55p2,
97566,leaf-spine,sys1-lon14-p-swi-bel56,sw57p2,,sys1-lon14-p-swi-bes16,sw56p1,
97567,leaf-spine,sys1-lon14-p-swi-bel56,sw57p1,,sys1-lon14-p-swi-bes16,sw56p2,
97568,leaf-spine,sys1-lon14-p-swi-bel57,sw57p2,,sys1-lon14-p-swi-bes16,sw57p1,
97569,leaf-spine,sys1-lon14-p-swi-bel57,sw57p1,,sys1-lon14-p-swi-bes16,sw57p2,
97570,leaf-spine,sys1-lon14-p-swi-bel58,sw57p2,,sys1-lon14-p-swi-bes16,sw58p1,
97571,leaf-spine,sys1-lon14-p-swi-bel58,sw57p1,,sys1-lon14-p-swi-bes16,sw58p2,
97572,leaf-spine,sys1-lon14-p-swi-bel59,sw57p2,,sys1-lon14-p-swi-bes16,sw59p1,
97573,leaf-spine,sys1-lon14-p-swi-bel59,sw57p1,,sys1-lon14-p-swi-bes16,sw59p2,
97574,leaf-spine,sys1-lon14-p-swi-bel60,sw57p2,,sys1-lon14-p-swi-bes16,sw60p1,
97575,leaf-spine,sys1-lon14-p-swi-bel60,sw57p1,,sys1-lon14-p-swi-bes16,sw60p2,
97576,leaf-spine,sys1-lon14-p-swi-bel61,sw57p2,,sys1-lon14-p-swi-bes16,sw61p1,
97577,leaf-spine,sys1-lon14-p-swi-bel61,sw57p1,,sys1-lon14-p-swi-bes16,sw61p2,
97578,leaf-spine,sys1-lon14-p-swi-bel62,sw57p2,,sys1-lon14-p-swi-bes16,sw62p1,
97579,leaf-spine,sys1-lon14-p-swi-bel62,sw57p1,,sys1-lon14-p-swi-bes16,sw62p2,
97580,leaf-spine,sys1-lon14-p-swi-bel63,sw57p2,,sys1-lon14-p-swi-bes16,sw63p1,
97581,leaf-spine,sys1-lon14-p-swi-bel63,sw57p1,,sys1-lon14-p-swi-bes16,sw63p2,
97582,leaf-spine,sys1-lon14-p-swi-bel64,sw57p2,,sys1-lon14-p-swi-bes16,sw64p1,
97583,leaf-spine,sys1-lon14-p-swi-bel64,sw57p1,,sys1-lon14-p-swi-bes16,sw64p2,
97584,leaf-spine,sys1-lon14-p-swi-bel1,sw56p2,,sys1-lon14-p-swi-bes17,sw1p1,
97585,leaf-spine,sys1-lon14-p-swi-bel1,sw56p1,,sys1-lon14-p-swi-bes17,sw1p2,
97586,leaf-spine,sys1-lon14-p-swi-bel2,sw56p2,,sys1-lon14-p-swi-bes17,sw2p1,
97587,leaf-spine,sys1-lon14-p-swi-bel2,sw56p1,,sys1-lon14-p-swi-bes17,sw2p2,
97588,leaf-spine,sys1-lon14-p-swi-bel3,sw56p2,,sys1-lon14-p-swi-bes17,sw3p1,
97589,leaf-spine,sys1-lon14-p-swi-bel3,sw56p1,,sys1-lon14-p-swi-bes17,sw3p2,
97590,leaf-spine,sys1-lon14-p-swi-bel4,sw56p2,,sys1-lon14-p-swi-bes17,sw4p1,
97591,leaf-spine,sys1-lon14-p-swi-bel4,sw56p1,,sys1-lon14-p-swi-bes17,sw4p2,
97592,leaf-spine,sys1-lon14-p-swi-bel5,sw56p2,,sys1-lon14-p-swi-bes17,sw5p1,
97593,leaf-spine,sys1-lon14-p-swi-bel5,sw56p1,,sys1-lon14-p-swi-bes17,sw5p2,
97594,leaf-spine,sys1-lon14-p-swi-bel6,sw56p2,,sys1-lon14-p-swi-bes17,sw6p1,
97595,leaf-spine,sys1-lon14-p-swi-bel6,sw56p1,,sys1-lon14-p-swi-bes17,sw6p2,
97596,leaf-spine,sys1-lon14-p-swi-bel7,sw56p2,,sys1-lon14-p-swi-bes17,sw7p1,
97597,leaf-spine,sys1-lon14-p-swi-bel7,sw56p1,,sys1-lon14-p-swi-bes17,sw7p2,
97598,leaf-spine,sys1-lon14-p-swi-bel8,sw56p2,,sys1-lon14-p-swi-bes17,sw8p1,
97599,leaf-spine,sys1-lon14-p-swi-bel8,sw56p1,,sys1-lon14-p-swi-bes17,sw8p2,
97600,leaf-spine,sys1-lon14-p-swi-bel9,sw56p2,,sys1-lon14-p-swi-bes17,sw9p1,
97601,leaf-spine,sys1-lon14-p-swi-bel9,sw56p1,,sys1-lon14-p-swi-bes17,sw9p2,
97602,leaf-spine,sys1-lon14-p-swi-bel10,sw56p2,,sys1-lon14-p-swi-bes17,sw10p1,
97603,leaf-spine,sys1-lon14-p-swi-bel10,sw56p1,,sys1-lon14-p-swi-bes17,sw10p2,
97604,leaf-spine,sys1-lon14-p-swi-bel11,sw56p2,,sys1-lon14-p-swi-bes17,sw11p1,
97605,leaf-spine,sys1-lon14-p-swi-bel11,sw56p1,,sys1-lon14-p-swi-bes17,sw11p2,
97606,leaf-spine,sys1-lon14-p-swi-bel12,sw56p2,,sys1-lon14-p-swi-bes17,sw12p1,
97607,leaf-spine,sys1-lon14-p-swi-bel12,sw56p1,,sys1-lon14-p-swi-bes17,sw12p2,
97608,leaf-spine,sys1-lon14-p-swi-bel13,sw56p2,,sys1-lon14-p-swi-bes17,sw13p1,
97609,leaf-spine,sys1-lon14-p-swi-bel13,sw56p1,,sys1-lon14-p-swi-bes17,sw13p2,
97610,leaf-spine,sys1-lon14-p-swi-bel14,sw56p2,,sys1-lon14-p-swi-bes17,sw14p1,
97611,leaf-spine,sys1-lon14-p-swi-bel14,sw56p1,,sys1-lon14-p-swi-bes17,sw14p2,
97612,leaf-spine,sys1-lon14-p-swi-bel15,sw56p2,,sys1-lon14-p-swi-bes17,sw15p1,
97613,leaf-spine,sys1-lon14-p-swi-bel15,sw56p1,,sys1-lon14-p-swi-bes17,sw15p2,
97614,leaf-spine,sys1-lon14-p-swi-bel16,sw56p2,,sys1-lon14-p-swi-bes17,sw16p1,
97615,leaf-spine,sys1-lon14-p-swi-bel16,sw56p1,,sys1-lon14-p-swi-bes17,sw16p2,
97616,leaf-spine,sys1-lon14-p-swi-bel17,sw56p2,,sys1-lon14-p-swi-bes17,sw17p1,
97617,leaf-spine,sys1-lon14-p-swi-bel17,sw56p1,,sys1-lon14-p-swi-bes17,sw17p2,
97618,leaf-spine,sys1-lon14-p-swi-bel18,sw56p2,,sys1-lon14-p-swi-bes17,sw18p1,
97619,leaf-spine,sys1-lon14-p-swi-bel18,sw56p1,,sys1-lon14-p-swi-bes17,sw18p2,
97620,leaf-spine,sys1-lon14-p-swi-bel19,sw56p2,,sys1-lon14-p-swi-bes17,sw19p1,
97621,leaf-spine,sys1-lon14-p-swi-bel19,sw56p1,,sys1-lon14-p-swi-bes17,sw19p2,
97622,leaf-spine,sys1-lon14-p-swi-bel20,sw56p2,,sys1-lon14-p-swi-bes17,sw20p1,
97623,leaf-spine,sys1-lon14-p-swi-bel20,sw56p1,,sys1-lon14-p-swi-bes17,sw20p2,
97624,leaf-spine,sys1-lon14-p-swi-bel21,sw56p2,,sys1-lon14-p-swi-bes17,sw21p1,
97625,leaf-spine,sys1-lon14-p-swi-bel21,sw56p1,,sys1-lon14-p-swi-bes17,sw21p2,
97626,leaf-spine,sys1-lon14-p-swi-bel22,sw56p2,,sys1-lon14-p-swi-bes17,sw22p1,
97627,leaf-spine,sys1-lon14-p-swi-bel22,sw56p1,,sys1-lon14-p-swi-bes17,sw22p2,
97628,leaf-spine,sys1-lon14-p-swi-bel23,sw56p2,,sys1-lon14-p-swi-bes17,sw23p1,
97629,leaf-spine,sys1-lon14-p-swi-bel23,sw56p1,,sys1-lon14-p-swi-bes17,sw23p2,
97630,leaf-spine,sys1-lon14-p-swi-bel24,sw56p2,,sys1-lon14-p-swi-bes17,sw24p1,
97631,leaf-spine,sys1-lon14-p-swi-bel24,sw56p1,,sys1-lon14-p-swi-bes17,sw24p2,
97632,leaf-spine,sys1-lon14-p-swi-bel25,sw56p2,,sys1-lon14-p-swi-bes17,sw25p1,
97633,leaf-spine,sys1-lon14-p-swi-bel25,sw56p1,,sys1-lon14-p-swi-bes17,sw25p2,
97634,leaf-spine,sys1-lon14-p-swi-bel26,sw56p2,,sys1-lon14-p-swi-bes17,sw26p1,
97635,leaf-spine,sys1-lon14-p-swi-bel26,sw56p1,,sys1-lon14-p-swi-bes17,sw26p2,
97636,leaf-spine,sys1-lon14-p-swi-bel27,sw56p2,,sys1-lon14-p-swi-bes17,sw27p1,
97637,leaf-spine,sys1-lon14-p-swi-bel27,sw56p1,,sys1-lon14-p-swi-bes17,sw27p2,
97638,leaf-spine,sys1-lon14-p-swi-bel28,sw56p2,,sys1-lon14-p-swi-bes17,sw28p1,
97639,leaf-spine,sys1-lon14-p-swi-bel28,sw56p1,,sys1-lon14-p-swi-bes17,sw28p2,
97640,leaf-spine,sys1-lon14-p-swi-bel29,sw56p2,,sys1-lon14-p-swi-bes17,sw29p1,
97641,leaf-spine,sys1-lon14-p-swi-bel29,sw56p1,,sys1-lon14-p-swi-bes17,sw29p2,
97642,leaf-spine,sys1-lon14-p-swi-bel30,sw56p2,,sys1-lon14-p-swi-bes17,sw30p1,
97643,leaf-spine,sys1-lon14-p-swi-bel30,sw56p1,,sys1-lon14-p-swi-bes17,sw30p2,
97644,leaf-spine,sys1-lon14-p-swi-bel31,sw56p2,,sys1-lon14-p-swi-bes17,sw31p1,
97645,leaf-spine,sys1-lon14-p-swi-bel31,sw56p1,,sys1-lon14-p-swi-bes17,sw31p2,
97646,leaf-spine,sys1-lon14-p-swi-bel32,sw56p2,,sys1-lon14-p-swi-bes17,sw32p1,
97647,leaf-spine,sys1-lon14-p-swi-bel32,sw56p1,,sys1-lon14-p-swi-bes17,sw32p2,
97648,leaf-spine,sys1-lon14-p-swi-bel33,sw56p2,,sys1-lon14-p-swi-bes17,sw33p1,
97649,leaf-spine,sys1-lon14-p-swi-bel33,sw56p1,,sys1-lon14-p-swi-bes17,sw33p2,
97650,leaf-spine,sys1-lon14-p-swi-bel34,sw56p2,,sys1-lon14-p-swi-bes17,sw34p1,
97651,leaf-spine,sys1-lon14-p-swi-bel34,sw56p1,,sys1-lon14-p-swi-bes17,sw34p2,
97652,leaf-spine,sys1-lon14-p-swi-bel35,sw56p2,,sys1-lon14-p-swi-bes17,sw35p1,
97653,leaf-spine,sys1-lon14-p-swi-bel35,sw56p1,,sys1-lon14-p-swi-bes17,sw35p2,
97654,leaf-spine,sys1-lon14-p-swi-bel36,sw56p2,,sys1-lon14-p-swi-bes17,sw36p1,
97655,leaf-spine,sys1-lon14-p-swi-bel36,sw56p1,,sys1-lon14-p-swi-bes17,sw36p2,
97656,leaf-spine,sys1-lon14-p-swi-bel37,sw56p2,,sys1-lon14-p-swi-bes17,sw37p1,
97657,leaf-spine,sys1-lon14-p-swi-bel37,sw56p1,,sys1-lon14-p-swi-bes17,sw37p2,
97658,leaf-spine,sys1-lon14-p-swi-bel38,sw56p2,,sys1-lon14-p-swi-bes17,sw38p1,
97659,leaf-spine,sys1-lon14-p-swi-bel38,sw56p1,,sys1-lon14-p-swi-bes17,sw38p2,
97660,leaf-spine,sys1-lon14-p-swi-bel39,sw56p2,,sys1-lon14-p-swi-bes17,sw39p1,
97661,leaf-spine,sys1-lon14-p-swi-bel39,sw56p1,,sys1-lon14-p-swi-bes17,sw39p2,
97662,leaf-spine,sys1-lon14-p-swi-bel40,sw56p2,,sys1-lon14-p-swi-bes17,sw40p1,
97663,leaf-spine,sys1-lon14-p-swi-bel40,sw56p1,,sys1-lon14-p-swi-bes17,sw40p2,
97664,leaf-spine,sys1-lon14-p-swi-bel41,sw56p2,,sys1-lon14-p-swi-bes17,sw41p1,
97665,leaf-spine,sys1-lon14-p-swi-bel41,sw56p1,,sys1-lon14-p-swi-bes17,sw41p2,
97666,leaf-spine,sys1-lon14-p-swi-bel42,sw56p2,,sys1-lon14-p-swi-bes17,sw42p1,
97667,leaf-spine,sys1-lon14-p-swi-bel42,sw56p1,,sys1-lon14-p-swi-bes17,sw42p2,
97668,leaf-spine,sys1-lon14-p-swi-bel43,sw56p2,,sys1-lon14-p-swi-bes17,sw43p1,
97669,leaf-spine,sys1-lon14-p-swi-bel43,sw56p1,,sys1-lon14-p-swi-bes17,sw43p2,
97670,leaf-spine,sys1-lon14-p-swi-bel44,sw56p2,,sys1-lon14-p-swi-bes17,sw44p1,
97671,leaf-spine,sys1-lon14-p-swi-bel44,sw56p1,,sys1-lon14-p-swi-bes17,sw44p2,
97672,leaf-spine,sys1-lon14-p-swi-bel45,sw56p2,,sys1-lon14-p-swi-bes17,sw45p1,
97673,leaf-spine,sys1-lon14-p-swi-bel45,sw56p1,,sys1-lon14-p-swi-bes17,sw45p2,
97674,leaf-spine,sys1-lon14-p-swi-bel46,sw56p2,,sys1-lon14-p-swi-bes17,sw46p1,
97675,leaf-spine,sys1-lon14-p-swi-bel46,sw56p1,,sys1-lon14-p-swi-bes17,sw46p2,
97676,leaf-spine,sys1-lon14-p-swi-bel47,sw56p2,,sys1-lon14-p-swi-bes17,sw47p1,
97677,leaf-spine,sys1-lon14-p-swi-bel47,sw56p1,,sys1-lon14-p-swi-bes17,sw47p2,
97678,leaf-spine,sys1-lon14-p-swi-bel48,sw56p2,,sys1-lon14-p-swi-bes17,sw48p1,
97679,leaf-spine,sys1-lon14-p-swi-bel48,sw56p1,,sys1-lon14-p-swi-bes17,sw48p2,
97680,leaf-spine,sys1-lon14-p-swi-bel49,sw56p2,,sys1-lon14-p-swi-bes17,sw49p1,
97681,leaf-spine,sys1-lon14-p-swi-bel49,sw56p1,,sys1-lon14-p-swi-bes17,sw49p2,
97682,leaf-spine,sys1-lon14-p-swi-bel50,sw56p2,,sys1-lon14-p-swi-bes17,sw50p1,
97683,leaf-spine,sys1-lon14-p-swi-bel50,sw56p1,,sys1-lon14-p-swi-bes17,sw50p2,
97684,leaf-spine,sys1-lon14-p-swi-bel51,sw56p2,,sys1-lon14-p-swi-bes17,sw51p1,
97685,leaf-spine,sys1-lon14-p-swi-bel51,sw56p1,,sys1-lon14-p-swi-bes17,sw51p2,
97686,leaf-spine,sys1-lon14-p-swi-bel52,sw56p2,,sys1-lon14-p-swi-bes17,sw52p1,
97687,leaf-spine,sys1-lon14-p-swi-bel52,sw56p1,,sys1-lon14-p-swi-bes17,sw52p2,
97688,leaf-spine,sys1-lon14-p-swi-bel53,sw56p2,,sys1-lon14-p-swi-bes17,sw53p1,
97689,leaf-spine,sys1-lon14-p-swi-bel53,sw56p1,,sys1-lon14-p-swi-bes17,sw53p2,
97690,leaf-spine,sys1-lon14-p-swi-bel54,sw56p2,,sys1-lon14-p-swi-bes17,sw54p1,
97691,leaf-spine,sys1-lon14-p-swi-bel54,sw56p1,,sys1-lon14-p-swi-bes17,sw54p2,
97692,leaf-spine,sys1-lon14-p-swi-bel55,sw56p2,,sys1-lon14-p-swi-bes17,sw55p1,
97693,leaf-spine,sys1-lon14-p-swi-bel55,sw56p1,,sys1-lon14-p-swi-bes17,sw55p2,
97694,leaf-spine,sys1-lon14-p-swi-bel56,sw56p2,,sys1-lon14-p-swi-bes17,sw56p1,
97695,leaf-spine,sys1-lon14-p-swi-bel56,sw56p1,,sys1-lon14-p-swi-bes17,sw56p2,
97696,leaf-spine,sys1-lon14-p-swi-bel57,sw56p2,,sys1-lon14-p-swi-bes17,sw57p1,
97697,leaf-spine,sys1-lon14-p-swi-bel57,sw56p1,,sys1-lon14-p-swi-bes17,sw57p2,
97698,leaf-spine,sys1-lon14-p-swi-bel58,sw56p2,,sys1-lon14-p-swi-bes17,sw58p1,
97699,leaf-spine,sys1-lon14-p-swi-bel58,sw56p1,,sys1-lon14-p-swi-bes17,sw58p2,
97700,leaf-spine,sys1-lon14-p-swi-bel59,sw56p2,,sys1-lon14-p-swi-bes17,sw59p1,
97701,leaf-spine,sys1-lon14-p-swi-bel59,sw56p1,,sys1-lon14-p-swi-bes17,sw59p2,
97702,leaf-spine,sys1-lon14-p-swi-bel60,sw56p2,,sys1-lon14-p-swi-bes17,sw60p1,
97703,leaf-spine,sys1-lon14-p-swi-bel60,sw56p1,,sys1-lon14-p-swi-bes17,sw60p2,
97704,leaf-spine,sys1-lon14-p-swi-bel61,sw56p2,,sys1-lon14-p-swi-bes17,sw61p1,
97705,leaf-spine,sys1-lon14-p-swi-bel61,sw56p1,,sys1-lon14-p-swi-bes17,sw61p2,
97706,leaf-spine,sys1-lon14-p-swi-bel62,sw56p2,,sys1-lon14-p-swi-bes17,sw62p1,
97707,leaf-spine,sys1-lon14-p-swi-bel62,sw56p1,,sys1-lon14-p-swi-bes17,sw62p2,
97708,leaf-spine,sys1-lon14-p-swi-bel63,sw56p2,,sys1-lon14-p-swi-bes17,sw63p1,
97709,leaf-spine,sys1-lon14-p-swi-bel63,sw56p1,,sys1-lon14-p-swi-bes17,sw63p2,
97710,leaf-spine,sys1-lon14-p-swi-bel64,sw56p2,,sys1-lon14-p-swi-bes17,sw64p1,
97711,leaf-spine,sys1-lon14-p-swi-bel64,sw56p1,,sys1-lon14-p-swi-bes17,sw64p2,
97712,leaf-spine,sys1-lon14-p-swi-bel1,sw55p2,,sys1-lon14-p-swi-bes18,sw1p1,
97713,leaf-spine,sys1-lon14-p-swi-bel1,sw55p1,,sys1-lon14-p-swi-bes18,sw1p2,
97714,leaf-spine,sys1-lon14-p-swi-bel2,sw55p2,,sys1-lon14-p-swi-bes18,sw2p1,
97715,leaf-spine,sys1-lon14-p-swi-bel2,sw55p1,,sys1-lon14-p-swi-bes18,sw2p2,
97716,leaf-spine,sys1-lon14-p-swi-bel3,sw55p2,,sys1-lon14-p-swi-bes18,sw3p1,
97717,leaf-spine,sys1-lon14-p-swi-bel3,sw55p1,,sys1-lon14-p-swi-bes18,sw3p2,
97718,leaf-spine,sys1-lon14-p-swi-bel4,sw55p2,,sys1-lon14-p-swi-bes18,sw4p1,
97719,leaf-spine,sys1-lon14-p-swi-bel4,sw55p1,,sys1-lon14-p-swi-bes18,sw4p2,
97720,leaf-spine,sys1-lon14-p-swi-bel5,sw55p2,,sys1-lon14-p-swi-bes18,sw5p1,
97721,leaf-spine,sys1-lon14-p-swi-bel5,sw55p1,,sys1-lon14-p-swi-bes18,sw5p2,
97722,leaf-spine,sys1-lon14-p-swi-bel6,sw55p2,,sys1-lon14-p-swi-bes18,sw6p1,
97723,leaf-spine,sys1-lon14-p-swi-bel6,sw55p1,,sys1-lon14-p-swi-bes18,sw6p2,
97724,leaf-spine,sys1-lon14-p-swi-bel7,sw55p2,,sys1-lon14-p-swi-bes18,sw7p1,
97725,leaf-spine,sys1-lon14-p-swi-bel7,sw55p1,,sys1-lon14-p-swi-bes18,sw7p2,
97726,leaf-spine,sys1-lon14-p-swi-bel8,sw55p2,,sys1-lon14-p-swi-bes18,sw8p1,
97727,leaf-spine,sys1-lon14-p-swi-bel8,sw55p1,,sys1-lon14-p-swi-bes18,sw8p2,
97728,leaf-spine,sys1-lon14-p-swi-bel9,sw55p2,,sys1-lon14-p-swi-bes18,sw9p1,
97729,leaf-spine,sys1-lon14-p-swi-bel9,sw55p1,,sys1-lon14-p-swi-bes18,sw9p2,
97730,leaf-spine,sys1-lon14-p-swi-bel10,sw55p2,,sys1-lon14-p-swi-bes18,sw10p1,
97731,leaf-spine,sys1-lon14-p-swi-bel10,sw55p1,,sys1-lon14-p-swi-bes18,sw10p2,
97732,leaf-spine,sys1-lon14-p-swi-bel11,sw55p2,,sys1-lon14-p-swi-bes18,sw11p1,
97733,leaf-spine,sys1-lon14-p-swi-bel11,sw55p1,,sys1-lon14-p-swi-bes18,sw11p2,
97734,leaf-spine,sys1-lon14-p-swi-bel12,sw55p2,,sys1-lon14-p-swi-bes18,sw12p1,
97735,leaf-spine,sys1-lon14-p-swi-bel12,sw55p1,,sys1-lon14-p-swi-bes18,sw12p2,
97736,leaf-spine,sys1-lon14-p-swi-bel13,sw55p2,,sys1-lon14-p-swi-bes18,sw13p1,
97737,leaf-spine,sys1-lon14-p-swi-bel13,sw55p1,,sys1-lon14-p-swi-bes18,sw13p2,
97738,leaf-spine,sys1-lon14-p-swi-bel14,sw55p2,,sys1-lon14-p-swi-bes18,sw14p1,
97739,leaf-spine,sys1-lon14-p-swi-bel14,sw55p1,,sys1-lon14-p-swi-bes18,sw14p2,
97740,leaf-spine,sys1-lon14-p-swi-bel15,sw55p2,,sys1-lon14-p-swi-bes18,sw15p1,
97741,leaf-spine,sys1-lon14-p-swi-bel15,sw55p1,,sys1-lon14-p-swi-bes18,sw15p2,
97742,leaf-spine,sys1-lon14-p-swi-bel16,sw55p2,,sys1-lon14-p-swi-bes18,sw16p1,
97743,leaf-spine,sys1-lon14-p-swi-bel16,sw55p1,,sys1-lon14-p-swi-bes18,sw16p2,
97744,leaf-spine,sys1-lon14-p-swi-bel17,sw55p2,,sys1-lon14-p-swi-bes18,sw17p1,
97745,leaf-spine,sys1-lon14-p-swi-bel17,sw55p1,,sys1-lon14-p-swi-bes18,sw17p2,
97746,leaf-spine,sys1-lon14-p-swi-bel18,sw55p2,,sys1-lon14-p-swi-bes18,sw18p1,
97747,leaf-spine,sys1-lon14-p-swi-bel18,sw55p1,,sys1-lon14-p-swi-bes18,sw18p2,
97748,leaf-spine,sys1-lon14-p-swi-bel19,sw55p2,,sys1-lon14-p-swi-bes18,sw19p1,
97749,leaf-spine,sys1-lon14-p-swi-bel19,sw55p1,,sys1-lon14-p-swi-bes18,sw19p2,
97750,leaf-spine,sys1-lon14-p-swi-bel20,sw55p2,,sys1-lon14-p-swi-bes18,sw20p1,
97751,leaf-spine,sys1-lon14-p-swi-bel20,sw55p1,,sys1-lon14-p-swi-bes18,sw20p2,
97752,leaf-spine,sys1-lon14-p-swi-bel21,sw55p2,,sys1-lon14-p-swi-bes18,sw21p1,
97753,leaf-spine,sys1-lon14-p-swi-bel21,sw55p1,,sys1-lon14-p-swi-bes18,sw21p2,
97754,leaf-spine,sys1-lon14-p-swi-bel22,sw55p2,,sys1-lon14-p-swi-bes18,sw22p1,
97755,leaf-spine,sys1-lon14-p-swi-bel22,sw55p1,,sys1-lon14-p-swi-bes18,sw22p2,
97756,leaf-spine,sys1-lon14-p-swi-bel23,sw55p2,,sys1-lon14-p-swi-bes18,sw23p1,
97757,leaf-spine,sys1-lon14-p-swi-bel23,sw55p1,,sys1-lon14-p-swi-bes18,sw23p2,
97758,leaf-spine,sys1-lon14-p-swi-bel24,sw55p2,,sys1-lon14-p-swi-bes18,sw24p1,
97759,leaf-spine,sys1-lon14-p-swi-bel24,sw55p1,,sys1-lon14-p-swi-bes18,sw24p2,
97760,leaf-spine,sys1-lon14-p-swi-bel25,sw55p2,,sys1-lon14-p-swi-bes18,sw25p1,
97761,leaf-spine,sys1-lon14-p-swi-bel25,sw55p1,,sys1-lon14-p-swi-bes18,sw25p2,
97762,leaf-spine,sys1-lon14-p-swi-bel26,sw55p2,,sys1-lon14-p-swi-bes18,sw26p1,
97763,leaf-spine,sys1-lon14-p-swi-bel26,sw55p1,,sys1-lon14-p-swi-bes18,sw26p2,
97764,leaf-spine,sys1-lon14-p-swi-bel27,sw55p2,,sys1-lon14-p-swi-bes18,sw27p1,
97765,leaf-spine,sys1-lon14-p-swi-bel27,sw55p1,,sys1-lon14-p-swi-bes18,sw27p2,
97766,leaf-spine,sys1-lon14-p-swi-bel28,sw55p2,,sys1-lon14-p-swi-bes18,sw28p1,
97767,leaf-spine,sys1-lon14-p-swi-bel28,sw55p1,,sys1-lon14-p-swi-bes18,sw28p2,
97768,leaf-spine,sys1-lon14-p-swi-bel29,sw55p2,,sys1-lon14-p-swi-bes18,sw29p1,
97769,leaf-spine,sys1-lon14-p-swi-bel29,sw55p1,,sys1-lon14-p-swi-bes18,sw29p2,
97770,leaf-spine,sys1-lon14-p-swi-bel30,sw55p2,,sys1-lon14-p-swi-bes18,sw30p1,
97771,leaf-spine,sys1-lon14-p-swi-bel30,sw55p1,,sys1-lon14-p-swi-bes18,sw30p2,
97772,leaf-spine,sys1-lon14-p-swi-bel31,sw55p2,,sys1-lon14-p-swi-bes18,sw31p1,
97773,leaf-spine,sys1-lon14-p-swi-bel31,sw55p1,,sys1-lon14-p-swi-bes18,sw31p2,
97774,leaf-spine,sys1-lon14-p-swi-bel32,sw55p2,,sys1-lon14-p-swi-bes18,sw32p1,
97775,leaf-spine,sys1-lon14-p-swi-bel32,sw55p1,,sys1-lon14-p-swi-bes18,sw32p2,
97776,leaf-spine,sys1-lon14-p-swi-bel33,sw55p2,,sys1-lon14-p-swi-bes18,sw33p1,
97777,leaf-spine,sys1-lon14-p-swi-bel33,sw55p1,,sys1-lon14-p-swi-bes18,sw33p2,
97778,leaf-spine,sys1-lon14-p-swi-bel34,sw55p2,,sys1-lon14-p-swi-bes18,sw34p1,
97779,leaf-spine,sys1-lon14-p-swi-bel34,sw55p1,,sys1-lon14-p-swi-bes18,sw34p2,
97780,leaf-spine,sys1-lon14-p-swi-bel35,sw55p2,,sys1-lon14-p-swi-bes18,sw35p1,
97781,leaf-spine,sys1-lon14-p-swi-bel35,sw55p1,,sys1-lon14-p-swi-bes18,sw35p2,
97782,leaf-spine,sys1-lon14-p-swi-bel36,sw55p2,,sys1-lon14-p-swi-bes18,sw36p1,
97783,leaf-spine,sys1-lon14-p-swi-bel36,sw55p1,,sys1-lon14-p-swi-bes18,sw36p2,
97784,leaf-spine,sys1-lon14-p-swi-bel37,sw55p2,,sys1-lon14-p-swi-bes18,sw37p1,
97785,leaf-spine,sys1-lon14-p-swi-bel37,sw55p1,,sys1-lon14-p-swi-bes18,sw37p2,
97786,leaf-spine,sys1-lon14-p-swi-bel38,sw55p2,,sys1-lon14-p-swi-bes18,sw38p1,
97787,leaf-spine,sys1-lon14-p-swi-bel38,sw55p1,,sys1-lon14-p-swi-bes18,sw38p2,
97788,leaf-spine,sys1-lon14-p-swi-bel39,sw55p2,,sys1-lon14-p-swi-bes18,sw39p1,
97789,leaf-spine,sys1-lon14-p-swi-bel39,sw55p1,,sys1-lon14-p-swi-bes18,sw39p2,
97790,leaf-spine,sys1-lon14-p-swi-bel40,sw55p2,,sys1-lon14-p-swi-bes18,sw40p1,
97791,leaf-spine,sys1-lon14-p-swi-bel40,sw55p1,,sys1-lon14-p-swi-bes18,sw40p2,
97792,leaf-spine,sys1-lon14-p-swi-bel41,sw55p2,,sys1-lon14-p-swi-bes18,sw41p1,
97793,leaf-spine,sys1-lon14-p-swi-bel41,sw55p1,,sys1-lon14-p-swi-bes18,sw41p2,
97794,leaf-spine,sys1-lon14-p-swi-bel42,sw55p2,,sys1-lon14-p-swi-bes18,sw42p1,
97795,leaf-spine,sys1-lon14-p-swi-bel42,sw55p1,,sys1-lon14-p-swi-bes18,sw42p2,
97796,leaf-spine,sys1-lon14-p-swi-bel43,sw55p2,,sys1-lon14-p-swi-bes18,sw43p1,
97797,leaf-spine,sys1-lon14-p-swi-bel43,sw55p1,,sys1-lon14-p-swi-bes18,sw43p2,
97798,leaf-spine,sys1-lon14-p-swi-bel44,sw55p2,,sys1-lon14-p-swi-bes18,sw44p1,
97799,leaf-spine,sys1-lon14-p-swi-bel44,sw55p1,,sys1-lon14-p-swi-bes18,sw44p2,
97800,leaf-spine,sys1-lon14-p-swi-bel45,sw55p2,,sys1-lon14-p-swi-bes18,sw45p1,
97801,leaf-spine,sys1-lon14-p-swi-bel45,sw55p1,,sys1-lon14-p-swi-bes18,sw45p2,
97802,leaf-spine,sys1-lon14-p-swi-bel46,sw55p2,,sys1-lon14-p-swi-bes18,sw46p1,
97803,leaf-spine,sys1-lon14-p-swi-bel46,sw55p1,,sys1-lon14-p-swi-bes18,sw46p2,
97804,leaf-spine,sys1-lon14-p-swi-bel47,sw55p2,,sys1-lon14-p-swi-bes18,sw47p1,
97805,leaf-spine,sys1-lon14-p-swi-bel47,sw55p1,,sys1-lon14-p-swi-bes18,sw47p2,
97806,leaf-spine,sys1-lon14-p-swi-bel48,sw55p2,,sys1-lon14-p-swi-bes18,sw48p1,
97807,leaf-spine,sys1-lon14-p-swi-bel48,sw55p1,,sys1-lon14-p-swi-bes18,sw48p2,
97808,leaf-spine,sys1-lon14-p-swi-bel49,sw55p2,,sys1-lon14-p-swi-bes18,sw49p1,
97809,leaf-spine,sys1-lon14-p-swi-bel49,sw55p1,,sys1-lon14-p-swi-bes18,sw49p2,
97810,leaf-spine,sys1-lon14-p-swi-bel50,sw55p2,,sys1-lon14-p-swi-bes18,sw50p1,
97811,leaf-spine,sys1-lon14-p-swi-bel50,sw55p1,,sys1-lon14-p-swi-bes18,sw50p2,
97812,leaf-spine,sys1-lon14-p-swi-bel51,sw55p2,,sys1-lon14-p-swi-bes18,sw51p1,
97813,leaf-spine,sys1-lon14-p-swi-bel51,sw55p1,,sys1-lon14-p-swi-bes18,sw51p2,
97814,leaf-spine,sys1-lon14-p-swi-bel52,sw55p2,,sys1-lon14-p-swi-bes18,sw52p1,
97815,leaf-spine,sys1-lon14-p-swi-bel52,sw55p1,,sys1-lon14-p-swi-bes18,sw52p2,
97816,leaf-spine,sys1-lon14-p-swi-bel53,sw55p2,,sys1-lon14-p-swi-bes18,sw53p1,
97817,leaf-spine,sys1-lon14-p-swi-bel53,sw55p1,,sys1-lon14-p-swi-bes18,sw53p2,
97818,leaf-spine,sys1-lon14-p-swi-bel54,sw55p2,,sys1-lon14-p-swi-bes18,sw54p1,
97819,leaf-spine,sys1-lon14-p-swi-bel54,sw55p1,,sys1-lon14-p-swi-bes18,sw54p2,
97820,leaf-spine,sys1-lon14-p-swi-bel55,sw55p2,,sys1-lon14-p-swi-bes18,sw55p1,
97821,leaf-spine,sys1-lon14-p-swi-bel55,sw55p1,,sys1-lon14-p-swi-bes18,sw55p2,
97822,leaf-spine,sys1-lon14-p-swi-bel56,sw55p2,,sys1-lon14-p-swi-bes18,sw56p1,
97823,leaf-spine,sys1-lon14-p-swi-bel56,sw55p1,,sys1-lon14-p-swi-bes18,sw56p2,
97824,leaf-spine,sys1-lon14-p-swi-bel57,sw55p2,,sys1-lon14-p-swi-bes18,sw57p1,
97825,leaf-spine,sys1-lon14-p-swi-bel57,sw55p1,,sys1-lon14-p-swi-bes18,sw57p2,
97826,leaf-spine,sys1-lon14-p-swi-bel58,sw55p2,,sys1-lon14-p-swi-bes18,sw58p1,
97827,leaf-spine,sys1-lon14-p-swi-bel58,sw55p1,,sys1-lon14-p-swi-bes18,sw58p2,
97828,leaf-spine,sys1-lon14-p-swi-bel59,sw55p2,,sys1-lon14-p-swi-bes18,sw59p1,
97829,leaf-spine,sys1-lon14-p-swi-bel59,sw55p1,,sys1-lon14-p-swi-bes18,sw59p2,
97830,leaf-spine,sys1-lon14-p-swi-bel60,sw55p2,,sys1-lon14-p-swi-bes18,sw60p1,
97831,leaf-spine,sys1-lon14-p-swi-bel60,sw55p1,,sys1-lon14-p-swi-bes18,sw60p2,
97832,leaf-spine,sys1-lon14-p-swi-bel61,sw55p2,,sys1-lon14-p-swi-bes18,sw61p1,
97833,leaf-spine,sys1-lon14-p-swi-bel61,sw55p1,,sys1-lon14-p-swi-bes18,sw61p2,
97834,leaf-spine,sys1-lon14-p-swi-bel62,sw55p2,,sys1-lon14-p-swi-bes18,sw62p1,
97835,leaf-spine,sys1-lon14-p-swi-bel62,sw55p1,,sys1-lon14-p-swi-bes18,sw62p2,
97836,leaf-spine,sys1-lon14-p-swi-bel63,sw55p2,,sys1-lon14-p-swi-bes18,sw63p1,
97837,leaf-spine,sys1-lon14-p-swi-bel63,sw55p1,,sys1-lon14-p-swi-bes18,sw63p2,
97838,leaf-spine,sys1-lon14-p-swi-bel64,sw55p2,,sys1-lon14-p-swi-bes18,sw64p1,
97839,leaf-spine,sys1-lon14-p-swi-bel64,sw55p1,,sys1-lon14-p-swi-bes18,sw64p2,
97840,leaf-spine,sys1-lon14-p-swi-bel1,sw54p2,,sys1-lon14-p-swi-bes19,sw1p1,
97841,leaf-spine,sys1-lon14-p-swi-bel1,sw54p1,,sys1-lon14-p-swi-bes19,sw1p2,
97842,leaf-spine,sys1-lon14-p-swi-bel2,sw54p2,,sys1-lon14-p-swi-bes19,sw2p1,
97843,leaf-spine,sys1-lon14-p-swi-bel2,sw54p1,,sys1-lon14-p-swi-bes19,sw2p2,
97844,leaf-spine,sys1-lon14-p-swi-bel3,sw54p2,,sys1-lon14-p-swi-bes19,sw3p1,
97845,leaf-spine,sys1-lon14-p-swi-bel3,sw54p1,,sys1-lon14-p-swi-bes19,sw3p2,
97846,leaf-spine,sys1-lon14-p-swi-bel4,sw54p2,,sys1-lon14-p-swi-bes19,sw4p1,
97847,leaf-spine,sys1-lon14-p-swi-bel4,sw54p1,,sys1-lon14-p-swi-bes19,sw4p2,
97848,leaf-spine,sys1-lon14-p-swi-bel5,sw54p2,,sys1-lon14-p-swi-bes19,sw5p1,
97849,leaf-spine,sys1-lon14-p-swi-bel5,sw54p1,,sys1-lon14-p-swi-bes19,sw5p2,
97850,leaf-spine,sys1-lon14-p-swi-bel6,sw54p2,,sys1-lon14-p-swi-bes19,sw6p1,
97851,leaf-spine,sys1-lon14-p-swi-bel6,sw54p1,,sys1-lon14-p-swi-bes19,sw6p2,
97852,leaf-spine,sys1-lon14-p-swi-bel7,sw54p2,,sys1-lon14-p-swi-bes19,sw7p1,
97853,leaf-spine,sys1-lon14-p-swi-bel7,sw54p1,,sys1-lon14-p-swi-bes19,sw7p2,
97854,leaf-spine,sys1-lon14-p-swi-bel8,sw54p2,,sys1-lon14-p-swi-bes19,sw8p1,
97855,leaf-spine,sys1-lon14-p-swi-bel8,sw54p1,,sys1-lon14-p-swi-bes19,sw8p2,
97856,leaf-spine,sys1-lon14-p-swi-bel9,sw54p2,,sys1-lon14-p-swi-bes19,sw9p1,
97857,leaf-spine,sys1-lon14-p-swi-bel9,sw54p1,,sys1-lon14-p-swi-bes19,sw9p2,
97858,leaf-spine,sys1-lon14-p-swi-bel10,sw54p2,,sys1-lon14-p-swi-bes19,sw10p1,
97859,leaf-spine,sys1-lon14-p-swi-bel10,sw54p1,,sys1-lon14-p-swi-bes19,sw10p2,
97860,leaf-spine,sys1-lon14-p-swi-bel11,sw54p2,,sys1-lon14-p-swi-bes19,sw11p1,
97861,leaf-spine,sys1-lon14-p-swi-bel11,sw54p1,,sys1-lon14-p-swi-bes19,sw11p2,
97862,leaf-spine,sys1-lon14-p-swi-bel12,sw54p2,,sys1-lon14-p-swi-bes19,sw12p1,
97863,leaf-spine,sys1-lon14-p-swi-bel12,sw54p1,,sys1-lon14-p-swi-bes19,sw12p2,
97864,leaf-spine,sys1-lon14-p-swi-bel13,sw54p2,,sys1-lon14-p-swi-bes19,sw13p1,
97865,leaf-spine,sys1-lon14-p-swi-bel13,sw54p1,,sys1-lon14-p-swi-bes19,sw13p2,
97866,leaf-spine,sys1-lon14-p-swi-bel14,sw54p2,,sys1-lon14-p-swi-bes19,sw14p1,
97867,leaf-spine,sys1-lon14-p-swi-bel14,sw54p1,,sys1-lon14-p-swi-bes19,sw14p2,
97868,leaf-spine,sys1-lon14-p-swi-bel15,sw54p2,,sys1-lon14-p-swi-bes19,sw15p1,
97869,leaf-spine,sys1-lon14-p-swi-bel15,sw54p1,,sys1-lon14-p-swi-bes19,sw15p2,
97870,leaf-spine,sys1-lon14-p-swi-bel16,sw54p2,,sys1-lon14-p-swi-bes19,sw16p1,
97871,leaf-spine,sys1-lon14-p-swi-bel16,sw54p1,,sys1-lon14-p-swi-bes19,sw16p2,
97872,leaf-spine,sys1-lon14-p-swi-bel17,sw54p2,,sys1-lon14-p-swi-bes19,sw17p1,
97873,leaf-spine,sys1-lon14-p-swi-bel17,sw54p1,,sys1-lon14-p-swi-bes19,sw17p2,
97874,leaf-spine,sys1-lon14-p-swi-bel18,sw54p2,,sys1-lon14-p-swi-bes19,sw18p1,
97875,leaf-spine,sys1-lon14-p-swi-bel18,sw54p1,,sys1-lon14-p-swi-bes19,sw18p2,
97876,leaf-spine,sys1-lon14-p-swi-bel19,sw54p2,,sys1-lon14-p-swi-bes19,sw19p1,
97877,leaf-spine,sys1-lon14-p-swi-bel19,sw54p1,,sys1-lon14-p-swi-bes19,sw19p2,
97878,leaf-spine,sys1-lon14-p-swi-bel20,sw54p2,,sys1-lon14-p-swi-bes19,sw20p1,
97879,leaf-spine,sys1-lon14-p-swi-bel20,sw54p1,,sys1-lon14-p-swi-bes19,sw20p2,
97880,leaf-spine,sys1-lon14-p-swi-bel21,sw54p2,,sys1-lon14-p-swi-bes19,sw21p1,
97881,leaf-spine,sys1-lon14-p-swi-bel21,sw54p1,,sys1-lon14-p-swi-bes19,sw21p2,
97882,leaf-spine,sys1-lon14-p-swi-bel22,sw54p2,,sys1-lon14-p-swi-bes19,sw22p1,
97883,leaf-spine,sys1-lon14-p-swi-bel22,sw54p1,,sys1-lon14-p-swi-bes19,sw22p2,
97884,leaf-spine,sys1-lon14-p-swi-bel23,sw54p2,,sys1-lon14-p-swi-bes19,sw23p1,
97885,leaf-spine,sys1-lon14-p-swi-bel23,sw54p1,,sys1-lon14-p-swi-bes19,sw23p2,
97886,leaf-spine,sys1-lon14-p-swi-bel24,sw54p2,,sys1-lon14-p-swi-bes19,sw24p1,
97887,leaf-spine,sys1-lon14-p-swi-bel24,sw54p1,,sys1-lon14-p-swi-bes19,sw24p2,
97888,leaf-spine,sys1-lon14-p-swi-bel25,sw54p2,,sys1-lon14-p-swi-bes19,sw25p1,
97889,leaf-spine,sys1-lon14-p-swi-bel25,sw54p1,,sys1-lon14-p-swi-bes19,sw25p2,
97890,leaf-spine,sys1-lon14-p-swi-bel26,sw54p2,,sys1-lon14-p-swi-bes19,sw26p1,
97891,leaf-spine,sys1-lon14-p-swi-bel26,sw54p1,,sys1-lon14-p-swi-bes19,sw26p2,
97892,leaf-spine,sys1-lon14-p-swi-bel27,sw54p2,,sys1-lon14-p-swi-bes19,sw27p1,
97893,leaf-spine,sys1-lon14-p-swi-bel27,sw54p1,,sys1-lon14-p-swi-bes19,sw27p2,
97894,leaf-spine,sys1-lon14-p-swi-bel28,sw54p2,,sys1-lon14-p-swi-bes19,sw28p1,
97895,leaf-spine,sys1-lon14-p-swi-bel28,sw54p1,,sys1-lon14-p-swi-bes19,sw28p2,
97896,leaf-spine,sys1-lon14-p-swi-bel29,sw54p2,,sys1-lon14-p-swi-bes19,sw29p1,
97897,leaf-spine,sys1-lon14-p-swi-bel29,sw54p1,,sys1-lon14-p-swi-bes19,sw29p2,
97898,leaf-spine,sys1-lon14-p-swi-bel30,sw54p2,,sys1-lon14-p-swi-bes19,sw30p1,
97899,leaf-spine,sys1-lon14-p-swi-bel30,sw54p1,,sys1-lon14-p-swi-bes19,sw30p2,
97900,leaf-spine,sys1-lon14-p-swi-bel31,sw54p2,,sys1-lon14-p-swi-bes19,sw31p1,
97901,leaf-spine,sys1-lon14-p-swi-bel31,sw54p1,,sys1-lon14-p-swi-bes19,sw31p2,
97902,leaf-spine,sys1-lon14-p-swi-bel32,sw54p2,,sys1-lon14-p-swi-bes19,sw32p1,
97903,leaf-spine,sys1-lon14-p-swi-bel32,sw54p1,,sys1-lon14-p-swi-bes19,sw32p2,
97904,leaf-spine,sys1-lon14-p-swi-bel33,sw54p2,,sys1-lon14-p-swi-bes19,sw33p1,
97905,leaf-spine,sys1-lon14-p-swi-bel33,sw54p1,,sys1-lon14-p-swi-bes19,sw33p2,
97906,leaf-spine,sys1-lon14-p-swi-bel34,sw54p2,,sys1-lon14-p-swi-bes19,sw34p1,
97907,leaf-spine,sys1-lon14-p-swi-bel34,sw54p1,,sys1-lon14-p-swi-bes19,sw34p2,
97908,leaf-spine,sys1-lon14-p-swi-bel35,sw54p2,,sys1-lon14-p-swi-bes19,sw35p1,
97909,leaf-spine,sys1-lon14-p-swi-bel35,sw54p1,,sys1-lon14-p-swi-bes19,sw35p2,
97910,leaf-spine,sys1-lon14-p-swi-bel36,sw54p2,,sys1-lon14-p-swi-bes19,sw36p1,
97911,leaf-spine,sys1-lon14-p-swi-bel36,sw54p1,,sys1-lon14-p-swi-bes19,sw36p2,
97912,leaf-spine,sys1-lon14-p-swi-bel37,sw54p2,,sys1-lon14-p-swi-bes19,sw37p1,
97913,leaf-spine,sys1-lon14-p-swi-bel37,sw54p1,,sys1-lon14-p-swi-bes19,sw37p2,
97914,leaf-spine,sys1-lon14-p-swi-bel38,sw54p2,,sys1-lon14-p-swi-bes19,sw38p1,
97915,leaf-spine,sys1-lon14-p-swi-bel38,sw54p1,,sys1-lon14-p-swi-bes19,sw38p2,
97916,leaf-spine,sys1-lon14-p-swi-bel39,sw54p2,,sys1-lon14-p-swi-bes19,sw39p1,
97917,leaf-spine,sys1-lon14-p-swi-bel39,sw54p1,,sys1-lon14-p-swi-bes19,sw39p2,
97918,leaf-spine,sys1-lon14-p-swi-bel40,sw54p2,,sys1-lon14-p-swi-bes19,sw40p1,
97919,leaf-spine,sys1-lon14-p-swi-bel40,sw54p1,,sys1-lon14-p-swi-bes19,sw40p2,
97920,leaf-spine,sys1-lon14-p-swi-bel41,sw54p2,,sys1-lon14-p-swi-bes19,sw41p1,
97921,leaf-spine,sys1-lon14-p-swi-bel41,sw54p1,,sys1-lon14-p-swi-bes19,sw41p2,
97922,leaf-spine,sys1-lon14-p-swi-bel42,sw54p2,,sys1-lon14-p-swi-bes19,sw42p1,
97923,leaf-spine,sys1-lon14-p-swi-bel42,sw54p1,,sys1-lon14-p-swi-bes19,sw42p2,
97924,leaf-spine,sys1-lon14-p-swi-bel43,sw54p2,,sys1-lon14-p-swi-bes19,sw43p1,
97925,leaf-spine,sys1-lon14-p-swi-bel43,sw54p1,,sys1-lon14-p-swi-bes19,sw43p2,
97926,leaf-spine,sys1-lon14-p-swi-bel44,sw54p2,,sys1-lon14-p-swi-bes19,sw44p1,
97927,leaf-spine,sys1-lon14-p-swi-bel44,sw54p1,,sys1-lon14-p-swi-bes19,sw44p2,
97928,leaf-spine,sys1-lon14-p-swi-bel45,sw54p2,,sys1-lon14-p-swi-bes19,sw45p1,
97929,leaf-spine,sys1-lon14-p-swi-bel45,sw54p1,,sys1-lon14-p-swi-bes19,sw45p2,
97930,leaf-spine,sys1-lon14-p-swi-bel46,sw54p2,,sys1-lon14-p-swi-bes19,sw46p1,
97931,leaf-spine,sys1-lon14-p-swi-bel46,sw54p1,,sys1-lon14-p-swi-bes19,sw46p2,
97932,leaf-spine,sys1-lon14-p-swi-bel47,sw54p2,,sys1-lon14-p-swi-bes19,sw47p1,
97933,leaf-spine,sys1-lon14-p-swi-bel47,sw54p1,,sys1-lon14-p-swi-bes19,sw47p2,
97934,leaf-spine,sys1-lon14-p-swi-bel48,sw54p2,,sys1-lon14-p-swi-bes19,sw48p1,
97935,leaf-spine,sys1-lon14-p-swi-bel48,sw54p1,,sys1-lon14-p-swi-bes19,sw48p2,
97936,leaf-spine,sys1-lon14-p-swi-bel49,sw54p2,,sys1-lon14-p-swi-bes19,sw49p1,
97937,leaf-spine,sys1-lon14-p-swi-bel49,sw54p1,,sys1-lon14-p-swi-bes19,sw49p2,
97938,leaf-spine,sys1-lon14-p-swi-bel50,sw54p2,,sys1-lon14-p-swi-bes19,sw50p1,
97939,leaf-spine,sys1-lon14-p-swi-bel50,sw54p1,,sys1-lon14-p-swi-bes19,sw50p2,
97940,leaf-spine,sys1-lon14-p-swi-bel51,sw54p2,,sys1-lon14-p-swi-bes19,sw51p1,
97941,leaf-spine,sys1-lon14-p-swi-bel51,sw54p1,,sys1-lon14-p-swi-bes19,sw51p2,
97942,leaf-spine,sys1-lon14-p-swi-bel52,sw54p2,,sys1-lon14-p-swi-bes19,sw52p1,
97943,leaf-spine,sys1-lon14-p-swi-bel52,sw54p1,,sys1-lon14-p-swi-bes19,sw52p2,
97944,leaf-spine,sys1-lon14-p-swi-bel53,sw54p2,,sys1-lon14-p-swi-bes19,sw53p1,
97945,leaf-spine,sys1-lon14-p-swi-bel53,sw54p1,,sys1-lon14-p-swi-bes19,sw53p2,
97946,leaf-spine,sys1-lon14-p-swi-bel54,sw54p2,,sys1-lon14-p-swi-bes19,sw54p1,
97947,leaf-spine,sys1-lon14-p-swi-bel54,sw54p1,,sys1-lon14-p-swi-bes19,sw54p2,
97948,leaf-spine,sys1-lon14-p-swi-bel55,sw54p2,,sys1-lon14-p-swi-bes19,sw55p1,
97949,leaf-spine,sys1-lon14-p-swi-bel55,sw54p1,,sys1-lon14-p-swi-bes19,sw55p2,
97950,leaf-spine,sys1-lon14-p-swi-bel56,sw54p2,,sys1-lon14-p-swi-bes19,sw56p1,
97951,leaf-spine,sys1-lon14-p-swi-bel56,sw54p1,,sys1-lon14-p-swi-bes19,sw56p2,
97952,leaf-spine,sys1-lon14-p-swi-bel57,sw54p2,,sys1-lon14-p-swi-bes19,sw57p1,
97953,leaf-spine,sys1-lon14-p-swi-bel57,sw54p1,,sys1-lon14-p-swi-bes19,sw57p2,
97954,leaf-spine,sys1-lon14-p-swi-bel58,sw54p2,,sys1-lon14-p-swi-bes19,sw58p1,
97955,leaf-spine,sys1-lon14-p-swi-bel58,sw54p1,,sys1-lon14-p-swi-bes19,sw58p2,
97956,leaf-spine,sys1-lon14-p-swi-bel59,sw54p2,,sys1-lon14-p-swi-bes19,sw59p1,
97957,leaf-spine,sys1-lon14-p-swi-bel59,sw54p1,,sys1-lon14-p-swi-bes19,sw59p2,
97958,leaf-spine,sys1-lon14-p-swi-bel60,sw54p2,,sys1-lon14-p-swi-bes19,sw60p1,
97959,leaf-spine,sys1-lon14-p-swi-bel60,sw54p1,,sys1-lon14-p-swi-bes19,sw60p2,
97960,leaf-spine,sys1-lon14-p-swi-bel61,sw54p2,,sys1-lon14-p-swi-bes19,sw61p1,
97961,leaf-spine,sys1-lon14-p-swi-bel61,sw54p1,,sys1-lon14-p-swi-bes19,sw61p2,
97962,leaf-spine,sys1-lon14-p-swi-bel62,sw54p2,,sys1-lon14-p-swi-bes19,sw62p1,
97963,leaf-spine,sys1-lon14-p-swi-bel62,sw54p1,,sys1-lon14-p-swi-bes19,sw62p2,
97964,leaf-spine,sys1-lon14-p-swi-bel63,sw54p2,,sys1-lon14-p-swi-bes19,sw63p1,
97965,leaf-spine,sys1-lon14-p-swi-bel63,sw54p1,,sys1-lon14-p-swi-bes19,sw63p2,
97966,leaf-spine,sys1-lon14-p-swi-bel64,sw54p2,,sys1-lon14-p-swi-bes19,sw64p1,
97967,leaf-spine,sys1-lon14-p-swi-bel64,sw54p1,,sys1-lon14-p-swi-bes19,sw64p2,
97968,leaf-spine,sys1-lon14-p-swi-bel1,sw53p2,,sys1-lon14-p-swi-bes20,sw1p1,
97969,leaf-spine,sys1-lon14-p-swi-bel1,sw53p1,,sys1-lon14-p-swi-bes20,sw1p2,
97970,leaf-spine,sys1-lon14-p-swi-bel2,sw53p2,,sys1-lon14-p-swi-bes20,sw2p1,
97971,leaf-spine,sys1-lon14-p-swi-bel2,sw53p1,,sys1-lon14-p-swi-bes20,sw2p2,
97972,leaf-spine,sys1-lon14-p-swi-bel3,sw53p2,,sys1-lon14-p-swi-bes20,sw3p1,
97973,leaf-spine,sys1-lon14-p-swi-bel3,sw53p1,,sys1-lon14-p-swi-bes20,sw3p2,
97974,leaf-spine,sys1-lon14-p-swi-bel4,sw53p2,,sys1-lon14-p-swi-bes20,sw4p1,
97975,leaf-spine,sys1-lon14-p-swi-bel4,sw53p1,,sys1-lon14-p-swi-bes20,sw4p2,
97976,leaf-spine,sys1-lon14-p-swi-bel5,sw53p2,,sys1-lon14-p-swi-bes20,sw5p1,
97977,leaf-spine,sys1-lon14-p-swi-bel5,sw53p1,,sys1-lon14-p-swi-bes20,sw5p2,
97978,leaf-spine,sys1-lon14-p-swi-bel6,sw53p2,,sys1-lon14-p-swi-bes20,sw6p1,
97979,leaf-spine,sys1-lon14-p-swi-bel6,sw53p1,,sys1-lon14-p-swi-bes20,sw6p2,
97980,leaf-spine,sys1-lon14-p-swi-bel7,sw53p2,,sys1-lon14-p-swi-bes20,sw7p1,
97981,leaf-spine,sys1-lon14-p-swi-bel7,sw53p1,,sys1-lon14-p-swi-bes20,sw7p2,
97982,leaf-spine,sys1-lon14-p-swi-bel8,sw53p2,,sys1-lon14-p-swi-bes20,sw8p1,
97983,leaf-spine,sys1-lon14-p-swi-bel8,sw53p1,,sys1-lon14-p-swi-bes20,sw8p2,
97984,leaf-spine,sys1-lon14-p-swi-bel9,sw53p2,,sys1-lon14-p-swi-bes20,sw9p1,
97985,leaf-spine,sys1-lon14-p-swi-bel9,sw53p1,,sys1-lon14-p-swi-bes20,sw9p2,
97986,leaf-spine,sys1-lon14-p-swi-bel10,sw53p2,,sys1-lon14-p-swi-bes20,sw10p1,
97987,leaf-spine,sys1-lon14-p-swi-bel10,sw53p1,,sys1-lon14-p-swi-bes20,sw10p2,
97988,leaf-spine,sys1-lon14-p-swi-bel11,sw53p2,,sys1-lon14-p-swi-bes20,sw11p1,
97989,leaf-spine,sys1-lon14-p-swi-bel11,sw53p1,,sys1-lon14-p-swi-bes20,sw11p2,
97990,leaf-spine,sys1-lon14-p-swi-bel12,sw53p2,,sys1-lon14-p-swi-bes20,sw12p1,
97991,leaf-spine,sys1-lon14-p-swi-bel12,sw53p1,,sys1-lon14-p-swi-bes20,sw12p2,
97992,leaf-spine,sys1-lon14-p-swi-bel13,sw53p2,,sys1-lon14-p-swi-bes20,sw13p1,
97993,leaf-spine,sys1-lon14-p-swi-bel13,sw53p1,,sys1-lon14-p-swi-bes20,sw13p2,
97994,leaf-spine,sys1-lon14-p-swi-bel14,sw53p2,,sys1-lon14-p-swi-bes20,sw14p1,
97995,leaf-spine,sys1-lon14-p-swi-bel14,sw53p1,,sys1-lon14-p-swi-bes20,sw14p2,
97996,leaf-spine,sys1-lon14-p-swi-bel15,sw53p2,,sys1-lon14-p-swi-bes20,sw15p1,
97997,leaf-spine,sys1-lon14-p-swi-bel15,sw53p1,,sys1-lon14-p-swi-bes20,sw15p2,
97998,leaf-spine,sys1-lon14-p-swi-bel16,sw53p2,,sys1-lon14-p-swi-bes20,sw16p1,
97999,leaf-spine,sys1-lon14-p-swi-bel16,sw53p1,,sys1-lon14-p-swi-bes20,sw16p2,
98000,leaf-spine,sys1-lon14-p-swi-bel17,sw53p2,,sys1-lon14-p-swi-bes20,sw17p1,
98001,leaf-spine,sys1-lon14-p-swi-bel17,sw53p1,,sys1-lon14-p-swi-bes20,sw17p2,
98002,leaf-spine,sys1-lon14-p-swi-bel18,sw53p2,,sys1-lon14-p-swi-bes20,sw18p1,
98003,leaf-spine,sys1-lon14-p-swi-bel18,sw53p1,,sys1-lon14-p-swi-bes20,sw18p2,
98004,leaf-spine,sys1-lon14-p-swi-bel19,sw53p2,,sys1-lon14-p-swi-bes20,sw19p1,
98005,leaf-spine,sys1-lon14-p-swi-bel19,sw53p1,,sys1-lon14-p-swi-bes20,sw19p2,
98006,leaf-spine,sys1-lon14-p-swi-bel20,sw53p2,,sys1-lon14-p-swi-bes20,sw20p1,
98007,leaf-spine,sys1-lon14-p-swi-bel20,sw53p1,,sys1-lon14-p-swi-bes20,sw20p2,
98008,leaf-spine,sys1-lon14-p-swi-bel21,sw53p2,,sys1-lon14-p-swi-bes20,sw21p1,
98009,leaf-spine,sys1-lon14-p-swi-bel21,sw53p1,,sys1-lon14-p-swi-bes20,sw21p2,
98010,leaf-spine,sys1-lon14-p-swi-bel22,sw53p2,,sys1-lon14-p-swi-bes20,sw22p1,
98011,leaf-spine,sys1-lon14-p-swi-bel22,sw53p1,,sys1-lon14-p-swi-bes20,sw22p2,
98012,leaf-spine,sys1-lon14-p-swi-bel23,sw53p2,,sys1-lon14-p-swi-bes20,sw23p1,
98013,leaf-spine,sys1-lon14-p-swi-bel23,sw53p1,,sys1-lon14-p-swi-bes20,sw23p2,
98014,leaf-spine,sys1-lon14-p-swi-bel24,sw53p2,,sys1-lon14-p-swi-bes20,sw24p1,
98015,leaf-spine,sys1-lon14-p-swi-bel24,sw53p1,,sys1-lon14-p-swi-bes20,sw24p2,
98016,leaf-spine,sys1-lon14-p-swi-bel25,sw53p2,,sys1-lon14-p-swi-bes20,sw25p1,
98017,leaf-spine,sys1-lon14-p-swi-bel25,sw53p1,,sys1-lon14-p-swi-bes20,sw25p2,
98018,leaf-spine,sys1-lon14-p-swi-bel26,sw53p2,,sys1-lon14-p-swi-bes20,sw26p1,
98019,leaf-spine,sys1-lon14-p-swi-bel26,sw53p1,,sys1-lon14-p-swi-bes20,sw26p2,
98020,leaf-spine,sys1-lon14-p-swi-bel27,sw53p2,,sys1-lon14-p-swi-bes20,sw27p1,
98021,leaf-spine,sys1-lon14-p-swi-bel27,sw53p1,,sys1-lon14-p-swi-bes20,sw27p2,
98022,leaf-spine,sys1-lon14-p-swi-bel28,sw53p2,,sys1-lon14-p-swi-bes20,sw28p1,
98023,leaf-spine,sys1-lon14-p-swi-bel28,sw53p1,,sys1-lon14-p-swi-bes20,sw28p2,
98024,leaf-spine,sys1-lon14-p-swi-bel29,sw53p2,,sys1-lon14-p-swi-bes20,sw29p1,
98025,leaf-spine,sys1-lon14-p-swi-bel29,sw53p1,,sys1-lon14-p-swi-bes20,sw29p2,
98026,leaf-spine,sys1-lon14-p-swi-bel30,sw53p2,,sys1-lon14-p-swi-bes20,sw30p1,
98027,leaf-spine,sys1-lon14-p-swi-bel30,sw53p1,,sys1-lon14-p-swi-bes20,sw30p2,
98028,leaf-spine,sys1-lon14-p-swi-bel31,sw53p2,,sys1-lon14-p-swi-bes20,sw31p1,
98029,leaf-spine,sys1-lon14-p-swi-bel31,sw53p1,,sys1-lon14-p-swi-bes20,sw31p2,
98030,leaf-spine,sys1-lon14-p-swi-bel32,sw53p2,,sys1-lon14-p-swi-bes20,sw32p1,
98031,leaf-spine,sys1-lon14-p-swi-bel32,sw53p1,,sys1-lon14-p-swi-bes20,sw32p2,
98032,leaf-spine,sys1-lon14-p-swi-bel33,sw53p2,,sys1-lon14-p-swi-bes20,sw33p1,
98033,leaf-spine,sys1-lon14-p-swi-bel33,sw53p1,,sys1-lon14-p-swi-bes20,sw33p2,
98034,leaf-spine,sys1-lon14-p-swi-bel34,sw53p2,,sys1-lon14-p-swi-bes20,sw34p1,
98035,leaf-spine,sys1-lon14-p-swi-bel34,sw53p1,,sys1-lon14-p-swi-bes20,sw34p2,
98036,leaf-spine,sys1-lon14-p-swi-bel35,sw53p2,,sys1-lon14-p-swi-bes20,sw35p1,
98037,leaf-spine,sys1-lon14-p-swi-bel35,sw53p1,,sys1-lon14-p-swi-bes20,sw35p2,
98038,leaf-spine,sys1-lon14-p-swi-bel36,sw53p2,,sys1-lon14-p-swi-bes20,sw36p1,
98039,leaf-spine,sys1-lon14-p-swi-bel36,sw53p1,,sys1-lon14-p-swi-bes20,sw36p2,
98040,leaf-spine,sys1-lon14-p-swi-bel37,sw53p2,,sys1-lon14-p-swi-bes20,sw37p1,
98041,leaf-spine,sys1-lon14-p-swi-bel37,sw53p1,,sys1-lon14-p-swi-bes20,sw37p2,
98042,leaf-spine,sys1-lon14-p-swi-bel38,sw53p2,,sys1-lon14-p-swi-bes20,sw38p1,
98043,leaf-spine,sys1-lon14-p-swi-bel38,sw53p1,,sys1-lon14-p-swi-bes20,sw38p2,
98044,leaf-spine,sys1-lon14-p-swi-bel39,sw53p2,,sys1-lon14-p-swi-bes20,sw39p1,
98045,leaf-spine,sys1-lon14-p-swi-bel39,sw53p1,,sys1-lon14-p-swi-bes20,sw39p2,
98046,leaf-spine,sys1-lon14-p-swi-bel40,sw53p2,,sys1-lon14-p-swi-bes20,sw40p1,
98047,leaf-spine,sys1-lon14-p-swi-bel40,sw53p1,,sys1-lon14-p-swi-bes20,sw40p2,
98048,leaf-spine,sys1-lon14-p-swi-bel41,sw53p2,,sys1-lon14-p-swi-bes20,sw41p1,
98049,leaf-spine,sys1-lon14-p-swi-bel41,sw53p1,,sys1-lon14-p-swi-bes20,sw41p2,
98050,leaf-spine,sys1-lon14-p-swi-bel42,sw53p2,,sys1-lon14-p-swi-bes20,sw42p1,
98051,leaf-spine,sys1-lon14-p-swi-bel42,sw53p1,,sys1-lon14-p-swi-bes20,sw42p2,
98052,leaf-spine,sys1-lon14-p-swi-bel43,sw53p2,,sys1-lon14-p-swi-bes20,sw43p1,
98053,leaf-spine,sys1-lon14-p-swi-bel43,sw53p1,,sys1-lon14-p-swi-bes20,sw43p2,
98054,leaf-spine,sys1-lon14-p-swi-bel44,sw53p2,,sys1-lon14-p-swi-bes20,sw44p1,
98055,leaf-spine,sys1-lon14-p-swi-bel44,sw53p1,,sys1-lon14-p-swi-bes20,sw44p2,
98056,leaf-spine,sys1-lon14-p-swi-bel45,sw53p2,,sys1-lon14-p-swi-bes20,sw45p1,
98057,leaf-spine,sys1-lon14-p-swi-bel45,sw53p1,,sys1-lon14-p-swi-bes20,sw45p2,
98058,leaf-spine,sys1-lon14-p-swi-bel46,sw53p2,,sys1-lon14-p-swi-bes20,sw46p1,
98059,leaf-spine,sys1-lon14-p-swi-bel46,sw53p1,,sys1-lon14-p-swi-bes20,sw46p2,
98060,leaf-spine,sys1-lon14-p-swi-bel47,sw53p2,,sys1-lon14-p-swi-bes20,sw47p1,
98061,leaf-spine,sys1-lon14-p-swi-bel47,sw53p1,,sys1-lon14-p-swi-bes20,sw47p2,
98062,leaf-spine,sys1-lon14-p-swi-bel48,sw53p2,,sys1-lon14-p-swi-bes20,sw48p1,
98063,leaf-spine,sys1-lon14-p-swi-bel48,sw53p1,,sys1-lon14-p-swi-bes20,sw48p2,
98064,leaf-spine,sys1-lon14-p-swi-bel49,sw53p2,,sys1-lon14-p-swi-bes20,sw49p1,
98065,leaf-spine,sys1-lon14-p-swi-bel49,sw53p1,,sys1-lon14-p-swi-bes20,sw49p2,
98066,leaf-spine,sys1-lon14-p-swi-bel50,sw53p2,,sys1-lon14-p-swi-bes20,sw50p1,
98067,leaf-spine,sys1-lon14-p-swi-bel50,sw53p1,,sys1-lon14-p-swi-bes20,sw50p2,
98068,leaf-spine,sys1-lon14-p-swi-bel51,sw53p2,,sys1-lon14-p-swi-bes20,sw51p1,
98069,leaf-spine,sys1-lon14-p-swi-bel51,sw53p1,,sys1-lon14-p-swi-bes20,sw51p2,
98070,leaf-spine,sys1-lon14-p-swi-bel52,sw53p2,,sys1-lon14-p-swi-bes20,sw52p1,
98071,leaf-spine,sys1-lon14-p-swi-bel52,sw53p1,,sys1-lon14-p-swi-bes20,sw52p2,
98072,leaf-spine,sys1-lon14-p-swi-bel53,sw53p2,,sys1-lon14-p-swi-bes20,sw53p1,
98073,leaf-spine,sys1-lon14-p-swi-bel53,sw53p1,,sys1-lon14-p-swi-bes20,sw53p2,
98074,leaf-spine,sys1-lon14-p-swi-bel54,sw53p2,,sys1-lon14-p-swi-bes20,sw54p1,
98075,leaf-spine,sys1-lon14-p-swi-bel54,sw53p1,,sys1-lon14-p-swi-bes20,sw54p2,
98076,leaf-spine,sys1-lon14-p-swi-bel55,sw53p2,,sys1-lon14-p-swi-bes20,sw55p1,
98077,leaf-spine,sys1-lon14-p-swi-bel55,sw53p1,,sys1-lon14-p-swi-bes20,sw55p2,
98078,leaf-spine,sys1-lon14-p-swi-bel56,sw53p2,,sys1-lon14-p-swi-bes20,sw56p1,
98079,leaf-spine,sys1-lon14-p-swi-bel56,sw53p1,,sys1-lon14-p-swi-bes20,sw56p2,
98080,leaf-spine,sys1-lon14-p-swi-bel57,sw53p2,,sys1-lon14-p-swi-bes20,sw57p1,
98081,leaf-spine,sys1-lon14-p-swi-bel57,sw53p1,,sys1-lon14-p-swi-bes20,sw57p2,
98082,leaf-spine,sys1-lon14-p-swi-bel58,sw53p2,,sys1-lon14-p-swi-bes20,sw58p1,
98083,leaf-spine,sys1-lon14-p-swi-bel58,sw53p1,,sys1-lon14-p-swi-bes20,sw58p2,
98084,leaf-spine,sys1-lon14-p-swi-bel59,sw53p2,,sys1-lon14-p-swi-bes20,sw59p1,
98085,leaf-spine,sys1-lon14-p-swi-bel59,sw53p1,,sys1-lon14-p-swi-bes20,sw59p2,
98086,leaf-spine,sys1-lon14-p-swi-bel60,sw53p2,,sys1-lon14-p-swi-bes20,sw60p1,
98087,leaf-spine,sys1-lon14-p-swi-bel60,sw53p1,,sys1-lon14-p-swi-bes20,sw60p2,
98088,leaf-spine,sys1-lon14-p-swi-bel61,sw53p2,,sys1-lon14-p-swi-bes20,sw61p1,
98089,leaf-spine,sys1-lon14-p-swi-bel61,sw53p1,,sys1-lon14-p-swi-bes20,sw61p2,
98090,leaf-spine,sys1-lon14-p-swi-bel62,sw53p2,,sys1-lon14-p-swi-bes20,sw62p1,
98091,leaf-spine,sys1-lon14-p-swi-bel62,sw53p1,,sys1-lon14-p-swi-bes20,sw62p2,
98092,leaf-spine,sys1-lon14-p-swi-bel63,sw53p2,,sys1-lon14-p-swi-bes20,sw63p1,
98093,leaf-spine,sys1-lon14-p-swi-bel63,sw53p1,,sys1-lon14-p-swi-bes20,sw63p2,
98094,leaf-spine,sys1-lon14-p-swi-bel64,sw53p2,,sys1-lon14-p-swi-bes20,sw64p1,
98095,leaf-spine,sys1-lon14-p-swi-bel64,sw53p1,,sys1-lon14-p-swi-bes20,sw64p2,
98096,leaf-spine,sys1-lon14-p-swi-bel1,sw52p2,,sys1-lon14-p-swi-bes21,sw1p1,
98097,leaf-spine,sys1-lon14-p-swi-bel1,sw52p1,,sys1-lon14-p-swi-bes21,sw1p2,
98098,leaf-spine,sys1-lon14-p-swi-bel2,sw52p2,,sys1-lon14-p-swi-bes21,sw2p1,
98099,leaf-spine,sys1-lon14-p-swi-bel2,sw52p1,,sys1-lon14-p-swi-bes21,sw2p2,
98100,leaf-spine,sys1-lon14-p-swi-bel3,sw52p2,,sys1-lon14-p-swi-bes21,sw3p1,
98101,leaf-spine,sys1-lon14-p-swi-bel3,sw52p1,,sys1-lon14-p-swi-bes21,sw3p2,
98102,leaf-spine,sys1-lon14-p-swi-bel4,sw52p2,,sys1-lon14-p-swi-bes21,sw4p1,
98103,leaf-spine,sys1-lon14-p-swi-bel4,sw52p1,,sys1-lon14-p-swi-bes21,sw4p2,
98104,leaf-spine,sys1-lon14-p-swi-bel5,sw52p2,,sys1-lon14-p-swi-bes21,sw5p1,
98105,leaf-spine,sys1-lon14-p-swi-bel5,sw52p1,,sys1-lon14-p-swi-bes21,sw5p2,
98106,leaf-spine,sys1-lon14-p-swi-bel6,sw52p2,,sys1-lon14-p-swi-bes21,sw6p1,
98107,leaf-spine,sys1-lon14-p-swi-bel6,sw52p1,,sys1-lon14-p-swi-bes21,sw6p2,
98108,leaf-spine,sys1-lon14-p-swi-bel7,sw52p2,,sys1-lon14-p-swi-bes21,sw7p1,
98109,leaf-spine,sys1-lon14-p-swi-bel7,sw52p1,,sys1-lon14-p-swi-bes21,sw7p2,
98110,leaf-spine,sys1-lon14-p-swi-bel8,sw52p2,,sys1-lon14-p-swi-bes21,sw8p1,
98111,leaf-spine,sys1-lon14-p-swi-bel8,sw52p1,,sys1-lon14-p-swi-bes21,sw8p2,
98112,leaf-spine,sys1-lon14-p-swi-bel9,sw52p2,,sys1-lon14-p-swi-bes21,sw9p1,
98113,leaf-spine,sys1-lon14-p-swi-bel9,sw52p1,,sys1-lon14-p-swi-bes21,sw9p2,
98114,leaf-spine,sys1-lon14-p-swi-bel10,sw52p2,,sys1-lon14-p-swi-bes21,sw10p1,
98115,leaf-spine,sys1-lon14-p-swi-bel10,sw52p1,,sys1-lon14-p-swi-bes21,sw10p2,
98116,leaf-spine,sys1-lon14-p-swi-bel11,sw52p2,,sys1-lon14-p-swi-bes21,sw11p1,
98117,leaf-spine,sys1-lon14-p-swi-bel11,sw52p1,,sys1-lon14-p-swi-bes21,sw11p2,
98118,leaf-spine,sys1-lon14-p-swi-bel12,sw52p2,,sys1-lon14-p-swi-bes21,sw12p1,
98119,leaf-spine,sys1-lon14-p-swi-bel12,sw52p1,,sys1-lon14-p-swi-bes21,sw12p2,
98120,leaf-spine,sys1-lon14-p-swi-bel13,sw52p2,,sys1-lon14-p-swi-bes21,sw13p1,
98121,leaf-spine,sys1-lon14-p-swi-bel13,sw52p1,,sys1-lon14-p-swi-bes21,sw13p2,
98122,leaf-spine,sys1-lon14-p-swi-bel14,sw52p2,,sys1-lon14-p-swi-bes21,sw14p1,
98123,leaf-spine,sys1-lon14-p-swi-bel14,sw52p1,,sys1-lon14-p-swi-bes21,sw14p2,
98124,leaf-spine,sys1-lon14-p-swi-bel15,sw52p2,,sys1-lon14-p-swi-bes21,sw15p1,
98125,leaf-spine,sys1-lon14-p-swi-bel15,sw52p1,,sys1-lon14-p-swi-bes21,sw15p2,
98126,leaf-spine,sys1-lon14-p-swi-bel16,sw52p2,,sys1-lon14-p-swi-bes21,sw16p1,
98127,leaf-spine,sys1-lon14-p-swi-bel16,sw52p1,,sys1-lon14-p-swi-bes21,sw16p2,
98128,leaf-spine,sys1-lon14-p-swi-bel17,sw52p2,,sys1-lon14-p-swi-bes21,sw17p1,
98129,leaf-spine,sys1-lon14-p-swi-bel17,sw52p1,,sys1-lon14-p-swi-bes21,sw17p2,
98130,leaf-spine,sys1-lon14-p-swi-bel18,sw52p2,,sys1-lon14-p-swi-bes21,sw18p1,
98131,leaf-spine,sys1-lon14-p-swi-bel18,sw52p1,,sys1-lon14-p-swi-bes21,sw18p2,
98132,leaf-spine,sys1-lon14-p-swi-bel19,sw52p2,,sys1-lon14-p-swi-bes21,sw19p1,
98133,leaf-spine,sys1-lon14-p-swi-bel19,sw52p1,,sys1-lon14-p-swi-bes21,sw19p2,
98134,leaf-spine,sys1-lon14-p-swi-bel20,sw52p2,,sys1-lon14-p-swi-bes21,sw20p1,
98135,leaf-spine,sys1-lon14-p-swi-bel20,sw52p1,,sys1-lon14-p-swi-bes21,sw20p2,
98136,leaf-spine,sys1-lon14-p-swi-bel21,sw52p2,,sys1-lon14-p-swi-bes21,sw21p1,
98137,leaf-spine,sys1-lon14-p-swi-bel21,sw52p1,,sys1-lon14-p-swi-bes21,sw21p2,
98138,leaf-spine,sys1-lon14-p-swi-bel22,sw52p2,,sys1-lon14-p-swi-bes21,sw22p1,
98139,leaf-spine,sys1-lon14-p-swi-bel22,sw52p1,,sys1-lon14-p-swi-bes21,sw22p2,
98140,leaf-spine,sys1-lon14-p-swi-bel23,sw52p2,,sys1-lon14-p-swi-bes21,sw23p1,
98141,leaf-spine,sys1-lon14-p-swi-bel23,sw52p1,,sys1-lon14-p-swi-bes21,sw23p2,
98142,leaf-spine,sys1-lon14-p-swi-bel24,sw52p2,,sys1-lon14-p-swi-bes21,sw24p1,
98143,leaf-spine,sys1-lon14-p-swi-bel24,sw52p1,,sys1-lon14-p-swi-bes21,sw24p2,
98144,leaf-spine,sys1-lon14-p-swi-bel25,sw52p2,,sys1-lon14-p-swi-bes21,sw25p1,
98145,leaf-spine,sys1-lon14-p-swi-bel25,sw52p1,,sys1-lon14-p-swi-bes21,sw25p2,
98146,leaf-spine,sys1-lon14-p-swi-bel26,sw52p2,,sys1-lon14-p-swi-bes21,sw26p1,
98147,leaf-spine,sys1-lon14-p-swi-bel26,sw52p1,,sys1-lon14-p-swi-bes21,sw26p2,
98148,leaf-spine,sys1-lon14-p-swi-bel27,sw52p2,,sys1-lon14-p-swi-bes21,sw27p1,
98149,leaf-spine,sys1-lon14-p-swi-bel27,sw52p1,,sys1-lon14-p-swi-bes21,sw27p2,
98150,leaf-spine,sys1-lon14-p-swi-bel28,sw52p2,,sys1-lon14-p-swi-bes21,sw28p1,
98151,leaf-spine,sys1-lon14-p-swi-bel28,sw52p1,,sys1-lon14-p-swi-bes21,sw28p2,
98152,leaf-spine,sys1-lon14-p-swi-bel29,sw52p2,,sys1-lon14-p-swi-bes21,sw29p1,
98153,leaf-spine,sys1-lon14-p-swi-bel29,sw52p1,,sys1-lon14-p-swi-bes21,sw29p2,
98154,leaf-spine,sys1-lon14-p-swi-bel30,sw52p2,,sys1-lon14-p-swi-bes21,sw30p1,
98155,leaf-spine,sys1-lon14-p-swi-bel30,sw52p1,,sys1-lon14-p-swi-bes21,sw30p2,
98156,leaf-spine,sys1-lon14-p-swi-bel31,sw52p2,,sys1-lon14-p-swi-bes21,sw31p1,
98157,leaf-spine,sys1-lon14-p-swi-bel31,sw52p1,,sys1-lon14-p-swi-bes21,sw31p2,
98158,leaf-spine,sys1-lon14-p-swi-bel32,sw52p2,,sys1-lon14-p-swi-bes21,sw32p1,
98159,leaf-spine,sys1-lon14-p-swi-bel32,sw52p1,,sys1-lon14-p-swi-bes21,sw32p2,
98160,leaf-spine,sys1-lon14-p-swi-bel33,sw52p2,,sys1-lon14-p-swi-bes21,sw33p1,
98161,leaf-spine,sys1-lon14-p-swi-bel33,sw52p1,,sys1-lon14-p-swi-bes21,sw33p2,
98162,leaf-spine,sys1-lon14-p-swi-bel34,sw52p2,,sys1-lon14-p-swi-bes21,sw34p1,
98163,leaf-spine,sys1-lon14-p-swi-bel34,sw52p1,,sys1-lon14-p-swi-bes21,sw34p2,
98164,leaf-spine,sys1-lon14-p-swi-bel35,sw52p2,,sys1-lon14-p-swi-bes21,sw35p1,
98165,leaf-spine,sys1-lon14-p-swi-bel35,sw52p1,,sys1-lon14-p-swi-bes21,sw35p2,
98166,leaf-spine,sys1-lon14-p-swi-bel36,sw52p2,,sys1-lon14-p-swi-bes21,sw36p1,
98167,leaf-spine,sys1-lon14-p-swi-bel36,sw52p1,,sys1-lon14-p-swi-bes21,sw36p2,
98168,leaf-spine,sys1-lon14-p-swi-bel37,sw52p2,,sys1-lon14-p-swi-bes21,sw37p1,
98169,leaf-spine,sys1-lon14-p-swi-bel37,sw52p1,,sys1-lon14-p-swi-bes21,sw37p2,
98170,leaf-spine,sys1-lon14-p-swi-bel38,sw52p2,,sys1-lon14-p-swi-bes21,sw38p1,
98171,leaf-spine,sys1-lon14-p-swi-bel38,sw52p1,,sys1-lon14-p-swi-bes21,sw38p2,
98172,leaf-spine,sys1-lon14-p-swi-bel39,sw52p2,,sys1-lon14-p-swi-bes21,sw39p1,
98173,leaf-spine,sys1-lon14-p-swi-bel39,sw52p1,,sys1-lon14-p-swi-bes21,sw39p2,
98174,leaf-spine,sys1-lon14-p-swi-bel40,sw52p2,,sys1-lon14-p-swi-bes21,sw40p1,
98175,leaf-spine,sys1-lon14-p-swi-bel40,sw52p1,,sys1-lon14-p-swi-bes21,sw40p2,
98176,leaf-spine,sys1-lon14-p-swi-bel41,sw52p2,,sys1-lon14-p-swi-bes21,sw41p1,
98177,leaf-spine,sys1-lon14-p-swi-bel41,sw52p1,,sys1-lon14-p-swi-bes21,sw41p2,
98178,leaf-spine,sys1-lon14-p-swi-bel42,sw52p2,,sys1-lon14-p-swi-bes21,sw42p1,
98179,leaf-spine,sys1-lon14-p-swi-bel42,sw52p1,,sys1-lon14-p-swi-bes21,sw42p2,
98180,leaf-spine,sys1-lon14-p-swi-bel43,sw52p2,,sys1-lon14-p-swi-bes21,sw43p1,
98181,leaf-spine,sys1-lon14-p-swi-bel43,sw52p1,,sys1-lon14-p-swi-bes21,sw43p2,
98182,leaf-spine,sys1-lon14-p-swi-bel44,sw52p2,,sys1-lon14-p-swi-bes21,sw44p1,
98183,leaf-spine,sys1-lon14-p-swi-bel44,sw52p1,,sys1-lon14-p-swi-bes21,sw44p2,
98184,leaf-spine,sys1-lon14-p-swi-bel45,sw52p2,,sys1-lon14-p-swi-bes21,sw45p1,
98185,leaf-spine,sys1-lon14-p-swi-bel45,sw52p1,,sys1-lon14-p-swi-bes21,sw45p2,
98186,leaf-spine,sys1-lon14-p-swi-bel46,sw52p2,,sys1-lon14-p-swi-bes21,sw46p1,
98187,leaf-spine,sys1-lon14-p-swi-bel46,sw52p1,,sys1-lon14-p-swi-bes21,sw46p2,
98188,leaf-spine,sys1-lon14-p-swi-bel47,sw52p2,,sys1-lon14-p-swi-bes21,sw47p1,
98189,leaf-spine,sys1-lon14-p-swi-bel47,sw52p1,,sys1-lon14-p-swi-bes21,sw47p2,
98190,leaf-spine,sys1-lon14-p-swi-bel48,sw52p2,,sys1-lon14-p-swi-bes21,sw48p1,
98191,leaf-spine,sys1-lon14-p-swi-bel48,sw52p1,,sys1-lon14-p-swi-bes21,sw48p2,
98192,leaf-spine,sys1-lon14-p-swi-bel49,sw52p2,,sys1-lon14-p-swi-bes21,sw49p1,
98193,leaf-spine,sys1-lon14-p-swi-bel49,sw52p1,,sys1-lon14-p-swi-bes21,sw49p2,
98194,leaf-spine,sys1-lon14-p-swi-bel50,sw52p2,,sys1-lon14-p-swi-bes21,sw50p1,
98195,leaf-spine,sys1-lon14-p-swi-bel50,sw52p1,,sys1-lon14-p-swi-bes21,sw50p2,
98196,leaf-spine,sys1-lon14-p-swi-bel51,sw52p2,,sys1-lon14-p-swi-bes21,sw51p1,
98197,leaf-spine,sys1-lon14-p-swi-bel51,sw52p1,,sys1-lon14-p-swi-bes21,sw51p2,
98198,leaf-spine,sys1-lon14-p-swi-bel52,sw52p2,,sys1-lon14-p-swi-bes21,sw52p1,
98199,leaf-spine,sys1-lon14-p-swi-bel52,sw52p1,,sys1-lon14-p-swi-bes21,sw52p2,
98200,leaf-spine,sys1-lon14-p-swi-bel53,sw52p2,,sys1-lon14-p-swi-bes21,sw53p1,
98201,leaf-spine,sys1-lon14-p-swi-bel53,sw52p1,,sys1-lon14-p-swi-bes21,sw53p2,
98202,leaf-spine,sys1-lon14-p-swi-bel54,sw52p2,,sys1-lon14-p-swi-bes21,sw54p1,
98203,leaf-spine,sys1-lon14-p-swi-bel54,sw52p1,,sys1-lon14-p-swi-bes21,sw54p2,
98204,leaf-spine,sys1-lon14-p-swi-bel55,sw52p2,,sys1-lon14-p-swi-bes21,sw55p1,
98205,leaf-spine,sys1-lon14-p-swi-bel55,sw52p1,,sys1-lon14-p-swi-bes21,sw55p2,
98206,leaf-spine,sys1-lon14-p-swi-bel56,sw52p2,,sys1-lon14-p-swi-bes21,sw56p1,
98207,leaf-spine,sys1-lon14-p-swi-bel56,sw52p1,,sys1-lon14-p-swi-bes21,sw56p2,
98208,leaf-spine,sys1-lon14-p-swi-bel57,sw52p2,,sys1-lon14-p-swi-bes21,sw57p1,
98209,leaf-spine,sys1-lon14-p-swi-bel57,sw52p1,,sys1-lon14-p-swi-bes21,sw57p2,
98210,leaf-spine,sys1-lon14-p-swi-bel58,sw52p2,,sys1-lon14-p-swi-bes21,sw58p1,
98211,leaf-spine,sys1-lon14-p-swi-bel58,sw52p1,,sys1-lon14-p-swi-bes21,sw58p2,
98212,leaf-spine,sys1-lon14-p-swi-bel59,sw52p2,,sys1-lon14-p-swi-bes21,sw59p1,
98213,leaf-spine,sys1-lon14-p-swi-bel59,sw52p1,,sys1-lon14-p-swi-bes21,sw59p2,
98214,leaf-spine,sys1-lon14-p-swi-bel60,sw52p2,,sys1-lon14-p-swi-bes21,sw60p1,
98215,leaf-spine,sys1-lon14-p-swi-bel60,sw52p1,,sys1-lon14-p-swi-bes21,sw60p2,
98216,leaf-spine,sys1-lon14-p-swi-bel61,sw52p2,,sys1-lon14-p-swi-bes21,sw61p1,
98217,leaf-spine,sys1-lon14-p-swi-bel61,sw52p1,,sys1-lon14-p-swi-bes21,sw61p2,
98218,leaf-spine,sys1-lon14-p-swi-bel62,sw52p2,,sys1-lon14-p-swi-bes21,sw62p1,
98219,leaf-spine,sys1-lon14-p-swi-bel62,sw52p1,,sys1-lon14-p-swi-bes21,sw62p2,
98220,leaf-spine,sys1-lon14-p-swi-bel63,sw52p2,,sys1-lon14-p-swi-bes21,sw63p1,
98221,leaf-spine,sys1-lon14-p-swi-bel63,sw52p1,,sys1-lon14-p-swi-bes21,sw63p2,
98222,leaf-spine,sys1-lon14-p-swi-bel64,sw52p2,,sys1-lon14-p-swi-bes21,sw64p1,
98223,leaf-spine,sys1-lon14-p-swi-bel64,sw52p1,,sys1-lon14-p-swi-bes21,sw64p2,
98224,leaf-spine,sys1-lon14-p-swi-bel1,sw51p2,,sys1-lon14-p-swi-bes22,sw1p1,
98225,leaf-spine,sys1-lon14-p-swi-bel1,sw51p1,,sys1-lon14-p-swi-bes22,sw1p2,
98226,leaf-spine,sys1-lon14-p-swi-bel2,sw51p2,,sys1-lon14-p-swi-bes22,sw2p1,
98227,leaf-spine,sys1-lon14-p-swi-bel2,sw51p1,,sys1-lon14-p-swi-bes22,sw2p2,
98228,leaf-spine,sys1-lon14-p-swi-bel3,sw51p2,,sys1-lon14-p-swi-bes22,sw3p1,
98229,leaf-spine,sys1-lon14-p-swi-bel3,sw51p1,,sys1-lon14-p-swi-bes22,sw3p2,
98230,leaf-spine,sys1-lon14-p-swi-bel4,sw51p2,,sys1-lon14-p-swi-bes22,sw4p1,
98231,leaf-spine,sys1-lon14-p-swi-bel4,sw51p1,,sys1-lon14-p-swi-bes22,sw4p2,
98232,leaf-spine,sys1-lon14-p-swi-bel5,sw51p2,,sys1-lon14-p-swi-bes22,sw5p1,
98233,leaf-spine,sys1-lon14-p-swi-bel5,sw51p1,,sys1-lon14-p-swi-bes22,sw5p2,
98234,leaf-spine,sys1-lon14-p-swi-bel6,sw51p2,,sys1-lon14-p-swi-bes22,sw6p1,
98235,leaf-spine,sys1-lon14-p-swi-bel6,sw51p1,,sys1-lon14-p-swi-bes22,sw6p2,
98236,leaf-spine,sys1-lon14-p-swi-bel7,sw51p2,,sys1-lon14-p-swi-bes22,sw7p1,
98237,leaf-spine,sys1-lon14-p-swi-bel7,sw51p1,,sys1-lon14-p-swi-bes22,sw7p2,
98238,leaf-spine,sys1-lon14-p-swi-bel8,sw51p2,,sys1-lon14-p-swi-bes22,sw8p1,
98239,leaf-spine,sys1-lon14-p-swi-bel8,sw51p1,,sys1-lon14-p-swi-bes22,sw8p2,
98240,leaf-spine,sys1-lon14-p-swi-bel9,sw51p2,,sys1-lon14-p-swi-bes22,sw9p1,
98241,leaf-spine,sys1-lon14-p-swi-bel9,sw51p1,,sys1-lon14-p-swi-bes22,sw9p2,
98242,leaf-spine,sys1-lon14-p-swi-bel10,sw51p2,,sys1-lon14-p-swi-bes22,sw10p1,
98243,leaf-spine,sys1-lon14-p-swi-bel10,sw51p1,,sys1-lon14-p-swi-bes22,sw10p2,
98244,leaf-spine,sys1-lon14-p-swi-bel11,sw51p2,,sys1-lon14-p-swi-bes22,sw11p1,
98245,leaf-spine,sys1-lon14-p-swi-bel11,sw51p1,,sys1-lon14-p-swi-bes22,sw11p2,
98246,leaf-spine,sys1-lon14-p-swi-bel12,sw51p2,,sys1-lon14-p-swi-bes22,sw12p1,
98247,leaf-spine,sys1-lon14-p-swi-bel12,sw51p1,,sys1-lon14-p-swi-bes22,sw12p2,
98248,leaf-spine,sys1-lon14-p-swi-bel13,sw51p2,,sys1-lon14-p-swi-bes22,sw13p1,
98249,leaf-spine,sys1-lon14-p-swi-bel13,sw51p1,,sys1-lon14-p-swi-bes22,sw13p2,
98250,leaf-spine,sys1-lon14-p-swi-bel14,sw51p2,,sys1-lon14-p-swi-bes22,sw14p1,
98251,leaf-spine,sys1-lon14-p-swi-bel14,sw51p1,,sys1-lon14-p-swi-bes22,sw14p2,
98252,leaf-spine,sys1-lon14-p-swi-bel15,sw51p2,,sys1-lon14-p-swi-bes22,sw15p1,
98253,leaf-spine,sys1-lon14-p-swi-bel15,sw51p1,,sys1-lon14-p-swi-bes22,sw15p2,
98254,leaf-spine,sys1-lon14-p-swi-bel16,sw51p2,,sys1-lon14-p-swi-bes22,sw16p1,
98255,leaf-spine,sys1-lon14-p-swi-bel16,sw51p1,,sys1-lon14-p-swi-bes22,sw16p2,
98256,leaf-spine,sys1-lon14-p-swi-bel17,sw51p2,,sys1-lon14-p-swi-bes22,sw17p1,
98257,leaf-spine,sys1-lon14-p-swi-bel17,sw51p1,,sys1-lon14-p-swi-bes22,sw17p2,
98258,leaf-spine,sys1-lon14-p-swi-bel18,sw51p2,,sys1-lon14-p-swi-bes22,sw18p1,
98259,leaf-spine,sys1-lon14-p-swi-bel18,sw51p1,,sys1-lon14-p-swi-bes22,sw18p2,
98260,leaf-spine,sys1-lon14-p-swi-bel19,sw51p2,,sys1-lon14-p-swi-bes22,sw19p1,
98261,leaf-spine,sys1-lon14-p-swi-bel19,sw51p1,,sys1-lon14-p-swi-bes22,sw19p2,
98262,leaf-spine,sys1-lon14-p-swi-bel20,sw51p2,,sys1-lon14-p-swi-bes22,sw20p1,
98263,leaf-spine,sys1-lon14-p-swi-bel20,sw51p1,,sys1-lon14-p-swi-bes22,sw20p2,
98264,leaf-spine,sys1-lon14-p-swi-bel21,sw51p2,,sys1-lon14-p-swi-bes22,sw21p1,
98265,leaf-spine,sys1-lon14-p-swi-bel21,sw51p1,,sys1-lon14-p-swi-bes22,sw21p2,
98266,leaf-spine,sys1-lon14-p-swi-bel22,sw51p2,,sys1-lon14-p-swi-bes22,sw22p1,
98267,leaf-spine,sys1-lon14-p-swi-bel22,sw51p1,,sys1-lon14-p-swi-bes22,sw22p2,
98268,leaf-spine,sys1-lon14-p-swi-bel23,sw51p2,,sys1-lon14-p-swi-bes22,sw23p1,
98269,leaf-spine,sys1-lon14-p-swi-bel23,sw51p1,,sys1-lon14-p-swi-bes22,sw23p2,
98270,leaf-spine,sys1-lon14-p-swi-bel24,sw51p2,,sys1-lon14-p-swi-bes22,sw24p1,
98271,leaf-spine,sys1-lon14-p-swi-bel24,sw51p1,,sys1-lon14-p-swi-bes22,sw24p2,
98272,leaf-spine,sys1-lon14-p-swi-bel25,sw51p2,,sys1-lon14-p-swi-bes22,sw25p1,
98273,leaf-spine,sys1-lon14-p-swi-bel25,sw51p1,,sys1-lon14-p-swi-bes22,sw25p2,
98274,leaf-spine,sys1-lon14-p-swi-bel26,sw51p2,,sys1-lon14-p-swi-bes22,sw26p1,
98275,leaf-spine,sys1-lon14-p-swi-bel26,sw51p1,,sys1-lon14-p-swi-bes22,sw26p2,
98276,leaf-spine,sys1-lon14-p-swi-bel27,sw51p2,,sys1-lon14-p-swi-bes22,sw27p1,
98277,leaf-spine,sys1-lon14-p-swi-bel27,sw51p1,,sys1-lon14-p-swi-bes22,sw27p2,
98278,leaf-spine,sys1-lon14-p-swi-bel28,sw51p2,,sys1-lon14-p-swi-bes22,sw28p1,
98279,leaf-spine,sys1-lon14-p-swi-bel28,sw51p1,,sys1-lon14-p-swi-bes22,sw28p2,
98280,leaf-spine,sys1-lon14-p-swi-bel29,sw51p2,,sys1-lon14-p-swi-bes22,sw29p1,
98281,leaf-spine,sys1-lon14-p-swi-bel29,sw51p1,,sys1-lon14-p-swi-bes22,sw29p2,
98282,leaf-spine,sys1-lon14-p-swi-bel30,sw51p2,,sys1-lon14-p-swi-bes22,sw30p1,
98283,leaf-spine,sys1-lon14-p-swi-bel30,sw51p1,,sys1-lon14-p-swi-bes22,sw30p2,
98284,leaf-spine,sys1-lon14-p-swi-bel31,sw51p2,,sys1-lon14-p-swi-bes22,sw31p1,
98285,leaf-spine,sys1-lon14-p-swi-bel31,sw51p1,,sys1-lon14-p-swi-bes22,sw31p2,
98286,leaf-spine,sys1-lon14-p-swi-bel32,sw51p2,,sys1-lon14-p-swi-bes22,sw32p1,
98287,leaf-spine,sys1-lon14-p-swi-bel32,sw51p1,,sys1-lon14-p-swi-bes22,sw32p2,
98288,leaf-spine,sys1-lon14-p-swi-bel33,sw51p2,,sys1-lon14-p-swi-bes22,sw33p1,
98289,leaf-spine,sys1-lon14-p-swi-bel33,sw51p1,,sys1-lon14-p-swi-bes22,sw33p2,
98290,leaf-spine,sys1-lon14-p-swi-bel34,sw51p2,,sys1-lon14-p-swi-bes22,sw34p1,
98291,leaf-spine,sys1-lon14-p-swi-bel34,sw51p1,,sys1-lon14-p-swi-bes22,sw34p2,
98292,leaf-spine,sys1-lon14-p-swi-bel35,sw51p2,,sys1-lon14-p-swi-bes22,sw35p1,
98293,leaf-spine,sys1-lon14-p-swi-bel35,sw51p1,,sys1-lon14-p-swi-bes22,sw35p2,
98294,leaf-spine,sys1-lon14-p-swi-bel36,sw51p2,,sys1-lon14-p-swi-bes22,sw36p1,
98295,leaf-spine,sys1-lon14-p-swi-bel36,sw51p1,,sys1-lon14-p-swi-bes22,sw36p2,
98296,leaf-spine,sys1-lon14-p-swi-bel37,sw51p2,,sys1-lon14-p-swi-bes22,sw37p1,
98297,leaf-spine,sys1-lon14-p-swi-bel37,sw51p1,,sys1-lon14-p-swi-bes22,sw37p2,
98298,leaf-spine,sys1-lon14-p-swi-bel38,sw51p2,,sys1-lon14-p-swi-bes22,sw38p1,
98299,leaf-spine,sys1-lon14-p-swi-bel38,sw51p1,,sys1-lon14-p-swi-bes22,sw38p2,
98300,leaf-spine,sys1-lon14-p-swi-bel39,sw51p2,,sys1-lon14-p-swi-bes22,sw39p1,
98301,leaf-spine,sys1-lon14-p-swi-bel39,sw51p1,,sys1-lon14-p-swi-bes22,sw39p2,
98302,leaf-spine,sys1-lon14-p-swi-bel40,sw51p2,,sys1-lon14-p-swi-bes22,sw40p1,
98303,leaf-spine,sys1-lon14-p-swi-bel40,sw51p1,,sys1-lon14-p-swi-bes22,sw40p2,
98304,leaf-spine,sys1-lon14-p-swi-bel41,sw51p2,,sys1-lon14-p-swi-bes22,sw41p1,
98305,leaf-spine,sys1-lon14-p-swi-bel41,sw51p1,,sys1-lon14-p-swi-bes22,sw41p2,
98306,leaf-spine,sys1-lon14-p-swi-bel42,sw51p2,,sys1-lon14-p-swi-bes22,sw42p1,
98307,leaf-spine,sys1-lon14-p-swi-bel42,sw51p1,,sys1-lon14-p-swi-bes22,sw42p2,
98308,leaf-spine,sys1-lon14-p-swi-bel43,sw51p2,,sys1-lon14-p-swi-bes22,sw43p1,
98309,leaf-spine,sys1-lon14-p-swi-bel43,sw51p1,,sys1-lon14-p-swi-bes22,sw43p2,
98310,leaf-spine,sys1-lon14-p-swi-bel44,sw51p2,,sys1-lon14-p-swi-bes22,sw44p1,
98311,leaf-spine,sys1-lon14-p-swi-bel44,sw51p1,,sys1-lon14-p-swi-bes22,sw44p2,
98312,leaf-spine,sys1-lon14-p-swi-bel45,sw51p2,,sys1-lon14-p-swi-bes22,sw45p1,
98313,leaf-spine,sys1-lon14-p-swi-bel45,sw51p1,,sys1-lon14-p-swi-bes22,sw45p2,
98314,leaf-spine,sys1-lon14-p-swi-bel46,sw51p2,,sys1-lon14-p-swi-bes22,sw46p1,
98315,leaf-spine,sys1-lon14-p-swi-bel46,sw51p1,,sys1-lon14-p-swi-bes22,sw46p2,
98316,leaf-spine,sys1-lon14-p-swi-bel47,sw51p2,,sys1-lon14-p-swi-bes22,sw47p1,
98317,leaf-spine,sys1-lon14-p-swi-bel47,sw51p1,,sys1-lon14-p-swi-bes22,sw47p2,
98318,leaf-spine,sys1-lon14-p-swi-bel48,sw51p2,,sys1-lon14-p-swi-bes22,sw48p1,
98319,leaf-spine,sys1-lon14-p-swi-bel48,sw51p1,,sys1-lon14-p-swi-bes22,sw48p2,
98320,leaf-spine,sys1-lon14-p-swi-bel49,sw51p2,,sys1-lon14-p-swi-bes22,sw49p1,
98321,leaf-spine,sys1-lon14-p-swi-bel49,sw51p1,,sys1-lon14-p-swi-bes22,sw49p2,
98322,leaf-spine,sys1-lon14-p-swi-bel50,sw51p2,,sys1-lon14-p-swi-bes22,sw50p1,
98323,leaf-spine,sys1-lon14-p-swi-bel50,sw51p1,,sys1-lon14-p-swi-bes22,sw50p2,
98324,leaf-spine,sys1-lon14-p-swi-bel51,sw51p2,,sys1-lon14-p-swi-bes22,sw51p1,
98325,leaf-spine,sys1-lon14-p-swi-bel51,sw51p1,,sys1-lon14-p-swi-bes22,sw51p2,
98326,leaf-spine,sys1-lon14-p-swi-bel52,sw51p2,,sys1-lon14-p-swi-bes22,sw52p1,
98327,leaf-spine,sys1-lon14-p-swi-bel52,sw51p1,,sys1-lon14-p-swi-bes22,sw52p2,
98328,leaf-spine,sys1-lon14-p-swi-bel53,sw51p2,,sys1-lon14-p-swi-bes22,sw53p1,
98329,leaf-spine,sys1-lon14-p-swi-bel53,sw51p1,,sys1-lon14-p-swi-bes22,sw53p2,
98330,leaf-spine,sys1-lon14-p-swi-bel54,sw51p2,,sys1-lon14-p-swi-bes22,sw54p1,
98331,leaf-spine,sys1-lon14-p-swi-bel54,sw51p1,,sys1-lon14-p-swi-bes22,sw54p2,
98332,leaf-spine,sys1-lon14-p-swi-bel55,sw51p2,,sys1-lon14-p-swi-bes22,sw55p1,
98333,leaf-spine,sys1-lon14-p-swi-bel55,sw51p1,,sys1-lon14-p-swi-bes22,sw55p2,
98334,leaf-spine,sys1-lon14-p-swi-bel56,sw51p2,,sys1-lon14-p-swi-bes22,sw56p1,
98335,leaf-spine,sys1-lon14-p-swi-bel56,sw51p1,,sys1-lon14-p-swi-bes22,sw56p2,
98336,leaf-spine,sys1-lon14-p-swi-bel57,sw51p2,,sys1-lon14-p-swi-bes22,sw57p1,
98337,leaf-spine,sys1-lon14-p-swi-bel57,sw51p1,,sys1-lon14-p-swi-bes22,sw57p2,
98338,leaf-spine,sys1-lon14-p-swi-bel58,sw51p2,,sys1-lon14-p-swi-bes22,sw58p1,
98339,leaf-spine,sys1-lon14-p-swi-bel58,sw51p1,,sys1-lon14-p-swi-bes22,sw58p2,
98340,leaf-spine,sys1-lon14-p-swi-bel59,sw51p2,,sys1-lon14-p-swi-bes22,sw59p1,
98341,leaf-spine,sys1-lon14-p-swi-bel59,sw51p1,,sys1-lon14-p-swi-bes22,sw59p2,
98342,leaf-spine,sys1-lon14-p-swi-bel60,sw51p2,,sys1-lon14-p-swi-bes22,sw60p1,
98343,leaf-spine,sys1-lon14-p-swi-bel60,sw51p1,,sys1-lon14-p-swi-bes22,sw60p2,
98344,leaf-spine,sys1-lon14-p-swi-bel61,sw51p2,,sys1-lon14-p-swi-bes22,sw61p1,
98345,leaf-spine,sys1-lon14-p-swi-bel61,sw51p1,,sys1-lon14-p-swi-bes22,sw61p2,
98346,leaf-spine,sys1-lon14-p-swi-bel62,sw51p2,,sys1-lon14-p-swi-bes22,sw62p1,
98347,leaf-spine,sys1-lon14-p-swi-bel62,sw51p1,,sys1-lon14-p-swi-bes22,sw62p2,
98348,leaf-spine,sys1-lon14-p-swi-bel63,sw51p2,,sys1-lon14-p-swi-bes22,sw63p1,
98349,leaf-spine,sys1-lon14-p-swi-bel63,sw51p1,,sys1-lon14-p-swi-bes22,sw63p2,
98350,leaf-spine,sys1-lon14-p-swi-bel64,sw51p2,,sys1-lon14-p-swi-bes22,sw64p1,
98351,leaf-spine,sys1-lon14-p-swi-bel64,sw51p1,,sys1-lon14-p-swi-bes22,sw64p2,
98352,leaf-spine,sys1-lon14-p-swi-bel1,sw50p2,,sys1-lon14-p-swi-bes23,sw1p1,
98353,leaf-spine,sys1-lon14-p-swi-bel1,sw50p1,,sys1-lon14-p-swi-bes23,sw1p2,
98354,leaf-spine,sys1-lon14-p-swi-bel2,sw50p2,,sys1-lon14-p-swi-bes23,sw2p1,
98355,leaf-spine,sys1-lon14-p-swi-bel2,sw50p1,,sys1-lon14-p-swi-bes23,sw2p2,
98356,leaf-spine,sys1-lon14-p-swi-bel3,sw50p2,,sys1-lon14-p-swi-bes23,sw3p1,
98357,leaf-spine,sys1-lon14-p-swi-bel3,sw50p1,,sys1-lon14-p-swi-bes23,sw3p2,
98358,leaf-spine,sys1-lon14-p-swi-bel4,sw50p2,,sys1-lon14-p-swi-bes23,sw4p1,
98359,leaf-spine,sys1-lon14-p-swi-bel4,sw50p1,,sys1-lon14-p-swi-bes23,sw4p2,
98360,leaf-spine,sys1-lon14-p-swi-bel5,sw50p2,,sys1-lon14-p-swi-bes23,sw5p1,
98361,leaf-spine,sys1-lon14-p-swi-bel5,sw50p1,,sys1-lon14-p-swi-bes23,sw5p2,
98362,leaf-spine,sys1-lon14-p-swi-bel6,sw50p2,,sys1-lon14-p-swi-bes23,sw6p1,
98363,leaf-spine,sys1-lon14-p-swi-bel6,sw50p1,,sys1-lon14-p-swi-bes23,sw6p2,
98364,leaf-spine,sys1-lon14-p-swi-bel7,sw50p2,,sys1-lon14-p-swi-bes23,sw7p1,
98365,leaf-spine,sys1-lon14-p-swi-bel7,sw50p1,,sys1-lon14-p-swi-bes23,sw7p2,
98366,leaf-spine,sys1-lon14-p-swi-bel8,sw50p2,,sys1-lon14-p-swi-bes23,sw8p1,
98367,leaf-spine,sys1-lon14-p-swi-bel8,sw50p1,,sys1-lon14-p-swi-bes23,sw8p2,
98368,leaf-spine,sys1-lon14-p-swi-bel9,sw50p2,,sys1-lon14-p-swi-bes23,sw9p1,
98369,leaf-spine,sys1-lon14-p-swi-bel9,sw50p1,,sys1-lon14-p-swi-bes23,sw9p2,
98370,leaf-spine,sys1-lon14-p-swi-bel10,sw50p2,,sys1-lon14-p-swi-bes23,sw10p1,
98371,leaf-spine,sys1-lon14-p-swi-bel10,sw50p1,,sys1-lon14-p-swi-bes23,sw10p2,
98372,leaf-spine,sys1-lon14-p-swi-bel11,sw50p2,,sys1-lon14-p-swi-bes23,sw11p1,
98373,leaf-spine,sys1-lon14-p-swi-bel11,sw50p1,,sys1-lon14-p-swi-bes23,sw11p2,
98374,leaf-spine,sys1-lon14-p-swi-bel12,sw50p2,,sys1-lon14-p-swi-bes23,sw12p1,
98375,leaf-spine,sys1-lon14-p-swi-bel12,sw50p1,,sys1-lon14-p-swi-bes23,sw12p2,
98376,leaf-spine,sys1-lon14-p-swi-bel13,sw50p2,,sys1-lon14-p-swi-bes23,sw13p1,
98377,leaf-spine,sys1-lon14-p-swi-bel13,sw50p1,,sys1-lon14-p-swi-bes23,sw13p2,
98378,leaf-spine,sys1-lon14-p-swi-bel14,sw50p2,,sys1-lon14-p-swi-bes23,sw14p1,
98379,leaf-spine,sys1-lon14-p-swi-bel14,sw50p1,,sys1-lon14-p-swi-bes23,sw14p2,
98380,leaf-spine,sys1-lon14-p-swi-bel15,sw50p2,,sys1-lon14-p-swi-bes23,sw15p1,
98381,leaf-spine,sys1-lon14-p-swi-bel15,sw50p1,,sys1-lon14-p-swi-bes23,sw15p2,
98382,leaf-spine,sys1-lon14-p-swi-bel16,sw50p2,,sys1-lon14-p-swi-bes23,sw16p1,
98383,leaf-spine,sys1-lon14-p-swi-bel16,sw50p1,,sys1-lon14-p-swi-bes23,sw16p2,
98384,leaf-spine,sys1-lon14-p-swi-bel17,sw50p2,,sys1-lon14-p-swi-bes23,sw17p1,
98385,leaf-spine,sys1-lon14-p-swi-bel17,sw50p1,,sys1-lon14-p-swi-bes23,sw17p2,
98386,leaf-spine,sys1-lon14-p-swi-bel18,sw50p2,,sys1-lon14-p-swi-bes23,sw18p1,
98387,leaf-spine,sys1-lon14-p-swi-bel18,sw50p1,,sys1-lon14-p-swi-bes23,sw18p2,
98388,leaf-spine,sys1-lon14-p-swi-bel19,sw50p2,,sys1-lon14-p-swi-bes23,sw19p1,
98389,leaf-spine,sys1-lon14-p-swi-bel19,sw50p1,,sys1-lon14-p-swi-bes23,sw19p2,
98390,leaf-spine,sys1-lon14-p-swi-bel20,sw50p2,,sys1-lon14-p-swi-bes23,sw20p1,
98391,leaf-spine,sys1-lon14-p-swi-bel20,sw50p1,,sys1-lon14-p-swi-bes23,sw20p2,
98392,leaf-spine,sys1-lon14-p-swi-bel21,sw50p2,,sys1-lon14-p-swi-bes23,sw21p1,
98393,leaf-spine,sys1-lon14-p-swi-bel21,sw50p1,,sys1-lon14-p-swi-bes23,sw21p2,
98394,leaf-spine,sys1-lon14-p-swi-bel22,sw50p2,,sys1-lon14-p-swi-bes23,sw22p1,
98395,leaf-spine,sys1-lon14-p-swi-bel22,sw50p1,,sys1-lon14-p-swi-bes23,sw22p2,
98396,leaf-spine,sys1-lon14-p-swi-bel23,sw50p2,,sys1-lon14-p-swi-bes23,sw23p1,
98397,leaf-spine,sys1-lon14-p-swi-bel23,sw50p1,,sys1-lon14-p-swi-bes23,sw23p2,
98398,leaf-spine,sys1-lon14-p-swi-bel24,sw50p2,,sys1-lon14-p-swi-bes23,sw24p1,
98399,leaf-spine,sys1-lon14-p-swi-bel24,sw50p1,,sys1-lon14-p-swi-bes23,sw24p2,
98400,leaf-spine,sys1-lon14-p-swi-bel25,sw50p2,,sys1-lon14-p-swi-bes23,sw25p1,
98401,leaf-spine,sys1-lon14-p-swi-bel25,sw50p1,,sys1-lon14-p-swi-bes23,sw25p2,
98402,leaf-spine,sys1-lon14-p-swi-bel26,sw50p2,,sys1-lon14-p-swi-bes23,sw26p1,
98403,leaf-spine,sys1-lon14-p-swi-bel26,sw50p1,,sys1-lon14-p-swi-bes23,sw26p2,
98404,leaf-spine,sys1-lon14-p-swi-bel27,sw50p2,,sys1-lon14-p-swi-bes23,sw27p1,
98405,leaf-spine,sys1-lon14-p-swi-bel27,sw50p1,,sys1-lon14-p-swi-bes23,sw27p2,
98406,leaf-spine,sys1-lon14-p-swi-bel28,sw50p2,,sys1-lon14-p-swi-bes23,sw28p1,
98407,leaf-spine,sys1-lon14-p-swi-bel28,sw50p1,,sys1-lon14-p-swi-bes23,sw28p2,
98408,leaf-spine,sys1-lon14-p-swi-bel29,sw50p2,,sys1-lon14-p-swi-bes23,sw29p1,
98409,leaf-spine,sys1-lon14-p-swi-bel29,sw50p1,,sys1-lon14-p-swi-bes23,sw29p2,
98410,leaf-spine,sys1-lon14-p-swi-bel30,sw50p2,,sys1-lon14-p-swi-bes23,sw30p1,
98411,leaf-spine,sys1-lon14-p-swi-bel30,sw50p1,,sys1-lon14-p-swi-bes23,sw30p2,
98412,leaf-spine,sys1-lon14-p-swi-bel31,sw50p2,,sys1-lon14-p-swi-bes23,sw31p1,
98413,leaf-spine,sys1-lon14-p-swi-bel31,sw50p1,,sys1-lon14-p-swi-bes23,sw31p2,
98414,leaf-spine,sys1-lon14-p-swi-bel32,sw50p2,,sys1-lon14-p-swi-bes23,sw32p1,
98415,leaf-spine,sys1-lon14-p-swi-bel32,sw50p1,,sys1-lon14-p-swi-bes23,sw32p2,
98416,leaf-spine,sys1-lon14-p-swi-bel33,sw50p2,,sys1-lon14-p-swi-bes23,sw33p1,
98417,leaf-spine,sys1-lon14-p-swi-bel33,sw50p1,,sys1-lon14-p-swi-bes23,sw33p2,
98418,leaf-spine,sys1-lon14-p-swi-bel34,sw50p2,,sys1-lon14-p-swi-bes23,sw34p1,
98419,leaf-spine,sys1-lon14-p-swi-bel34,sw50p1,,sys1-lon14-p-swi-bes23,sw34p2,
98420,leaf-spine,sys1-lon14-p-swi-bel35,sw50p2,,sys1-lon14-p-swi-bes23,sw35p1,
98421,leaf-spine,sys1-lon14-p-swi-bel35,sw50p1,,sys1-lon14-p-swi-bes23,sw35p2,
98422,leaf-spine,sys1-lon14-p-swi-bel36,sw50p2,,sys1-lon14-p-swi-bes23,sw36p1,
98423,leaf-spine,sys1-lon14-p-swi-bel36,sw50p1,,sys1-lon14-p-swi-bes23,sw36p2,
98424,leaf-spine,sys1-lon14-p-swi-bel37,sw50p2,,sys1-lon14-p-swi-bes23,sw37p1,
98425,leaf-spine,sys1-lon14-p-swi-bel37,sw50p1,,sys1-lon14-p-swi-bes23,sw37p2,
98426,leaf-spine,sys1-lon14-p-swi-bel38,sw50p2,,sys1-lon14-p-swi-bes23,sw38p1,
98427,leaf-spine,sys1-lon14-p-swi-bel38,sw50p1,,sys1-lon14-p-swi-bes23,sw38p2,
98428,leaf-spine,sys1-lon14-p-swi-bel39,sw50p2,,sys1-lon14-p-swi-bes23,sw39p1,
98429,leaf-spine,sys1-lon14-p-swi-bel39,sw50p1,,sys1-lon14-p-swi-bes23,sw39p2,
98430,leaf-spine,sys1-lon14-p-swi-bel40,sw50p2,,sys1-lon14-p-swi-bes23,sw40p1,
98431,leaf-spine,sys1-lon14-p-swi-bel40,sw50p1,,sys1-lon14-p-swi-bes23,sw40p2,
98432,leaf-spine,sys1-lon14-p-swi-bel41,sw50p2,,sys1-lon14-p-swi-bes23,sw41p1,
98433,leaf-spine,sys1-lon14-p-swi-bel41,sw50p1,,sys1-lon14-p-swi-bes23,sw41p2,
98434,leaf-spine,sys1-lon14-p-swi-bel42,sw50p2,,sys1-lon14-p-swi-bes23,sw42p1,
98435,leaf-spine,sys1-lon14-p-swi-bel42,sw50p1,,sys1-lon14-p-swi-bes23,sw42p2,
98436,leaf-spine,sys1-lon14-p-swi-bel43,sw50p2,,sys1-lon14-p-swi-bes23,sw43p1,
98437,leaf-spine,sys1-lon14-p-swi-bel43,sw50p1,,sys1-lon14-p-swi-bes23,sw43p2,
98438,leaf-spine,sys1-lon14-p-swi-bel44,sw50p2,,sys1-lon14-p-swi-bes23,sw44p1,
98439,leaf-spine,sys1-lon14-p-swi-bel44,sw50p1,,sys1-lon14-p-swi-bes23,sw44p2,
98440,leaf-spine,sys1-lon14-p-swi-bel45,sw50p2,,sys1-lon14-p-swi-bes23,sw45p1,
98441,leaf-spine,sys1-lon14-p-swi-bel45,sw50p1,,sys1-lon14-p-swi-bes23,sw45p2,
98442,leaf-spine,sys1-lon14-p-swi-bel46,sw50p2,,sys1-lon14-p-swi-bes23,sw46p1,
98443,leaf-spine,sys1-lon14-p-swi-bel46,sw50p1,,sys1-lon14-p-swi-bes23,sw46p2,
98444,leaf-spine,sys1-lon14-p-swi-bel47,sw50p2,,sys1-lon14-p-swi-bes23,sw47p1,
98445,leaf-spine,sys1-lon14-p-swi-bel47,sw50p1,,sys1-lon14-p-swi-bes23,sw47p2,
98446,leaf-spine,sys1-lon14-p-swi-bel48,sw50p2,,sys1-lon14-p-swi-bes23,sw48p1,
98447,leaf-spine,sys1-lon14-p-swi-bel48,sw50p1,,sys1-lon14-p-swi-bes23,sw48p2,
98448,leaf-spine,sys1-lon14-p-swi-bel49,sw50p2,,sys1-lon14-p-swi-bes23,sw49p1,
98449,leaf-spine,sys1-lon14-p-swi-bel49,sw50p1,,sys1-lon14-p-swi-bes23,sw49p2,
98450,leaf-spine,sys1-lon14-p-swi-bel50,sw50p2,,sys1-lon14-p-swi-bes23,sw50p1,
98451,leaf-spine,sys1-lon14-p-swi-bel50,sw50p1,,sys1-lon14-p-swi-bes23,sw50p2,
98452,leaf-spine,sys1-lon14-p-swi-bel51,sw50p2,,sys1-lon14-p-swi-bes23,sw51p1,
98453,leaf-spine,sys1-lon14-p-swi-bel51,sw50p1,,sys1-lon14-p-swi-bes23,sw51p2,
98454,leaf-spine,sys1-lon14-p-swi-bel52,sw50p2,,sys1-lon14-p-swi-bes23,sw52p1,
98455,leaf-spine,sys1-lon14-p-swi-bel52,sw50p1,,sys1-lon14-p-swi-bes23,sw52p2,
98456,leaf-spine,sys1-lon14-p-swi-bel53,sw50p2,,sys1-lon14-p-swi-bes23,sw53p1,
98457,leaf-spine,sys1-lon14-p-swi-bel53,sw50p1,,sys1-lon14-p-swi-bes23,sw53p2,
98458,leaf-spine,sys1-lon14-p-swi-bel54,sw50p2,,sys1-lon14-p-swi-bes23,sw54p1,
98459,leaf-spine,sys1-lon14-p-swi-bel54,sw50p1,,sys1-lon14-p-swi-bes23,sw54p2,
98460,leaf-spine,sys1-lon14-p-swi-bel55,sw50p2,,sys1-lon14-p-swi-bes23,sw55p1,
98461,leaf-spine,sys1-lon14-p-swi-bel55,sw50p1,,sys1-lon14-p-swi-bes23,sw55p2,
98462,leaf-spine,sys1-lon14-p-swi-bel56,sw50p2,,sys1-lon14-p-swi-bes23,sw56p1,
98463,leaf-spine,sys1-lon14-p-swi-bel56,sw50p1,,sys1-lon14-p-swi-bes23,sw56p2,
98464,leaf-spine,sys1-lon14-p-swi-bel57,sw50p2,,sys1-lon14-p-swi-bes23,sw57p1,
98465,leaf-spine,sys1-lon14-p-swi-bel57,sw50p1,,sys1-lon14-p-swi-bes23,sw57p2,
98466,leaf-spine,sys1-lon14-p-swi-bel58,sw50p2,,sys1-lon14-p-swi-bes23,sw58p1,
98467,leaf-spine,sys1-lon14-p-swi-bel58,sw50p1,,sys1-lon14-p-swi-bes23,sw58p2,
98468,leaf-spine,sys1-lon14-p-swi-bel59,sw50p2,,sys1-lon14-p-swi-bes23,sw59p1,
98469,leaf-spine,sys1-lon14-p-swi-bel59,sw50p1,,sys1-lon14-p-swi-bes23,sw59p2,
98470,leaf-spine,sys1-lon14-p-swi-bel60,sw50p2,,sys1-lon14-p-swi-bes23,sw60p1,
98471,leaf-spine,sys1-lon14-p-swi-bel60,sw50p1,,sys1-lon14-p-swi-bes23,sw60p2,
98472,leaf-spine,sys1-lon14-p-swi-bel61,sw50p2,,sys1-lon14-p-swi-bes23,sw61p1,
98473,leaf-spine,sys1-lon14-p-swi-bel61,sw50p1,,sys1-lon14-p-swi-bes23,sw61p2,
98474,leaf-spine,sys1-lon14-p-swi-bel62,sw50p2,,sys1-lon14-p-swi-bes23,sw62p1,
98475,leaf-spine,sys1-lon14-p-swi-bel62,sw50p1,,sys1-lon14-p-swi-bes23,sw62p2,
98476,leaf-spine,sys1-lon14-p-swi-bel63,sw50p2,,sys1-lon14-p-swi-bes23,sw63p1,
98477,leaf-spine,sys1-lon14-p-swi-bel63,sw50p1,,sys1-lon14-p-swi-bes23,sw63p2,
98478,leaf-spine,sys1-lon14-p-swi-bel64,sw50p2,,sys1-lon14-p-swi-bes23,sw64p1,
98479,leaf-spine,sys1-lon14-p-swi-bel64,sw50p1,,sys1-lon14-p-swi-bes23,sw64p2,
98532,leaf-spine,sys1-lon14-p-swi-bel1,sw49p2,,sys1-lon14-p-swi-bes24,sw1p1,
98533,leaf-spine,sys1-lon14-p-swi-bel1,sw49p1,,sys1-lon14-p-swi-bes24,sw1p2,
98534,leaf-spine,sys1-lon14-p-swi-bel2,sw49p2,,sys1-lon14-p-swi-bes24,sw2p1,
98535,leaf-spine,sys1-lon14-p-swi-bel2,sw49p1,,sys1-lon14-p-swi-bes24,sw2p2,
98536,leaf-spine,sys1-lon14-p-swi-bel3,sw49p2,,sys1-lon14-p-swi-bes24,sw3p1,
98537,leaf-spine,sys1-lon14-p-swi-bel3,sw49p1,,sys1-lon14-p-swi-bes24,sw3p2,
98538,leaf-spine,sys1-lon14-p-swi-bel4,sw49p2,,sys1-lon14-p-swi-bes24,sw4p1,
98539,leaf-spine,sys1-lon14-p-swi-bel4,sw49p1,,sys1-lon14-p-swi-bes24,sw4p2,
98540,leaf-spine,sys1-lon14-p-swi-bel5,sw49p2,,sys1-lon14-p-swi-bes24,sw5p1,
98541,leaf-spine,sys1-lon14-p-swi-bel5,sw49p1,,sys1-lon14-p-swi-bes24,sw5p2,
98542,leaf-spine,sys1-lon14-p-swi-bel6,sw49p2,,sys1-lon14-p-swi-bes24,sw6p1,
98543,leaf-spine,sys1-lon14-p-swi-bel6,sw49p1,,sys1-lon14-p-swi-bes24,sw6p2,
98544,leaf-spine,sys1-lon14-p-swi-bel7,sw49p2,,sys1-lon14-p-swi-bes24,sw7p1,
98545,leaf-spine,sys1-lon14-p-swi-bel7,sw49p1,,sys1-lon14-p-swi-bes24,sw7p2,
98546,leaf-spine,sys1-lon14-p-swi-bel8,sw49p2,,sys1-lon14-p-swi-bes24,sw8p1,
98547,leaf-spine,sys1-lon14-p-swi-bel8,sw49p1,,sys1-lon14-p-swi-bes24,sw8p2,
98548,leaf-spine,sys1-lon14-p-swi-bel9,sw49p2,,sys1-lon14-p-swi-bes24,sw9p1,
98549,leaf-spine,sys1-lon14-p-swi-bel9,sw49p1,,sys1-lon14-p-swi-bes24,sw9p2,
98550,leaf-spine,sys1-lon14-p-swi-bel10,sw49p2,,sys1-lon14-p-swi-bes24,sw10p1,
98551,leaf-spine,sys1-lon14-p-swi-bel10,sw49p1,,sys1-lon14-p-swi-bes24,sw10p2,
98552,leaf-spine,sys1-lon14-p-swi-bel11,sw49p2,,sys1-lon14-p-swi-bes24,sw11p1,
98553,leaf-spine,sys1-lon14-p-swi-bel11,sw49p1,,sys1-lon14-p-swi-bes24,sw11p2,
98554,leaf-spine,sys1-lon14-p-swi-bel12,sw49p2,,sys1-lon14-p-swi-bes24,sw12p1,
98555,leaf-spine,sys1-lon14-p-swi-bel12,sw49p1,,sys1-lon14-p-swi-bes24,sw12p2,
98556,leaf-spine,sys1-lon14-p-swi-bel13,sw49p2,,sys1-lon14-p-swi-bes24,sw13p1,
98557,leaf-spine,sys1-lon14-p-swi-bel13,sw49p1,,sys1-lon14-p-swi-bes24,sw13p2,
98558,leaf-spine,sys1-lon14-p-swi-bel14,sw49p2,,sys1-lon14-p-swi-bes24,sw14p1,
98559,leaf-spine,sys1-lon14-p-swi-bel14,sw49p1,,sys1-lon14-p-swi-bes24,sw14p2,
98560,leaf-spine,sys1-lon14-p-swi-bel15,sw49p2,,sys1-lon14-p-swi-bes24,sw15p1,
98561,leaf-spine,sys1-lon14-p-swi-bel15,sw49p1,,sys1-lon14-p-swi-bes24,sw15p2,
98562,leaf-spine,sys1-lon14-p-swi-bel16,sw49p2,,sys1-lon14-p-swi-bes24,sw16p1,
98563,leaf-spine,sys1-lon14-p-swi-bel16,sw49p1,,sys1-lon14-p-swi-bes24,sw16p2,
98564,leaf-spine,sys1-lon14-p-swi-bel17,sw49p2,,sys1-lon14-p-swi-bes24,sw17p1,
98565,leaf-spine,sys1-lon14-p-swi-bel17,sw49p1,,sys1-lon14-p-swi-bes24,sw17p2,
98566,leaf-spine,sys1-lon14-p-swi-bel18,sw49p2,,sys1-lon14-p-swi-bes24,sw18p1,
98567,leaf-spine,sys1-lon14-p-swi-bel18,sw49p1,,sys1-lon14-p-swi-bes24,sw18p2,
98568,leaf-spine,sys1-lon14-p-swi-bel19,sw49p2,,sys1-lon14-p-swi-bes24,sw19p1,
98569,leaf-spine,sys1-lon14-p-swi-bel19,sw49p1,,sys1-lon14-p-swi-bes24,sw19p2,
98570,leaf-spine,sys1-lon14-p-swi-bel20,sw49p2,,sys1-lon14-p-swi-bes24,sw20p1,
98571,leaf-spine,sys1-lon14-p-swi-bel20,sw49p1,,sys1-lon14-p-swi-bes24,sw20p2,
98572,leaf-spine,sys1-lon14-p-swi-bel21,sw49p2,,sys1-lon14-p-swi-bes24,sw21p1,
98573,leaf-spine,sys1-lon14-p-swi-bel21,sw49p1,,sys1-lon14-p-swi-bes24,sw21p2,
98574,leaf-spine,sys1-lon14-p-swi-bel22,sw49p2,,sys1-lon14-p-swi-bes24,sw22p1,
98575,leaf-spine,sys1-lon14-p-swi-bel22,sw49p1,,sys1-lon14-p-swi-bes24,sw22p2,
98576,leaf-spine,sys1-lon14-p-swi-bel23,sw49p2,,sys1-lon14-p-swi-bes24,sw23p1,
98577,leaf-spine,sys1-lon14-p-swi-bel23,sw49p1,,sys1-lon14-p-swi-bes24,sw23p2,
98578,leaf-spine,sys1-lon14-p-swi-bel24,sw49p2,,sys1-lon14-p-swi-bes24,sw24p1,
98579,leaf-spine,sys1-lon14-p-swi-bel24,sw49p1,,sys1-lon14-p-swi-bes24,sw24p2,
98580,leaf-spine,sys1-lon14-p-swi-bel25,sw49p2,,sys1-lon14-p-swi-bes24,sw25p1,
98581,leaf-spine,sys1-lon14-p-swi-bel25,sw49p1,,sys1-lon14-p-swi-bes24,sw25p2,
98583,leaf-spine,sys1-lon14-p-swi-bel26,sw49p2,,sys1-lon14-p-swi-bes24,sw26p1,
98585,leaf-spine,sys1-lon14-p-swi-bel26,sw49p1,,sys1-lon14-p-swi-bes24,sw26p2,
98587,leaf-spine,sys1-lon14-p-swi-bel27,sw49p2,,sys1-lon14-p-swi-bes24,sw27p1,
98589,leaf-spine,sys1-lon14-p-swi-bel27,sw49p1,,sys1-lon14-p-swi-bes24,sw27p2,
98591,leaf-spine,sys1-lon14-p-swi-bel28,sw49p2,,sys1-lon14-p-swi-bes24,sw28p1,
98593,leaf-spine,sys1-lon14-p-swi-bel28,sw49p1,,sys1-lon14-p-swi-bes24,sw28p2,
98594,leaf-spine,sys1-lon14-p-swi-bel29,sw49p2,,sys1-lon14-p-swi-bes24,sw29p1,
98596,leaf-spine,sys1-lon14-p-swi-bel29,sw49p1,,sys1-lon14-p-swi-bes24,sw29p2,
98597,leaf-spine,sys1-lon14-p-swi-bel30,sw49p2,,sys1-lon14-p-swi-bes24,sw30p1,
98599,leaf-spine,sys1-lon14-p-swi-bel30,sw49p1,,sys1-lon14-p-swi-bes24,sw30p2,
98600,leaf-spine,sys1-lon14-p-swi-bel31,sw49p2,,sys1-lon14-p-swi-bes24,sw31p1,
98602,leaf-spine,sys1-lon14-p-swi-bel31,sw49p1,,sys1-lon14-p-swi-bes24,sw31p2,
98604,leaf-spine,sys1-lon14-p-swi-bel32,sw49p2,,sys1-lon14-p-swi-bes24,sw32p1,
98605,leaf-spine,sys1-lon14-p-swi-bel32,sw49p1,,sys1-lon14-p-swi-bes24,sw32p2,
98607,leaf-spine,sys1-lon14-p-swi-bel33,sw49p2,,sys1-lon14-p-swi-bes24,sw33p1,
98608,leaf-spine,sys1-lon14-p-swi-bel33,sw49p1,,sys1-lon14-p-swi-bes24,sw33p2,
98610,leaf-spine,sys1-lon14-p-swi-bel34,sw49p2,,sys1-lon14-p-swi-bes24,sw34p1,
98611,leaf-spine,sys1-lon14-p-swi-bel34,sw49p1,,sys1-lon14-p-swi-bes24,sw34p2,
98613,leaf-spine,sys1-lon14-p-swi-bel35,sw49p2,,sys1-lon14-p-swi-bes24,sw35p1,
98614,leaf-spine,sys1-lon14-p-swi-bel35,sw49p1,,sys1-lon14-p-swi-bes24,sw35p2,
98616,leaf-spine,sys1-lon14-p-swi-bel36,sw49p2,,sys1-lon14-p-swi-bes24,sw36p1,
98617,leaf-spine,sys1-lon14-p-swi-bel36,sw49p1,,sys1-lon14-p-swi-bes24,sw36p2,
98619,leaf-spine,sys1-lon14-p-swi-bel37,sw49p2,,sys1-lon14-p-swi-bes24,sw37p1,
98620,leaf-spine,sys1-lon14-p-swi-bel37,sw49p1,,sys1-lon14-p-swi-bes24,sw37p2,
98622,leaf-spine,sys1-lon14-p-swi-bel38,sw49p2,,sys1-lon14-p-swi-bes24,sw38p1,
98623,leaf-spine,sys1-lon14-p-swi-bel38,sw49p1,,sys1-lon14-p-swi-bes24,sw38p2,
98624,leaf-spine,sys1-lon14-p-swi-bel39,sw49p2,,sys1-lon14-p-swi-bes24,sw39p1,
98626,leaf-spine,sys1-lon14-p-swi-bel39,sw49p1,,sys1-lon14-p-swi-bes24,sw39p2,
98628,leaf-spine,sys1-lon14-p-swi-bel40,sw49p2,,sys1-lon14-p-swi-bes24,sw40p1,
98629,leaf-spine,sys1-lon14-p-swi-bel40,sw49p1,,sys1-lon14-p-swi-bes24,sw40p2,
98631,leaf-spine,sys1-lon14-p-swi-bel41,sw49p2,,sys1-lon14-p-swi-bes24,sw41p1,
98632,leaf-spine,sys1-lon14-p-swi-bel41,sw49p1,,sys1-lon14-p-swi-bes24,sw41p2,
98634,leaf-spine,sys1-lon14-p-swi-bel42,sw49p2,,sys1-lon14-p-swi-bes24,sw42p1,
98635,leaf-spine,sys1-lon14-p-swi-bel42,sw49p1,,sys1-lon14-p-swi-bes24,sw42p2,
98639,leaf-spine,sys1-lon14-p-swi-bel43,sw49p2,,sys1-lon14-p-swi-bes24,sw43p1,
98640,leaf-spine,sys1-lon14-p-swi-bel43,sw49p1,,sys1-lon14-p-swi-bes24,sw43p2,
98641,leaf-spine,sys1-lon14-p-swi-bel44,sw49p2,,sys1-lon14-p-swi-bes24,sw44p1,
98642,leaf-spine,sys1-lon14-p-swi-bel44,sw49p1,,sys1-lon14-p-swi-bes24,sw44p2,
98643,leaf-spine,sys1-lon14-p-swi-bel45,sw49p2,,sys1-lon14-p-swi-bes24,sw45p1,
98645,leaf-spine,sys1-lon14-p-swi-bel45,sw49p1,,sys1-lon14-p-swi-bes24,sw45p2,
98647,leaf-spine,sys1-lon14-p-swi-bel46,sw49p2,,sys1-lon14-p-swi-bes24,sw46p1,
98648,leaf-spine,sys1-lon14-p-swi-bel46,sw49p1,,sys1-lon14-p-swi-bes24,sw46p2,
98650,leaf-spine,sys1-lon14-p-swi-bel47,sw49p2,,sys1-lon14-p-swi-bes24,sw47p1,
98652,leaf-spine,sys1-lon14-p-swi-bel47,sw49p1,,sys1-lon14-p-swi-bes24,sw47p2,
98654,leaf-spine,sys1-lon14-p-swi-bel48,sw49p2,,sys1-lon14-p-swi-bes24,sw48p1,
98656,leaf-spine,sys1-lon14-p-swi-bel48,sw49p1,,sys1-lon14-p-swi-bes24,sw48p2,
98658,leaf-spine,sys1-lon14-p-swi-bel49,sw49p2,,sys1-lon14-p-swi-bes24,sw49p1,
98660,leaf-spine,sys1-lon14-p-swi-bel49,sw49p1,,sys1-lon14-p-swi-bes24,sw49p2,
98662,leaf-spine,sys1-lon14-p-swi-bel50,sw49p2,,sys1-lon14-p-swi-bes24,sw50p1,
98664,leaf-spine,sys1-lon14-p-swi-bel50,sw49p1,,sys1-lon14-p-swi-bes24,sw50p2,
98666,leaf-spine,sys1-lon14-p-swi-bel51,sw49p2,,sys1-lon14-p-swi-bes24,sw51p1,
98667,leaf-spine,sys1-lon14-p-swi-bel51,sw49p1,,sys1-lon14-p-swi-bes24,sw51p2,
98668,leaf-spine,sys1-lon14-p-swi-bel52,sw49p2,,sys1-lon14-p-swi-bes24,sw52p1,
98669,leaf-spine,sys1-lon14-p-swi-bel52,sw49p1,,sys1-lon14-p-swi-bes24,sw52p2,
98670,leaf-spine,sys1-lon14-p-swi-bel53,sw49p2,,sys1-lon14-p-swi-bes24,sw53p1,
98671,leaf-spine,sys1-lon14-p-swi-bel53,sw49p1,,sys1-lon14-p-swi-bes24,sw53p2,
98672,leaf-spine,sys1-lon14-p-swi-bel54,sw49p2,,sys1-lon14-p-swi-bes24,sw54p1,
98673,leaf-spine,sys1-lon14-p-swi-bel54,sw49p1,,sys1-lon14-p-swi-bes24,sw54p2,
98674,leaf-spine,sys1-lon14-p-swi-bel55,sw49p2,,sys1-lon14-p-swi-bes24,sw55p1,
98675,leaf-spine,sys1-lon14-p-swi-bel55,sw49p1,,sys1-lon14-p-swi-bes24,sw55p2,
98676,leaf-spine,sys1-lon14-p-swi-bel56,sw49p2,,sys1-lon14-p-swi-bes24,sw56p1,
98677,leaf-spine,sys1-lon14-p-swi-bel56,sw49p1,,sys1-lon14-p-swi-bes24,sw56p2,
98678,leaf-spine,sys1-lon14-p-swi-bel57,sw49p2,,sys1-lon14-p-swi-bes24,sw57p1,
98679,leaf-spine,sys1-lon14-p-swi-bel57,sw49p1,,sys1-lon14-p-swi-bes24,sw57p2,
98680,leaf-spine,sys1-lon14-p-swi-bel58,sw49p2,,sys1-lon14-p-swi-bes24,sw58p1,
98681,leaf-spine,sys1-lon14-p-swi-bel58,sw49p1,,sys1-lon14-p-swi-bes24,sw58p2,
98682,leaf-spine,sys1-lon14-p-swi-bel59,sw49p2,,sys1-lon14-p-swi-bes24,sw59p1,
98683,leaf-spine,sys1-lon14-p-swi-bel59,sw49p1,,sys1-lon14-p-swi-bes24,sw59p2,
98684,leaf-spine,sys1-lon14-p-swi-bel60,sw49p2,,sys1-lon14-p-swi-bes24,sw60p1,
98685,leaf-spine,sys1-lon14-p-swi-bel60,sw49p1,,sys1-lon14-p-swi-bes24,sw60p2,
98686,leaf-spine,sys1-lon14-p-swi-bel61,sw49p2,,sys1-lon14-p-swi-bes24,sw61p1,
98687,leaf-spine,sys1-lon14-p-swi-bel61,sw49p1,,sys1-lon14-p-swi-bes24,sw61p2,
98688,leaf-spine,sys1-lon14-p-swi-bel62,sw49p2,,sys1-lon14-p-swi-bes24,sw62p1,
98689,leaf-spine,sys1-lon14-p-swi-bel62,sw49p1,,sys1-lon14-p-swi-bes24,sw62p2,
98690,leaf-spine,sys1-lon14-p-swi-bel63,sw49p2,,sys1-lon14-p-swi-bes24,sw63p1,
98691,leaf-spine,sys1-lon14-p-swi-bel63,sw49p1,,sys1-lon14-p-swi-bes24,sw63p2,
98692,leaf-spine,sys1-lon14-p-swi-bel64,sw49p2,,sys1-lon14-p-swi-bes24,sw64p1,
98693,leaf-spine,sys1-lon14-p-swi-bel64,sw49p1,,sys1-lon14-p-swi-bes24,sw64p2,
98694,leaf-spine,sys1-lon14-p-swi-bel1,sw48p2,,sys1-lon14-p-swi-bes25,sw1p1,
98695,leaf-spine,sys1-lon14-p-swi-bel1,sw48p1,,sys1-lon14-p-swi-bes25,sw1p2,
98696,leaf-spine,sys1-lon14-p-swi-bel2,sw48p2,,sys1-lon14-p-swi-bes25,sw2p1,
98697,leaf-spine,sys1-lon14-p-swi-bel2,sw48p1,,sys1-lon14-p-swi-bes25,sw2p2,
98698,leaf-spine,sys1-lon14-p-swi-bel3,sw48p2,,sys1-lon14-p-swi-bes25,sw3p1,
98699,leaf-spine,sys1-lon14-p-swi-bel3,sw48p1,,sys1-lon14-p-swi-bes25,sw3p2,
98700,leaf-spine,sys1-lon14-p-swi-bel4,sw48p2,,sys1-lon14-p-swi-bes25,sw4p1,
98701,leaf-spine,sys1-lon14-p-swi-bel4,sw48p1,,sys1-lon14-p-swi-bes25,sw4p2,
98702,leaf-spine,sys1-lon14-p-swi-bel5,sw48p2,,sys1-lon14-p-swi-bes25,sw5p1,
98703,leaf-spine,sys1-lon14-p-swi-bel5,sw48p1,,sys1-lon14-p-swi-bes25,sw5p2,
98704,leaf-spine,sys1-lon14-p-swi-bel6,sw48p2,,sys1-lon14-p-swi-bes25,sw6p1,
98705,leaf-spine,sys1-lon14-p-swi-bel6,sw48p1,,sys1-lon14-p-swi-bes25,sw6p2,
98706,leaf-spine,sys1-lon14-p-swi-bel7,sw48p2,,sys1-lon14-p-swi-bes25,sw7p1,
98707,leaf-spine,sys1-lon14-p-swi-bel7,sw48p1,,sys1-lon14-p-swi-bes25,sw7p2,
98708,leaf-spine,sys1-lon14-p-swi-bel8,sw48p2,,sys1-lon14-p-swi-bes25,sw8p1,
98709,leaf-spine,sys1-lon14-p-swi-bel8,sw48p1,,sys1-lon14-p-swi-bes25,sw8p2,
98710,leaf-spine,sys1-lon14-p-swi-bel9,sw48p2,,sys1-lon14-p-swi-bes25,sw9p1,
98711,leaf-spine,sys1-lon14-p-swi-bel9,sw48p1,,sys1-lon14-p-swi-bes25,sw9p2,
98712,leaf-spine,sys1-lon14-p-swi-bel10,sw48p2,,sys1-lon14-p-swi-bes25,sw10p1,
98713,leaf-spine,sys1-lon14-p-swi-bel10,sw48p1,,sys1-lon14-p-swi-bes25,sw10p2,
98714,leaf-spine,sys1-lon14-p-swi-bel11,sw48p2,,sys1-lon14-p-swi-bes25,sw11p1,
98715,leaf-spine,sys1-lon14-p-swi-bel11,sw48p1,,sys1-lon14-p-swi-bes25,sw11p2,
98716,leaf-spine,sys1-lon14-p-swi-bel12,sw48p2,,sys1-lon14-p-swi-bes25,sw12p1,
98717,leaf-spine,sys1-lon14-p-swi-bel12,sw48p1,,sys1-lon14-p-swi-bes25,sw12p2,
98718,leaf-spine,sys1-lon14-p-swi-bel13,sw48p2,,sys1-lon14-p-swi-bes25,sw13p1,
98719,leaf-spine,sys1-lon14-p-swi-bel13,sw48p1,,sys1-lon14-p-swi-bes25,sw13p2,
98720,leaf-spine,sys1-lon14-p-swi-bel14,sw48p2,,sys1-lon14-p-swi-bes25,sw14p1,
98721,leaf-spine,sys1-lon14-p-swi-bel14,sw48p1,,sys1-lon14-p-swi-bes25,sw14p2,
98722,leaf-spine,sys1-lon14-p-swi-bel15,sw48p2,,sys1-lon14-p-swi-bes25,sw15p1,
98723,leaf-spine,sys1-lon14-p-swi-bel15,sw48p1,,sys1-lon14-p-swi-bes25,sw15p2,
98724,leaf-spine,sys1-lon14-p-swi-bel16,sw48p2,,sys1-lon14-p-swi-bes25,sw16p1,
98725,leaf-spine,sys1-lon14-p-swi-bel16,sw48p1,,sys1-lon14-p-swi-bes25,sw16p2,
98726,leaf-spine,sys1-lon14-p-swi-bel17,sw48p2,,sys1-lon14-p-swi-bes25,sw17p1,
98727,leaf-spine,sys1-lon14-p-swi-bel17,sw48p1,,sys1-lon14-p-swi-bes25,sw17p2,
98728,leaf-spine,sys1-lon14-p-swi-bel18,sw48p2,,sys1-lon14-p-swi-bes25,sw18p1,
98729,leaf-spine,sys1-lon14-p-swi-bel18,sw48p1,,sys1-lon14-p-swi-bes25,sw18p2,
98730,leaf-spine,sys1-lon14-p-swi-bel19,sw48p2,,sys1-lon14-p-swi-bes25,sw19p1,
98731,leaf-spine,sys1-lon14-p-swi-bel19,sw48p1,,sys1-lon14-p-swi-bes25,sw19p2,
98732,leaf-spine,sys1-lon14-p-swi-bel20,sw48p2,,sys1-lon14-p-swi-bes25,sw20p1,
98733,leaf-spine,sys1-lon14-p-swi-bel20,sw48p1,,sys1-lon14-p-swi-bes25,sw20p2,
98734,leaf-spine,sys1-lon14-p-swi-bel21,sw48p2,,sys1-lon14-p-swi-bes25,sw21p1,
98735,leaf-spine,sys1-lon14-p-swi-bel21,sw48p1,,sys1-lon14-p-swi-bes25,sw21p2,
98736,leaf-spine,sys1-lon14-p-swi-bel22,sw48p2,,sys1-lon14-p-swi-bes25,sw22p1,
98737,leaf-spine,sys1-lon14-p-swi-bel22,sw48p1,,sys1-lon14-p-swi-bes25,sw22p2,
98738,leaf-spine,sys1-lon14-p-swi-bel23,sw48p2,,sys1-lon14-p-swi-bes25,sw23p1,
98739,leaf-spine,sys1-lon14-p-swi-bel23,sw48p1,,sys1-lon14-p-swi-bes25,sw23p2,
98740,leaf-spine,sys1-lon14-p-swi-bel24,sw48p2,,sys1-lon14-p-swi-bes25,sw24p1,
98741,leaf-spine,sys1-lon14-p-swi-bel24,sw48p1,,sys1-lon14-p-swi-bes25,sw24p2,
98742,leaf-spine,sys1-lon14-p-swi-bel25,sw48p2,,sys1-lon14-p-swi-bes25,sw25p1,
98743,leaf-spine,sys1-lon14-p-swi-bel25,sw48p1,,sys1-lon14-p-swi-bes25,sw25p2,
98744,leaf-spine,sys1-lon14-p-swi-bel26,sw48p2,,sys1-lon14-p-swi-bes25,sw26p1,
98745,leaf-spine,sys1-lon14-p-swi-bel26,sw48p1,,sys1-lon14-p-swi-bes25,sw26p2,
98746,leaf-spine,sys1-lon14-p-swi-bel27,sw48p2,,sys1-lon14-p-swi-bes25,sw27p1,
98747,leaf-spine,sys1-lon14-p-swi-bel27,sw48p1,,sys1-lon14-p-swi-bes25,sw27p2,
98748,leaf-spine,sys1-lon14-p-swi-bel28,sw48p2,,sys1-lon14-p-swi-bes25,sw28p1,
98749,leaf-spine,sys1-lon14-p-swi-bel28,sw48p1,,sys1-lon14-p-swi-bes25,sw28p2,
98750,leaf-spine,sys1-lon14-p-swi-bel29,sw48p2,,sys1-lon14-p-swi-bes25,sw29p1,
98751,leaf-spine,sys1-lon14-p-swi-bel29,sw48p1,,sys1-lon14-p-swi-bes25,sw29p2,
98752,leaf-spine,sys1-lon14-p-swi-bel30,sw48p2,,sys1-lon14-p-swi-bes25,sw30p1,
98753,leaf-spine,sys1-lon14-p-swi-bel30,sw48p1,,sys1-lon14-p-swi-bes25,sw30p2,
98754,leaf-spine,sys1-lon14-p-swi-bel31,sw48p2,,sys1-lon14-p-swi-bes25,sw31p1,
98755,leaf-spine,sys1-lon14-p-swi-bel31,sw48p1,,sys1-lon14-p-swi-bes25,sw31p2,
98756,leaf-spine,sys1-lon14-p-swi-bel32,sw48p2,,sys1-lon14-p-swi-bes25,sw32p1,
98757,leaf-spine,sys1-lon14-p-swi-bel32,sw48p1,,sys1-lon14-p-swi-bes25,sw32p2,
98758,leaf-spine,sys1-lon14-p-swi-bel33,sw48p2,,sys1-lon14-p-swi-bes25,sw33p1,
98759,leaf-spine,sys1-lon14-p-swi-bel33,sw48p1,,sys1-lon14-p-swi-bes25,sw33p2,
98760,leaf-spine,sys1-lon14-p-swi-bel34,sw48p2,,sys1-lon14-p-swi-bes25,sw34p1,
98761,leaf-spine,sys1-lon14-p-swi-bel34,sw48p1,,sys1-lon14-p-swi-bes25,sw34p2,
98762,leaf-spine,sys1-lon14-p-swi-bel35,sw48p2,,sys1-lon14-p-swi-bes25,sw35p1,
98763,leaf-spine,sys1-lon14-p-swi-bel35,sw48p1,,sys1-lon14-p-swi-bes25,sw35p2,
98764,leaf-spine,sys1-lon14-p-swi-bel36,sw48p2,,sys1-lon14-p-swi-bes25,sw36p1,
98765,leaf-spine,sys1-lon14-p-swi-bel36,sw48p1,,sys1-lon14-p-swi-bes25,sw36p2,
98766,leaf-spine,sys1-lon14-p-swi-bel37,sw48p2,,sys1-lon14-p-swi-bes25,sw37p1,
98767,leaf-spine,sys1-lon14-p-swi-bel37,sw48p1,,sys1-lon14-p-swi-bes25,sw37p2,
98768,leaf-spine,sys1-lon14-p-swi-bel38,sw48p2,,sys1-lon14-p-swi-bes25,sw38p1,
98769,leaf-spine,sys1-lon14-p-swi-bel38,sw48p1,,sys1-lon14-p-swi-bes25,sw38p2,
98770,leaf-spine,sys1-lon14-p-swi-bel39,sw48p2,,sys1-lon14-p-swi-bes25,sw39p1,
98771,leaf-spine,sys1-lon14-p-swi-bel39,sw48p1,,sys1-lon14-p-swi-bes25,sw39p2,
98772,leaf-spine,sys1-lon14-p-swi-bel40,sw48p2,,sys1-lon14-p-swi-bes25,sw40p1,
98773,leaf-spine,sys1-lon14-p-swi-bel40,sw48p1,,sys1-lon14-p-swi-bes25,sw40p2,
98774,leaf-spine,sys1-lon14-p-swi-bel41,sw48p2,,sys1-lon14-p-swi-bes25,sw41p1,
98775,leaf-spine,sys1-lon14-p-swi-bel41,sw48p1,,sys1-lon14-p-swi-bes25,sw41p2,
98776,leaf-spine,sys1-lon14-p-swi-bel42,sw48p2,,sys1-lon14-p-swi-bes25,sw42p1,
98777,leaf-spine,sys1-lon14-p-swi-bel42,sw48p1,,sys1-lon14-p-swi-bes25,sw42p2,
98778,leaf-spine,sys1-lon14-p-swi-bel43,sw48p2,,sys1-lon14-p-swi-bes25,sw43p1,
98779,leaf-spine,sys1-lon14-p-swi-bel43,sw48p1,,sys1-lon14-p-swi-bes25,sw43p2,
98780,leaf-spine,sys1-lon14-p-swi-bel44,sw48p2,,sys1-lon14-p-swi-bes25,sw44p1,
98781,leaf-spine,sys1-lon14-p-swi-bel44,sw48p1,,sys1-lon14-p-swi-bes25,sw44p2,
98782,leaf-spine,sys1-lon14-p-swi-bel45,sw48p2,,sys1-lon14-p-swi-bes25,sw45p1,
98783,leaf-spine,sys1-lon14-p-swi-bel45,sw48p1,,sys1-lon14-p-swi-bes25,sw45p2,
98784,leaf-spine,sys1-lon14-p-swi-bel46,sw48p2,,sys1-lon14-p-swi-bes25,sw46p1,
98785,leaf-spine,sys1-lon14-p-swi-bel46,sw48p1,,sys1-lon14-p-swi-bes25,sw46p2,
98786,leaf-spine,sys1-lon14-p-swi-bel47,sw48p2,,sys1-lon14-p-swi-bes25,sw47p1,
98787,leaf-spine,sys1-lon14-p-swi-bel47,sw48p1,,sys1-lon14-p-swi-bes25,sw47p2,
98788,leaf-spine,sys1-lon14-p-swi-bel48,sw48p2,,sys1-lon14-p-swi-bes25,sw48p1,
98789,leaf-spine,sys1-lon14-p-swi-bel48,sw48p1,,sys1-lon14-p-swi-bes25,sw48p2,
98790,leaf-spine,sys1-lon14-p-swi-bel49,sw48p2,,sys1-lon14-p-swi-bes25,sw49p1,
98791,leaf-spine,sys1-lon14-p-swi-bel49,sw48p1,,sys1-lon14-p-swi-bes25,sw49p2,
98792,leaf-spine,sys1-lon14-p-swi-bel50,sw48p2,,sys1-lon14-p-swi-bes25,sw50p1,
98793,leaf-spine,sys1-lon14-p-swi-bel50,sw48p1,,sys1-lon14-p-swi-bes25,sw50p2,
98794,leaf-spine,sys1-lon14-p-swi-bel51,sw48p2,,sys1-lon14-p-swi-bes25,sw51p1,
98795,leaf-spine,sys1-lon14-p-swi-bel51,sw48p1,,sys1-lon14-p-swi-bes25,sw51p2,
98796,leaf-spine,sys1-lon14-p-swi-bel52,sw48p2,,sys1-lon14-p-swi-bes25,sw52p1,
98797,leaf-spine,sys1-lon14-p-swi-bel52,sw48p1,,sys1-lon14-p-swi-bes25,sw52p2,
98798,leaf-spine,sys1-lon14-p-swi-bel53,sw48p2,,sys1-lon14-p-swi-bes25,sw53p1,
98799,leaf-spine,sys1-lon14-p-swi-bel53,sw48p1,,sys1-lon14-p-swi-bes25,sw53p2,
98800,leaf-spine,sys1-lon14-p-swi-bel54,sw48p2,,sys1-lon14-p-swi-bes25,sw54p1,
98801,leaf-spine,sys1-lon14-p-swi-bel54,sw48p1,,sys1-lon14-p-swi-bes25,sw54p2,
98802,leaf-spine,sys1-lon14-p-swi-bel55,sw48p2,,sys1-lon14-p-swi-bes25,sw55p1,
98803,leaf-spine,sys1-lon14-p-swi-bel55,sw48p1,,sys1-lon14-p-swi-bes25,sw55p2,
98804,leaf-spine,sys1-lon14-p-swi-bel56,sw48p2,,sys1-lon14-p-swi-bes25,sw56p1,
98805,leaf-spine,sys1-lon14-p-swi-bel56,sw48p1,,sys1-lon14-p-swi-bes25,sw56p2,
98806,leaf-spine,sys1-lon14-p-swi-bel57,sw48p2,,sys1-lon14-p-swi-bes25,sw57p1,
98807,leaf-spine,sys1-lon14-p-swi-bel57,sw48p1,,sys1-lon14-p-swi-bes25,sw57p2,
98808,leaf-spine,sys1-lon14-p-swi-bel58,sw48p2,,sys1-lon14-p-swi-bes25,sw58p1,
98809,leaf-spine,sys1-lon14-p-swi-bel58,sw48p1,,sys1-lon14-p-swi-bes25,sw58p2,
98810,leaf-spine,sys1-lon14-p-swi-bel59,sw48p2,,sys1-lon14-p-swi-bes25,sw59p1,
98811,leaf-spine,sys1-lon14-p-swi-bel59,sw48p1,,sys1-lon14-p-swi-bes25,sw59p2,
98812,leaf-spine,sys1-lon14-p-swi-bel60,sw48p2,,sys1-lon14-p-swi-bes25,sw60p1,
98813,leaf-spine,sys1-lon14-p-swi-bel60,sw48p1,,sys1-lon14-p-swi-bes25,sw60p2,
98814,leaf-spine,sys1-lon14-p-swi-bel61,sw48p2,,sys1-lon14-p-swi-bes25,sw61p1,
98815,leaf-spine,sys1-lon14-p-swi-bel61,sw48p1,,sys1-lon14-p-swi-bes25,sw61p2,
98816,leaf-spine,sys1-lon14-p-swi-bel62,sw48p2,,sys1-lon14-p-swi-bes25,sw62p1,
98817,leaf-spine,sys1-lon14-p-swi-bel62,sw48p1,,sys1-lon14-p-swi-bes25,sw62p2,
98818,leaf-spine,sys1-lon14-p-swi-bel63,sw48p2,,sys1-lon14-p-swi-bes25,sw63p1,
98819,leaf-spine,sys1-lon14-p-swi-bel63,sw48p1,,sys1-lon14-p-swi-bes25,sw63p2,
98820,leaf-spine,sys1-lon14-p-swi-bel64,sw48p2,,sys1-lon14-p-swi-bes25,sw64p1,
98821,leaf-spine,sys1-lon14-p-swi-bel64,sw48p1,,sys1-lon14-p-swi-bes25,sw64p2,
98822,leaf-spine,sys1-lon14-p-swi-bel1,sw47p2,,sys1-lon14-p-swi-bes26,sw1p1,
98823,leaf-spine,sys1-lon14-p-swi-bel1,sw47p1,,sys1-lon14-p-swi-bes26,sw1p2,
98824,leaf-spine,sys1-lon14-p-swi-bel2,sw47p2,,sys1-lon14-p-swi-bes26,sw2p1,
98825,leaf-spine,sys1-lon14-p-swi-bel2,sw47p1,,sys1-lon14-p-swi-bes26,sw2p2,
98826,leaf-spine,sys1-lon14-p-swi-bel3,sw47p2,,sys1-lon14-p-swi-bes26,sw3p1,
98827,leaf-spine,sys1-lon14-p-swi-bel3,sw47p1,,sys1-lon14-p-swi-bes26,sw3p2,
98828,leaf-spine,sys1-lon14-p-swi-bel4,sw47p2,,sys1-lon14-p-swi-bes26,sw4p1,
98829,leaf-spine,sys1-lon14-p-swi-bel4,sw47p1,,sys1-lon14-p-swi-bes26,sw4p2,
98830,leaf-spine,sys1-lon14-p-swi-bel5,sw47p2,,sys1-lon14-p-swi-bes26,sw5p1,
98831,leaf-spine,sys1-lon14-p-swi-bel5,sw47p1,,sys1-lon14-p-swi-bes26,sw5p2,
98832,leaf-spine,sys1-lon14-p-swi-bel6,sw47p2,,sys1-lon14-p-swi-bes26,sw6p1,
98833,leaf-spine,sys1-lon14-p-swi-bel6,sw47p1,,sys1-lon14-p-swi-bes26,sw6p2,
98834,leaf-spine,sys1-lon14-p-swi-bel7,sw47p2,,sys1-lon14-p-swi-bes26,sw7p1,
98835,leaf-spine,sys1-lon14-p-swi-bel7,sw47p1,,sys1-lon14-p-swi-bes26,sw7p2,
98836,leaf-spine,sys1-lon14-p-swi-bel8,sw47p2,,sys1-lon14-p-swi-bes26,sw8p1,
98837,leaf-spine,sys1-lon14-p-swi-bel8,sw47p1,,sys1-lon14-p-swi-bes26,sw8p2,
98838,leaf-spine,sys1-lon14-p-swi-bel9,sw47p2,,sys1-lon14-p-swi-bes26,sw9p1,
98839,leaf-spine,sys1-lon14-p-swi-bel9,sw47p1,,sys1-lon14-p-swi-bes26,sw9p2,
98840,leaf-spine,sys1-lon14-p-swi-bel10,sw47p2,,sys1-lon14-p-swi-bes26,sw10p1,
98841,leaf-spine,sys1-lon14-p-swi-bel10,sw47p1,,sys1-lon14-p-swi-bes26,sw10p2,
98842,leaf-spine,sys1-lon14-p-swi-bel11,sw47p2,,sys1-lon14-p-swi-bes26,sw11p1,
98843,leaf-spine,sys1-lon14-p-swi-bel11,sw47p1,,sys1-lon14-p-swi-bes26,sw11p2,
98844,leaf-spine,sys1-lon14-p-swi-bel12,sw47p2,,sys1-lon14-p-swi-bes26,sw12p1,
98845,leaf-spine,sys1-lon14-p-swi-bel12,sw47p1,,sys1-lon14-p-swi-bes26,sw12p2,
98846,leaf-spine,sys1-lon14-p-swi-bel13,sw47p2,,sys1-lon14-p-swi-bes26,sw13p1,
98847,leaf-spine,sys1-lon14-p-swi-bel13,sw47p1,,sys1-lon14-p-swi-bes26,sw13p2,
98848,leaf-spine,sys1-lon14-p-swi-bel14,sw47p2,,sys1-lon14-p-swi-bes26,sw14p1,
98849,leaf-spine,sys1-lon14-p-swi-bel14,sw47p1,,sys1-lon14-p-swi-bes26,sw14p2,
98850,leaf-spine,sys1-lon14-p-swi-bel15,sw47p2,,sys1-lon14-p-swi-bes26,sw15p1,
98851,leaf-spine,sys1-lon14-p-swi-bel15,sw47p1,,sys1-lon14-p-swi-bes26,sw15p2,
98852,leaf-spine,sys1-lon14-p-swi-bel16,sw47p2,,sys1-lon14-p-swi-bes26,sw16p1,
98853,leaf-spine,sys1-lon14-p-swi-bel16,sw47p1,,sys1-lon14-p-swi-bes26,sw16p2,
98854,leaf-spine,sys1-lon14-p-swi-bel17,sw47p2,,sys1-lon14-p-swi-bes26,sw17p1,
98855,leaf-spine,sys1-lon14-p-swi-bel17,sw47p1,,sys1-lon14-p-swi-bes26,sw17p2,
98856,leaf-spine,sys1-lon14-p-swi-bel18,sw47p2,,sys1-lon14-p-swi-bes26,sw18p1,
98857,leaf-spine,sys1-lon14-p-swi-bel18,sw47p1,,sys1-lon14-p-swi-bes26,sw18p2,
98858,leaf-spine,sys1-lon14-p-swi-bel19,sw47p2,,sys1-lon14-p-swi-bes26,sw19p1,
98859,leaf-spine,sys1-lon14-p-swi-bel19,sw47p1,,sys1-lon14-p-swi-bes26,sw19p2,
98860,leaf-spine,sys1-lon14-p-swi-bel20,sw47p2,,sys1-lon14-p-swi-bes26,sw20p1,
98861,leaf-spine,sys1-lon14-p-swi-bel20,sw47p1,,sys1-lon14-p-swi-bes26,sw20p2,
98862,leaf-spine,sys1-lon14-p-swi-bel21,sw47p2,,sys1-lon14-p-swi-bes26,sw21p1,
98863,leaf-spine,sys1-lon14-p-swi-bel21,sw47p1,,sys1-lon14-p-swi-bes26,sw21p2,
98864,leaf-spine,sys1-lon14-p-swi-bel22,sw47p2,,sys1-lon14-p-swi-bes26,sw22p1,
98865,leaf-spine,sys1-lon14-p-swi-bel22,sw47p1,,sys1-lon14-p-swi-bes26,sw22p2,
98866,leaf-spine,sys1-lon14-p-swi-bel23,sw47p2,,sys1-lon14-p-swi-bes26,sw23p1,
98867,leaf-spine,sys1-lon14-p-swi-bel23,sw47p1,,sys1-lon14-p-swi-bes26,sw23p2,
98868,leaf-spine,sys1-lon14-p-swi-bel24,sw47p2,,sys1-lon14-p-swi-bes26,sw24p1,
98869,leaf-spine,sys1-lon14-p-swi-bel24,sw47p1,,sys1-lon14-p-swi-bes26,sw24p2,
98870,leaf-spine,sys1-lon14-p-swi-bel25,sw47p2,,sys1-lon14-p-swi-bes26,sw25p1,
98871,leaf-spine,sys1-lon14-p-swi-bel25,sw47p1,,sys1-lon14-p-swi-bes26,sw25p2,
98872,leaf-spine,sys1-lon14-p-swi-bel26,sw47p2,,sys1-lon14-p-swi-bes26,sw26p1,
98873,leaf-spine,sys1-lon14-p-swi-bel26,sw47p1,,sys1-lon14-p-swi-bes26,sw26p2,
98874,leaf-spine,sys1-lon14-p-swi-bel27,sw47p2,,sys1-lon14-p-swi-bes26,sw27p1,
98875,leaf-spine,sys1-lon14-p-swi-bel27,sw47p1,,sys1-lon14-p-swi-bes26,sw27p2,
98876,leaf-spine,sys1-lon14-p-swi-bel28,sw47p2,,sys1-lon14-p-swi-bes26,sw28p1,
98877,leaf-spine,sys1-lon14-p-swi-bel28,sw47p1,,sys1-lon14-p-swi-bes26,sw28p2,
98878,leaf-spine,sys1-lon14-p-swi-bel29,sw47p2,,sys1-lon14-p-swi-bes26,sw29p1,
98879,leaf-spine,sys1-lon14-p-swi-bel29,sw47p1,,sys1-lon14-p-swi-bes26,sw29p2,
98880,leaf-spine,sys1-lon14-p-swi-bel30,sw47p2,,sys1-lon14-p-swi-bes26,sw30p1,
98881,leaf-spine,sys1-lon14-p-swi-bel30,sw47p1,,sys1-lon14-p-swi-bes26,sw30p2,
98882,leaf-spine,sys1-lon14-p-swi-bel31,sw47p2,,sys1-lon14-p-swi-bes26,sw31p1,
98883,leaf-spine,sys1-lon14-p-swi-bel31,sw47p1,,sys1-lon14-p-swi-bes26,sw31p2,
98884,leaf-spine,sys1-lon14-p-swi-bel32,sw47p2,,sys1-lon14-p-swi-bes26,sw32p1,
98885,leaf-spine,sys1-lon14-p-swi-bel32,sw47p1,,sys1-lon14-p-swi-bes26,sw32p2,
98886,leaf-spine,sys1-lon14-p-swi-bel33,sw47p2,,sys1-lon14-p-swi-bes26,sw33p1,
98887,leaf-spine,sys1-lon14-p-swi-bel33,sw47p1,,sys1-lon14-p-swi-bes26,sw33p2,
98888,leaf-spine,sys1-lon14-p-swi-bel34,sw47p2,,sys1-lon14-p-swi-bes26,sw34p1,
98889,leaf-spine,sys1-lon14-p-swi-bel34,sw47p1,,sys1-lon14-p-swi-bes26,sw34p2,
98890,leaf-spine,sys1-lon14-p-swi-bel35,sw47p2,,sys1-lon14-p-swi-bes26,sw35p1,
98891,leaf-spine,sys1-lon14-p-swi-bel35,sw47p1,,sys1-lon14-p-swi-bes26,sw35p2,
98892,leaf-spine,sys1-lon14-p-swi-bel36,sw47p2,,sys1-lon14-p-swi-bes26,sw36p1,
98893,leaf-spine,sys1-lon14-p-swi-bel36,sw47p1,,sys1-lon14-p-swi-bes26,sw36p2,
98894,leaf-spine,sys1-lon14-p-swi-bel37,sw47p2,,sys1-lon14-p-swi-bes26,sw37p1,
98895,leaf-spine,sys1-lon14-p-swi-bel37,sw47p1,,sys1-lon14-p-swi-bes26,sw37p2,
98896,leaf-spine,sys1-lon14-p-swi-bel38,sw47p2,,sys1-lon14-p-swi-bes26,sw38p1,
98897,leaf-spine,sys1-lon14-p-swi-bel38,sw47p1,,sys1-lon14-p-swi-bes26,sw38p2,
98898,leaf-spine,sys1-lon14-p-swi-bel39,sw47p2,,sys1-lon14-p-swi-bes26,sw39p1,
98899,leaf-spine,sys1-lon14-p-swi-bel39,sw47p1,,sys1-lon14-p-swi-bes26,sw39p2,
98900,leaf-spine,sys1-lon14-p-swi-bel40,sw47p2,,sys1-lon14-p-swi-bes26,sw40p1,
98901,leaf-spine,sys1-lon14-p-swi-bel40,sw47p1,,sys1-lon14-p-swi-bes26,sw40p2,
98902,leaf-spine,sys1-lon14-p-swi-bel41,sw47p2,,sys1-lon14-p-swi-bes26,sw41p1,
98903,leaf-spine,sys1-lon14-p-swi-bel41,sw47p1,,sys1-lon14-p-swi-bes26,sw41p2,
98904,leaf-spine,sys1-lon14-p-swi-bel42,sw47p2,,sys1-lon14-p-swi-bes26,sw42p1,
98905,leaf-spine,sys1-lon14-p-swi-bel42,sw47p1,,sys1-lon14-p-swi-bes26,sw42p2,
98906,leaf-spine,sys1-lon14-p-swi-bel43,sw47p2,,sys1-lon14-p-swi-bes26,sw43p1,
98907,leaf-spine,sys1-lon14-p-swi-bel43,sw47p1,,sys1-lon14-p-swi-bes26,sw43p2,
98908,leaf-spine,sys1-lon14-p-swi-bel44,sw47p2,,sys1-lon14-p-swi-bes26,sw44p1,
98909,leaf-spine,sys1-lon14-p-swi-bel44,sw47p1,,sys1-lon14-p-swi-bes26,sw44p2,
98910,leaf-spine,sys1-lon14-p-swi-bel45,sw47p2,,sys1-lon14-p-swi-bes26,sw45p1,
98911,leaf-spine,sys1-lon14-p-swi-bel45,sw47p1,,sys1-lon14-p-swi-bes26,sw45p2,
98912,leaf-spine,sys1-lon14-p-swi-bel46,sw47p2,,sys1-lon14-p-swi-bes26,sw46p1,
98913,leaf-spine,sys1-lon14-p-swi-bel46,sw47p1,,sys1-lon14-p-swi-bes26,sw46p2,
98914,leaf-spine,sys1-lon14-p-swi-bel47,sw47p2,,sys1-lon14-p-swi-bes26,sw47p1,
98915,leaf-spine,sys1-lon14-p-swi-bel47,sw47p1,,sys1-lon14-p-swi-bes26,sw47p2,
98916,leaf-spine,sys1-lon14-p-swi-bel48,sw47p2,,sys1-lon14-p-swi-bes26,sw48p1,
98917,leaf-spine,sys1-lon14-p-swi-bel48,sw47p1,,sys1-lon14-p-swi-bes26,sw48p2,
98918,leaf-spine,sys1-lon14-p-swi-bel49,sw47p2,,sys1-lon14-p-swi-bes26,sw49p1,
98919,leaf-spine,sys1-lon14-p-swi-bel49,sw47p1,,sys1-lon14-p-swi-bes26,sw49p2,
98920,leaf-spine,sys1-lon14-p-swi-bel50,sw47p2,,sys1-lon14-p-swi-bes26,sw50p1,
98921,leaf-spine,sys1-lon14-p-swi-bel50,sw47p1,,sys1-lon14-p-swi-bes26,sw50p2,
98922,leaf-spine,sys1-lon14-p-swi-bel51,sw47p2,,sys1-lon14-p-swi-bes26,sw51p1,
98923,leaf-spine,sys1-lon14-p-swi-bel51,sw47p1,,sys1-lon14-p-swi-bes26,sw51p2,
98924,leaf-spine,sys1-lon14-p-swi-bel52,sw47p2,,sys1-lon14-p-swi-bes26,sw52p1,
98925,leaf-spine,sys1-lon14-p-swi-bel52,sw47p1,,sys1-lon14-p-swi-bes26,sw52p2,
98926,leaf-spine,sys1-lon14-p-swi-bel53,sw47p2,,sys1-lon14-p-swi-bes26,sw53p1,
98927,leaf-spine,sys1-lon14-p-swi-bel53,sw47p1,,sys1-lon14-p-swi-bes26,sw53p2,
98928,leaf-spine,sys1-lon14-p-swi-bel54,sw47p2,,sys1-lon14-p-swi-bes26,sw54p1,
98929,leaf-spine,sys1-lon14-p-swi-bel54,sw47p1,,sys1-lon14-p-swi-bes26,sw54p2,
98930,leaf-spine,sys1-lon14-p-swi-bel55,sw47p2,,sys1-lon14-p-swi-bes26,sw55p1,
98931,leaf-spine,sys1-lon14-p-swi-bel55,sw47p1,,sys1-lon14-p-swi-bes26,sw55p2,
98932,leaf-spine,sys1-lon14-p-swi-bel56,sw47p2,,sys1-lon14-p-swi-bes26,sw56p1,
98933,leaf-spine,sys1-lon14-p-swi-bel56,sw47p1,,sys1-lon14-p-swi-bes26,sw56p2,
98934,leaf-spine,sys1-lon14-p-swi-bel57,sw47p2,,sys1-lon14-p-swi-bes26,sw57p1,
98935,leaf-spine,sys1-lon14-p-swi-bel57,sw47p1,,sys1-lon14-p-swi-bes26,sw57p2,
98936,leaf-spine,sys1-lon14-p-swi-bel58,sw47p2,,sys1-lon14-p-swi-bes26,sw58p1,
98937,leaf-spine,sys1-lon14-p-swi-bel58,sw47p1,,sys1-lon14-p-swi-bes26,sw58p2,
98938,leaf-spine,sys1-lon14-p-swi-bel59,sw47p2,,sys1-lon14-p-swi-bes26,sw59p1,
98939,leaf-spine,sys1-lon14-p-swi-bel59,sw47p1,,sys1-lon14-p-swi-bes26,sw59p2,
98940,leaf-spine,sys1-lon14-p-swi-bel60,sw47p2,,sys1-lon14-p-swi-bes26,sw60p1,
98941,leaf-spine,sys1-lon14-p-swi-bel60,sw47p1,,sys1-lon14-p-swi-bes26,sw60p2,
98942,leaf-spine,sys1-lon14-p-swi-bel61,sw47p2,,sys1-lon14-p-swi-bes26,sw61p1,
98943,leaf-spine,sys1-lon14-p-swi-bel61,sw47p1,,sys1-lon14-p-swi-bes26,sw61p2,
98944,leaf-spine,sys1-lon14-p-swi-bel62,sw47p2,,sys1-lon14-p-swi-bes26,sw62p1,
98945,leaf-spine,sys1-lon14-p-swi-bel62,sw47p1,,sys1-lon14-p-swi-bes26,sw62p2,
98946,leaf-spine,sys1-lon14-p-swi-bel63,sw47p2,,sys1-lon14-p-swi-bes26,sw63p1,
98947,leaf-spine,sys1-lon14-p-swi-bel63,sw47p1,,sys1-lon14-p-swi-bes26,sw63p2,
98948,leaf-spine,sys1-lon14-p-swi-bel64,sw47p2,,sys1-lon14-p-swi-bes26,sw64p1,
98949,leaf-spine,sys1-lon14-p-swi-bel64,sw47p1,,sys1-lon14-p-swi-bes26,sw64p2,
98950,leaf-spine,sys1-lon14-p-swi-bel1,sw46p2,,sys1-lon14-p-swi-bes27,sw1p1,
98951,leaf-spine,sys1-lon14-p-swi-bel1,sw46p1,,sys1-lon14-p-swi-bes27,sw1p2,
98952,leaf-spine,sys1-lon14-p-swi-bel2,sw46p2,,sys1-lon14-p-swi-bes27,sw2p1,
98953,leaf-spine,sys1-lon14-p-swi-bel2,sw46p1,,sys1-lon14-p-swi-bes27,sw2p2,
98954,leaf-spine,sys1-lon14-p-swi-bel3,sw46p2,,sys1-lon14-p-swi-bes27,sw3p1,
98955,leaf-spine,sys1-lon14-p-swi-bel3,sw46p1,,sys1-lon14-p-swi-bes27,sw3p2,
98956,leaf-spine,sys1-lon14-p-swi-bel4,sw46p2,,sys1-lon14-p-swi-bes27,sw4p1,
98957,leaf-spine,sys1-lon14-p-swi-bel4,sw46p1,,sys1-lon14-p-swi-bes27,sw4p2,
98958,leaf-spine,sys1-lon14-p-swi-bel5,sw46p2,,sys1-lon14-p-swi-bes27,sw5p1,
98959,leaf-spine,sys1-lon14-p-swi-bel5,sw46p1,,sys1-lon14-p-swi-bes27,sw5p2,
98960,leaf-spine,sys1-lon14-p-swi-bel6,sw46p2,,sys1-lon14-p-swi-bes27,sw6p1,
98961,leaf-spine,sys1-lon14-p-swi-bel6,sw46p1,,sys1-lon14-p-swi-bes27,sw6p2,
98962,leaf-spine,sys1-lon14-p-swi-bel7,sw46p2,,sys1-lon14-p-swi-bes27,sw7p1,
98963,leaf-spine,sys1-lon14-p-swi-bel7,sw46p1,,sys1-lon14-p-swi-bes27,sw7p2,
98964,leaf-spine,sys1-lon14-p-swi-bel8,sw46p2,,sys1-lon14-p-swi-bes27,sw8p1,
98965,leaf-spine,sys1-lon14-p-swi-bel8,sw46p1,,sys1-lon14-p-swi-bes27,sw8p2,
98966,leaf-spine,sys1-lon14-p-swi-bel9,sw46p2,,sys1-lon14-p-swi-bes27,sw9p1,
98967,leaf-spine,sys1-lon14-p-swi-bel9,sw46p1,,sys1-lon14-p-swi-bes27,sw9p2,
98968,leaf-spine,sys1-lon14-p-swi-bel10,sw46p2,,sys1-lon14-p-swi-bes27,sw10p1,
98969,leaf-spine,sys1-lon14-p-swi-bel10,sw46p1,,sys1-lon14-p-swi-bes27,sw10p2,
98970,leaf-spine,sys1-lon14-p-swi-bel11,sw46p2,,sys1-lon14-p-swi-bes27,sw11p1,
98971,leaf-spine,sys1-lon14-p-swi-bel11,sw46p1,,sys1-lon14-p-swi-bes27,sw11p2,
98972,leaf-spine,sys1-lon14-p-swi-bel12,sw46p2,,sys1-lon14-p-swi-bes27,sw12p1,
98973,leaf-spine,sys1-lon14-p-swi-bel12,sw46p1,,sys1-lon14-p-swi-bes27,sw12p2,
98974,leaf-spine,sys1-lon14-p-swi-bel13,sw46p2,,sys1-lon14-p-swi-bes27,sw13p1,
98975,leaf-spine,sys1-lon14-p-swi-bel13,sw46p1,,sys1-lon14-p-swi-bes27,sw13p2,
98976,leaf-spine,sys1-lon14-p-swi-bel14,sw46p2,,sys1-lon14-p-swi-bes27,sw14p1,
98977,leaf-spine,sys1-lon14-p-swi-bel14,sw46p1,,sys1-lon14-p-swi-bes27,sw14p2,
98978,leaf-spine,sys1-lon14-p-swi-bel15,sw46p2,,sys1-lon14-p-swi-bes27,sw15p1,
98979,leaf-spine,sys1-lon14-p-swi-bel15,sw46p1,,sys1-lon14-p-swi-bes27,sw15p2,
98980,leaf-spine,sys1-lon14-p-swi-bel16,sw46p2,,sys1-lon14-p-swi-bes27,sw16p1,
98981,leaf-spine,sys1-lon14-p-swi-bel16,sw46p1,,sys1-lon14-p-swi-bes27,sw16p2,
98982,leaf-spine,sys1-lon14-p-swi-bel17,sw46p2,,sys1-lon14-p-swi-bes27,sw17p1,
98983,leaf-spine,sys1-lon14-p-swi-bel17,sw46p1,,sys1-lon14-p-swi-bes27,sw17p2,
98984,leaf-spine,sys1-lon14-p-swi-bel18,sw46p2,,sys1-lon14-p-swi-bes27,sw18p1,
98985,leaf-spine,sys1-lon14-p-swi-bel18,sw46p1,,sys1-lon14-p-swi-bes27,sw18p2,
98986,leaf-spine,sys1-lon14-p-swi-bel19,sw46p2,,sys1-lon14-p-swi-bes27,sw19p1,
98987,leaf-spine,sys1-lon14-p-swi-bel19,sw46p1,,sys1-lon14-p-swi-bes27,sw19p2,
98988,leaf-spine,sys1-lon14-p-swi-bel20,sw46p2,,sys1-lon14-p-swi-bes27,sw20p1,
98989,leaf-spine,sys1-lon14-p-swi-bel20,sw46p1,,sys1-lon14-p-swi-bes27,sw20p2,
98990,leaf-spine,sys1-lon14-p-swi-bel21,sw46p2,,sys1-lon14-p-swi-bes27,sw21p1,
98991,leaf-spine,sys1-lon14-p-swi-bel21,sw46p1,,sys1-lon14-p-swi-bes27,sw21p2,
98992,leaf-spine,sys1-lon14-p-swi-bel22,sw46p2,,sys1-lon14-p-swi-bes27,sw22p1,
98993,leaf-spine,sys1-lon14-p-swi-bel22,sw46p1,,sys1-lon14-p-swi-bes27,sw22p2,
98994,leaf-spine,sys1-lon14-p-swi-bel23,sw46p2,,sys1-lon14-p-swi-bes27,sw23p1,
98995,leaf-spine,sys1-lon14-p-swi-bel23,sw46p1,,sys1-lon14-p-swi-bes27,sw23p2,
98996,leaf-spine,sys1-lon14-p-swi-bel24,sw46p2,,sys1-lon14-p-swi-bes27,sw24p1,
98997,leaf-spine,sys1-lon14-p-swi-bel24,sw46p1,,sys1-lon14-p-swi-bes27,sw24p2,
98998,leaf-spine,sys1-lon14-p-swi-bel25,sw46p2,,sys1-lon14-p-swi-bes27,sw25p1,
98999,leaf-spine,sys1-lon14-p-swi-bel25,sw46p1,,sys1-lon14-p-swi-bes27,sw25p2,
99000,leaf-spine,sys1-lon14-p-swi-bel26,sw46p2,,sys1-lon14-p-swi-bes27,sw26p1,
99001,leaf-spine,sys1-lon14-p-swi-bel26,sw46p1,,sys1-lon14-p-swi-bes27,sw26p2,
99002,leaf-spine,sys1-lon14-p-swi-bel27,sw46p2,,sys1-lon14-p-swi-bes27,sw27p1,
99003,leaf-spine,sys1-lon14-p-swi-bel27,sw46p1,,sys1-lon14-p-swi-bes27,sw27p2,
99004,leaf-spine,sys1-lon14-p-swi-bel28,sw46p2,,sys1-lon14-p-swi-bes27,sw28p1,
99005,leaf-spine,sys1-lon14-p-swi-bel28,sw46p1,,sys1-lon14-p-swi-bes27,sw28p2,
99006,leaf-spine,sys1-lon14-p-swi-bel29,sw46p2,,sys1-lon14-p-swi-bes27,sw29p1,
99007,leaf-spine,sys1-lon14-p-swi-bel29,sw46p1,,sys1-lon14-p-swi-bes27,sw29p2,
99008,leaf-spine,sys1-lon14-p-swi-bel30,sw46p2,,sys1-lon14-p-swi-bes27,sw30p1,
99009,leaf-spine,sys1-lon14-p-swi-bel30,sw46p1,,sys1-lon14-p-swi-bes27,sw30p2,
99010,leaf-spine,sys1-lon14-p-swi-bel31,sw46p2,,sys1-lon14-p-swi-bes27,sw31p1,
99011,leaf-spine,sys1-lon14-p-swi-bel31,sw46p1,,sys1-lon14-p-swi-bes27,sw31p2,
99012,leaf-spine,sys1-lon14-p-swi-bel32,sw46p2,,sys1-lon14-p-swi-bes27,sw32p1,
99013,leaf-spine,sys1-lon14-p-swi-bel32,sw46p1,,sys1-lon14-p-swi-bes27,sw32p2,
99014,leaf-spine,sys1-lon14-p-swi-bel33,sw46p2,,sys1-lon14-p-swi-bes27,sw33p1,
99015,leaf-spine,sys1-lon14-p-swi-bel33,sw46p1,,sys1-lon14-p-swi-bes27,sw33p2,
99016,leaf-spine,sys1-lon14-p-swi-bel34,sw46p2,,sys1-lon14-p-swi-bes27,sw34p1,
99017,leaf-spine,sys1-lon14-p-swi-bel34,sw46p1,,sys1-lon14-p-swi-bes27,sw34p2,
99018,leaf-spine,sys1-lon14-p-swi-bel35,sw46p2,,sys1-lon14-p-swi-bes27,sw35p1,
99019,leaf-spine,sys1-lon14-p-swi-bel35,sw46p1,,sys1-lon14-p-swi-bes27,sw35p2,
99020,leaf-spine,sys1-lon14-p-swi-bel36,sw46p2,,sys1-lon14-p-swi-bes27,sw36p1,
99021,leaf-spine,sys1-lon14-p-swi-bel36,sw46p1,,sys1-lon14-p-swi-bes27,sw36p2,
99022,leaf-spine,sys1-lon14-p-swi-bel37,sw46p2,,sys1-lon14-p-swi-bes27,sw37p1,
99023,leaf-spine,sys1-lon14-p-swi-bel37,sw46p1,,sys1-lon14-p-swi-bes27,sw37p2,
99024,leaf-spine,sys1-lon14-p-swi-bel38,sw46p2,,sys1-lon14-p-swi-bes27,sw38p1,
99025,leaf-spine,sys1-lon14-p-swi-bel38,sw46p1,,sys1-lon14-p-swi-bes27,sw38p2,
99026,leaf-spine,sys1-lon14-p-swi-bel39,sw46p2,,sys1-lon14-p-swi-bes27,sw39p1,
99027,leaf-spine,sys1-lon14-p-swi-bel39,sw46p1,,sys1-lon14-p-swi-bes27,sw39p2,
99028,leaf-spine,sys1-lon14-p-swi-bel40,sw46p2,,sys1-lon14-p-swi-bes27,sw40p1,
99029,leaf-spine,sys1-lon14-p-swi-bel40,sw46p1,,sys1-lon14-p-swi-bes27,sw40p2,
99030,leaf-spine,sys1-lon14-p-swi-bel41,sw46p2,,sys1-lon14-p-swi-bes27,sw41p1,
99031,leaf-spine,sys1-lon14-p-swi-bel41,sw46p1,,sys1-lon14-p-swi-bes27,sw41p2,
99032,leaf-spine,sys1-lon14-p-swi-bel42,sw46p2,,sys1-lon14-p-swi-bes27,sw42p1,
99033,leaf-spine,sys1-lon14-p-swi-bel42,sw46p1,,sys1-lon14-p-swi-bes27,sw42p2,
99034,leaf-spine,sys1-lon14-p-swi-bel43,sw46p2,,sys1-lon14-p-swi-bes27,sw43p1,
99035,leaf-spine,sys1-lon14-p-swi-bel43,sw46p1,,sys1-lon14-p-swi-bes27,sw43p2,
99036,leaf-spine,sys1-lon14-p-swi-bel44,sw46p2,,sys1-lon14-p-swi-bes27,sw44p1,
99037,leaf-spine,sys1-lon14-p-swi-bel44,sw46p1,,sys1-lon14-p-swi-bes27,sw44p2,
99038,leaf-spine,sys1-lon14-p-swi-bel45,sw46p2,,sys1-lon14-p-swi-bes27,sw45p1,
99039,leaf-spine,sys1-lon14-p-swi-bel45,sw46p1,,sys1-lon14-p-swi-bes27,sw45p2,
99040,leaf-spine,sys1-lon14-p-swi-bel46,sw46p2,,sys1-lon14-p-swi-bes27,sw46p1,
99041,leaf-spine,sys1-lon14-p-swi-bel46,sw46p1,,sys1-lon14-p-swi-bes27,sw46p2,
99042,leaf-spine,sys1-lon14-p-swi-bel47,sw46p2,,sys1-lon14-p-swi-bes27,sw47p1,
99043,leaf-spine,sys1-lon14-p-swi-bel47,sw46p1,,sys1-lon14-p-swi-bes27,sw47p2,
99044,leaf-spine,sys1-lon14-p-swi-bel48,sw46p2,,sys1-lon14-p-swi-bes27,sw48p1,
99045,leaf-spine,sys1-lon14-p-swi-bel48,sw46p1,,sys1-lon14-p-swi-bes27,sw48p2,
99046,leaf-spine,sys1-lon14-p-swi-bel49,sw46p2,,sys1-lon14-p-swi-bes27,sw49p1,
99047,leaf-spine,sys1-lon14-p-swi-bel49,sw46p1,,sys1-lon14-p-swi-bes27,sw49p2,
99048,leaf-spine,sys1-lon14-p-swi-bel50,sw46p2,,sys1-lon14-p-swi-bes27,sw50p1,
99049,leaf-spine,sys1-lon14-p-swi-bel50,sw46p1,,sys1-lon14-p-swi-bes27,sw50p2,
99050,leaf-spine,sys1-lon14-p-swi-bel51,sw46p2,,sys1-lon14-p-swi-bes27,sw51p1,
99051,leaf-spine,sys1-lon14-p-swi-bel51,sw46p1,,sys1-lon14-p-swi-bes27,sw51p2,
99052,leaf-spine,sys1-lon14-p-swi-bel52,sw46p2,,sys1-lon14-p-swi-bes27,sw52p1,
99053,leaf-spine,sys1-lon14-p-swi-bel52,sw46p1,,sys1-lon14-p-swi-bes27,sw52p2,
99054,leaf-spine,sys1-lon14-p-swi-bel53,sw46p2,,sys1-lon14-p-swi-bes27,sw53p1,
99055,leaf-spine,sys1-lon14-p-swi-bel53,sw46p1,,sys1-lon14-p-swi-bes27,sw53p2,
99056,leaf-spine,sys1-lon14-p-swi-bel54,sw46p2,,sys1-lon14-p-swi-bes27,sw54p1,
99057,leaf-spine,sys1-lon14-p-swi-bel54,sw46p1,,sys1-lon14-p-swi-bes27,sw54p2,
99058,leaf-spine,sys1-lon14-p-swi-bel55,sw46p2,,sys1-lon14-p-swi-bes27,sw55p1,
99059,leaf-spine,sys1-lon14-p-swi-bel55,sw46p1,,sys1-lon14-p-swi-bes27,sw55p2,
99060,leaf-spine,sys1-lon14-p-swi-bel56,sw46p2,,sys1-lon14-p-swi-bes27,sw56p1,
99061,leaf-spine,sys1-lon14-p-swi-bel56,sw46p1,,sys1-lon14-p-swi-bes27,sw56p2,
99062,leaf-spine,sys1-lon14-p-swi-bel57,sw46p2,,sys1-lon14-p-swi-bes27,sw57p1,
99063,leaf-spine,sys1-lon14-p-swi-bel57,sw46p1,,sys1-lon14-p-swi-bes27,sw57p2,
99064,leaf-spine,sys1-lon14-p-swi-bel58,sw46p2,,sys1-lon14-p-swi-bes27,sw58p1,
99065,leaf-spine,sys1-lon14-p-swi-bel58,sw46p1,,sys1-lon14-p-swi-bes27,sw58p2,
99066,leaf-spine,sys1-lon14-p-swi-bel59,sw46p2,,sys1-lon14-p-swi-bes27,sw59p1,
99067,leaf-spine,sys1-lon14-p-swi-bel59,sw46p1,,sys1-lon14-p-swi-bes27,sw59p2,
99068,leaf-spine,sys1-lon14-p-swi-bel60,sw46p2,,sys1-lon14-p-swi-bes27,sw60p1,
99069,leaf-spine,sys1-lon14-p-swi-bel60,sw46p1,,sys1-lon14-p-swi-bes27,sw60p2,
99070,leaf-spine,sys1-lon14-p-swi-bel61,sw46p2,,sys1-lon14-p-swi-bes27,sw61p1,
99071,leaf-spine,sys1-lon14-p-swi-bel61,sw46p1,,sys1-lon14-p-swi-bes27,sw61p2,
99072,leaf-spine,sys1-lon14-p-swi-bel62,sw46p2,,sys1-lon14-p-swi-bes27,sw62p1,
99073,leaf-spine,sys1-lon14-p-swi-bel62,sw46p1,,sys1-lon14-p-swi-bes27,sw62p2,
99074,leaf-spine,sys1-lon14-p-swi-bel63,sw46p2,,sys1-lon14-p-swi-bes27,sw63p1,
99075,leaf-spine,sys1-lon14-p-swi-bel63,sw46p1,,sys1-lon14-p-swi-bes27,sw63p2,
99076,leaf-spine,sys1-lon14-p-swi-bel64,sw46p2,,sys1-lon14-p-swi-bes27,sw64p1,
99077,leaf-spine,sys1-lon14-p-swi-bel64,sw46p1,,sys1-lon14-p-swi-bes27,sw64p2,
99078,leaf-spine,sys1-lon14-p-swi-bel1,sw45p2,,sys1-lon14-p-swi-bes28,sw1p1,
99079,leaf-spine,sys1-lon14-p-swi-bel1,sw45p1,,sys1-lon14-p-swi-bes28,sw1p2,
99080,leaf-spine,sys1-lon14-p-swi-bel2,sw45p2,,sys1-lon14-p-swi-bes28,sw2p1,
99081,leaf-spine,sys1-lon14-p-swi-bel2,sw45p1,,sys1-lon14-p-swi-bes28,sw2p2,
99082,leaf-spine,sys1-lon14-p-swi-bel3,sw45p2,,sys1-lon14-p-swi-bes28,sw3p1,
99083,leaf-spine,sys1-lon14-p-swi-bel3,sw45p1,,sys1-lon14-p-swi-bes28,sw3p2,
99084,leaf-spine,sys1-lon14-p-swi-bel4,sw45p2,,sys1-lon14-p-swi-bes28,sw4p1,
99085,leaf-spine,sys1-lon14-p-swi-bel4,sw45p1,,sys1-lon14-p-swi-bes28,sw4p2,
99086,leaf-spine,sys1-lon14-p-swi-bel5,sw45p2,,sys1-lon14-p-swi-bes28,sw5p1,
99087,leaf-spine,sys1-lon14-p-swi-bel5,sw45p1,,sys1-lon14-p-swi-bes28,sw5p2,
99088,leaf-spine,sys1-lon14-p-swi-bel6,sw45p2,,sys1-lon14-p-swi-bes28,sw6p1,
99089,leaf-spine,sys1-lon14-p-swi-bel6,sw45p1,,sys1-lon14-p-swi-bes28,sw6p2,
99090,leaf-spine,sys1-lon14-p-swi-bel7,sw45p2,,sys1-lon14-p-swi-bes28,sw7p1,
99091,leaf-spine,sys1-lon14-p-swi-bel7,sw45p1,,sys1-lon14-p-swi-bes28,sw7p2,
99092,leaf-spine,sys1-lon14-p-swi-bel8,sw45p2,,sys1-lon14-p-swi-bes28,sw8p1,
99093,leaf-spine,sys1-lon14-p-swi-bel8,sw45p1,,sys1-lon14-p-swi-bes28,sw8p2,
99094,leaf-spine,sys1-lon14-p-swi-bel9,sw45p2,,sys1-lon14-p-swi-bes28,sw9p1,
99095,leaf-spine,sys1-lon14-p-swi-bel9,sw45p1,,sys1-lon14-p-swi-bes28,sw9p2,
99096,leaf-spine,sys1-lon14-p-swi-bel10,sw45p2,,sys1-lon14-p-swi-bes28,sw10p1,
99097,leaf-spine,sys1-lon14-p-swi-bel10,sw45p1,,sys1-lon14-p-swi-bes28,sw10p2,
99098,leaf-spine,sys1-lon14-p-swi-bel11,sw45p2,,sys1-lon14-p-swi-bes28,sw11p1,
99099,leaf-spine,sys1-lon14-p-swi-bel11,sw45p1,,sys1-lon14-p-swi-bes28,sw11p2,
99100,leaf-spine,sys1-lon14-p-swi-bel12,sw45p2,,sys1-lon14-p-swi-bes28,sw12p1,
99101,leaf-spine,sys1-lon14-p-swi-bel12,sw45p1,,sys1-lon14-p-swi-bes28,sw12p2,
99102,leaf-spine,sys1-lon14-p-swi-bel13,sw45p2,,sys1-lon14-p-swi-bes28,sw13p1,
99103,leaf-spine,sys1-lon14-p-swi-bel13,sw45p1,,sys1-lon14-p-swi-bes28,sw13p2,
99104,leaf-spine,sys1-lon14-p-swi-bel14,sw45p2,,sys1-lon14-p-swi-bes28,sw14p1,
99105,leaf-spine,sys1-lon14-p-swi-bel14,sw45p1,,sys1-lon14-p-swi-bes28,sw14p2,
99106,leaf-spine,sys1-lon14-p-swi-bel15,sw45p2,,sys1-lon14-p-swi-bes28,sw15p1,
99107,leaf-spine,sys1-lon14-p-swi-bel15,sw45p1,,sys1-lon14-p-swi-bes28,sw15p2,
99108,leaf-spine,sys1-lon14-p-swi-bel16,sw45p2,,sys1-lon14-p-swi-bes28,sw16p1,
99109,leaf-spine,sys1-lon14-p-swi-bel16,sw45p1,,sys1-lon14-p-swi-bes28,sw16p2,
99110,leaf-spine,sys1-lon14-p-swi-bel17,sw45p2,,sys1-lon14-p-swi-bes28,sw17p1,
99111,leaf-spine,sys1-lon14-p-swi-bel17,sw45p1,,sys1-lon14-p-swi-bes28,sw17p2,
99112,leaf-spine,sys1-lon14-p-swi-bel18,sw45p2,,sys1-lon14-p-swi-bes28,sw18p1,
99113,leaf-spine,sys1-lon14-p-swi-bel18,sw45p1,,sys1-lon14-p-swi-bes28,sw18p2,
99114,leaf-spine,sys1-lon14-p-swi-bel19,sw45p2,,sys1-lon14-p-swi-bes28,sw19p1,
99115,leaf-spine,sys1-lon14-p-swi-bel19,sw45p1,,sys1-lon14-p-swi-bes28,sw19p2,
99116,leaf-spine,sys1-lon14-p-swi-bel20,sw45p2,,sys1-lon14-p-swi-bes28,sw20p1,
99117,leaf-spine,sys1-lon14-p-swi-bel20,sw45p1,,sys1-lon14-p-swi-bes28,sw20p2,
99118,leaf-spine,sys1-lon14-p-swi-bel21,sw45p2,,sys1-lon14-p-swi-bes28,sw21p1,
99119,leaf-spine,sys1-lon14-p-swi-bel21,sw45p1,,sys1-lon14-p-swi-bes28,sw21p2,
99120,leaf-spine,sys1-lon14-p-swi-bel22,sw45p2,,sys1-lon14-p-swi-bes28,sw22p1,
99121,leaf-spine,sys1-lon14-p-swi-bel22,sw45p1,,sys1-lon14-p-swi-bes28,sw22p2,
99122,leaf-spine,sys1-lon14-p-swi-bel23,sw45p2,,sys1-lon14-p-swi-bes28,sw23p1,
99123,leaf-spine,sys1-lon14-p-swi-bel23,sw45p1,,sys1-lon14-p-swi-bes28,sw23p2,
99124,leaf-spine,sys1-lon14-p-swi-bel24,sw45p2,,sys1-lon14-p-swi-bes28,sw24p1,
99125,leaf-spine,sys1-lon14-p-swi-bel24,sw45p1,,sys1-lon14-p-swi-bes28,sw24p2,
99126,leaf-spine,sys1-lon14-p-swi-bel25,sw45p2,,sys1-lon14-p-swi-bes28,sw25p1,
99127,leaf-spine,sys1-lon14-p-swi-bel25,sw45p1,,sys1-lon14-p-swi-bes28,sw25p2,
99128,leaf-spine,sys1-lon14-p-swi-bel26,sw45p2,,sys1-lon14-p-swi-bes28,sw26p1,
99129,leaf-spine,sys1-lon14-p-swi-bel26,sw45p1,,sys1-lon14-p-swi-bes28,sw26p2,
99130,leaf-spine,sys1-lon14-p-swi-bel27,sw45p2,,sys1-lon14-p-swi-bes28,sw27p1,
99131,leaf-spine,sys1-lon14-p-swi-bel27,sw45p1,,sys1-lon14-p-swi-bes28,sw27p2,
99132,leaf-spine,sys1-lon14-p-swi-bel28,sw45p2,,sys1-lon14-p-swi-bes28,sw28p1,
99133,leaf-spine,sys1-lon14-p-swi-bel28,sw45p1,,sys1-lon14-p-swi-bes28,sw28p2,
99134,leaf-spine,sys1-lon14-p-swi-bel29,sw45p2,,sys1-lon14-p-swi-bes28,sw29p1,
99135,leaf-spine,sys1-lon14-p-swi-bel29,sw45p1,,sys1-lon14-p-swi-bes28,sw29p2,
99136,leaf-spine,sys1-lon14-p-swi-bel30,sw45p2,,sys1-lon14-p-swi-bes28,sw30p1,
99137,leaf-spine,sys1-lon14-p-swi-bel30,sw45p1,,sys1-lon14-p-swi-bes28,sw30p2,
99138,leaf-spine,sys1-lon14-p-swi-bel31,sw45p2,,sys1-lon14-p-swi-bes28,sw31p1,
99139,leaf-spine,sys1-lon14-p-swi-bel31,sw45p1,,sys1-lon14-p-swi-bes28,sw31p2,
99140,leaf-spine,sys1-lon14-p-swi-bel32,sw45p2,,sys1-lon14-p-swi-bes28,sw32p1,
99141,leaf-spine,sys1-lon14-p-swi-bel32,sw45p1,,sys1-lon14-p-swi-bes28,sw32p2,
99142,leaf-spine,sys1-lon14-p-swi-bel33,sw45p2,,sys1-lon14-p-swi-bes28,sw33p1,
99143,leaf-spine,sys1-lon14-p-swi-bel33,sw45p1,,sys1-lon14-p-swi-bes28,sw33p2,
99144,leaf-spine,sys1-lon14-p-swi-bel34,sw45p2,,sys1-lon14-p-swi-bes28,sw34p1,
99145,leaf-spine,sys1-lon14-p-swi-bel34,sw45p1,,sys1-lon14-p-swi-bes28,sw34p2,
99146,leaf-spine,sys1-lon14-p-swi-bel35,sw45p2,,sys1-lon14-p-swi-bes28,sw35p1,
99147,leaf-spine,sys1-lon14-p-swi-bel35,sw45p1,,sys1-lon14-p-swi-bes28,sw35p2,
99148,leaf-spine,sys1-lon14-p-swi-bel36,sw45p2,,sys1-lon14-p-swi-bes28,sw36p1,
99149,leaf-spine,sys1-lon14-p-swi-bel36,sw45p1,,sys1-lon14-p-swi-bes28,sw36p2,
99150,leaf-spine,sys1-lon14-p-swi-bel37,sw45p2,,sys1-lon14-p-swi-bes28,sw37p1,
99151,leaf-spine,sys1-lon14-p-swi-bel37,sw45p1,,sys1-lon14-p-swi-bes28,sw37p2,
99152,leaf-spine,sys1-lon14-p-swi-bel38,sw45p2,,sys1-lon14-p-swi-bes28,sw38p1,
99153,leaf-spine,sys1-lon14-p-swi-bel38,sw45p1,,sys1-lon14-p-swi-bes28,sw38p2,
99154,leaf-spine,sys1-lon14-p-swi-bel39,sw45p2,,sys1-lon14-p-swi-bes28,sw39p1,
99155,leaf-spine,sys1-lon14-p-swi-bel39,sw45p1,,sys1-lon14-p-swi-bes28,sw39p2,
99156,leaf-spine,sys1-lon14-p-swi-bel40,sw45p2,,sys1-lon14-p-swi-bes28,sw40p1,
99157,leaf-spine,sys1-lon14-p-swi-bel40,sw45p1,,sys1-lon14-p-swi-bes28,sw40p2,
99158,leaf-spine,sys1-lon14-p-swi-bel41,sw45p2,,sys1-lon14-p-swi-bes28,sw41p1,
99159,leaf-spine,sys1-lon14-p-swi-bel41,sw45p1,,sys1-lon14-p-swi-bes28,sw41p2,
99160,leaf-spine,sys1-lon14-p-swi-bel42,sw45p2,,sys1-lon14-p-swi-bes28,sw42p1,
99161,leaf-spine,sys1-lon14-p-swi-bel42,sw45p1,,sys1-lon14-p-swi-bes28,sw42p2,
99162,leaf-spine,sys1-lon14-p-swi-bel43,sw45p2,,sys1-lon14-p-swi-bes28,sw43p1,
99163,leaf-spine,sys1-lon14-p-swi-bel43,sw45p1,,sys1-lon14-p-swi-bes28,sw43p2,
99164,leaf-spine,sys1-lon14-p-swi-bel44,sw45p2,,sys1-lon14-p-swi-bes28,sw44p1,
99165,leaf-spine,sys1-lon14-p-swi-bel44,sw45p1,,sys1-lon14-p-swi-bes28,sw44p2,
99166,leaf-spine,sys1-lon14-p-swi-bel45,sw45p2,,sys1-lon14-p-swi-bes28,sw45p1,
99167,leaf-spine,sys1-lon14-p-swi-bel45,sw45p1,,sys1-lon14-p-swi-bes28,sw45p2,
99168,leaf-spine,sys1-lon14-p-swi-bel46,sw45p2,,sys1-lon14-p-swi-bes28,sw46p1,
99169,leaf-spine,sys1-lon14-p-swi-bel46,sw45p1,,sys1-lon14-p-swi-bes28,sw46p2,
99170,leaf-spine,sys1-lon14-p-swi-bel47,sw45p2,,sys1-lon14-p-swi-bes28,sw47p1,
99171,leaf-spine,sys1-lon14-p-swi-bel47,sw45p1,,sys1-lon14-p-swi-bes28,sw47p2,
99172,leaf-spine,sys1-lon14-p-swi-bel48,sw45p2,,sys1-lon14-p-swi-bes28,sw48p1,
99173,leaf-spine,sys1-lon14-p-swi-bel48,sw45p1,,sys1-lon14-p-swi-bes28,sw48p2,
99174,leaf-spine,sys1-lon14-p-swi-bel49,sw45p2,,sys1-lon14-p-swi-bes28,sw49p1,
99175,leaf-spine,sys1-lon14-p-swi-bel49,sw45p1,,sys1-lon14-p-swi-bes28,sw49p2,
99176,leaf-spine,sys1-lon14-p-swi-bel50,sw45p2,,sys1-lon14-p-swi-bes28,sw50p1,
99177,leaf-spine,sys1-lon14-p-swi-bel50,sw45p1,,sys1-lon14-p-swi-bes28,sw50p2,
99178,leaf-spine,sys1-lon14-p-swi-bel51,sw45p2,,sys1-lon14-p-swi-bes28,sw51p1,
99179,leaf-spine,sys1-lon14-p-swi-bel51,sw45p1,,sys1-lon14-p-swi-bes28,sw51p2,
99180,leaf-spine,sys1-lon14-p-swi-bel52,sw45p2,,sys1-lon14-p-swi-bes28,sw52p1,
99181,leaf-spine,sys1-lon14-p-swi-bel52,sw45p1,,sys1-lon14-p-swi-bes28,sw52p2,
99182,leaf-spine,sys1-lon14-p-swi-bel53,sw45p2,,sys1-lon14-p-swi-bes28,sw53p1,
99183,leaf-spine,sys1-lon14-p-swi-bel53,sw45p1,,sys1-lon14-p-swi-bes28,sw53p2,
99184,leaf-spine,sys1-lon14-p-swi-bel54,sw45p2,,sys1-lon14-p-swi-bes28,sw54p1,
99185,leaf-spine,sys1-lon14-p-swi-bel54,sw45p1,,sys1-lon14-p-swi-bes28,sw54p2,
99186,leaf-spine,sys1-lon14-p-swi-bel55,sw45p2,,sys1-lon14-p-swi-bes28,sw55p1,
99187,leaf-spine,sys1-lon14-p-swi-bel55,sw45p1,,sys1-lon14-p-swi-bes28,sw55p2,
99188,leaf-spine,sys1-lon14-p-swi-bel56,sw45p2,,sys1-lon14-p-swi-bes28,sw56p1,
99189,leaf-spine,sys1-lon14-p-swi-bel56,sw45p1,,sys1-lon14-p-swi-bes28,sw56p2,
99190,leaf-spine,sys1-lon14-p-swi-bel57,sw45p2,,sys1-lon14-p-swi-bes28,sw57p1,
99191,leaf-spine,sys1-lon14-p-swi-bel57,sw45p1,,sys1-lon14-p-swi-bes28,sw57p2,
99192,leaf-spine,sys1-lon14-p-swi-bel58,sw45p2,,sys1-lon14-p-swi-bes28,sw58p1,
99193,leaf-spine,sys1-lon14-p-swi-bel58,sw45p1,,sys1-lon14-p-swi-bes28,sw58p2,
99194,leaf-spine,sys1-lon14-p-swi-bel59,sw45p2,,sys1-lon14-p-swi-bes28,sw59p1,
99195,leaf-spine,sys1-lon14-p-swi-bel59,sw45p1,,sys1-lon14-p-swi-bes28,sw59p2,
99196,leaf-spine,sys1-lon14-p-swi-bel60,sw45p2,,sys1-lon14-p-swi-bes28,sw60p1,
99197,leaf-spine,sys1-lon14-p-swi-bel60,sw45p1,,sys1-lon14-p-swi-bes28,sw60p2,
99198,leaf-spine,sys1-lon14-p-swi-bel61,sw45p2,,sys1-lon14-p-swi-bes28,sw61p1,
99199,leaf-spine,sys1-lon14-p-swi-bel61,sw45p1,,sys1-lon14-p-swi-bes28,sw61p2,
99200,leaf-spine,sys1-lon14-p-swi-bel62,sw45p2,,sys1-lon14-p-swi-bes28,sw62p1,
99201,leaf-spine,sys1-lon14-p-swi-bel62,sw45p1,,sys1-lon14-p-swi-bes28,sw62p2,
99202,leaf-spine,sys1-lon14-p-swi-bel63,sw45p2,,sys1-lon14-p-swi-bes28,sw63p1,
99203,leaf-spine,sys1-lon14-p-swi-bel63,sw45p1,,sys1-lon14-p-swi-bes28,sw63p2,
99204,leaf-spine,sys1-lon14-p-swi-bel64,sw45p2,,sys1-lon14-p-swi-bes28,sw64p1,
99205,leaf-spine,sys1-lon14-p-swi-bel64,sw45p1,,sys1-lon14-p-swi-bes28,sw64p2,
99206,leaf-spine,sys1-lon14-p-swi-bel1,sw44p2,,sys1-lon14-p-swi-bes29,sw1p1,
99207,leaf-spine,sys1-lon14-p-swi-bel1,sw44p1,,sys1-lon14-p-swi-bes29,sw1p2,
99208,leaf-spine,sys1-lon14-p-swi-bel2,sw44p2,,sys1-lon14-p-swi-bes29,sw2p1,
99209,leaf-spine,sys1-lon14-p-swi-bel2,sw44p1,,sys1-lon14-p-swi-bes29,sw2p2,
99210,leaf-spine,sys1-lon14-p-swi-bel3,sw44p2,,sys1-lon14-p-swi-bes29,sw3p1,
99211,leaf-spine,sys1-lon14-p-swi-bel3,sw44p1,,sys1-lon14-p-swi-bes29,sw3p2,
99212,leaf-spine,sys1-lon14-p-swi-bel4,sw44p2,,sys1-lon14-p-swi-bes29,sw4p1,
99213,leaf-spine,sys1-lon14-p-swi-bel4,sw44p1,,sys1-lon14-p-swi-bes29,sw4p2,
99214,leaf-spine,sys1-lon14-p-swi-bel5,sw44p2,,sys1-lon14-p-swi-bes29,sw5p1,
99215,leaf-spine,sys1-lon14-p-swi-bel5,sw44p1,,sys1-lon14-p-swi-bes29,sw5p2,
99216,leaf-spine,sys1-lon14-p-swi-bel6,sw44p2,,sys1-lon14-p-swi-bes29,sw6p1,
99217,leaf-spine,sys1-lon14-p-swi-bel6,sw44p1,,sys1-lon14-p-swi-bes29,sw6p2,
99218,leaf-spine,sys1-lon14-p-swi-bel7,sw44p2,,sys1-lon14-p-swi-bes29,sw7p1,
99219,leaf-spine,sys1-lon14-p-swi-bel7,sw44p1,,sys1-lon14-p-swi-bes29,sw7p2,
99220,leaf-spine,sys1-lon14-p-swi-bel8,sw44p2,,sys1-lon14-p-swi-bes29,sw8p1,
99221,leaf-spine,sys1-lon14-p-swi-bel8,sw44p1,,sys1-lon14-p-swi-bes29,sw8p2,
99222,leaf-spine,sys1-lon14-p-swi-bel9,sw44p2,,sys1-lon14-p-swi-bes29,sw9p1,
99223,leaf-spine,sys1-lon14-p-swi-bel9,sw44p1,,sys1-lon14-p-swi-bes29,sw9p2,
99224,leaf-spine,sys1-lon14-p-swi-bel10,sw44p2,,sys1-lon14-p-swi-bes29,sw10p1,
99225,leaf-spine,sys1-lon14-p-swi-bel10,sw44p1,,sys1-lon14-p-swi-bes29,sw10p2,
99226,leaf-spine,sys1-lon14-p-swi-bel11,sw44p2,,sys1-lon14-p-swi-bes29,sw11p1,
99227,leaf-spine,sys1-lon14-p-swi-bel11,sw44p1,,sys1-lon14-p-swi-bes29,sw11p2,
99228,leaf-spine,sys1-lon14-p-swi-bel12,sw44p2,,sys1-lon14-p-swi-bes29,sw12p1,
99229,leaf-spine,sys1-lon14-p-swi-bel12,sw44p1,,sys1-lon14-p-swi-bes29,sw12p2,
99230,leaf-spine,sys1-lon14-p-swi-bel13,sw44p2,,sys1-lon14-p-swi-bes29,sw13p1,
99231,leaf-spine,sys1-lon14-p-swi-bel13,sw44p1,,sys1-lon14-p-swi-bes29,sw13p2,
99232,leaf-spine,sys1-lon14-p-swi-bel14,sw44p2,,sys1-lon14-p-swi-bes29,sw14p1,
99233,leaf-spine,sys1-lon14-p-swi-bel14,sw44p1,,sys1-lon14-p-swi-bes29,sw14p2,
99234,leaf-spine,sys1-lon14-p-swi-bel15,sw44p2,,sys1-lon14-p-swi-bes29,sw15p1,
99235,leaf-spine,sys1-lon14-p-swi-bel15,sw44p1,,sys1-lon14-p-swi-bes29,sw15p2,
99236,leaf-spine,sys1-lon14-p-swi-bel16,sw44p2,,sys1-lon14-p-swi-bes29,sw16p1,
99237,leaf-spine,sys1-lon14-p-swi-bel16,sw44p1,,sys1-lon14-p-swi-bes29,sw16p2,
99238,leaf-spine,sys1-lon14-p-swi-bel17,sw44p2,,sys1-lon14-p-swi-bes29,sw17p1,
99239,leaf-spine,sys1-lon14-p-swi-bel17,sw44p1,,sys1-lon14-p-swi-bes29,sw17p2,
99240,leaf-spine,sys1-lon14-p-swi-bel18,sw44p2,,sys1-lon14-p-swi-bes29,sw18p1,
99241,leaf-spine,sys1-lon14-p-swi-bel18,sw44p1,,sys1-lon14-p-swi-bes29,sw18p2,
99242,leaf-spine,sys1-lon14-p-swi-bel19,sw44p2,,sys1-lon14-p-swi-bes29,sw19p1,
99243,leaf-spine,sys1-lon14-p-swi-bel19,sw44p1,,sys1-lon14-p-swi-bes29,sw19p2,
99244,leaf-spine,sys1-lon14-p-swi-bel20,sw44p2,,sys1-lon14-p-swi-bes29,sw20p1,
99245,leaf-spine,sys1-lon14-p-swi-bel20,sw44p1,,sys1-lon14-p-swi-bes29,sw20p2,
99246,leaf-spine,sys1-lon14-p-swi-bel21,sw44p2,,sys1-lon14-p-swi-bes29,sw21p1,
99247,leaf-spine,sys1-lon14-p-swi-bel21,sw44p1,,sys1-lon14-p-swi-bes29,sw21p2,
99248,leaf-spine,sys1-lon14-p-swi-bel22,sw44p2,,sys1-lon14-p-swi-bes29,sw22p1,
99249,leaf-spine,sys1-lon14-p-swi-bel22,sw44p1,,sys1-lon14-p-swi-bes29,sw22p2,
99250,leaf-spine,sys1-lon14-p-swi-bel23,sw44p2,,sys1-lon14-p-swi-bes29,sw23p1,
99251,leaf-spine,sys1-lon14-p-swi-bel23,sw44p1,,sys1-lon14-p-swi-bes29,sw23p2,
99252,leaf-spine,sys1-lon14-p-swi-bel24,sw44p2,,sys1-lon14-p-swi-bes29,sw24p1,
99253,leaf-spine,sys1-lon14-p-swi-bel24,sw44p1,,sys1-lon14-p-swi-bes29,sw24p2,
99254,leaf-spine,sys1-lon14-p-swi-bel25,sw44p2,,sys1-lon14-p-swi-bes29,sw25p1,
99255,leaf-spine,sys1-lon14-p-swi-bel25,sw44p1,,sys1-lon14-p-swi-bes29,sw25p2,
99256,leaf-spine,sys1-lon14-p-swi-bel26,sw44p2,,sys1-lon14-p-swi-bes29,sw26p1,
99257,leaf-spine,sys1-lon14-p-swi-bel26,sw44p1,,sys1-lon14-p-swi-bes29,sw26p2,
99258,leaf-spine,sys1-lon14-p-swi-bel27,sw44p2,,sys1-lon14-p-swi-bes29,sw27p1,
99259,leaf-spine,sys1-lon14-p-swi-bel27,sw44p1,,sys1-lon14-p-swi-bes29,sw27p2,
99260,leaf-spine,sys1-lon14-p-swi-bel28,sw44p2,,sys1-lon14-p-swi-bes29,sw28p1,
99261,leaf-spine,sys1-lon14-p-swi-bel28,sw44p1,,sys1-lon14-p-swi-bes29,sw28p2,
99262,leaf-spine,sys1-lon14-p-swi-bel29,sw44p2,,sys1-lon14-p-swi-bes29,sw29p1,
99263,leaf-spine,sys1-lon14-p-swi-bel29,sw44p1,,sys1-lon14-p-swi-bes29,sw29p2,
99264,leaf-spine,sys1-lon14-p-swi-bel30,sw44p2,,sys1-lon14-p-swi-bes29,sw30p1,
99265,leaf-spine,sys1-lon14-p-swi-bel30,sw44p1,,sys1-lon14-p-swi-bes29,sw30p2,
99266,leaf-spine,sys1-lon14-p-swi-bel31,sw44p2,,sys1-lon14-p-swi-bes29,sw31p1,
99267,leaf-spine,sys1-lon14-p-swi-bel31,sw44p1,,sys1-lon14-p-swi-bes29,sw31p2,
99268,leaf-spine,sys1-lon14-p-swi-bel32,sw44p2,,sys1-lon14-p-swi-bes29,sw32p1,
99269,leaf-spine,sys1-lon14-p-swi-bel32,sw44p1,,sys1-lon14-p-swi-bes29,sw32p2,
99270,leaf-spine,sys1-lon14-p-swi-bel33,sw44p2,,sys1-lon14-p-swi-bes29,sw33p1,
99271,leaf-spine,sys1-lon14-p-swi-bel33,sw44p1,,sys1-lon14-p-swi-bes29,sw33p2,
99272,leaf-spine,sys1-lon14-p-swi-bel34,sw44p2,,sys1-lon14-p-swi-bes29,sw34p1,
99273,leaf-spine,sys1-lon14-p-swi-bel34,sw44p1,,sys1-lon14-p-swi-bes29,sw34p2,
99274,leaf-spine,sys1-lon14-p-swi-bel35,sw44p2,,sys1-lon14-p-swi-bes29,sw35p1,
99275,leaf-spine,sys1-lon14-p-swi-bel35,sw44p1,,sys1-lon14-p-swi-bes29,sw35p2,
99276,leaf-spine,sys1-lon14-p-swi-bel36,sw44p2,,sys1-lon14-p-swi-bes29,sw36p1,
99277,leaf-spine,sys1-lon14-p-swi-bel36,sw44p1,,sys1-lon14-p-swi-bes29,sw36p2,
99278,leaf-spine,sys1-lon14-p-swi-bel37,sw44p2,,sys1-lon14-p-swi-bes29,sw37p1,
99279,leaf-spine,sys1-lon14-p-swi-bel37,sw44p1,,sys1-lon14-p-swi-bes29,sw37p2,
99280,leaf-spine,sys1-lon14-p-swi-bel38,sw44p2,,sys1-lon14-p-swi-bes29,sw38p1,
99281,leaf-spine,sys1-lon14-p-swi-bel38,sw44p1,,sys1-lon14-p-swi-bes29,sw38p2,
99282,leaf-spine,sys1-lon14-p-swi-bel39,sw44p2,,sys1-lon14-p-swi-bes29,sw39p1,
99283,leaf-spine,sys1-lon14-p-swi-bel39,sw44p1,,sys1-lon14-p-swi-bes29,sw39p2,
99284,leaf-spine,sys1-lon14-p-swi-bel40,sw44p2,,sys1-lon14-p-swi-bes29,sw40p1,
99285,leaf-spine,sys1-lon14-p-swi-bel40,sw44p1,,sys1-lon14-p-swi-bes29,sw40p2,
99286,leaf-spine,sys1-lon14-p-swi-bel41,sw44p2,,sys1-lon14-p-swi-bes29,sw41p1,
99287,leaf-spine,sys1-lon14-p-swi-bel41,sw44p1,,sys1-lon14-p-swi-bes29,sw41p2,
99288,leaf-spine,sys1-lon14-p-swi-bel42,sw44p2,,sys1-lon14-p-swi-bes29,sw42p1,
99289,leaf-spine,sys1-lon14-p-swi-bel42,sw44p1,,sys1-lon14-p-swi-bes29,sw42p2,
99290,leaf-spine,sys1-lon14-p-swi-bel43,sw44p2,,sys1-lon14-p-swi-bes29,sw43p1,
99291,leaf-spine,sys1-lon14-p-swi-bel43,sw44p1,,sys1-lon14-p-swi-bes29,sw43p2,
99292,leaf-spine,sys1-lon14-p-swi-bel44,sw44p2,,sys1-lon14-p-swi-bes29,sw44p1,
99293,leaf-spine,sys1-lon14-p-swi-bel44,sw44p1,,sys1-lon14-p-swi-bes29,sw44p2,
99294,leaf-spine,sys1-lon14-p-swi-bel45,sw44p2,,sys1-lon14-p-swi-bes29,sw45p1,
99295,leaf-spine,sys1-lon14-p-swi-bel45,sw44p1,,sys1-lon14-p-swi-bes29,sw45p2,
99296,leaf-spine,sys1-lon14-p-swi-bel46,sw44p2,,sys1-lon14-p-swi-bes29,sw46p1,
99297,leaf-spine,sys1-lon14-p-swi-bel46,sw44p1,,sys1-lon14-p-swi-bes29,sw46p2,
99298,leaf-spine,sys1-lon14-p-swi-bel47,sw44p2,,sys1-lon14-p-swi-bes29,sw47p1,
99299,leaf-spine,sys1-lon14-p-swi-bel47,sw44p1,,sys1-lon14-p-swi-bes29,sw47p2,
99300,leaf-spine,sys1-lon14-p-swi-bel48,sw44p2,,sys1-lon14-p-swi-bes29,sw48p1,
99301,leaf-spine,sys1-lon14-p-swi-bel48,sw44p1,,sys1-lon14-p-swi-bes29,sw48p2,
99302,leaf-spine,sys1-lon14-p-swi-bel49,sw44p2,,sys1-lon14-p-swi-bes29,sw49p1,
99303,leaf-spine,sys1-lon14-p-swi-bel49,sw44p1,,sys1-lon14-p-swi-bes29,sw49p2,
99304,leaf-spine,sys1-lon14-p-swi-bel50,sw44p2,,sys1-lon14-p-swi-bes29,sw50p1,
99305,leaf-spine,sys1-lon14-p-swi-bel50,sw44p1,,sys1-lon14-p-swi-bes29,sw50p2,
99306,leaf-spine,sys1-lon14-p-swi-bel51,sw44p2,,sys1-lon14-p-swi-bes29,sw51p1,
99307,leaf-spine,sys1-lon14-p-swi-bel51,sw44p1,,sys1-lon14-p-swi-bes29,sw51p2,
99308,leaf-spine,sys1-lon14-p-swi-bel52,sw44p2,,sys1-lon14-p-swi-bes29,sw52p1,
99309,leaf-spine,sys1-lon14-p-swi-bel52,sw44p1,,sys1-lon14-p-swi-bes29,sw52p2,
99310,leaf-spine,sys1-lon14-p-swi-bel53,sw44p2,,sys1-lon14-p-swi-bes29,sw53p1,
99311,leaf-spine,sys1-lon14-p-swi-bel53,sw44p1,,sys1-lon14-p-swi-bes29,sw53p2,
99312,leaf-spine,sys1-lon14-p-swi-bel54,sw44p2,,sys1-lon14-p-swi-bes29,sw54p1,
99313,leaf-spine,sys1-lon14-p-swi-bel54,sw44p1,,sys1-lon14-p-swi-bes29,sw54p2,
99314,leaf-spine,sys1-lon14-p-swi-bel55,sw44p2,,sys1-lon14-p-swi-bes29,sw55p1,
99315,leaf-spine,sys1-lon14-p-swi-bel55,sw44p1,,sys1-lon14-p-swi-bes29,sw55p2,
99316,leaf-spine,sys1-lon14-p-swi-bel56,sw44p2,,sys1-lon14-p-swi-bes29,sw56p1,
99317,leaf-spine,sys1-lon14-p-swi-bel56,sw44p1,,sys1-lon14-p-swi-bes29,sw56p2,
99318,leaf-spine,sys1-lon14-p-swi-bel57,sw44p2,,sys1-lon14-p-swi-bes29,sw57p1,
99319,leaf-spine,sys1-lon14-p-swi-bel57,sw44p1,,sys1-lon14-p-swi-bes29,sw57p2,
99320,leaf-spine,sys1-lon14-p-swi-bel58,sw44p2,,sys1-lon14-p-swi-bes29,sw58p1,
99321,leaf-spine,sys1-lon14-p-swi-bel58,sw44p1,,sys1-lon14-p-swi-bes29,sw58p2,
99322,leaf-spine,sys1-lon14-p-swi-bel59,sw44p2,,sys1-lon14-p-swi-bes29,sw59p1,
99323,leaf-spine,sys1-lon14-p-swi-bel59,sw44p1,,sys1-lon14-p-swi-bes29,sw59p2,
99324,leaf-spine,sys1-lon14-p-swi-bel60,sw44p2,,sys1-lon14-p-swi-bes29,sw60p1,
99325,leaf-spine,sys1-lon14-p-swi-bel60,sw44p1,,sys1-lon14-p-swi-bes29,sw60p2,
99326,leaf-spine,sys1-lon14-p-swi-bel61,sw44p2,,sys1-lon14-p-swi-bes29,sw61p1,
99327,leaf-spine,sys1-lon14-p-swi-bel61,sw44p1,,sys1-lon14-p-swi-bes29,sw61p2,
99328,leaf-spine,sys1-lon14-p-swi-bel62,sw44p2,,sys1-lon14-p-swi-bes29,sw62p1,
99329,leaf-spine,sys1-lon14-p-swi-bel62,sw44p1,,sys1-lon14-p-swi-bes29,sw62p2,
99330,leaf-spine,sys1-lon14-p-swi-bel63,sw44p2,,sys1-lon14-p-swi-bes29,sw63p1,
99331,leaf-spine,sys1-lon14-p-swi-bel63,sw44p1,,sys1-lon14-p-swi-bes29,sw63p2,
99332,leaf-spine,sys1-lon14-p-swi-bel64,sw44p2,,sys1-lon14-p-swi-bes29,sw64p1,
99333,leaf-spine,sys1-lon14-p-swi-bel64,sw44p1,,sys1-lon14-p-swi-bes29,sw64p2,
99334,leaf-spine,sys1-lon14-p-swi-bel1,sw43p2,,sys1-lon14-p-swi-bes30,sw1p1,
99335,leaf-spine,sys1-lon14-p-swi-bel1,sw43p1,,sys1-lon14-p-swi-bes30,sw1p2,
99336,leaf-spine,sys1-lon14-p-swi-bel2,sw43p2,,sys1-lon14-p-swi-bes30,sw2p1,
99337,leaf-spine,sys1-lon14-p-swi-bel2,sw43p1,,sys1-lon14-p-swi-bes30,sw2p2,
99338,leaf-spine,sys1-lon14-p-swi-bel3,sw43p2,,sys1-lon14-p-swi-bes30,sw3p1,
99339,leaf-spine,sys1-lon14-p-swi-bel3,sw43p1,,sys1-lon14-p-swi-bes30,sw3p2,
99340,leaf-spine,sys1-lon14-p-swi-bel4,sw43p2,,sys1-lon14-p-swi-bes30,sw4p1,
99341,leaf-spine,sys1-lon14-p-swi-bel4,sw43p1,,sys1-lon14-p-swi-bes30,sw4p2,
99342,leaf-spine,sys1-lon14-p-swi-bel5,sw43p2,,sys1-lon14-p-swi-bes30,sw5p1,
99343,leaf-spine,sys1-lon14-p-swi-bel5,sw43p1,,sys1-lon14-p-swi-bes30,sw5p2,
99344,leaf-spine,sys1-lon14-p-swi-bel6,sw43p2,,sys1-lon14-p-swi-bes30,sw6p1,
99345,leaf-spine,sys1-lon14-p-swi-bel6,sw43p1,,sys1-lon14-p-swi-bes30,sw6p2,
99346,leaf-spine,sys1-lon14-p-swi-bel7,sw43p2,,sys1-lon14-p-swi-bes30,sw7p1,
99347,leaf-spine,sys1-lon14-p-swi-bel7,sw43p1,,sys1-lon14-p-swi-bes30,sw7p2,
99348,leaf-spine,sys1-lon14-p-swi-bel8,sw43p2,,sys1-lon14-p-swi-bes30,sw8p1,
99349,leaf-spine,sys1-lon14-p-swi-bel8,sw43p1,,sys1-lon14-p-swi-bes30,sw8p2,
99350,leaf-spine,sys1-lon14-p-swi-bel9,sw43p2,,sys1-lon14-p-swi-bes30,sw9p1,
99351,leaf-spine,sys1-lon14-p-swi-bel9,sw43p1,,sys1-lon14-p-swi-bes30,sw9p2,
99352,leaf-spine,sys1-lon14-p-swi-bel10,sw43p2,,sys1-lon14-p-swi-bes30,sw10p1,
99353,leaf-spine,sys1-lon14-p-swi-bel10,sw43p1,,sys1-lon14-p-swi-bes30,sw10p2,
99354,leaf-spine,sys1-lon14-p-swi-bel11,sw43p2,,sys1-lon14-p-swi-bes30,sw11p1,
99355,leaf-spine,sys1-lon14-p-swi-bel11,sw43p1,,sys1-lon14-p-swi-bes30,sw11p2,
99356,leaf-spine,sys1-lon14-p-swi-bel12,sw43p2,,sys1-lon14-p-swi-bes30,sw12p1,
99357,leaf-spine,sys1-lon14-p-swi-bel12,sw43p1,,sys1-lon14-p-swi-bes30,sw12p2,
99358,leaf-spine,sys1-lon14-p-swi-bel13,sw43p2,,sys1-lon14-p-swi-bes30,sw13p1,
99359,leaf-spine,sys1-lon14-p-swi-bel13,sw43p1,,sys1-lon14-p-swi-bes30,sw13p2,
99360,leaf-spine,sys1-lon14-p-swi-bel14,sw43p2,,sys1-lon14-p-swi-bes30,sw14p1,
99361,leaf-spine,sys1-lon14-p-swi-bel14,sw43p1,,sys1-lon14-p-swi-bes30,sw14p2,
99362,leaf-spine,sys1-lon14-p-swi-bel15,sw43p2,,sys1-lon14-p-swi-bes30,sw15p1,
99363,leaf-spine,sys1-lon14-p-swi-bel15,sw43p1,,sys1-lon14-p-swi-bes30,sw15p2,
99364,leaf-spine,sys1-lon14-p-swi-bel16,sw43p2,,sys1-lon14-p-swi-bes30,sw16p1,
99365,leaf-spine,sys1-lon14-p-swi-bel16,sw43p1,,sys1-lon14-p-swi-bes30,sw16p2,
99366,leaf-spine,sys1-lon14-p-swi-bel17,sw43p2,,sys1-lon14-p-swi-bes30,sw17p1,
99367,leaf-spine,sys1-lon14-p-swi-bel17,sw43p1,,sys1-lon14-p-swi-bes30,sw17p2,
99368,leaf-spine,sys1-lon14-p-swi-bel18,sw43p2,,sys1-lon14-p-swi-bes30,sw18p1,
99369,leaf-spine,sys1-lon14-p-swi-bel18,sw43p1,,sys1-lon14-p-swi-bes30,sw18p2,
99370,leaf-spine,sys1-lon14-p-swi-bel19,sw43p2,,sys1-lon14-p-swi-bes30,sw19p1,
99371,leaf-spine,sys1-lon14-p-swi-bel19,sw43p1,,sys1-lon14-p-swi-bes30,sw19p2,
99372,leaf-spine,sys1-lon14-p-swi-bel20,sw43p2,,sys1-lon14-p-swi-bes30,sw20p1,
99373,leaf-spine,sys1-lon14-p-swi-bel20,sw43p1,,sys1-lon14-p-swi-bes30,sw20p2,
99374,leaf-spine,sys1-lon14-p-swi-bel21,sw43p2,,sys1-lon14-p-swi-bes30,sw21p1,
99375,leaf-spine,sys1-lon14-p-swi-bel21,sw43p1,,sys1-lon14-p-swi-bes30,sw21p2,
99376,leaf-spine,sys1-lon14-p-swi-bel22,sw43p2,,sys1-lon14-p-swi-bes30,sw22p1,
99377,leaf-spine,sys1-lon14-p-swi-bel22,sw43p1,,sys1-lon14-p-swi-bes30,sw22p2,
99378,leaf-spine,sys1-lon14-p-swi-bel23,sw43p2,,sys1-lon14-p-swi-bes30,sw23p1,
99379,leaf-spine,sys1-lon14-p-swi-bel23,sw43p1,,sys1-lon14-p-swi-bes30,sw23p2,
99380,leaf-spine,sys1-lon14-p-swi-bel24,sw43p2,,sys1-lon14-p-swi-bes30,sw24p1,
99381,leaf-spine,sys1-lon14-p-swi-bel24,sw43p1,,sys1-lon14-p-swi-bes30,sw24p2,
99382,leaf-spine,sys1-lon14-p-swi-bel25,sw43p2,,sys1-lon14-p-swi-bes30,sw25p1,
99383,leaf-spine,sys1-lon14-p-swi-bel25,sw43p1,,sys1-lon14-p-swi-bes30,sw25p2,
99384,leaf-spine,sys1-lon14-p-swi-bel26,sw43p2,,sys1-lon14-p-swi-bes30,sw26p1,
99385,leaf-spine,sys1-lon14-p-swi-bel26,sw43p1,,sys1-lon14-p-swi-bes30,sw26p2,
99386,leaf-spine,sys1-lon14-p-swi-bel27,sw43p2,,sys1-lon14-p-swi-bes30,sw27p1,
99387,leaf-spine,sys1-lon14-p-swi-bel27,sw43p1,,sys1-lon14-p-swi-bes30,sw27p2,
99388,leaf-spine,sys1-lon14-p-swi-bel28,sw43p2,,sys1-lon14-p-swi-bes30,sw28p1,
99389,leaf-spine,sys1-lon14-p-swi-bel28,sw43p1,,sys1-lon14-p-swi-bes30,sw28p2,
99390,leaf-spine,sys1-lon14-p-swi-bel29,sw43p2,,sys1-lon14-p-swi-bes30,sw29p1,
99391,leaf-spine,sys1-lon14-p-swi-bel29,sw43p1,,sys1-lon14-p-swi-bes30,sw29p2,
99392,leaf-spine,sys1-lon14-p-swi-bel30,sw43p2,,sys1-lon14-p-swi-bes30,sw30p1,
99393,leaf-spine,sys1-lon14-p-swi-bel30,sw43p1,,sys1-lon14-p-swi-bes30,sw30p2,
99394,leaf-spine,sys1-lon14-p-swi-bel31,sw43p2,,sys1-lon14-p-swi-bes30,sw31p1,
99395,leaf-spine,sys1-lon14-p-swi-bel31,sw43p1,,sys1-lon14-p-swi-bes30,sw31p2,
99396,leaf-spine,sys1-lon14-p-swi-bel32,sw43p2,,sys1-lon14-p-swi-bes30,sw32p1,
99397,leaf-spine,sys1-lon14-p-swi-bel32,sw43p1,,sys1-lon14-p-swi-bes30,sw32p2,
99398,leaf-spine,sys1-lon14-p-swi-bel33,sw43p2,,sys1-lon14-p-swi-bes30,sw33p1,
99399,leaf-spine,sys1-lon14-p-swi-bel33,sw43p1,,sys1-lon14-p-swi-bes30,sw33p2,
99400,leaf-spine,sys1-lon14-p-swi-bel34,sw43p2,,sys1-lon14-p-swi-bes30,sw34p1,
99401,leaf-spine,sys1-lon14-p-swi-bel34,sw43p1,,sys1-lon14-p-swi-bes30,sw34p2,
99402,leaf-spine,sys1-lon14-p-swi-bel35,sw43p2,,sys1-lon14-p-swi-bes30,sw35p1,
99403,leaf-spine,sys1-lon14-p-swi-bel35,sw43p1,,sys1-lon14-p-swi-bes30,sw35p2,
99404,leaf-spine,sys1-lon14-p-swi-bel36,sw43p2,,sys1-lon14-p-swi-bes30,sw36p1,
99405,leaf-spine,sys1-lon14-p-swi-bel36,sw43p1,,sys1-lon14-p-swi-bes30,sw36p2,
99406,leaf-spine,sys1-lon14-p-swi-bel37,sw43p2,,sys1-lon14-p-swi-bes30,sw37p1,
99407,leaf-spine,sys1-lon14-p-swi-bel37,sw43p1,,sys1-lon14-p-swi-bes30,sw37p2,
99408,leaf-spine,sys1-lon14-p-swi-bel38,sw43p2,,sys1-lon14-p-swi-bes30,sw38p1,
99409,leaf-spine,sys1-lon14-p-swi-bel38,sw43p1,,sys1-lon14-p-swi-bes30,sw38p2,
99410,leaf-spine,sys1-lon14-p-swi-bel39,sw43p2,,sys1-lon14-p-swi-bes30,sw39p1,
99411,leaf-spine,sys1-lon14-p-swi-bel39,sw43p1,,sys1-lon14-p-swi-bes30,sw39p2,
99412,leaf-spine,sys1-lon14-p-swi-bel40,sw43p2,,sys1-lon14-p-swi-bes30,sw40p1,
99413,leaf-spine,sys1-lon14-p-swi-bel40,sw43p1,,sys1-lon14-p-swi-bes30,sw40p2,
99414,leaf-spine,sys1-lon14-p-swi-bel41,sw43p2,,sys1-lon14-p-swi-bes30,sw41p1,
99415,leaf-spine,sys1-lon14-p-swi-bel41,sw43p1,,sys1-lon14-p-swi-bes30,sw41p2,
99416,leaf-spine,sys1-lon14-p-swi-bel42,sw43p2,,sys1-lon14-p-swi-bes30,sw42p1,
99417,leaf-spine,sys1-lon14-p-swi-bel42,sw43p1,,sys1-lon14-p-swi-bes30,sw42p2,
99418,leaf-spine,sys1-lon14-p-swi-bel43,sw43p2,,sys1-lon14-p-swi-bes30,sw43p1,
99419,leaf-spine,sys1-lon14-p-swi-bel43,sw43p1,,sys1-lon14-p-swi-bes30,sw43p2,
99420,leaf-spine,sys1-lon14-p-swi-bel44,sw43p2,,sys1-lon14-p-swi-bes30,sw44p1,
99421,leaf-spine,sys1-lon14-p-swi-bel44,sw43p1,,sys1-lon14-p-swi-bes30,sw44p2,
99422,leaf-spine,sys1-lon14-p-swi-bel45,sw43p2,,sys1-lon14-p-swi-bes30,sw45p1,
99423,leaf-spine,sys1-lon14-p-swi-bel45,sw43p1,,sys1-lon14-p-swi-bes30,sw45p2,
99424,leaf-spine,sys1-lon14-p-swi-bel46,sw43p2,,sys1-lon14-p-swi-bes30,sw46p1,
99425,leaf-spine,sys1-lon14-p-swi-bel46,sw43p1,,sys1-lon14-p-swi-bes30,sw46p2,
99426,leaf-spine,sys1-lon14-p-swi-bel47,sw43p2,,sys1-lon14-p-swi-bes30,sw47p1,
99427,leaf-spine,sys1-lon14-p-swi-bel47,sw43p1,,sys1-lon14-p-swi-bes30,sw47p2,
99428,leaf-spine,sys1-lon14-p-swi-bel48,sw43p2,,sys1-lon14-p-swi-bes30,sw48p1,
99429,leaf-spine,sys1-lon14-p-swi-bel48,sw43p1,,sys1-lon14-p-swi-bes30,sw48p2,
99430,leaf-spine,sys1-lon14-p-swi-bel49,sw43p2,,sys1-lon14-p-swi-bes30,sw49p1,
99431,leaf-spine,sys1-lon14-p-swi-bel49,sw43p1,,sys1-lon14-p-swi-bes30,sw49p2,
99432,leaf-spine,sys1-lon14-p-swi-bel50,sw43p2,,sys1-lon14-p-swi-bes30,sw50p1,
99433,leaf-spine,sys1-lon14-p-swi-bel50,sw43p1,,sys1-lon14-p-swi-bes30,sw50p2,
99434,leaf-spine,sys1-lon14-p-swi-bel51,sw43p2,,sys1-lon14-p-swi-bes30,sw51p1,
99435,leaf-spine,sys1-lon14-p-swi-bel51,sw43p1,,sys1-lon14-p-swi-bes30,sw51p2,
99436,leaf-spine,sys1-lon14-p-swi-bel52,sw43p2,,sys1-lon14-p-swi-bes30,sw52p1,
99437,leaf-spine,sys1-lon14-p-swi-bel52,sw43p1,,sys1-lon14-p-swi-bes30,sw52p2,
99438,leaf-spine,sys1-lon14-p-swi-bel53,sw43p2,,sys1-lon14-p-swi-bes30,sw53p1,
99439,leaf-spine,sys1-lon14-p-swi-bel53,sw43p1,,sys1-lon14-p-swi-bes30,sw53p2,
99440,leaf-spine,sys1-lon14-p-swi-bel54,sw43p2,,sys1-lon14-p-swi-bes30,sw54p1,
99441,leaf-spine,sys1-lon14-p-swi-bel54,sw43p1,,sys1-lon14-p-swi-bes30,sw54p2,
99442,leaf-spine,sys1-lon14-p-swi-bel55,sw43p2,,sys1-lon14-p-swi-bes30,sw55p1,
99443,leaf-spine,sys1-lon14-p-swi-bel55,sw43p1,,sys1-lon14-p-swi-bes30,sw55p2,
99444,leaf-spine,sys1-lon14-p-swi-bel56,sw43p2,,sys1-lon14-p-swi-bes30,sw56p1,
99445,leaf-spine,sys1-lon14-p-swi-bel56,sw43p1,,sys1-lon14-p-swi-bes30,sw56p2,
99446,leaf-spine,sys1-lon14-p-swi-bel57,sw43p2,,sys1-lon14-p-swi-bes30,sw57p1,
99447,leaf-spine,sys1-lon14-p-swi-bel57,sw43p1,,sys1-lon14-p-swi-bes30,sw57p2,
99448,leaf-spine,sys1-lon14-p-swi-bel58,sw43p2,,sys1-lon14-p-swi-bes30,sw58p1,
99449,leaf-spine,sys1-lon14-p-swi-bel58,sw43p1,,sys1-lon14-p-swi-bes30,sw58p2,
99450,leaf-spine,sys1-lon14-p-swi-bel59,sw43p2,,sys1-lon14-p-swi-bes30,sw59p1,
99451,leaf-spine,sys1-lon14-p-swi-bel59,sw43p1,,sys1-lon14-p-swi-bes30,sw59p2,
99452,leaf-spine,sys1-lon14-p-swi-bel60,sw43p2,,sys1-lon14-p-swi-bes30,sw60p1,
99453,leaf-spine,sys1-lon14-p-swi-bel60,sw43p1,,sys1-lon14-p-swi-bes30,sw60p2,
99454,leaf-spine,sys1-lon14-p-swi-bel61,sw43p2,,sys1-lon14-p-swi-bes30,sw61p1,
99455,leaf-spine,sys1-lon14-p-swi-bel61,sw43p1,,sys1-lon14-p-swi-bes30,sw61p2,
99456,leaf-spine,sys1-lon14-p-swi-bel62,sw43p2,,sys1-lon14-p-swi-bes30,sw62p1,
99457,leaf-spine,sys1-lon14-p-swi-bel62,sw43p1,,sys1-lon14-p-swi-bes30,sw62p2,
99458,leaf-spine,sys1-lon14-p-swi-bel63,sw43p2,,sys1-lon14-p-swi-bes30,sw63p1,
99459,leaf-spine,sys1-lon14-p-swi-bel63,sw43p1,,sys1-lon14-p-swi-bes30,sw63p2,
99460,leaf-spine,sys1-lon14-p-swi-bel64,sw43p2,,sys1-lon14-p-swi-bes30,sw64p1,
99461,leaf-spine,sys1-lon14-p-swi-bel64,sw43p1,,sys1-lon14-p-swi-bes30,sw64p2,
99462,leaf-spine,sys1-lon14-p-swi-bel1,sw42p2,,sys1-lon14-p-swi-bes31,sw1p1,
99463,leaf-spine,sys1-lon14-p-swi-bel1,sw42p1,,sys1-lon14-p-swi-bes31,sw1p2,
99464,leaf-spine,sys1-lon14-p-swi-bel2,sw42p2,,sys1-lon14-p-swi-bes31,sw2p1,
99465,leaf-spine,sys1-lon14-p-swi-bel2,sw42p1,,sys1-lon14-p-swi-bes31,sw2p2,
99466,leaf-spine,sys1-lon14-p-swi-bel3,sw42p2,,sys1-lon14-p-swi-bes31,sw3p1,
99467,leaf-spine,sys1-lon14-p-swi-bel3,sw42p1,,sys1-lon14-p-swi-bes31,sw3p2,
99468,leaf-spine,sys1-lon14-p-swi-bel4,sw42p2,,sys1-lon14-p-swi-bes31,sw4p1,
99469,leaf-spine,sys1-lon14-p-swi-bel4,sw42p1,,sys1-lon14-p-swi-bes31,sw4p2,
99470,leaf-spine,sys1-lon14-p-swi-bel5,sw42p2,,sys1-lon14-p-swi-bes31,sw5p1,
99471,leaf-spine,sys1-lon14-p-swi-bel5,sw42p1,,sys1-lon14-p-swi-bes31,sw5p2,
99472,leaf-spine,sys1-lon14-p-swi-bel6,sw42p2,,sys1-lon14-p-swi-bes31,sw6p1,
99473,leaf-spine,sys1-lon14-p-swi-bel6,sw42p1,,sys1-lon14-p-swi-bes31,sw6p2,
99474,leaf-spine,sys1-lon14-p-swi-bel7,sw42p2,,sys1-lon14-p-swi-bes31,sw7p1,
99475,leaf-spine,sys1-lon14-p-swi-bel7,sw42p1,,sys1-lon14-p-swi-bes31,sw7p2,
99476,leaf-spine,sys1-lon14-p-swi-bel8,sw42p2,,sys1-lon14-p-swi-bes31,sw8p1,
99477,leaf-spine,sys1-lon14-p-swi-bel8,sw42p1,,sys1-lon14-p-swi-bes31,sw8p2,
99478,leaf-spine,sys1-lon14-p-swi-bel9,sw42p2,,sys1-lon14-p-swi-bes31,sw9p1,
99479,leaf-spine,sys1-lon14-p-swi-bel9,sw42p1,,sys1-lon14-p-swi-bes31,sw9p2,
99480,leaf-spine,sys1-lon14-p-swi-bel10,sw42p2,,sys1-lon14-p-swi-bes31,sw10p1,
99481,leaf-spine,sys1-lon14-p-swi-bel10,sw42p1,,sys1-lon14-p-swi-bes31,sw10p2,
99482,leaf-spine,sys1-lon14-p-swi-bel11,sw42p2,,sys1-lon14-p-swi-bes31,sw11p1,
99483,leaf-spine,sys1-lon14-p-swi-bel11,sw42p1,,sys1-lon14-p-swi-bes31,sw11p2,
99484,leaf-spine,sys1-lon14-p-swi-bel12,sw42p2,,sys1-lon14-p-swi-bes31,sw12p1,
99485,leaf-spine,sys1-lon14-p-swi-bel12,sw42p1,,sys1-lon14-p-swi-bes31,sw12p2,
99486,leaf-spine,sys1-lon14-p-swi-bel13,sw42p2,,sys1-lon14-p-swi-bes31,sw13p1,
99487,leaf-spine,sys1-lon14-p-swi-bel13,sw42p1,,sys1-lon14-p-swi-bes31,sw13p2,
99488,leaf-spine,sys1-lon14-p-swi-bel14,sw42p2,,sys1-lon14-p-swi-bes31,sw14p1,
99489,leaf-spine,sys1-lon14-p-swi-bel14,sw42p1,,sys1-lon14-p-swi-bes31,sw14p2,
99490,leaf-spine,sys1-lon14-p-swi-bel15,sw42p2,,sys1-lon14-p-swi-bes31,sw15p1,
99491,leaf-spine,sys1-lon14-p-swi-bel15,sw42p1,,sys1-lon14-p-swi-bes31,sw15p2,
99492,leaf-spine,sys1-lon14-p-swi-bel16,sw42p2,,sys1-lon14-p-swi-bes31,sw16p1,
99493,leaf-spine,sys1-lon14-p-swi-bel16,sw42p1,,sys1-lon14-p-swi-bes31,sw16p2,
99494,leaf-spine,sys1-lon14-p-swi-bel17,sw42p2,,sys1-lon14-p-swi-bes31,sw17p1,
99495,leaf-spine,sys1-lon14-p-swi-bel17,sw42p1,,sys1-lon14-p-swi-bes31,sw17p2,
99496,leaf-spine,sys1-lon14-p-swi-bel18,sw42p2,,sys1-lon14-p-swi-bes31,sw18p1,
99497,leaf-spine,sys1-lon14-p-swi-bel18,sw42p1,,sys1-lon14-p-swi-bes31,sw18p2,
99498,leaf-spine,sys1-lon14-p-swi-bel19,sw42p2,,sys1-lon14-p-swi-bes31,sw19p1,
99499,leaf-spine,sys1-lon14-p-swi-bel19,sw42p1,,sys1-lon14-p-swi-bes31,sw19p2,
99500,leaf-spine,sys1-lon14-p-swi-bel20,sw42p2,,sys1-lon14-p-swi-bes31,sw20p1,
99501,leaf-spine,sys1-lon14-p-swi-bel20,sw42p1,,sys1-lon14-p-swi-bes31,sw20p2,
99502,leaf-spine,sys1-lon14-p-swi-bel21,sw42p2,,sys1-lon14-p-swi-bes31,sw21p1,
99503,leaf-spine,sys1-lon14-p-swi-bel21,sw42p1,,sys1-lon14-p-swi-bes31,sw21p2,
99504,leaf-spine,sys1-lon14-p-swi-bel22,sw42p2,,sys1-lon14-p-swi-bes31,sw22p1,
99505,leaf-spine,sys1-lon14-p-swi-bel22,sw42p1,,sys1-lon14-p-swi-bes31,sw22p2,
99506,leaf-spine,sys1-lon14-p-swi-bel23,sw42p2,,sys1-lon14-p-swi-bes31,sw23p1,
99507,leaf-spine,sys1-lon14-p-swi-bel23,sw42p1,,sys1-lon14-p-swi-bes31,sw23p2,
99508,leaf-spine,sys1-lon14-p-swi-bel24,sw42p2,,sys1-lon14-p-swi-bes31,sw24p1,
99509,leaf-spine,sys1-lon14-p-swi-bel24,sw42p1,,sys1-lon14-p-swi-bes31,sw24p2,
99510,leaf-spine,sys1-lon14-p-swi-bel25,sw42p2,,sys1-lon14-p-swi-bes31,sw25p1,
99511,leaf-spine,sys1-lon14-p-swi-bel25,sw42p1,,sys1-lon14-p-swi-bes31,sw25p2,
99512,leaf-spine,sys1-lon14-p-swi-bel26,sw42p2,,sys1-lon14-p-swi-bes31,sw26p1,
99513,leaf-spine,sys1-lon14-p-swi-bel26,sw42p1,,sys1-lon14-p-swi-bes31,sw26p2,
99514,leaf-spine,sys1-lon14-p-swi-bel27,sw42p2,,sys1-lon14-p-swi-bes31,sw27p1,
99515,leaf-spine,sys1-lon14-p-swi-bel27,sw42p1,,sys1-lon14-p-swi-bes31,sw27p2,
99516,leaf-spine,sys1-lon14-p-swi-bel28,sw42p2,,sys1-lon14-p-swi-bes31,sw28p1,
99517,leaf-spine,sys1-lon14-p-swi-bel28,sw42p1,,sys1-lon14-p-swi-bes31,sw28p2,
99518,leaf-spine,sys1-lon14-p-swi-bel29,sw42p2,,sys1-lon14-p-swi-bes31,sw29p1,
99519,leaf-spine,sys1-lon14-p-swi-bel29,sw42p1,,sys1-lon14-p-swi-bes31,sw29p2,
99520,leaf-spine,sys1-lon14-p-swi-bel30,sw42p2,,sys1-lon14-p-swi-bes31,sw30p1,
99521,leaf-spine,sys1-lon14-p-swi-bel30,sw42p1,,sys1-lon14-p-swi-bes31,sw30p2,
99522,leaf-spine,sys1-lon14-p-swi-bel31,sw42p2,,sys1-lon14-p-swi-bes31,sw31p1,
99523,leaf-spine,sys1-lon14-p-swi-bel31,sw42p1,,sys1-lon14-p-swi-bes31,sw31p2,
99524,leaf-spine,sys1-lon14-p-swi-bel32,sw42p2,,sys1-lon14-p-swi-bes31,sw32p1,
99525,leaf-spine,sys1-lon14-p-swi-bel32,sw42p1,,sys1-lon14-p-swi-bes31,sw32p2,
99526,leaf-spine,sys1-lon14-p-swi-bel33,sw42p2,,sys1-lon14-p-swi-bes31,sw33p1,
99527,leaf-spine,sys1-lon14-p-swi-bel33,sw42p1,,sys1-lon14-p-swi-bes31,sw33p2,
99528,leaf-spine,sys1-lon14-p-swi-bel34,sw42p2,,sys1-lon14-p-swi-bes31,sw34p1,
99529,leaf-spine,sys1-lon14-p-swi-bel34,sw42p1,,sys1-lon14-p-swi-bes31,sw34p2,
99530,leaf-spine,sys1-lon14-p-swi-bel35,sw42p2,,sys1-lon14-p-swi-bes31,sw35p1,
99531,leaf-spine,sys1-lon14-p-swi-bel35,sw42p1,,sys1-lon14-p-swi-bes31,sw35p2,
99532,leaf-spine,sys1-lon14-p-swi-bel36,sw42p2,,sys1-lon14-p-swi-bes31,sw36p1,
99533,leaf-spine,sys1-lon14-p-swi-bel36,sw42p1,,sys1-lon14-p-swi-bes31,sw36p2,
99534,leaf-spine,sys1-lon14-p-swi-bel37,sw42p2,,sys1-lon14-p-swi-bes31,sw37p1,
99535,leaf-spine,sys1-lon14-p-swi-bel37,sw42p1,,sys1-lon14-p-swi-bes31,sw37p2,
99536,leaf-spine,sys1-lon14-p-swi-bel38,sw42p2,,sys1-lon14-p-swi-bes31,sw38p1,
99537,leaf-spine,sys1-lon14-p-swi-bel38,sw42p1,,sys1-lon14-p-swi-bes31,sw38p2,
99538,leaf-spine,sys1-lon14-p-swi-bel39,sw42p2,,sys1-lon14-p-swi-bes31,sw39p1,
99539,leaf-spine,sys1-lon14-p-swi-bel39,sw42p1,,sys1-lon14-p-swi-bes31,sw39p2,
99540,leaf-spine,sys1-lon14-p-swi-bel40,sw42p2,,sys1-lon14-p-swi-bes31,sw40p1,
99541,leaf-spine,sys1-lon14-p-swi-bel40,sw42p1,,sys1-lon14-p-swi-bes31,sw40p2,
99542,leaf-spine,sys1-lon14-p-swi-bel41,sw42p2,,sys1-lon14-p-swi-bes31,sw41p1,
99543,leaf-spine,sys1-lon14-p-swi-bel41,sw42p1,,sys1-lon14-p-swi-bes31,sw41p2,
99544,leaf-spine,sys1-lon14-p-swi-bel42,sw42p2,,sys1-lon14-p-swi-bes31,sw42p1,
99545,leaf-spine,sys1-lon14-p-swi-bel42,sw42p1,,sys1-lon14-p-swi-bes31,sw42p2,
99546,leaf-spine,sys1-lon14-p-swi-bel43,sw42p2,,sys1-lon14-p-swi-bes31,sw43p1,
99547,leaf-spine,sys1-lon14-p-swi-bel43,sw42p1,,sys1-lon14-p-swi-bes31,sw43p2,
99548,leaf-spine,sys1-lon14-p-swi-bel44,sw42p2,,sys1-lon14-p-swi-bes31,sw44p1,
99549,leaf-spine,sys1-lon14-p-swi-bel44,sw42p1,,sys1-lon14-p-swi-bes31,sw44p2,
99550,leaf-spine,sys1-lon14-p-swi-bel45,sw42p2,,sys1-lon14-p-swi-bes31,sw45p1,
99551,leaf-spine,sys1-lon14-p-swi-bel45,sw42p1,,sys1-lon14-p-swi-bes31,sw45p2,
99552,leaf-spine,sys1-lon14-p-swi-bel46,sw42p2,,sys1-lon14-p-swi-bes31,sw46p1,
99553,leaf-spine,sys1-lon14-p-swi-bel46,sw42p1,,sys1-lon14-p-swi-bes31,sw46p2,
99554,leaf-spine,sys1-lon14-p-swi-bel47,sw42p2,,sys1-lon14-p-swi-bes31,sw47p1,
99555,leaf-spine,sys1-lon14-p-swi-bel47,sw42p1,,sys1-lon14-p-swi-bes31,sw47p2,
99556,leaf-spine,sys1-lon14-p-swi-bel48,sw42p2,,sys1-lon14-p-swi-bes31,sw48p1,
99557,leaf-spine,sys1-lon14-p-swi-bel48,sw42p1,,sys1-lon14-p-swi-bes31,sw48p2,
99558,leaf-spine,sys1-lon14-p-swi-bel49,sw42p2,,sys1-lon14-p-swi-bes31,sw49p1,
99559,leaf-spine,sys1-lon14-p-swi-bel49,sw42p1,,sys1-lon14-p-swi-bes31,sw49p2,
99560,leaf-spine,sys1-lon14-p-swi-bel50,sw42p2,,sys1-lon14-p-swi-bes31,sw50p1,
99561,leaf-spine,sys1-lon14-p-swi-bel50,sw42p1,,sys1-lon14-p-swi-bes31,sw50p2,
99562,leaf-spine,sys1-lon14-p-swi-bel51,sw42p2,,sys1-lon14-p-swi-bes31,sw51p1,
99563,leaf-spine,sys1-lon14-p-swi-bel51,sw42p1,,sys1-lon14-p-swi-bes31,sw51p2,
99564,leaf-spine,sys1-lon14-p-swi-bel52,sw42p2,,sys1-lon14-p-swi-bes31,sw52p1,
99565,leaf-spine,sys1-lon14-p-swi-bel52,sw42p1,,sys1-lon14-p-swi-bes31,sw52p2,
99566,leaf-spine,sys1-lon14-p-swi-bel53,sw42p2,,sys1-lon14-p-swi-bes31,sw53p1,
99567,leaf-spine,sys1-lon14-p-swi-bel53,sw42p1,,sys1-lon14-p-swi-bes31,sw53p2,
99568,leaf-spine,sys1-lon14-p-swi-bel54,sw42p2,,sys1-lon14-p-swi-bes31,sw54p1,
99569,leaf-spine,sys1-lon14-p-swi-bel54,sw42p1,,sys1-lon14-p-swi-bes31,sw54p2,
99570,leaf-spine,sys1-lon14-p-swi-bel55,sw42p2,,sys1-lon14-p-swi-bes31,sw55p1,
99571,leaf-spine,sys1-lon14-p-swi-bel55,sw42p1,,sys1-lon14-p-swi-bes31,sw55p2,
99572,leaf-spine,sys1-lon14-p-swi-bel56,sw42p2,,sys1-lon14-p-swi-bes31,sw56p1,
99573,leaf-spine,sys1-lon14-p-swi-bel56,sw42p1,,sys1-lon14-p-swi-bes31,sw56p2,
99574,leaf-spine,sys1-lon14-p-swi-bel57,sw42p2,,sys1-lon14-p-swi-bes31,sw57p1,
99575,leaf-spine,sys1-lon14-p-swi-bel57,sw42p1,,sys1-lon14-p-swi-bes31,sw57p2,
99576,leaf-spine,sys1-lon14-p-swi-bel58,sw42p2,,sys1-lon14-p-swi-bes31,sw58p1,
99577,leaf-spine,sys1-lon14-p-swi-bel58,sw42p1,,sys1-lon14-p-swi-bes31,sw58p2,
99578,leaf-spine,sys1-lon14-p-swi-bel59,sw42p2,,sys1-lon14-p-swi-bes31,sw59p1,
99579,leaf-spine,sys1-lon14-p-swi-bel59,sw42p1,,sys1-lon14-p-swi-bes31,sw59p2,
99580,leaf-spine,sys1-lon14-p-swi-bel60,sw42p2,,sys1-lon14-p-swi-bes31,sw60p1,
99581,leaf-spine,sys1-lon14-p-swi-bel60,sw42p1,,sys1-lon14-p-swi-bes31,sw60p2,
99582,leaf-spine,sys1-lon14-p-swi-bel61,sw42p2,,sys1-lon14-p-swi-bes31,sw61p1,
99583,leaf-spine,sys1-lon14-p-swi-bel61,sw42p1,,sys1-lon14-p-swi-bes31,sw61p2,
99584,leaf-spine,sys1-lon14-p-swi-bel62,sw42p2,,sys1-lon14-p-swi-bes31,sw62p1,
99585,leaf-spine,sys1-lon14-p-swi-bel62,sw42p1,,sys1-lon14-p-swi-bes31,sw62p2,
99586,leaf-spine,sys1-lon14-p-swi-bel63,sw42p2,,sys1-lon14-p-swi-bes31,sw63p1,
99587,leaf-spine,sys1-lon14-p-swi-bel63,sw42p1,,sys1-lon14-p-swi-bes31,sw63p2,
99588,leaf-spine,sys1-lon14-p-swi-bel64,sw42p2,,sys1-lon14-p-swi-bes31,sw64p1,
99589,leaf-spine,sys1-lon14-p-swi-bel64,sw42p1,,sys1-lon14-p-swi-bes31,sw64p2,
99590,leaf-spine,sys1-lon14-p-swi-bel1,sw41p2,,sys1-lon14-p-swi-bes32,sw1p1,
99591,leaf-spine,sys1-lon14-p-swi-bel1,sw41p1,,sys1-lon14-p-swi-bes32,sw1p2,
99592,leaf-spine,sys1-lon14-p-swi-bel2,sw41p2,,sys1-lon14-p-swi-bes32,sw2p1,
99593,leaf-spine,sys1-lon14-p-swi-bel2,sw41p1,,sys1-lon14-p-swi-bes32,sw2p2,
99594,leaf-spine,sys1-lon14-p-swi-bel3,sw41p2,,sys1-lon14-p-swi-bes32,sw3p1,
99595,leaf-spine,sys1-lon14-p-swi-bel3,sw41p1,,sys1-lon14-p-swi-bes32,sw3p2,
99596,leaf-spine,sys1-lon14-p-swi-bel4,sw41p2,,sys1-lon14-p-swi-bes32,sw4p1,
99597,leaf-spine,sys1-lon14-p-swi-bel4,sw41p1,,sys1-lon14-p-swi-bes32,sw4p2,
99598,leaf-spine,sys1-lon14-p-swi-bel5,sw41p2,,sys1-lon14-p-swi-bes32,sw5p1,
99599,leaf-spine,sys1-lon14-p-swi-bel5,sw41p1,,sys1-lon14-p-swi-bes32,sw5p2,
99600,leaf-spine,sys1-lon14-p-swi-bel6,sw41p2,,sys1-lon14-p-swi-bes32,sw6p1,
99601,leaf-spine,sys1-lon14-p-swi-bel6,sw41p1,,sys1-lon14-p-swi-bes32,sw6p2,
99602,leaf-spine,sys1-lon14-p-swi-bel7,sw41p2,,sys1-lon14-p-swi-bes32,sw7p1,
99603,leaf-spine,sys1-lon14-p-swi-bel7,sw41p1,,sys1-lon14-p-swi-bes32,sw7p2,
99604,leaf-spine,sys1-lon14-p-swi-bel8,sw41p2,,sys1-lon14-p-swi-bes32,sw8p1,
99605,leaf-spine,sys1-lon14-p-swi-bel8,sw41p1,,sys1-lon14-p-swi-bes32,sw8p2,
99606,leaf-spine,sys1-lon14-p-swi-bel9,sw41p2,,sys1-lon14-p-swi-bes32,sw9p1,
99607,leaf-spine,sys1-lon14-p-swi-bel9,sw41p1,,sys1-lon14-p-swi-bes32,sw9p2,
99608,leaf-spine,sys1-lon14-p-swi-bel10,sw41p2,,sys1-lon14-p-swi-bes32,sw10p1,
99609,leaf-spine,sys1-lon14-p-swi-bel10,sw41p1,,sys1-lon14-p-swi-bes32,sw10p2,
99610,leaf-spine,sys1-lon14-p-swi-bel11,sw41p2,,sys1-lon14-p-swi-bes32,sw11p1,
99611,leaf-spine,sys1-lon14-p-swi-bel11,sw41p1,,sys1-lon14-p-swi-bes32,sw11p2,
99612,leaf-spine,sys1-lon14-p-swi-bel12,sw41p2,,sys1-lon14-p-swi-bes32,sw12p1,
99613,leaf-spine,sys1-lon14-p-swi-bel12,sw41p1,,sys1-lon14-p-swi-bes32,sw12p2,
99614,leaf-spine,sys1-lon14-p-swi-bel13,sw41p2,,sys1-lon14-p-swi-bes32,sw13p1,
99615,leaf-spine,sys1-lon14-p-swi-bel13,sw41p1,,sys1-lon14-p-swi-bes32,sw13p2,
99616,leaf-spine,sys1-lon14-p-swi-bel14,sw41p2,,sys1-lon14-p-swi-bes32,sw14p1,
99617,leaf-spine,sys1-lon14-p-swi-bel14,sw41p1,,sys1-lon14-p-swi-bes32,sw14p2,
99618,leaf-spine,sys1-lon14-p-swi-bel15,sw41p2,,sys1-lon14-p-swi-bes32,sw15p1,
99619,leaf-spine,sys1-lon14-p-swi-bel15,sw41p1,,sys1-lon14-p-swi-bes32,sw15p2,
99620,leaf-spine,sys1-lon14-p-swi-bel16,sw41p2,,sys1-lon14-p-swi-bes32,sw16p1,
99621,leaf-spine,sys1-lon14-p-swi-bel16,sw41p1,,sys1-lon14-p-swi-bes32,sw16p2,
99622,leaf-spine,sys1-lon14-p-swi-bel17,sw41p2,,sys1-lon14-p-swi-bes32,sw17p1,
99623,leaf-spine,sys1-lon14-p-swi-bel17,sw41p1,,sys1-lon14-p-swi-bes32,sw17p2,
99624,leaf-spine,sys1-lon14-p-swi-bel18,sw41p2,,sys1-lon14-p-swi-bes32,sw18p1,
99625,leaf-spine,sys1-lon14-p-swi-bel18,sw41p1,,sys1-lon14-p-swi-bes32,sw18p2,
99626,leaf-spine,sys1-lon14-p-swi-bel19,sw41p2,,sys1-lon14-p-swi-bes32,sw19p1,
99627,leaf-spine,sys1-lon14-p-swi-bel19,sw41p1,,sys1-lon14-p-swi-bes32,sw19p2,
99628,leaf-spine,sys1-lon14-p-swi-bel20,sw41p2,,sys1-lon14-p-swi-bes32,sw20p1,
99629,leaf-spine,sys1-lon14-p-swi-bel20,sw41p1,,sys1-lon14-p-swi-bes32,sw20p2,
99630,leaf-spine,sys1-lon14-p-swi-bel21,sw41p2,,sys1-lon14-p-swi-bes32,sw21p1,
99631,leaf-spine,sys1-lon14-p-swi-bel21,sw41p1,,sys1-lon14-p-swi-bes32,sw21p2,
99632,leaf-spine,sys1-lon14-p-swi-bel22,sw41p2,,sys1-lon14-p-swi-bes32,sw22p1,
99633,leaf-spine,sys1-lon14-p-swi-bel22,sw41p1,,sys1-lon14-p-swi-bes32,sw22p2,
99634,leaf-spine,sys1-lon14-p-swi-bel23,sw41p2,,sys1-lon14-p-swi-bes32,sw23p1,
99635,leaf-spine,sys1-lon14-p-swi-bel23,sw41p1,,sys1-lon14-p-swi-bes32,sw23p2,
99636,leaf-spine,sys1-lon14-p-swi-bel24,sw41p2,,sys1-lon14-p-swi-bes32,sw24p1,
99637,leaf-spine,sys1-lon14-p-swi-bel24,sw41p1,,sys1-lon14-p-swi-bes32,sw24p2,
99638,leaf-spine,sys1-lon14-p-swi-bel25,sw41p2,,sys1-lon14-p-swi-bes32,sw25p1,
99639,leaf-spine,sys1-lon14-p-swi-bel25,sw41p1,,sys1-lon14-p-swi-bes32,sw25p2,
99640,leaf-spine,sys1-lon14-p-swi-bel26,sw41p2,,sys1-lon14-p-swi-bes32,sw26p1,
99641,leaf-spine,sys1-lon14-p-swi-bel26,sw41p1,,sys1-lon14-p-swi-bes32,sw26p2,
99642,leaf-spine,sys1-lon14-p-swi-bel27,sw41p2,,sys1-lon14-p-swi-bes32,sw27p1,
99643,leaf-spine,sys1-lon14-p-swi-bel27,sw41p1,,sys1-lon14-p-swi-bes32,sw27p2,
99644,leaf-spine,sys1-lon14-p-swi-bel28,sw41p2,,sys1-lon14-p-swi-bes32,sw28p1,
99645,leaf-spine,sys1-lon14-p-swi-bel28,sw41p1,,sys1-lon14-p-swi-bes32,sw28p2,
99646,leaf-spine,sys1-lon14-p-swi-bel29,sw41p2,,sys1-lon14-p-swi-bes32,sw29p1,
99647,leaf-spine,sys1-lon14-p-swi-bel29,sw41p1,,sys1-lon14-p-swi-bes32,sw29p2,
99648,leaf-spine,sys1-lon14-p-swi-bel30,sw41p2,,sys1-lon14-p-swi-bes32,sw30p1,
99649,leaf-spine,sys1-lon14-p-swi-bel30,sw41p1,,sys1-lon14-p-swi-bes32,sw30p2,
99650,leaf-spine,sys1-lon14-p-swi-bel31,sw41p2,,sys1-lon14-p-swi-bes32,sw31p1,
99651,leaf-spine,sys1-lon14-p-swi-bel31,sw41p1,,sys1-lon14-p-swi-bes32,sw31p2,
99652,leaf-spine,sys1-lon14-p-swi-bel32,sw41p2,,sys1-lon14-p-swi-bes32,sw32p1,
99653,leaf-spine,sys1-lon14-p-swi-bel32,sw41p1,,sys1-lon14-p-swi-bes32,sw32p2,
99654,leaf-spine,sys1-lon14-p-swi-bel33,sw41p2,,sys1-lon14-p-swi-bes32,sw33p1,
99655,leaf-spine,sys1-lon14-p-swi-bel33,sw41p1,,sys1-lon14-p-swi-bes32,sw33p2,
99656,leaf-spine,sys1-lon14-p-swi-bel34,sw41p2,,sys1-lon14-p-swi-bes32,sw34p1,
99657,leaf-spine,sys1-lon14-p-swi-bel34,sw41p1,,sys1-lon14-p-swi-bes32,sw34p2,
99658,leaf-spine,sys1-lon14-p-swi-bel35,sw41p2,,sys1-lon14-p-swi-bes32,sw35p1,
99659,leaf-spine,sys1-lon14-p-swi-bel35,sw41p1,,sys1-lon14-p-swi-bes32,sw35p2,
99660,leaf-spine,sys1-lon14-p-swi-bel36,sw41p2,,sys1-lon14-p-swi-bes32,sw36p1,
99661,leaf-spine,sys1-lon14-p-swi-bel36,sw41p1,,sys1-lon14-p-swi-bes32,sw36p2,
99662,leaf-spine,sys1-lon14-p-swi-bel37,sw41p2,,sys1-lon14-p-swi-bes32,sw37p1,
99663,leaf-spine,sys1-lon14-p-swi-bel37,sw41p1,,sys1-lon14-p-swi-bes32,sw37p2,
99664,leaf-spine,sys1-lon14-p-swi-bel38,sw41p2,,sys1-lon14-p-swi-bes32,sw38p1,
99665,leaf-spine,sys1-lon14-p-swi-bel38,sw41p1,,sys1-lon14-p-swi-bes32,sw38p2,
99666,leaf-spine,sys1-lon14-p-swi-bel39,sw41p2,,sys1-lon14-p-swi-bes32,sw39p1,
99667,leaf-spine,sys1-lon14-p-swi-bel39,sw41p1,,sys1-lon14-p-swi-bes32,sw39p2,
99668,leaf-spine,sys1-lon14-p-swi-bel40,sw41p2,,sys1-lon14-p-swi-bes32,sw40p1,
99669,leaf-spine,sys1-lon14-p-swi-bel40,sw41p1,,sys1-lon14-p-swi-bes32,sw40p2,
99670,leaf-spine,sys1-lon14-p-swi-bel41,sw41p2,,sys1-lon14-p-swi-bes32,sw41p1,
99671,leaf-spine,sys1-lon14-p-swi-bel41,sw41p1,,sys1-lon14-p-swi-bes32,sw41p2,
99672,leaf-spine,sys1-lon14-p-swi-bel42,sw41p2,,sys1-lon14-p-swi-bes32,sw42p1,
99673,leaf-spine,sys1-lon14-p-swi-bel42,sw41p1,,sys1-lon14-p-swi-bes32,sw42p2,
99674,leaf-spine,sys1-lon14-p-swi-bel43,sw41p2,,sys1-lon14-p-swi-bes32,sw43p1,
99675,leaf-spine,sys1-lon14-p-swi-bel43,sw41p1,,sys1-lon14-p-swi-bes32,sw43p2,
99676,leaf-spine,sys1-lon14-p-swi-bel44,sw41p2,,sys1-lon14-p-swi-bes32,sw44p1,
99677,leaf-spine,sys1-lon14-p-swi-bel44,sw41p1,,sys1-lon14-p-swi-bes32,sw44p2,
99678,leaf-spine,sys1-lon14-p-swi-bel45,sw41p2,,sys1-lon14-p-swi-bes32,sw45p1,
99679,leaf-spine,sys1-lon14-p-swi-bel45,sw41p1,,sys1-lon14-p-swi-bes32,sw45p2,
99680,leaf-spine,sys1-lon14-p-swi-bel46,sw41p2,,sys1-lon14-p-swi-bes32,sw46p1,
99681,leaf-spine,sys1-lon14-p-swi-bel46,sw41p1,,sys1-lon14-p-swi-bes32,sw46p2,
99682,leaf-spine,sys1-lon14-p-swi-bel47,sw41p2,,sys1-lon14-p-swi-bes32,sw47p1,
99683,leaf-spine,sys1-lon14-p-swi-bel47,sw41p1,,sys1-lon14-p-swi-bes32,sw47p2,
99684,leaf-spine,sys1-lon14-p-swi-bel48,sw41p2,,sys1-lon14-p-swi-bes32,sw48p1,
99685,leaf-spine,sys1-lon14-p-swi-bel48,sw41p1,,sys1-lon14-p-swi-bes32,sw48p2,
99686,leaf-spine,sys1-lon14-p-swi-bel49,sw41p2,,sys1-lon14-p-swi-bes32,sw49p1,
99687,leaf-spine,sys1-lon14-p-swi-bel49,sw41p1,,sys1-lon14-p-swi-bes32,sw49p2,
99688,leaf-spine,sys1-lon14-p-swi-bel50,sw41p2,,sys1-lon14-p-swi-bes32,sw50p1,
99689,leaf-spine,sys1-lon14-p-swi-bel50,sw41p1,,sys1-lon14-p-swi-bes32,sw50p2,
99690,leaf-spine,sys1-lon14-p-swi-bel51,sw41p2,,sys1-lon14-p-swi-bes32,sw51p1,
99691,leaf-spine,sys1-lon14-p-swi-bel51,sw41p1,,sys1-lon14-p-swi-bes32,sw51p2,
99692,leaf-spine,sys1-lon14-p-swi-bel52,sw41p2,,sys1-lon14-p-swi-bes32,sw52p1,
99693,leaf-spine,sys1-lon14-p-swi-bel52,sw41p1,,sys1-lon14-p-swi-bes32,sw52p2,
99694,leaf-spine,sys1-lon14-p-swi-bel53,sw41p2,,sys1-lon14-p-swi-bes32,sw53p1,
99695,leaf-spine,sys1-lon14-p-swi-bel53,sw41p1,,sys1-lon14-p-swi-bes32,sw53p2,
99696,leaf-spine,sys1-lon14-p-swi-bel54,sw41p2,,sys1-lon14-p-swi-bes32,sw54p1,
99697,leaf-spine,sys1-lon14-p-swi-bel54,sw41p1,,sys1-lon14-p-swi-bes32,sw54p2,
99698,leaf-spine,sys1-lon14-p-swi-bel55,sw41p2,,sys1-lon14-p-swi-bes32,sw55p1,
99699,leaf-spine,sys1-lon14-p-swi-bel55,sw41p1,,sys1-lon14-p-swi-bes32,sw55p2,
99700,leaf-spine,sys1-lon14-p-swi-bel56,sw41p2,,sys1-lon14-p-swi-bes32,sw56p1,
99701,leaf-spine,sys1-lon14-p-swi-bel56,sw41p1,,sys1-lon14-p-swi-bes32,sw56p2,
99702,leaf-spine,sys1-lon14-p-swi-bel57,sw41p2,,sys1-lon14-p-swi-bes32,sw57p1,
99703,leaf-spine,sys1-lon14-p-swi-bel57,sw41p1,,sys1-lon14-p-swi-bes32,sw57p2,
99704,leaf-spine,sys1-lon14-p-swi-bel58,sw41p2,,sys1-lon14-p-swi-bes32,sw58p1,
99705,leaf-spine,sys1-lon14-p-swi-bel58,sw41p1,,sys1-lon14-p-swi-bes32,sw58p2,
99706,leaf-spine,sys1-lon14-p-swi-bel59,sw41p2,,sys1-lon14-p-swi-bes32,sw59p1,
99707,leaf-spine,sys1-lon14-p-swi-bel59,sw41p1,,sys1-lon14-p-swi-bes32,sw59p2,
99708,leaf-spine,sys1-lon14-p-swi-bel60,sw41p2,,sys1-lon14-p-swi-bes32,sw60p1,
99709,leaf-spine,sys1-lon14-p-swi-bel60,sw41p1,,sys1-lon14-p-swi-bes32,sw60p2,
99710,leaf-spine,sys1-lon14-p-swi-bel61,sw41p2,,sys1-lon14-p-swi-bes32,sw61p1,
99711,leaf-spine,sys1-lon14-p-swi-bel61,sw41p1,,sys1-lon14-p-swi-bes32,sw61p2,
99712,leaf-spine,sys1-lon14-p-swi-bel62,sw41p2,,sys1-lon14-p-swi-bes32,sw62p1,
99713,leaf-spine,sys1-lon14-p-swi-bel62,sw41p1,,sys1-lon14-p-swi-bes32,sw62p2,
99714,leaf-spine,sys1-lon14-p-swi-bel63,sw41p2,,sys1-lon14-p-swi-bes32,sw63p1,
99715,leaf-spine,sys1-lon14-p-swi-bel63,sw41p1,,sys1-lon14-p-swi-bes32,sw63p2,
99716,leaf-spine,sys1-lon14-p-swi-bel64,sw41p2,,sys1-lon14-p-swi-bes32,sw64p1,
99717,leaf-spine,sys1-lon14-p-swi-bel64,sw41p1,,sys1-lon14-p-swi-bes32,sw64p2,
99718,leaf-spine,sys1-lon14-p-swi-bel1,sw40p2,,sys1-lon14-p-swi-bes33,sw1p1,
99719,leaf-spine,sys1-lon14-p-swi-bel1,sw40p1,,sys1-lon14-p-swi-bes33,sw1p2,
99720,leaf-spine,sys1-lon14-p-swi-bel2,sw40p2,,sys1-lon14-p-swi-bes33,sw2p1,
99721,leaf-spine,sys1-lon14-p-swi-bel2,sw40p1,,sys1-lon14-p-swi-bes33,sw2p2,
99722,leaf-spine,sys1-lon14-p-swi-bel3,sw40p2,,sys1-lon14-p-swi-bes33,sw3p1,
99723,leaf-spine,sys1-lon14-p-swi-bel3,sw40p1,,sys1-lon14-p-swi-bes33,sw3p2,
99724,leaf-spine,sys1-lon14-p-swi-bel4,sw40p2,,sys1-lon14-p-swi-bes33,sw4p1,
99725,leaf-spine,sys1-lon14-p-swi-bel4,sw40p1,,sys1-lon14-p-swi-bes33,sw4p2,
99726,leaf-spine,sys1-lon14-p-swi-bel5,sw40p2,,sys1-lon14-p-swi-bes33,sw5p1,
99727,leaf-spine,sys1-lon14-p-swi-bel5,sw40p1,,sys1-lon14-p-swi-bes33,sw5p2,
99728,leaf-spine,sys1-lon14-p-swi-bel6,sw40p2,,sys1-lon14-p-swi-bes33,sw6p1,
99729,leaf-spine,sys1-lon14-p-swi-bel6,sw40p1,,sys1-lon14-p-swi-bes33,sw6p2,
99730,leaf-spine,sys1-lon14-p-swi-bel7,sw40p2,,sys1-lon14-p-swi-bes33,sw7p1,
99731,leaf-spine,sys1-lon14-p-swi-bel7,sw40p1,,sys1-lon14-p-swi-bes33,sw7p2,
99732,leaf-spine,sys1-lon14-p-swi-bel8,sw40p2,,sys1-lon14-p-swi-bes33,sw8p1,
99733,leaf-spine,sys1-lon14-p-swi-bel8,sw40p1,,sys1-lon14-p-swi-bes33,sw8p2,
99734,leaf-spine,sys1-lon14-p-swi-bel9,sw40p2,,sys1-lon14-p-swi-bes33,sw9p1,
99735,leaf-spine,sys1-lon14-p-swi-bel9,sw40p1,,sys1-lon14-p-swi-bes33,sw9p2,
99736,leaf-spine,sys1-lon14-p-swi-bel10,sw40p2,,sys1-lon14-p-swi-bes33,sw10p1,
99737,leaf-spine,sys1-lon14-p-swi-bel10,sw40p1,,sys1-lon14-p-swi-bes33,sw10p2,
99738,leaf-spine,sys1-lon14-p-swi-bel11,sw40p2,,sys1-lon14-p-swi-bes33,sw11p1,
99739,leaf-spine,sys1-lon14-p-swi-bel11,sw40p1,,sys1-lon14-p-swi-bes33,sw11p2,
99740,leaf-spine,sys1-lon14-p-swi-bel12,sw40p2,,sys1-lon14-p-swi-bes33,sw12p1,
99741,leaf-spine,sys1-lon14-p-swi-bel12,sw40p1,,sys1-lon14-p-swi-bes33,sw12p2,
99742,leaf-spine,sys1-lon14-p-swi-bel13,sw40p2,,sys1-lon14-p-swi-bes33,sw13p1,
99743,leaf-spine,sys1-lon14-p-swi-bel13,sw40p1,,sys1-lon14-p-swi-bes33,sw13p2,
99744,leaf-spine,sys1-lon14-p-swi-bel14,sw40p2,,sys1-lon14-p-swi-bes33,sw14p1,
99745,leaf-spine,sys1-lon14-p-swi-bel14,sw40p1,,sys1-lon14-p-swi-bes33,sw14p2,
99746,leaf-spine,sys1-lon14-p-swi-bel15,sw40p2,,sys1-lon14-p-swi-bes33,sw15p1,
99747,leaf-spine,sys1-lon14-p-swi-bel15,sw40p1,,sys1-lon14-p-swi-bes33,sw15p2,
99748,leaf-spine,sys1-lon14-p-swi-bel16,sw40p2,,sys1-lon14-p-swi-bes33,sw16p1,
99749,leaf-spine,sys1-lon14-p-swi-bel16,sw40p1,,sys1-lon14-p-swi-bes33,sw16p2,
99750,leaf-spine,sys1-lon14-p-swi-bel17,sw40p2,,sys1-lon14-p-swi-bes33,sw17p1,
99751,leaf-spine,sys1-lon14-p-swi-bel17,sw40p1,,sys1-lon14-p-swi-bes33,sw17p2,
99752,leaf-spine,sys1-lon14-p-swi-bel18,sw40p2,,sys1-lon14-p-swi-bes33,sw18p1,
99753,leaf-spine,sys1-lon14-p-swi-bel18,sw40p1,,sys1-lon14-p-swi-bes33,sw18p2,
99754,leaf-spine,sys1-lon14-p-swi-bel19,sw40p2,,sys1-lon14-p-swi-bes33,sw19p1,
99755,leaf-spine,sys1-lon14-p-swi-bel19,sw40p1,,sys1-lon14-p-swi-bes33,sw19p2,
99756,leaf-spine,sys1-lon14-p-swi-bel20,sw40p2,,sys1-lon14-p-swi-bes33,sw20p1,
99757,leaf-spine,sys1-lon14-p-swi-bel20,sw40p1,,sys1-lon14-p-swi-bes33,sw20p2,
99758,leaf-spine,sys1-lon14-p-swi-bel21,sw40p2,,sys1-lon14-p-swi-bes33,sw21p1,
99759,leaf-spine,sys1-lon14-p-swi-bel21,sw40p1,,sys1-lon14-p-swi-bes33,sw21p2,
99760,leaf-spine,sys1-lon14-p-swi-bel22,sw40p2,,sys1-lon14-p-swi-bes33,sw22p1,
99761,leaf-spine,sys1-lon14-p-swi-bel22,sw40p1,,sys1-lon14-p-swi-bes33,sw22p2,
99762,leaf-spine,sys1-lon14-p-swi-bel23,sw40p2,,sys1-lon14-p-swi-bes33,sw23p1,
99763,leaf-spine,sys1-lon14-p-swi-bel23,sw40p1,,sys1-lon14-p-swi-bes33,sw23p2,
99764,leaf-spine,sys1-lon14-p-swi-bel24,sw40p2,,sys1-lon14-p-swi-bes33,sw24p1,
99765,leaf-spine,sys1-lon14-p-swi-bel24,sw40p1,,sys1-lon14-p-swi-bes33,sw24p2,
99766,leaf-spine,sys1-lon14-p-swi-bel25,sw40p2,,sys1-lon14-p-swi-bes33,sw25p1,
99767,leaf-spine,sys1-lon14-p-swi-bel25,sw40p1,,sys1-lon14-p-swi-bes33,sw25p2,
99768,leaf-spine,sys1-lon14-p-swi-bel26,sw40p2,,sys1-lon14-p-swi-bes33,sw26p1,
99769,leaf-spine,sys1-lon14-p-swi-bel26,sw40p1,,sys1-lon14-p-swi-bes33,sw26p2,
99770,leaf-spine,sys1-lon14-p-swi-bel27,sw40p2,,sys1-lon14-p-swi-bes33,sw27p1,
99771,leaf-spine,sys1-lon14-p-swi-bel27,sw40p1,,sys1-lon14-p-swi-bes33,sw27p2,
99772,leaf-spine,sys1-lon14-p-swi-bel28,sw40p2,,sys1-lon14-p-swi-bes33,sw28p1,
99773,leaf-spine,sys1-lon14-p-swi-bel28,sw40p1,,sys1-lon14-p-swi-bes33,sw28p2,
99774,leaf-spine,sys1-lon14-p-swi-bel29,sw40p2,,sys1-lon14-p-swi-bes33,sw29p1,
99775,leaf-spine,sys1-lon14-p-swi-bel29,sw40p1,,sys1-lon14-p-swi-bes33,sw29p2,
99776,leaf-spine,sys1-lon14-p-swi-bel30,sw40p2,,sys1-lon14-p-swi-bes33,sw30p1,
99777,leaf-spine,sys1-lon14-p-swi-bel30,sw40p1,,sys1-lon14-p-swi-bes33,sw30p2,
99778,leaf-spine,sys1-lon14-p-swi-bel31,sw40p2,,sys1-lon14-p-swi-bes33,sw31p1,
99779,leaf-spine,sys1-lon14-p-swi-bel31,sw40p1,,sys1-lon14-p-swi-bes33,sw31p2,
99780,leaf-spine,sys1-lon14-p-swi-bel32,sw40p2,,sys1-lon14-p-swi-bes33,sw32p1,
99781,leaf-spine,sys1-lon14-p-swi-bel32,sw40p1,,sys1-lon14-p-swi-bes33,sw32p2,
99782,leaf-spine,sys1-lon14-p-swi-bel33,sw40p2,,sys1-lon14-p-swi-bes33,sw33p1,
99783,leaf-spine,sys1-lon14-p-swi-bel33,sw40p1,,sys1-lon14-p-swi-bes33,sw33p2,
99784,leaf-spine,sys1-lon14-p-swi-bel34,sw40p2,,sys1-lon14-p-swi-bes33,sw34p1,
99785,leaf-spine,sys1-lon14-p-swi-bel34,sw40p1,,sys1-lon14-p-swi-bes33,sw34p2,
99786,leaf-spine,sys1-lon14-p-swi-bel35,sw40p2,,sys1-lon14-p-swi-bes33,sw35p1,
99787,leaf-spine,sys1-lon14-p-swi-bel35,sw40p1,,sys1-lon14-p-swi-bes33,sw35p2,
99788,leaf-spine,sys1-lon14-p-swi-bel36,sw40p2,,sys1-lon14-p-swi-bes33,sw36p1,
99789,leaf-spine,sys1-lon14-p-swi-bel36,sw40p1,,sys1-lon14-p-swi-bes33,sw36p2,
99790,leaf-spine,sys1-lon14-p-swi-bel37,sw40p2,,sys1-lon14-p-swi-bes33,sw37p1,
99791,leaf-spine,sys1-lon14-p-swi-bel37,sw40p1,,sys1-lon14-p-swi-bes33,sw37p2,
99792,leaf-spine,sys1-lon14-p-swi-bel38,sw40p2,,sys1-lon14-p-swi-bes33,sw38p1,
99793,leaf-spine,sys1-lon14-p-swi-bel38,sw40p1,,sys1-lon14-p-swi-bes33,sw38p2,
99794,leaf-spine,sys1-lon14-p-swi-bel39,sw40p2,,sys1-lon14-p-swi-bes33,sw39p1,
99795,leaf-spine,sys1-lon14-p-swi-bel39,sw40p1,,sys1-lon14-p-swi-bes33,sw39p2,
99796,leaf-spine,sys1-lon14-p-swi-bel40,sw40p2,,sys1-lon14-p-swi-bes33,sw40p1,
99797,leaf-spine,sys1-lon14-p-swi-bel40,sw40p1,,sys1-lon14-p-swi-bes33,sw40p2,
99798,leaf-spine,sys1-lon14-p-swi-bel41,sw40p2,,sys1-lon14-p-swi-bes33,sw41p1,
99799,leaf-spine,sys1-lon14-p-swi-bel41,sw40p1,,sys1-lon14-p-swi-bes33,sw41p2,
99800,leaf-spine,sys1-lon14-p-swi-bel42,sw40p2,,sys1-lon14-p-swi-bes33,sw42p1,
99801,leaf-spine,sys1-lon14-p-swi-bel42,sw40p1,,sys1-lon14-p-swi-bes33,sw42p2,
99802,leaf-spine,sys1-lon14-p-swi-bel43,sw40p2,,sys1-lon14-p-swi-bes33,sw43p1,
99803,leaf-spine,sys1-lon14-p-swi-bel43,sw40p1,,sys1-lon14-p-swi-bes33,sw43p2,
99804,leaf-spine,sys1-lon14-p-swi-bel44,sw40p2,,sys1-lon14-p-swi-bes33,sw44p1,
99805,leaf-spine,sys1-lon14-p-swi-bel44,sw40p1,,sys1-lon14-p-swi-bes33,sw44p2,
99806,leaf-spine,sys1-lon14-p-swi-bel45,sw40p2,,sys1-lon14-p-swi-bes33,sw45p1,
99807,leaf-spine,sys1-lon14-p-swi-bel45,sw40p1,,sys1-lon14-p-swi-bes33,sw45p2,
99808,leaf-spine,sys1-lon14-p-swi-bel46,sw40p2,,sys1-lon14-p-swi-bes33,sw46p1,
99809,leaf-spine,sys1-lon14-p-swi-bel46,sw40p1,,sys1-lon14-p-swi-bes33,sw46p2,
99810,leaf-spine,sys1-lon14-p-swi-bel47,sw40p2,,sys1-lon14-p-swi-bes33,sw47p1,
99811,leaf-spine,sys1-lon14-p-swi-bel47,sw40p1,,sys1-lon14-p-swi-bes33,sw47p2,
99812,leaf-spine,sys1-lon14-p-swi-bel48,sw40p2,,sys1-lon14-p-swi-bes33,sw48p1,
99813,leaf-spine,sys1-lon14-p-swi-bel48,sw40p1,,sys1-lon14-p-swi-bes33,sw48p2,
99814,leaf-spine,sys1-lon14-p-swi-bel49,sw40p2,,sys1-lon14-p-swi-bes33,sw49p1,
99815,leaf-spine,sys1-lon14-p-swi-bel49,sw40p1,,sys1-lon14-p-swi-bes33,sw49p2,
99816,leaf-spine,sys1-lon14-p-swi-bel50,sw40p2,,sys1-lon14-p-swi-bes33,sw50p1,
99817,leaf-spine,sys1-lon14-p-swi-bel50,sw40p1,,sys1-lon14-p-swi-bes33,sw50p2,
99818,leaf-spine,sys1-lon14-p-swi-bel51,sw40p2,,sys1-lon14-p-swi-bes33,sw51p1,
99819,leaf-spine,sys1-lon14-p-swi-bel51,sw40p1,,sys1-lon14-p-swi-bes33,sw51p2,
99820,leaf-spine,sys1-lon14-p-swi-bel52,sw40p2,,sys1-lon14-p-swi-bes33,sw52p1,
99821,leaf-spine,sys1-lon14-p-swi-bel52,sw40p1,,sys1-lon14-p-swi-bes33,sw52p2,
99822,leaf-spine,sys1-lon14-p-swi-bel53,sw40p2,,sys1-lon14-p-swi-bes33,sw53p1,
99823,leaf-spine,sys1-lon14-p-swi-bel53,sw40p1,,sys1-lon14-p-swi-bes33,sw53p2,
99824,leaf-spine,sys1-lon14-p-swi-bel54,sw40p2,,sys1-lon14-p-swi-bes33,sw54p1,
99825,leaf-spine,sys1-lon14-p-swi-bel54,sw40p1,,sys1-lon14-p-swi-bes33,sw54p2,
99826,leaf-spine,sys1-lon14-p-swi-bel55,sw40p2,,sys1-lon14-p-swi-bes33,sw55p1,
99827,leaf-spine,sys1-lon14-p-swi-bel55,sw40p1,,sys1-lon14-p-swi-bes33,sw55p2,
99828,leaf-spine,sys1-lon14-p-swi-bel56,sw40p2,,sys1-lon14-p-swi-bes33,sw56p1,
99829,leaf-spine,sys1-lon14-p-swi-bel56,sw40p1,,sys1-lon14-p-swi-bes33,sw56p2,
99830,leaf-spine,sys1-lon14-p-swi-bel57,sw40p2,,sys1-lon14-p-swi-bes33,sw57p1,
99831,leaf-spine,sys1-lon14-p-swi-bel57,sw40p1,,sys1-lon14-p-swi-bes33,sw57p2,
99832,leaf-spine,sys1-lon14-p-swi-bel58,sw40p2,,sys1-lon14-p-swi-bes33,sw58p1,
99833,leaf-spine,sys1-lon14-p-swi-bel58,sw40p1,,sys1-lon14-p-swi-bes33,sw58p2,
99834,leaf-spine,sys1-lon14-p-swi-bel59,sw40p2,,sys1-lon14-p-swi-bes33,sw59p1,
99835,leaf-spine,sys1-lon14-p-swi-bel59,sw40p1,,sys1-lon14-p-swi-bes33,sw59p2,
99836,leaf-spine,sys1-lon14-p-swi-bel60,sw40p2,,sys1-lon14-p-swi-bes33,sw60p1,
99837,leaf-spine,sys1-lon14-p-swi-bel60,sw40p1,,sys1-lon14-p-swi-bes33,sw60p2,
99838,leaf-spine,sys1-lon14-p-swi-bel61,sw40p2,,sys1-lon14-p-swi-bes33,sw61p1,
99839,leaf-spine,sys1-lon14-p-swi-bel61,sw40p1,,sys1-lon14-p-swi-bes33,sw61p2,
99840,leaf-spine,sys1-lon14-p-swi-bel62,sw40p2,,sys1-lon14-p-swi-bes33,sw62p1,
99841,leaf-spine,sys1-lon14-p-swi-bel62,sw40p1,,sys1-lon14-p-swi-bes33,sw62p2,
99842,leaf-spine,sys1-lon14-p-swi-bel63,sw40p2,,sys1-lon14-p-swi-bes33,sw63p1,
99843,leaf-spine,sys1-lon14-p-swi-bel63,sw40p1,,sys1-lon14-p-swi-bes33,sw63p2,
99844,leaf-spine,sys1-lon14-p-swi-bel64,sw40p2,,sys1-lon14-p-swi-bes33,sw64p1,
99845,leaf-spine,sys1-lon14-p-swi-bel64,sw40p1,,sys1-lon14-p-swi-bes33,sw64p2,
99846,leaf-spine,sys1-lon14-p-swi-bel1,sw39p2,,sys1-lon14-p-swi-bes34,sw1p1,
99847,leaf-spine,sys1-lon14-p-swi-bel1,sw39p1,,sys1-lon14-p-swi-bes34,sw1p2,
99848,leaf-spine,sys1-lon14-p-swi-bel2,sw39p2,,sys1-lon14-p-swi-bes34,sw2p1,
99849,leaf-spine,sys1-lon14-p-swi-bel2,sw39p1,,sys1-lon14-p-swi-bes34,sw2p2,
99850,leaf-spine,sys1-lon14-p-swi-bel3,sw39p2,,sys1-lon14-p-swi-bes34,sw3p1,
99851,leaf-spine,sys1-lon14-p-swi-bel3,sw39p1,,sys1-lon14-p-swi-bes34,sw3p2,
99852,leaf-spine,sys1-lon14-p-swi-bel4,sw39p2,,sys1-lon14-p-swi-bes34,sw4p1,
99853,leaf-spine,sys1-lon14-p-swi-bel4,sw39p1,,sys1-lon14-p-swi-bes34,sw4p2,
99854,leaf-spine,sys1-lon14-p-swi-bel5,sw39p2,,sys1-lon14-p-swi-bes34,sw5p1,
99855,leaf-spine,sys1-lon14-p-swi-bel5,sw39p1,,sys1-lon14-p-swi-bes34,sw5p2,
99856,leaf-spine,sys1-lon14-p-swi-bel6,sw39p2,,sys1-lon14-p-swi-bes34,sw6p1,
99857,leaf-spine,sys1-lon14-p-swi-bel6,sw39p1,,sys1-lon14-p-swi-bes34,sw6p2,
99858,leaf-spine,sys1-lon14-p-swi-bel7,sw39p2,,sys1-lon14-p-swi-bes34,sw7p1,
99859,leaf-spine,sys1-lon14-p-swi-bel7,sw39p1,,sys1-lon14-p-swi-bes34,sw7p2,
99860,leaf-spine,sys1-lon14-p-swi-bel8,sw39p2,,sys1-lon14-p-swi-bes34,sw8p1,
99861,leaf-spine,sys1-lon14-p-swi-bel8,sw39p1,,sys1-lon14-p-swi-bes34,sw8p2,
99862,leaf-spine,sys1-lon14-p-swi-bel9,sw39p2,,sys1-lon14-p-swi-bes34,sw9p1,
99863,leaf-spine,sys1-lon14-p-swi-bel9,sw39p1,,sys1-lon14-p-swi-bes34,sw9p2,
99864,leaf-spine,sys1-lon14-p-swi-bel10,sw39p2,,sys1-lon14-p-swi-bes34,sw10p1,
99865,leaf-spine,sys1-lon14-p-swi-bel10,sw39p1,,sys1-lon14-p-swi-bes34,sw10p2,
99866,leaf-spine,sys1-lon14-p-swi-bel11,sw39p2,,sys1-lon14-p-swi-bes34,sw11p1,
99867,leaf-spine,sys1-lon14-p-swi-bel11,sw39p1,,sys1-lon14-p-swi-bes34,sw11p2,
99868,leaf-spine,sys1-lon14-p-swi-bel12,sw39p2,,sys1-lon14-p-swi-bes34,sw12p1,
99869,leaf-spine,sys1-lon14-p-swi-bel12,sw39p1,,sys1-lon14-p-swi-bes34,sw12p2,
99870,leaf-spine,sys1-lon14-p-swi-bel13,sw39p2,,sys1-lon14-p-swi-bes34,sw13p1,
99871,leaf-spine,sys1-lon14-p-swi-bel13,sw39p1,,sys1-lon14-p-swi-bes34,sw13p2,
99872,leaf-spine,sys1-lon14-p-swi-bel14,sw39p2,,sys1-lon14-p-swi-bes34,sw14p1,
99873,leaf-spine,sys1-lon14-p-swi-bel14,sw39p1,,sys1-lon14-p-swi-bes34,sw14p2,
99874,leaf-spine,sys1-lon14-p-swi-bel15,sw39p2,,sys1-lon14-p-swi-bes34,sw15p1,
99875,leaf-spine,sys1-lon14-p-swi-bel15,sw39p1,,sys1-lon14-p-swi-bes34,sw15p2,
99876,leaf-spine,sys1-lon14-p-swi-bel16,sw39p2,,sys1-lon14-p-swi-bes34,sw16p1,
99877,leaf-spine,sys1-lon14-p-swi-bel16,sw39p1,,sys1-lon14-p-swi-bes34,sw16p2,
99878,leaf-spine,sys1-lon14-p-swi-bel17,sw39p2,,sys1-lon14-p-swi-bes34,sw17p1,
99879,leaf-spine,sys1-lon14-p-swi-bel17,sw39p1,,sys1-lon14-p-swi-bes34,sw17p2,
99880,leaf-spine,sys1-lon14-p-swi-bel18,sw39p2,,sys1-lon14-p-swi-bes34,sw18p1,
99881,leaf-spine,sys1-lon14-p-swi-bel18,sw39p1,,sys1-lon14-p-swi-bes34,sw18p2,
99882,leaf-spine,sys1-lon14-p-swi-bel19,sw39p2,,sys1-lon14-p-swi-bes34,sw19p1,
99883,leaf-spine,sys1-lon14-p-swi-bel19,sw39p1,,sys1-lon14-p-swi-bes34,sw19p2,
99884,leaf-spine,sys1-lon14-p-swi-bel20,sw39p2,,sys1-lon14-p-swi-bes34,sw20p1,
99885,leaf-spine,sys1-lon14-p-swi-bel20,sw39p1,,sys1-lon14-p-swi-bes34,sw20p2,
99886,leaf-spine,sys1-lon14-p-swi-bel21,sw39p2,,sys1-lon14-p-swi-bes34,sw21p1,
99887,leaf-spine,sys1-lon14-p-swi-bel21,sw39p1,,sys1-lon14-p-swi-bes34,sw21p2,
99888,leaf-spine,sys1-lon14-p-swi-bel22,sw39p2,,sys1-lon14-p-swi-bes34,sw22p1,
99889,leaf-spine,sys1-lon14-p-swi-bel22,sw39p1,,sys1-lon14-p-swi-bes34,sw22p2,
99890,leaf-spine,sys1-lon14-p-swi-bel23,sw39p2,,sys1-lon14-p-swi-bes34,sw23p1,
99891,leaf-spine,sys1-lon14-p-swi-bel23,sw39p1,,sys1-lon14-p-swi-bes34,sw23p2,
99892,leaf-spine,sys1-lon14-p-swi-bel24,sw39p2,,sys1-lon14-p-swi-bes34,sw24p1,
99893,leaf-spine,sys1-lon14-p-swi-bel24,sw39p1,,sys1-lon14-p-swi-bes34,sw24p2,
99894,leaf-spine,sys1-lon14-p-swi-bel25,sw39p2,,sys1-lon14-p-swi-bes34,sw25p1,
99895,leaf-spine,sys1-lon14-p-swi-bel25,sw39p1,,sys1-lon14-p-swi-bes34,sw25p2,
99896,leaf-spine,sys1-lon14-p-swi-bel26,sw39p2,,sys1-lon14-p-swi-bes34,sw26p1,
99897,leaf-spine,sys1-lon14-p-swi-bel26,sw39p1,,sys1-lon14-p-swi-bes34,sw26p2,
99898,leaf-spine,sys1-lon14-p-swi-bel27,sw39p2,,sys1-lon14-p-swi-bes34,sw27p1,
99899,leaf-spine,sys1-lon14-p-swi-bel27,sw39p1,,sys1-lon14-p-swi-bes34,sw27p2,
99900,leaf-spine,sys1-lon14-p-swi-bel28,sw39p2,,sys1-lon14-p-swi-bes34,sw28p1,
99901,leaf-spine,sys1-lon14-p-swi-bel28,sw39p1,,sys1-lon14-p-swi-bes34,sw28p2,
99902,leaf-spine,sys1-lon14-p-swi-bel29,sw39p2,,sys1-lon14-p-swi-bes34,sw29p1,
99903,leaf-spine,sys1-lon14-p-swi-bel29,sw39p1,,sys1-lon14-p-swi-bes34,sw29p2,
99904,leaf-spine,sys1-lon14-p-swi-bel30,sw39p2,,sys1-lon14-p-swi-bes34,sw30p1,
99905,leaf-spine,sys1-lon14-p-swi-bel30,sw39p1,,sys1-lon14-p-swi-bes34,sw30p2,
99906,leaf-spine,sys1-lon14-p-swi-bel31,sw39p2,,sys1-lon14-p-swi-bes34,sw31p1,
99907,leaf-spine,sys1-lon14-p-swi-bel31,sw39p1,,sys1-lon14-p-swi-bes34,sw31p2,
99908,leaf-spine,sys1-lon14-p-swi-bel32,sw39p2,,sys1-lon14-p-swi-bes34,sw32p1,
99909,leaf-spine,sys1-lon14-p-swi-bel32,sw39p1,,sys1-lon14-p-swi-bes34,sw32p2,
99910,leaf-spine,sys1-lon14-p-swi-bel33,sw39p2,,sys1-lon14-p-swi-bes34,sw33p1,
99911,leaf-spine,sys1-lon14-p-swi-bel33,sw39p1,,sys1-lon14-p-swi-bes34,sw33p2,
99912,leaf-spine,sys1-lon14-p-swi-bel34,sw39p2,,sys1-lon14-p-swi-bes34,sw34p1,
99913,leaf-spine,sys1-lon14-p-swi-bel34,sw39p1,,sys1-lon14-p-swi-bes34,sw34p2,
99914,leaf-spine,sys1-lon14-p-swi-bel35,sw39p2,,sys1-lon14-p-swi-bes34,sw35p1,
99915,leaf-spine,sys1-lon14-p-swi-bel35,sw39p1,,sys1-lon14-p-swi-bes34,sw35p2,
99916,leaf-spine,sys1-lon14-p-swi-bel36,sw39p2,,sys1-lon14-p-swi-bes34,sw36p1,
99917,leaf-spine,sys1-lon14-p-swi-bel36,sw39p1,,sys1-lon14-p-swi-bes34,sw36p2,
99918,leaf-spine,sys1-lon14-p-swi-bel37,sw39p2,,sys1-lon14-p-swi-bes34,sw37p1,
99919,leaf-spine,sys1-lon14-p-swi-bel37,sw39p1,,sys1-lon14-p-swi-bes34,sw37p2,
99920,leaf-spine,sys1-lon14-p-swi-bel38,sw39p2,,sys1-lon14-p-swi-bes34,sw38p1,
99921,leaf-spine,sys1-lon14-p-swi-bel38,sw39p1,,sys1-lon14-p-swi-bes34,sw38p2,
99922,leaf-spine,sys1-lon14-p-swi-bel39,sw39p2,,sys1-lon14-p-swi-bes34,sw39p1,
99923,leaf-spine,sys1-lon14-p-swi-bel39,sw39p1,,sys1-lon14-p-swi-bes34,sw39p2,
99924,leaf-spine,sys1-lon14-p-swi-bel40,sw39p2,,sys1-lon14-p-swi-bes34,sw40p1,
99925,leaf-spine,sys1-lon14-p-swi-bel40,sw39p1,,sys1-lon14-p-swi-bes34,sw40p2,
99926,leaf-spine,sys1-lon14-p-swi-bel41,sw39p2,,sys1-lon14-p-swi-bes34,sw41p1,
99927,leaf-spine,sys1-lon14-p-swi-bel41,sw39p1,,sys1-lon14-p-swi-bes34,sw41p2,
99928,leaf-spine,sys1-lon14-p-swi-bel42,sw39p2,,sys1-lon14-p-swi-bes34,sw42p1,
99929,leaf-spine,sys1-lon14-p-swi-bel42,sw39p1,,sys1-lon14-p-swi-bes34,sw42p2,
99930,leaf-spine,sys1-lon14-p-swi-bel43,sw39p2,,sys1-lon14-p-swi-bes34,sw43p1,
99931,leaf-spine,sys1-lon14-p-swi-bel43,sw39p1,,sys1-lon14-p-swi-bes34,sw43p2,
99932,leaf-spine,sys1-lon14-p-swi-bel44,sw39p2,,sys1-lon14-p-swi-bes34,sw44p1,
99933,leaf-spine,sys1-lon14-p-swi-bel44,sw39p1,,sys1-lon14-p-swi-bes34,sw44p2,
99934,leaf-spine,sys1-lon14-p-swi-bel45,sw39p2,,sys1-lon14-p-swi-bes34,sw45p1,
99935,leaf-spine,sys1-lon14-p-swi-bel45,sw39p1,,sys1-lon14-p-swi-bes34,sw45p2,
99936,leaf-spine,sys1-lon14-p-swi-bel46,sw39p2,,sys1-lon14-p-swi-bes34,sw46p1,
99937,leaf-spine,sys1-lon14-p-swi-bel46,sw39p1,,sys1-lon14-p-swi-bes34,sw46p2,
99938,leaf-spine,sys1-lon14-p-swi-bel47,sw39p2,,sys1-lon14-p-swi-bes34,sw47p1,
99939,leaf-spine,sys1-lon14-p-swi-bel47,sw39p1,,sys1-lon14-p-swi-bes34,sw47p2,
99940,leaf-spine,sys1-lon14-p-swi-bel48,sw39p2,,sys1-lon14-p-swi-bes34,sw48p1,
99941,leaf-spine,sys1-lon14-p-swi-bel48,sw39p1,,sys1-lon14-p-swi-bes34,sw48p2,
99942,leaf-spine,sys1-lon14-p-swi-bel49,sw39p2,,sys1-lon14-p-swi-bes34,sw49p1,
99943,leaf-spine,sys1-lon14-p-swi-bel49,sw39p1,,sys1-lon14-p-swi-bes34,sw49p2,
99944,leaf-spine,sys1-lon14-p-swi-bel50,sw39p2,,sys1-lon14-p-swi-bes34,sw50p1,
99945,leaf-spine,sys1-lon14-p-swi-bel50,sw39p1,,sys1-lon14-p-swi-bes34,sw50p2,
99946,leaf-spine,sys1-lon14-p-swi-bel51,sw39p2,,sys1-lon14-p-swi-bes34,sw51p1,
99947,leaf-spine,sys1-lon14-p-swi-bel51,sw39p1,,sys1-lon14-p-swi-bes34,sw51p2,
99948,leaf-spine,sys1-lon14-p-swi-bel52,sw39p2,,sys1-lon14-p-swi-bes34,sw52p1,
99949,leaf-spine,sys1-lon14-p-swi-bel52,sw39p1,,sys1-lon14-p-swi-bes34,sw52p2,
99950,leaf-spine,sys1-lon14-p-swi-bel53,sw39p2,,sys1-lon14-p-swi-bes34,sw53p1,
99951,leaf-spine,sys1-lon14-p-swi-bel53,sw39p1,,sys1-lon14-p-swi-bes34,sw53p2,
99952,leaf-spine,sys1-lon14-p-swi-bel54,sw39p2,,sys1-lon14-p-swi-bes34,sw54p1,
99953,leaf-spine,sys1-lon14-p-swi-bel54,sw39p1,,sys1-lon14-p-swi-bes34,sw54p2,
99954,leaf-spine,sys1-lon14-p-swi-bel55,sw39p2,,sys1-lon14-p-swi-bes34,sw55p1,
99955,leaf-spine,sys1-lon14-p-swi-bel55,sw39p1,,sys1-lon14-p-swi-bes34,sw55p2,
99956,leaf-spine,sys1-lon14-p-swi-bel56,sw39p2,,sys1-lon14-p-swi-bes34,sw56p1,
99957,leaf-spine,sys1-lon14-p-swi-bel56,sw39p1,,sys1-lon14-p-swi-bes34,sw56p2,
99958,leaf-spine,sys1-lon14-p-swi-bel57,sw39p2,,sys1-lon14-p-swi-bes34,sw57p1,
99959,leaf-spine,sys1-lon14-p-swi-bel57,sw39p1,,sys1-lon14-p-swi-bes34,sw57p2,
99960,leaf-spine,sys1-lon14-p-swi-bel58,sw39p2,,sys1-lon14-p-swi-bes34,sw58p1,
99961,leaf-spine,sys1-lon14-p-swi-bel58,sw39p1,,sys1-lon14-p-swi-bes34,sw58p2,
99962,leaf-spine,sys1-lon14-p-swi-bel59,sw39p2,,sys1-lon14-p-swi-bes34,sw59p1,
99963,leaf-spine,sys1-lon14-p-swi-bel59,sw39p1,,sys1-lon14-p-swi-bes34,sw59p2,
99964,leaf-spine,sys1-lon14-p-swi-bel60,sw39p2,,sys1-lon14-p-swi-bes34,sw60p1,
99965,leaf-spine,sys1-lon14-p-swi-bel60,sw39p1,,sys1-lon14-p-swi-bes34,sw60p2,
99966,leaf-spine,sys1-lon14-p-swi-bel61,sw39p2,,sys1-lon14-p-swi-bes34,sw61p1,
99967,leaf-spine,sys1-lon14-p-swi-bel61,sw39p1,,sys1-lon14-p-swi-bes34,sw61p2,
99968,leaf-spine,sys1-lon14-p-swi-bel62,sw39p2,,sys1-lon14-p-swi-bes34,sw62p1,
99969,leaf-spine,sys1-lon14-p-swi-bel62,sw39p1,,sys1-lon14-p-swi-bes34,sw62p2,
99970,leaf-spine,sys1-lon14-p-swi-bel63,sw39p2,,sys1-lon14-p-swi-bes34,sw63p1,
99971,leaf-spine,sys1-lon14-p-swi-bel63,sw39p1,,sys1-lon14-p-swi-bes34,sw63p2,
99972,leaf-spine,sys1-lon14-p-swi-bel64,sw39p2,,sys1-lon14-p-swi-bes34,sw64p1,
99973,leaf-spine,sys1-lon14-p-swi-bel64,sw39p1,,sys1-lon14-p-swi-bes34,sw64p2,
99974,leaf-spine,sys1-lon14-p-swi-bel1,sw38p2,,sys1-lon14-p-swi-bes35,sw1p1,
99975,leaf-spine,sys1-lon14-p-swi-bel1,sw38p1,,sys1-lon14-p-swi-bes35,sw1p2,
99976,leaf-spine,sys1-lon14-p-swi-bel2,sw38p2,,sys1-lon14-p-swi-bes35,sw2p1,
99977,leaf-spine,sys1-lon14-p-swi-bel2,sw38p1,,sys1-lon14-p-swi-bes35,sw2p2,
99978,leaf-spine,sys1-lon14-p-swi-bel3,sw38p2,,sys1-lon14-p-swi-bes35,sw3p1,
99979,leaf-spine,sys1-lon14-p-swi-bel3,sw38p1,,sys1-lon14-p-swi-bes35,sw3p2,
99980,leaf-spine,sys1-lon14-p-swi-bel4,sw38p2,,sys1-lon14-p-swi-bes35,sw4p1,
99981,leaf-spine,sys1-lon14-p-swi-bel4,sw38p1,,sys1-lon14-p-swi-bes35,sw4p2,
99982,leaf-spine,sys1-lon14-p-swi-bel5,sw38p2,,sys1-lon14-p-swi-bes35,sw5p1,
99983,leaf-spine,sys1-lon14-p-swi-bel5,sw38p1,,sys1-lon14-p-swi-bes35,sw5p2,
99984,leaf-spine,sys1-lon14-p-swi-bel6,sw38p2,,sys1-lon14-p-swi-bes35,sw6p1,
99985,leaf-spine,sys1-lon14-p-swi-bel6,sw38p1,,sys1-lon14-p-swi-bes35,sw6p2,
99986,leaf-spine,sys1-lon14-p-swi-bel7,sw38p2,,sys1-lon14-p-swi-bes35,sw7p1,
99987,leaf-spine,sys1-lon14-p-swi-bel7,sw38p1,,sys1-lon14-p-swi-bes35,sw7p2,
99988,leaf-spine,sys1-lon14-p-swi-bel8,sw38p2,,sys1-lon14-p-swi-bes35,sw8p1,
99989,leaf-spine,sys1-lon14-p-swi-bel8,sw38p1,,sys1-lon14-p-swi-bes35,sw8p2,
99990,leaf-spine,sys1-lon14-p-swi-bel9,sw38p2,,sys1-lon14-p-swi-bes35,sw9p1,
99991,leaf-spine,sys1-lon14-p-swi-bel9,sw38p1,,sys1-lon14-p-swi-bes35,sw9p2,
99992,leaf-spine,sys1-lon14-p-swi-bel10,sw38p2,,sys1-lon14-p-swi-bes35,sw10p1,
99993,leaf-spine,sys1-lon14-p-swi-bel10,sw38p1,,sys1-lon14-p-swi-bes35,sw10p2,
99994,leaf-spine,sys1-lon14-p-swi-bel11,sw38p2,,sys1-lon14-p-swi-bes35,sw11p1,
99995,leaf-spine,sys1-lon14-p-swi-bel11,sw38p1,,sys1-lon14-p-swi-bes35,sw11p2,
99996,leaf-spine,sys1-lon14-p-swi-bel12,sw38p2,,sys1-lon14-p-swi-bes35,sw12p1,
99997,leaf-spine,sys1-lon14-p-swi-bel12,sw38p1,,sys1-lon14-p-swi-bes35,sw12p2,
99998,leaf-spine,sys1-lon14-p-swi-bel13,sw38p2,,sys1-lon14-p-swi-bes35,sw13p1,
99999,leaf-spine,sys1-lon14-p-swi-bel13,sw38p1,,sys1-lon14-p-swi-bes35,sw13p2,
100000,leaf-spine,sys1-lon14-p-swi-bel14,sw38p2,,sys1-lon14-p-swi-bes35,sw14p1,
100001,leaf-spine,sys1-lon14-p-swi-bel14,sw38p1,,sys1-lon14-p-swi-bes35,sw14p2,
100002,leaf-spine,sys1-lon14-p-swi-bel15,sw38p2,,sys1-lon14-p-swi-bes35,sw15p1,
100003,leaf-spine,sys1-lon14-p-swi-bel15,sw38p1,,sys1-lon14-p-swi-bes35,sw15p2,
100004,leaf-spine,sys1-lon14-p-swi-bel16,sw38p2,,sys1-lon14-p-swi-bes35,sw16p1,
100005,leaf-spine,sys1-lon14-p-swi-bel16,sw38p1,,sys1-lon14-p-swi-bes35,sw16p2,
100006,leaf-spine,sys1-lon14-p-swi-bel17,sw38p2,,sys1-lon14-p-swi-bes35,sw17p1,
100007,leaf-spine,sys1-lon14-p-swi-bel17,sw38p1,,sys1-lon14-p-swi-bes35,sw17p2,
100008,leaf-spine,sys1-lon14-p-swi-bel18,sw38p2,,sys1-lon14-p-swi-bes35,sw18p1,
100009,leaf-spine,sys1-lon14-p-swi-bel18,sw38p1,,sys1-lon14-p-swi-bes35,sw18p2,
100010,leaf-spine,sys1-lon14-p-swi-bel19,sw38p2,,sys1-lon14-p-swi-bes35,sw19p1,
100011,leaf-spine,sys1-lon14-p-swi-bel19,sw38p1,,sys1-lon14-p-swi-bes35,sw19p2,
100012,leaf-spine,sys1-lon14-p-swi-bel20,sw38p2,,sys1-lon14-p-swi-bes35,sw20p1,
100013,leaf-spine,sys1-lon14-p-swi-bel20,sw38p1,,sys1-lon14-p-swi-bes35,sw20p2,
100014,leaf-spine,sys1-lon14-p-swi-bel21,sw38p2,,sys1-lon14-p-swi-bes35,sw21p1,
100015,leaf-spine,sys1-lon14-p-swi-bel21,sw38p1,,sys1-lon14-p-swi-bes35,sw21p2,
100016,leaf-spine,sys1-lon14-p-swi-bel22,sw38p2,,sys1-lon14-p-swi-bes35,sw22p1,
100017,leaf-spine,sys1-lon14-p-swi-bel22,sw38p1,,sys1-lon14-p-swi-bes35,sw22p2,
100018,leaf-spine,sys1-lon14-p-swi-bel23,sw38p2,,sys1-lon14-p-swi-bes35,sw23p1,
100019,leaf-spine,sys1-lon14-p-swi-bel23,sw38p1,,sys1-lon14-p-swi-bes35,sw23p2,
100020,leaf-spine,sys1-lon14-p-swi-bel24,sw38p2,,sys1-lon14-p-swi-bes35,sw24p1,
100021,leaf-spine,sys1-lon14-p-swi-bel24,sw38p1,,sys1-lon14-p-swi-bes35,sw24p2,
100022,leaf-spine,sys1-lon14-p-swi-bel25,sw38p2,,sys1-lon14-p-swi-bes35,sw25p1,
100023,leaf-spine,sys1-lon14-p-swi-bel25,sw38p1,,sys1-lon14-p-swi-bes35,sw25p2,
100024,leaf-spine,sys1-lon14-p-swi-bel26,sw38p2,,sys1-lon14-p-swi-bes35,sw26p1,
100025,leaf-spine,sys1-lon14-p-swi-bel26,sw38p1,,sys1-lon14-p-swi-bes35,sw26p2,
100026,leaf-spine,sys1-lon14-p-swi-bel27,sw38p2,,sys1-lon14-p-swi-bes35,sw27p1,
100027,leaf-spine,sys1-lon14-p-swi-bel27,sw38p1,,sys1-lon14-p-swi-bes35,sw27p2,
100028,leaf-spine,sys1-lon14-p-swi-bel28,sw38p2,,sys1-lon14-p-swi-bes35,sw28p1,
100029,leaf-spine,sys1-lon14-p-swi-bel28,sw38p1,,sys1-lon14-p-swi-bes35,sw28p2,
100030,leaf-spine,sys1-lon14-p-swi-bel29,sw38p2,,sys1-lon14-p-swi-bes35,sw29p1,
100031,leaf-spine,sys1-lon14-p-swi-bel29,sw38p1,,sys1-lon14-p-swi-bes35,sw29p2,
100032,leaf-spine,sys1-lon14-p-swi-bel30,sw38p2,,sys1-lon14-p-swi-bes35,sw30p1,
100033,leaf-spine,sys1-lon14-p-swi-bel30,sw38p1,,sys1-lon14-p-swi-bes35,sw30p2,
100034,leaf-spine,sys1-lon14-p-swi-bel31,sw38p2,,sys1-lon14-p-swi-bes35,sw31p1,
100035,leaf-spine,sys1-lon14-p-swi-bel31,sw38p1,,sys1-lon14-p-swi-bes35,sw31p2,
100036,leaf-spine,sys1-lon14-p-swi-bel32,sw38p2,,sys1-lon14-p-swi-bes35,sw32p1,
100037,leaf-spine,sys1-lon14-p-swi-bel32,sw38p1,,sys1-lon14-p-swi-bes35,sw32p2,
100038,leaf-spine,sys1-lon14-p-swi-bel33,sw38p2,,sys1-lon14-p-swi-bes35,sw33p1,
100039,leaf-spine,sys1-lon14-p-swi-bel33,sw38p1,,sys1-lon14-p-swi-bes35,sw33p2,
100040,leaf-spine,sys1-lon14-p-swi-bel34,sw38p2,,sys1-lon14-p-swi-bes35,sw34p1,
100041,leaf-spine,sys1-lon14-p-swi-bel34,sw38p1,,sys1-lon14-p-swi-bes35,sw34p2,
100042,leaf-spine,sys1-lon14-p-swi-bel35,sw38p2,,sys1-lon14-p-swi-bes35,sw35p1,
100043,leaf-spine,sys1-lon14-p-swi-bel35,sw38p1,,sys1-lon14-p-swi-bes35,sw35p2,
100044,leaf-spine,sys1-lon14-p-swi-bel36,sw38p2,,sys1-lon14-p-swi-bes35,sw36p1,
100045,leaf-spine,sys1-lon14-p-swi-bel36,sw38p1,,sys1-lon14-p-swi-bes35,sw36p2,
100046,leaf-spine,sys1-lon14-p-swi-bel37,sw38p2,,sys1-lon14-p-swi-bes35,sw37p1,
100047,leaf-spine,sys1-lon14-p-swi-bel37,sw38p1,,sys1-lon14-p-swi-bes35,sw37p2,
100048,leaf-spine,sys1-lon14-p-swi-bel38,sw38p2,,sys1-lon14-p-swi-bes35,sw38p1,
100049,leaf-spine,sys1-lon14-p-swi-bel38,sw38p1,,sys1-lon14-p-swi-bes35,sw38p2,
100050,leaf-spine,sys1-lon14-p-swi-bel39,sw38p2,,sys1-lon14-p-swi-bes35,sw39p1,
100051,leaf-spine,sys1-lon14-p-swi-bel39,sw38p1,,sys1-lon14-p-swi-bes35,sw39p2,
100052,leaf-spine,sys1-lon14-p-swi-bel40,sw38p2,,sys1-lon14-p-swi-bes35,sw40p1,
100053,leaf-spine,sys1-lon14-p-swi-bel40,sw38p1,,sys1-lon14-p-swi-bes35,sw40p2,
100054,leaf-spine,sys1-lon14-p-swi-bel41,sw38p2,,sys1-lon14-p-swi-bes35,sw41p1,
100055,leaf-spine,sys1-lon14-p-swi-bel41,sw38p1,,sys1-lon14-p-swi-bes35,sw41p2,
100056,leaf-spine,sys1-lon14-p-swi-bel42,sw38p2,,sys1-lon14-p-swi-bes35,sw42p1,
100057,leaf-spine,sys1-lon14-p-swi-bel42,sw38p1,,sys1-lon14-p-swi-bes35,sw42p2,
100058,leaf-spine,sys1-lon14-p-swi-bel43,sw38p2,,sys1-lon14-p-swi-bes35,sw43p1,
100059,leaf-spine,sys1-lon14-p-swi-bel43,sw38p1,,sys1-lon14-p-swi-bes35,sw43p2,
100060,leaf-spine,sys1-lon14-p-swi-bel44,sw38p2,,sys1-lon14-p-swi-bes35,sw44p1,
100061,leaf-spine,sys1-lon14-p-swi-bel44,sw38p1,,sys1-lon14-p-swi-bes35,sw44p2,
100062,leaf-spine,sys1-lon14-p-swi-bel45,sw38p2,,sys1-lon14-p-swi-bes35,sw45p1,
100063,leaf-spine,sys1-lon14-p-swi-bel45,sw38p1,,sys1-lon14-p-swi-bes35,sw45p2,
100064,leaf-spine,sys1-lon14-p-swi-bel46,sw38p2,,sys1-lon14-p-swi-bes35,sw46p1,
100065,leaf-spine,sys1-lon14-p-swi-bel46,sw38p1,,sys1-lon14-p-swi-bes35,sw46p2,
100066,leaf-spine,sys1-lon14-p-swi-bel47,sw38p2,,sys1-lon14-p-swi-bes35,sw47p1,
100067,leaf-spine,sys1-lon14-p-swi-bel47,sw38p1,,sys1-lon14-p-swi-bes35,sw47p2,
100068,leaf-spine,sys1-lon14-p-swi-bel48,sw38p2,,sys1-lon14-p-swi-bes35,sw48p1,
100069,leaf-spine,sys1-lon14-p-swi-bel48,sw38p1,,sys1-lon14-p-swi-bes35,sw48p2,
100070,leaf-spine,sys1-lon14-p-swi-bel49,sw38p2,,sys1-lon14-p-swi-bes35,sw49p1,
100071,leaf-spine,sys1-lon14-p-swi-bel49,sw38p1,,sys1-lon14-p-swi-bes35,sw49p2,
100072,leaf-spine,sys1-lon14-p-swi-bel50,sw38p2,,sys1-lon14-p-swi-bes35,sw50p1,
100073,leaf-spine,sys1-lon14-p-swi-bel50,sw38p1,,sys1-lon14-p-swi-bes35,sw50p2,
100074,leaf-spine,sys1-lon14-p-swi-bel51,sw38p2,,sys1-lon14-p-swi-bes35,sw51p1,
100075,leaf-spine,sys1-lon14-p-swi-bel51,sw38p1,,sys1-lon14-p-swi-bes35,sw51p2,
100076,leaf-spine,sys1-lon14-p-swi-bel52,sw38p2,,sys1-lon14-p-swi-bes35,sw52p1,
100077,leaf-spine,sys1-lon14-p-swi-bel52,sw38p1,,sys1-lon14-p-swi-bes35,sw52p2,
100078,leaf-spine,sys1-lon14-p-swi-bel53,sw38p2,,sys1-lon14-p-swi-bes35,sw53p1,
100079,leaf-spine,sys1-lon14-p-swi-bel53,sw38p1,,sys1-lon14-p-swi-bes35,sw53p2,
100080,leaf-spine,sys1-lon14-p-swi-bel54,sw38p2,,sys1-lon14-p-swi-bes35,sw54p1,
100081,leaf-spine,sys1-lon14-p-swi-bel54,sw38p1,,sys1-lon14-p-swi-bes35,sw54p2,
100082,leaf-spine,sys1-lon14-p-swi-bel55,sw38p2,,sys1-lon14-p-swi-bes35,sw55p1,
100083,leaf-spine,sys1-lon14-p-swi-bel55,sw38p1,,sys1-lon14-p-swi-bes35,sw55p2,
100084,leaf-spine,sys1-lon14-p-swi-bel56,sw38p2,,sys1-lon14-p-swi-bes35,sw56p1,
100085,leaf-spine,sys1-lon14-p-swi-bel56,sw38p1,,sys1-lon14-p-swi-bes35,sw56p2,
100086,leaf-spine,sys1-lon14-p-swi-bel57,sw38p2,,sys1-lon14-p-swi-bes35,sw57p1,
100087,leaf-spine,sys1-lon14-p-swi-bel57,sw38p1,,sys1-lon14-p-swi-bes35,sw57p2,
100088,leaf-spine,sys1-lon14-p-swi-bel58,sw38p2,,sys1-lon14-p-swi-bes35,sw58p1,
100089,leaf-spine,sys1-lon14-p-swi-bel58,sw38p1,,sys1-lon14-p-swi-bes35,sw58p2,
100090,leaf-spine,sys1-lon14-p-swi-bel59,sw38p2,,sys1-lon14-p-swi-bes35,sw59p1,
100091,leaf-spine,sys1-lon14-p-swi-bel59,sw38p1,,sys1-lon14-p-swi-bes35,sw59p2,
100092,leaf-spine,sys1-lon14-p-swi-bel60,sw38p2,,sys1-lon14-p-swi-bes35,sw60p1,
100093,leaf-spine,sys1-lon14-p-swi-bel60,sw38p1,,sys1-lon14-p-swi-bes35,sw60p2,
100094,leaf-spine,sys1-lon14-p-swi-bel61,sw38p2,,sys1-lon14-p-swi-bes35,sw61p1,
100095,leaf-spine,sys1-lon14-p-swi-bel61,sw38p1,,sys1-lon14-p-swi-bes35,sw61p2,
100096,leaf-spine,sys1-lon14-p-swi-bel62,sw38p2,,sys1-lon14-p-swi-bes35,sw62p1,
100097,leaf-spine,sys1-lon14-p-swi-bel62,sw38p1,,sys1-lon14-p-swi-bes35,sw62p2,
100098,leaf-spine,sys1-lon14-p-swi-bel63,sw38p2,,sys1-lon14-p-swi-bes35,sw63p1,
100099,leaf-spine,sys1-lon14-p-swi-bel63,sw38p1,,sys1-lon14-p-swi-bes35,sw63p2,
100100,leaf-spine,sys1-lon14-p-swi-bel64,sw38p2,,sys1-lon14-p-swi-bes35,sw64p1,
100101,leaf-spine,sys1-lon14-p-swi-bel64,sw38p1,,sys1-lon14-p-swi-bes35,sw64p2,
100102,leaf-spine,sys1-lon14-p-swi-bel1,sw37p2,,sys1-lon14-p-swi-bes36,sw1p1,
100103,leaf-spine,sys1-lon14-p-swi-bel1,sw37p1,,sys1-lon14-p-swi-bes36,sw1p2,
100104,leaf-spine,sys1-lon14-p-swi-bel2,sw37p2,,sys1-lon14-p-swi-bes36,sw2p1,
100105,leaf-spine,sys1-lon14-p-swi-bel2,sw37p1,,sys1-lon14-p-swi-bes36,sw2p2,
100106,leaf-spine,sys1-lon14-p-swi-bel3,sw37p2,,sys1-lon14-p-swi-bes36,sw3p1,
100107,leaf-spine,sys1-lon14-p-swi-bel3,sw37p1,,sys1-lon14-p-swi-bes36,sw3p2,
100108,leaf-spine,sys1-lon14-p-swi-bel4,sw37p2,,sys1-lon14-p-swi-bes36,sw4p1,
100109,leaf-spine,sys1-lon14-p-swi-bel4,sw37p1,,sys1-lon14-p-swi-bes36,sw4p2,
100110,leaf-spine,sys1-lon14-p-swi-bel5,sw37p2,,sys1-lon14-p-swi-bes36,sw5p1,
100111,leaf-spine,sys1-lon14-p-swi-bel5,sw37p1,,sys1-lon14-p-swi-bes36,sw5p2,
100112,leaf-spine,sys1-lon14-p-swi-bel6,sw37p2,,sys1-lon14-p-swi-bes36,sw6p1,
100113,leaf-spine,sys1-lon14-p-swi-bel6,sw37p1,,sys1-lon14-p-swi-bes36,sw6p2,
100114,leaf-spine,sys1-lon14-p-swi-bel7,sw37p2,,sys1-lon14-p-swi-bes36,sw7p1,
100115,leaf-spine,sys1-lon14-p-swi-bel7,sw37p1,,sys1-lon14-p-swi-bes36,sw7p2,
100116,leaf-spine,sys1-lon14-p-swi-bel8,sw37p2,,sys1-lon14-p-swi-bes36,sw8p1,
100117,leaf-spine,sys1-lon14-p-swi-bel8,sw37p1,,sys1-lon14-p-swi-bes36,sw8p2,
100118,leaf-spine,sys1-lon14-p-swi-bel9,sw37p2,,sys1-lon14-p-swi-bes36,sw9p1,
100119,leaf-spine,sys1-lon14-p-swi-bel9,sw37p1,,sys1-lon14-p-swi-bes36,sw9p2,
100120,leaf-spine,sys1-lon14-p-swi-bel10,sw37p2,,sys1-lon14-p-swi-bes36,sw10p1,
100121,leaf-spine,sys1-lon14-p-swi-bel10,sw37p1,,sys1-lon14-p-swi-bes36,sw10p2,
100122,leaf-spine,sys1-lon14-p-swi-bel11,sw37p2,,sys1-lon14-p-swi-bes36,sw11p1,
100123,leaf-spine,sys1-lon14-p-swi-bel11,sw37p1,,sys1-lon14-p-swi-bes36,sw11p2,
100124,leaf-spine,sys1-lon14-p-swi-bel12,sw37p2,,sys1-lon14-p-swi-bes36,sw12p1,
100125,leaf-spine,sys1-lon14-p-swi-bel12,sw37p1,,sys1-lon14-p-swi-bes36,sw12p2,
100126,leaf-spine,sys1-lon14-p-swi-bel13,sw37p2,,sys1-lon14-p-swi-bes36,sw13p1,
100127,leaf-spine,sys1-lon14-p-swi-bel13,sw37p1,,sys1-lon14-p-swi-bes36,sw13p2,
100128,leaf-spine,sys1-lon14-p-swi-bel14,sw37p2,,sys1-lon14-p-swi-bes36,sw14p1,
100129,leaf-spine,sys1-lon14-p-swi-bel14,sw37p1,,sys1-lon14-p-swi-bes36,sw14p2,
100130,leaf-spine,sys1-lon14-p-swi-bel15,sw37p2,,sys1-lon14-p-swi-bes36,sw15p1,
100131,leaf-spine,sys1-lon14-p-swi-bel15,sw37p1,,sys1-lon14-p-swi-bes36,sw15p2,
100132,leaf-spine,sys1-lon14-p-swi-bel16,sw37p2,,sys1-lon14-p-swi-bes36,sw16p1,
100133,leaf-spine,sys1-lon14-p-swi-bel16,sw37p1,,sys1-lon14-p-swi-bes36,sw16p2,
100134,leaf-spine,sys1-lon14-p-swi-bel17,sw37p2,,sys1-lon14-p-swi-bes36,sw17p1,
100135,leaf-spine,sys1-lon14-p-swi-bel17,sw37p1,,sys1-lon14-p-swi-bes36,sw17p2,
100136,leaf-spine,sys1-lon14-p-swi-bel18,sw37p2,,sys1-lon14-p-swi-bes36,sw18p1,
100137,leaf-spine,sys1-lon14-p-swi-bel18,sw37p1,,sys1-lon14-p-swi-bes36,sw18p2,
100138,leaf-spine,sys1-lon14-p-swi-bel19,sw37p2,,sys1-lon14-p-swi-bes36,sw19p1,
100139,leaf-spine,sys1-lon14-p-swi-bel19,sw37p1,,sys1-lon14-p-swi-bes36,sw19p2,
100140,leaf-spine,sys1-lon14-p-swi-bel20,sw37p2,,sys1-lon14-p-swi-bes36,sw20p1,
100141,leaf-spine,sys1-lon14-p-swi-bel20,sw37p1,,sys1-lon14-p-swi-bes36,sw20p2,
100142,leaf-spine,sys1-lon14-p-swi-bel21,sw37p2,,sys1-lon14-p-swi-bes36,sw21p1,
100143,leaf-spine,sys1-lon14-p-swi-bel21,sw37p1,,sys1-lon14-p-swi-bes36,sw21p2,
100144,leaf-spine,sys1-lon14-p-swi-bel22,sw37p2,,sys1-lon14-p-swi-bes36,sw22p1,
100145,leaf-spine,sys1-lon14-p-swi-bel22,sw37p1,,sys1-lon14-p-swi-bes36,sw22p2,
100146,leaf-spine,sys1-lon14-p-swi-bel23,sw37p2,,sys1-lon14-p-swi-bes36,sw23p1,
100147,leaf-spine,sys1-lon14-p-swi-bel23,sw37p1,,sys1-lon14-p-swi-bes36,sw23p2,
100148,leaf-spine,sys1-lon14-p-swi-bel24,sw37p2,,sys1-lon14-p-swi-bes36,sw24p1,
100149,leaf-spine,sys1-lon14-p-swi-bel24,sw37p1,,sys1-lon14-p-swi-bes36,sw24p2,
100150,leaf-spine,sys1-lon14-p-swi-bel25,sw37p2,,sys1-lon14-p-swi-bes36,sw25p1,
100151,leaf-spine,sys1-lon14-p-swi-bel25,sw37p1,,sys1-lon14-p-swi-bes36,sw25p2,
100152,leaf-spine,sys1-lon14-p-swi-bel26,sw37p2,,sys1-lon14-p-swi-bes36,sw26p1,
100153,leaf-spine,sys1-lon14-p-swi-bel26,sw37p1,,sys1-lon14-p-swi-bes36,sw26p2,
100154,leaf-spine,sys1-lon14-p-swi-bel27,sw37p2,,sys1-lon14-p-swi-bes36,sw27p1,
100155,leaf-spine,sys1-lon14-p-swi-bel27,sw37p1,,sys1-lon14-p-swi-bes36,sw27p2,
100156,leaf-spine,sys1-lon14-p-swi-bel28,sw37p2,,sys1-lon14-p-swi-bes36,sw28p1,
100157,leaf-spine,sys1-lon14-p-swi-bel28,sw37p1,,sys1-lon14-p-swi-bes36,sw28p2,
100158,leaf-spine,sys1-lon14-p-swi-bel29,sw37p2,,sys1-lon14-p-swi-bes36,sw29p1,
100159,leaf-spine,sys1-lon14-p-swi-bel29,sw37p1,,sys1-lon14-p-swi-bes36,sw29p2,
100160,leaf-spine,sys1-lon14-p-swi-bel30,sw37p2,,sys1-lon14-p-swi-bes36,sw30p1,
100161,leaf-spine,sys1-lon14-p-swi-bel30,sw37p1,,sys1-lon14-p-swi-bes36,sw30p2,
100162,leaf-spine,sys1-lon14-p-swi-bel31,sw37p2,,sys1-lon14-p-swi-bes36,sw31p1,
100163,leaf-spine,sys1-lon14-p-swi-bel31,sw37p1,,sys1-lon14-p-swi-bes36,sw31p2,
100164,leaf-spine,sys1-lon14-p-swi-bel32,sw37p2,,sys1-lon14-p-swi-bes36,sw32p1,
100165,leaf-spine,sys1-lon14-p-swi-bel32,sw37p1,,sys1-lon14-p-swi-bes36,sw32p2,
100166,leaf-spine,sys1-lon14-p-swi-bel33,sw37p2,,sys1-lon14-p-swi-bes36,sw33p1,
100167,leaf-spine,sys1-lon14-p-swi-bel33,sw37p1,,sys1-lon14-p-swi-bes36,sw33p2,
100168,leaf-spine,sys1-lon14-p-swi-bel34,sw37p2,,sys1-lon14-p-swi-bes36,sw34p1,
100169,leaf-spine,sys1-lon14-p-swi-bel34,sw37p1,,sys1-lon14-p-swi-bes36,sw34p2,
100170,leaf-spine,sys1-lon14-p-swi-bel35,sw37p2,,sys1-lon14-p-swi-bes36,sw35p1,
100171,leaf-spine,sys1-lon14-p-swi-bel35,sw37p1,,sys1-lon14-p-swi-bes36,sw35p2,
100172,leaf-spine,sys1-lon14-p-swi-bel36,sw37p2,,sys1-lon14-p-swi-bes36,sw36p1,
100173,leaf-spine,sys1-lon14-p-swi-bel36,sw37p1,,sys1-lon14-p-swi-bes36,sw36p2,
100174,leaf-spine,sys1-lon14-p-swi-bel37,sw37p2,,sys1-lon14-p-swi-bes36,sw37p1,
100175,leaf-spine,sys1-lon14-p-swi-bel37,sw37p1,,sys1-lon14-p-swi-bes36,sw37p2,
100176,leaf-spine,sys1-lon14-p-swi-bel38,sw37p2,,sys1-lon14-p-swi-bes36,sw38p1,
100177,leaf-spine,sys1-lon14-p-swi-bel38,sw37p1,,sys1-lon14-p-swi-bes36,sw38p2,
100178,leaf-spine,sys1-lon14-p-swi-bel39,sw37p2,,sys1-lon14-p-swi-bes36,sw39p1,
100179,leaf-spine,sys1-lon14-p-swi-bel39,sw37p1,,sys1-lon14-p-swi-bes36,sw39p2,
100180,leaf-spine,sys1-lon14-p-swi-bel40,sw37p2,,sys1-lon14-p-swi-bes36,sw40p1,
100181,leaf-spine,sys1-lon14-p-swi-bel40,sw37p1,,sys1-lon14-p-swi-bes36,sw40p2,
100182,leaf-spine,sys1-lon14-p-swi-bel41,sw37p2,,sys1-lon14-p-swi-bes36,sw41p1,
100183,leaf-spine,sys1-lon14-p-swi-bel41,sw37p1,,sys1-lon14-p-swi-bes36,sw41p2,
100184,leaf-spine,sys1-lon14-p-swi-bel42,sw37p2,,sys1-lon14-p-swi-bes36,sw42p1,
100185,leaf-spine,sys1-lon14-p-swi-bel42,sw37p1,,sys1-lon14-p-swi-bes36,sw42p2,
100186,leaf-spine,sys1-lon14-p-swi-bel43,sw37p2,,sys1-lon14-p-swi-bes36,sw43p1,
100187,leaf-spine,sys1-lon14-p-swi-bel43,sw37p1,,sys1-lon14-p-swi-bes36,sw43p2,
100188,leaf-spine,sys1-lon14-p-swi-bel44,sw37p2,,sys1-lon14-p-swi-bes36,sw44p1,
100189,leaf-spine,sys1-lon14-p-swi-bel44,sw37p1,,sys1-lon14-p-swi-bes36,sw44p2,
100190,leaf-spine,sys1-lon14-p-swi-bel45,sw37p2,,sys1-lon14-p-swi-bes36,sw45p1,
100191,leaf-spine,sys1-lon14-p-swi-bel45,sw37p1,,sys1-lon14-p-swi-bes36,sw45p2,
100192,leaf-spine,sys1-lon14-p-swi-bel46,sw37p2,,sys1-lon14-p-swi-bes36,sw46p1,
100193,leaf-spine,sys1-lon14-p-swi-bel46,sw37p1,,sys1-lon14-p-swi-bes36,sw46p2,
100194,leaf-spine,sys1-lon14-p-swi-bel47,sw37p2,,sys1-lon14-p-swi-bes36,sw47p1,
100195,leaf-spine,sys1-lon14-p-swi-bel47,sw37p1,,sys1-lon14-p-swi-bes36,sw47p2,
100196,leaf-spine,sys1-lon14-p-swi-bel48,sw37p2,,sys1-lon14-p-swi-bes36,sw48p1,
100197,leaf-spine,sys1-lon14-p-swi-bel48,sw37p1,,sys1-lon14-p-swi-bes36,sw48p2,
100198,leaf-spine,sys1-lon14-p-swi-bel49,sw37p2,,sys1-lon14-p-swi-bes36,sw49p1,
100199,leaf-spine,sys1-lon14-p-swi-bel49,sw37p1,,sys1-lon14-p-swi-bes36,sw49p2,
100200,leaf-spine,sys1-lon14-p-swi-bel50,sw37p2,,sys1-lon14-p-swi-bes36,sw50p1,
100201,leaf-spine,sys1-lon14-p-swi-bel50,sw37p1,,sys1-lon14-p-swi-bes36,sw50p2,
100202,leaf-spine,sys1-lon14-p-swi-bel51,sw37p2,,sys1-lon14-p-swi-bes36,sw51p1,
100203,leaf-spine,sys1-lon14-p-swi-bel51,sw37p1,,sys1-lon14-p-swi-bes36,sw51p2,
100204,leaf-spine,sys1-lon14-p-swi-bel52,sw37p2,,sys1-lon14-p-swi-bes36,sw52p1,
100205,leaf-spine,sys1-lon14-p-swi-bel52,sw37p1,,sys1-lon14-p-swi-bes36,sw52p2,
100206,leaf-spine,sys1-lon14-p-swi-bel53,sw37p2,,sys1-lon14-p-swi-bes36,sw53p1,
100207,leaf-spine,sys1-lon14-p-swi-bel53,sw37p1,,sys1-lon14-p-swi-bes36,sw53p2,
100208,leaf-spine,sys1-lon14-p-swi-bel54,sw37p2,,sys1-lon14-p-swi-bes36,sw54p1,
100209,leaf-spine,sys1-lon14-p-swi-bel54,sw37p1,,sys1-lon14-p-swi-bes36,sw54p2,
100210,leaf-spine,sys1-lon14-p-swi-bel55,sw37p2,,sys1-lon14-p-swi-bes36,sw55p1,
100211,leaf-spine,sys1-lon14-p-swi-bel55,sw37p1,,sys1-lon14-p-swi-bes36,sw55p2,
100212,leaf-spine,sys1-lon14-p-swi-bel56,sw37p2,,sys1-lon14-p-swi-bes36,sw56p1,
100213,leaf-spine,sys1-lon14-p-swi-bel56,sw37p1,,sys1-lon14-p-swi-bes36,sw56p2,
100214,leaf-spine,sys1-lon14-p-swi-bel57,sw37p2,,sys1-lon14-p-swi-bes36,sw57p1,
100215,leaf-spine,sys1-lon14-p-swi-bel57,sw37p1,,sys1-lon14-p-swi-bes36,sw57p2,
100216,leaf-spine,sys1-lon14-p-swi-bel58,sw37p2,,sys1-lon14-p-swi-bes36,sw58p1,
100217,leaf-spine,sys1-lon14-p-swi-bel58,sw37p1,,sys1-lon14-p-swi-bes36,sw58p2,
100218,leaf-spine,sys1-lon14-p-swi-bel59,sw37p2,,sys1-lon14-p-swi-bes36,sw59p1,
100219,leaf-spine,sys1-lon14-p-swi-bel59,sw37p1,,sys1-lon14-p-swi-bes36,sw59p2,
100220,leaf-spine,sys1-lon14-p-swi-bel60,sw37p2,,sys1-lon14-p-swi-bes36,sw60p1,
100221,leaf-spine,sys1-lon14-p-swi-bel60,sw37p1,,sys1-lon14-p-swi-bes36,sw60p2,
100222,leaf-spine,sys1-lon14-p-swi-bel61,sw37p2,,sys1-lon14-p-swi-bes36,sw61p1,
100223,leaf-spine,sys1-lon14-p-swi-bel61,sw37p1,,sys1-lon14-p-swi-bes36,sw61p2,
100224,leaf-spine,sys1-lon14-p-swi-bel62,sw37p2,,sys1-lon14-p-swi-bes36,sw62p1,
100225,leaf-spine,sys1-lon14-p-swi-bel62,sw37p1,,sys1-lon14-p-swi-bes36,sw62p2,
100226,leaf-spine,sys1-lon14-p-swi-bel63,sw37p2,,sys1-lon14-p-swi-bes36,sw63p1,
100227,leaf-spine,sys1-lon14-p-swi-bel63,sw37p1,,sys1-lon14-p-swi-bes36,sw63p2,
100228,leaf-spine,sys1-lon14-p-swi-bel64,sw37p2,,sys1-lon14-p-swi-bes36,sw64p1,
100229,leaf-spine,sys1-lon14-p-swi-bel64,sw37p1,,sys1-lon14-p-swi-bes36,sw64p2,
100230,leaf-gpu-rdma,sys1-lon14-p-swi-bel1,sw1p1,,sys1-lon14-p-phy-gpu1,RDMA1,
100231,leaf-gpu-rdma,sys1-lon14-p-swi-bel1,sw1p2,,sys1-lon14-p-phy-gpu2,RDMA1,
100232,leaf-gpu-rdma,sys1-lon14-p-swi-bel1,sw2p1,,sys1-lon14-p-phy-gpu3,RDMA1,
100233,leaf-gpu-rdma,sys1-lon14-p-swi-bel1,sw2p2,,sys1-lon14-p-phy-gpu4,RDMA1,
100234,leaf-gpu-rdma,sys1-lon14-p-swi-bel1,sw3p1,,sys1-lon14-p-phy-gpu5,RDMA1,
100235,leaf-gpu-rdma,sys1-lon14-p-swi-bel1,sw3p2,,sys1-lon14-p-phy-gpu6,RDMA1,
100236,leaf-gpu-rdma,sys1-lon14-p-swi-bel1,sw4p1,,sys1-lon14-p-phy-gpu7,RDMA1,
100237,leaf-gpu-rdma,sys1-lon14-p-swi-bel1,sw4p2,,sys1-lon14-p-phy-gpu8,RDMA1,
100238,leaf-gpu-rdma,sys1-lon14-p-swi-bel1,sw5p1,,sys1-lon14-p-phy-gpu9,RDMA1,
100239,leaf-gpu-rdma,sys1-lon14-p-swi-bel1,sw5p2,,sys1-lon14-p-phy-gpu10,RDMA1,
100240,leaf-gpu-rdma,sys1-lon14-p-swi-bel1,sw6p1,,sys1-lon14-p-phy-gpu11,RDMA1,
100241,leaf-gpu-rdma,sys1-lon14-p-swi-bel1,sw6p2,,sys1-lon14-p-phy-gpu761,RDMA1,
100242,leaf-gpu-rdma,sys1-lon14-p-swi-bel1,sw7p1,,sys1-lon14-p-phy-gpu13,RDMA1,
100243,leaf-gpu-rdma,sys1-lon14-p-swi-bel1,sw7p2,,sys1-lon14-p-phy-gpu14,RDMA1,
100244,leaf-gpu-rdma,sys1-lon14-p-swi-bel1,sw8p1,,sys1-lon14-p-phy-gpu15,RDMA1,
100245,leaf-gpu-rdma,sys1-lon14-p-swi-bel1,sw8p2,,sys1-lon14-p-phy-gpu16,RDMA1,
100246,leaf-gpu-rdma,sys1-lon14-p-swi-bel1,sw9p1,,sys1-lon14-p-phy-gpu17,RDMA1,
100247,leaf-gpu-rdma,sys1-lon14-p-swi-bel1,sw9p2,,sys1-lon14-p-phy-gpu18,RDMA1,
100248,leaf-gpu-rdma,sys1-lon14-p-swi-bel1,sw10p1,,sys1-lon14-p-phy-gpu19,RDMA1,
100249,leaf-gpu-rdma,sys1-lon14-p-swi-bel1,sw10p2,,sys1-lon14-p-phy-gpu20,RDMA1,
100250,leaf-gpu-rdma,sys1-lon14-p-swi-bel1,sw11p1,,sys1-lon14-p-phy-gpu21,RDMA1,
100251,leaf-gpu-rdma,sys1-lon14-p-swi-bel1,sw11p2,,sys1-lon14-p-phy-gpu22,RDMA1,
100252,leaf-gpu-rdma,sys1-lon14-p-swi-bel1,sw12p1,,sys1-lon14-p-phy-gpu23,RDMA1,
100253,leaf-gpu-rdma,sys1-lon14-p-swi-bel1,sw12p2,,sys1-lon14-p-phy-gpu24,RDMA1,
100254,leaf-gpu-rdma,sys1-lon14-p-swi-bel1,sw13p1,,sys1-lon14-p-phy-gpu25,RDMA1,
100255,leaf-gpu-rdma,sys1-lon14-p-swi-bel1,sw13p2,,sys1-lon14-p-phy-gpu26,RDMA1,
100256,leaf-gpu-rdma,sys1-lon14-p-swi-bel1,sw14p1,,sys1-lon14-p-phy-gpu27,RDMA1,
100257,leaf-gpu-rdma,sys1-lon14-p-swi-bel1,sw14p2,,sys1-lon14-p-phy-gpu28,RDMA1,
100258,leaf-gpu-rdma,sys1-lon14-p-swi-bel1,sw15p1,,sys1-lon14-p-phy-gpu29,RDMA1,
100259,leaf-gpu-rdma,sys1-lon14-p-swi-bel1,sw15p2,,sys1-lon14-p-phy-gpu30,RDMA1,
100260,leaf-gpu-rdma,sys1-lon14-p-swi-bel1,sw16p1,,sys1-lon14-p-phy-gpu31,RDMA1,
100261,leaf-gpu-rdma,sys1-lon14-p-swi-bel1,sw16p2,,sys1-lon14-p-phy-gpu32,RDMA1,
100262,leaf-gpu-rdma,sys1-lon14-p-swi-bel1,sw17p1,,sys1-lon14-p-phy-gpu33,RDMA1,
100263,leaf-gpu-rdma,sys1-lon14-p-swi-bel1,sw17p2,,sys1-lon14-p-phy-gpu34,RDMA1,
100264,leaf-gpu-rdma,sys1-lon14-p-swi-bel1,sw18p1,,sys1-lon14-p-phy-gpu35,RDMA1,
100265,leaf-gpu-rdma,sys1-lon14-p-swi-bel1,sw18p2,,sys1-lon14-p-phy-gpu36,RDMA1,
100266,leaf-gpu-rdma,sys1-lon14-p-swi-bel1,sw19p1,,sys1-lon14-p-phy-gpu37,RDMA1,
100267,leaf-gpu-rdma,sys1-lon14-p-swi-bel1,sw19p2,,sys1-lon14-p-phy-gpu38,RDMA1,
100268,leaf-gpu-rdma,sys1-lon14-p-swi-bel1,sw20p1,,sys1-lon14-p-phy-gpu39,RDMA1,
100269,leaf-gpu-rdma,sys1-lon14-p-swi-bel1,sw20p2,,sys1-lon14-p-phy-gpu40,RDMA1,
100270,leaf-gpu-rdma,sys1-lon14-p-swi-bel1,sw21p1,,sys1-lon14-p-phy-gpu41,RDMA1,
100271,leaf-gpu-rdma,sys1-lon14-p-swi-bel1,sw21p2,,sys1-lon14-p-phy-gpu42,RDMA1,
100272,leaf-gpu-rdma,sys1-lon14-p-swi-bel1,sw22p1,,sys1-lon14-p-phy-gpu43,RDMA1,
100273,leaf-gpu-rdma,sys1-lon14-p-swi-bel1,sw22p2,,sys1-lon14-p-phy-gpu44,RDMA1,
100274,leaf-gpu-rdma,sys1-lon14-p-swi-bel1,sw23p1,,sys1-lon14-p-phy-gpu45,RDMA1,
100275,leaf-gpu-rdma,sys1-lon14-p-swi-bel1,sw23p2,,sys1-lon14-p-phy-gpu46,RDMA1,
100276,leaf-gpu-rdma,sys1-lon14-p-swi-bel1,sw24p1,,sys1-lon14-p-phy-gpu47,RDMA1,
100277,leaf-gpu-rdma,sys1-lon14-p-swi-bel1,sw24p2,,sys1-lon14-p-phy-gpu48,RDMA1,
100278,leaf-gpu-rdma,sys1-lon14-p-swi-bel1,sw25p1,,sys1-lon14-p-phy-gpu49,RDMA1,
100279,leaf-gpu-rdma,sys1-lon14-p-swi-bel1,sw25p2,,sys1-lon14-p-phy-gpu50,RDMA1,
100280,leaf-gpu-rdma,sys1-lon14-p-swi-bel1,sw26p1,,sys1-lon14-p-phy-gpu51,RDMA1,
100281,leaf-gpu-rdma,sys1-lon14-p-swi-bel1,sw26p2,,sys1-lon14-p-phy-gpu52,RDMA1,
100282,leaf-gpu-rdma,sys1-lon14-p-swi-bel1,sw27p1,,sys1-lon14-p-phy-gpu53,RDMA1,
100283,leaf-gpu-rdma,sys1-lon14-p-swi-bel1,sw27p2,,sys1-lon14-p-phy-gpu54,RDMA1,
100284,leaf-gpu-rdma,sys1-lon14-p-swi-bel1,sw28p1,,sys1-lon14-p-phy-gpu55,RDMA1,
100285,leaf-gpu-rdma,sys1-lon14-p-swi-bel1,sw28p2,,sys1-lon14-p-phy-gpu56,RDMA1,
100286,leaf-gpu-rdma,sys1-lon14-p-swi-bel1,sw29p1,,sys1-lon14-p-phy-gpu57,RDMA1,
100287,leaf-gpu-rdma,sys1-lon14-p-swi-bel1,sw29p2,,sys1-lon14-p-phy-gpu58,RDMA1,
100288,leaf-gpu-rdma,sys1-lon14-p-swi-bel1,sw30p1,,sys1-lon14-p-phy-gpu59,RDMA1,
100289,leaf-gpu-rdma,sys1-lon14-p-swi-bel1,sw30p2,,sys1-lon14-p-phy-gpu60,RDMA1,
100290,leaf-gpu-rdma,sys1-lon14-p-swi-bel1,sw31p1,,sys1-lon14-p-phy-gpu61,RDMA1,
100291,leaf-gpu-rdma,sys1-lon14-p-swi-bel1,sw31p2,,sys1-lon14-p-phy-gpu62,RDMA1,
100292,leaf-gpu-rdma,sys1-lon14-p-swi-bel1,sw32p1,,sys1-lon14-p-phy-gpu63,RDMA1,
100293,leaf-gpu-rdma,sys1-lon14-p-swi-bel1,sw32p2,,sys1-lon14-p-phy-gpu64,RDMA1,
100294,leaf-gpu-rdma,sys1-lon14-p-swi-bel1,sw33p1,,sys1-lon14-p-phy-gpu65,RDMA1,
100295,leaf-gpu-rdma,sys1-lon14-p-swi-bel1,sw33p2,,sys1-lon14-p-phy-gpu66,RDMA1,
100296,leaf-gpu-rdma,sys1-lon14-p-swi-bel1,sw34p1,,sys1-lon14-p-phy-gpu67,RDMA1,
100297,leaf-gpu-rdma,sys1-lon14-p-swi-bel1,sw34p2,,sys1-lon14-p-phy-gpu68,RDMA1,
100298,leaf-gpu-rdma,sys1-lon14-p-swi-bel1,sw35p1,,sys1-lon14-p-phy-gpu69,RDMA1,
100299,leaf-gpu-rdma,sys1-lon14-p-swi-bel1,sw35p2,,sys1-lon14-p-phy-gpu70,RDMA1,
100300,leaf-gpu-rdma,sys1-lon14-p-swi-bel1,sw36p1,,sys1-lon14-p-phy-gpu71,RDMA1,
100301,leaf-gpu-rdma,sys1-lon14-p-swi-bel1,sw36p2,,sys1-lon14-p-phy-gpu72,RDMA1,
100302,leaf-gpu-rdma,sys1-lon14-p-swi-bel2,sw1p1,,sys1-lon14-p-phy-gpu1,RDMA2,
100303,leaf-gpu-rdma,sys1-lon14-p-swi-bel2,sw1p2,,sys1-lon14-p-phy-gpu2,RDMA2,
100304,leaf-gpu-rdma,sys1-lon14-p-swi-bel2,sw2p1,,sys1-lon14-p-phy-gpu3,RDMA2,
100305,leaf-gpu-rdma,sys1-lon14-p-swi-bel2,sw2p2,,sys1-lon14-p-phy-gpu4,RDMA2,
100306,leaf-gpu-rdma,sys1-lon14-p-swi-bel2,sw3p1,,sys1-lon14-p-phy-gpu5,RDMA2,
100307,leaf-gpu-rdma,sys1-lon14-p-swi-bel2,sw3p2,,sys1-lon14-p-phy-gpu6,RDMA2,
100308,leaf-gpu-rdma,sys1-lon14-p-swi-bel2,sw4p1,,sys1-lon14-p-phy-gpu7,RDMA2,
100309,leaf-gpu-rdma,sys1-lon14-p-swi-bel2,sw4p2,,sys1-lon14-p-phy-gpu8,RDMA2,
100310,leaf-gpu-rdma,sys1-lon14-p-swi-bel2,sw5p1,,sys1-lon14-p-phy-gpu9,RDMA2,
100311,leaf-gpu-rdma,sys1-lon14-p-swi-bel2,sw5p2,,sys1-lon14-p-phy-gpu10,RDMA2,
100312,leaf-gpu-rdma,sys1-lon14-p-swi-bel2,sw6p1,,sys1-lon14-p-phy-gpu11,RDMA2,
100313,leaf-gpu-rdma,sys1-lon14-p-swi-bel2,sw6p2,,sys1-lon14-p-phy-gpu761,RDMA2,
100314,leaf-gpu-rdma,sys1-lon14-p-swi-bel2,sw7p1,,sys1-lon14-p-phy-gpu13,RDMA2,
100315,leaf-gpu-rdma,sys1-lon14-p-swi-bel2,sw7p2,,sys1-lon14-p-phy-gpu14,RDMA2,
100316,leaf-gpu-rdma,sys1-lon14-p-swi-bel2,sw8p1,,sys1-lon14-p-phy-gpu15,RDMA2,
100317,leaf-gpu-rdma,sys1-lon14-p-swi-bel2,sw8p2,,sys1-lon14-p-phy-gpu16,RDMA2,
100318,leaf-gpu-rdma,sys1-lon14-p-swi-bel2,sw9p1,,sys1-lon14-p-phy-gpu17,RDMA2,
100319,leaf-gpu-rdma,sys1-lon14-p-swi-bel2,sw9p2,,sys1-lon14-p-phy-gpu18,RDMA2,
100320,leaf-gpu-rdma,sys1-lon14-p-swi-bel2,sw10p1,,sys1-lon14-p-phy-gpu19,RDMA2,
100321,leaf-gpu-rdma,sys1-lon14-p-swi-bel2,sw10p2,,sys1-lon14-p-phy-gpu20,RDMA2,
100322,leaf-gpu-rdma,sys1-lon14-p-swi-bel2,sw11p1,,sys1-lon14-p-phy-gpu21,RDMA2,
100323,leaf-gpu-rdma,sys1-lon14-p-swi-bel2,sw11p2,,sys1-lon14-p-phy-gpu22,RDMA2,
100324,leaf-gpu-rdma,sys1-lon14-p-swi-bel2,sw12p1,,sys1-lon14-p-phy-gpu23,RDMA2,
100325,leaf-gpu-rdma,sys1-lon14-p-swi-bel2,sw12p2,,sys1-lon14-p-phy-gpu24,RDMA2,
100326,leaf-gpu-rdma,sys1-lon14-p-swi-bel2,sw13p1,,sys1-lon14-p-phy-gpu25,RDMA2,
100327,leaf-gpu-rdma,sys1-lon14-p-swi-bel2,sw13p2,,sys1-lon14-p-phy-gpu26,RDMA2,
100328,leaf-gpu-rdma,sys1-lon14-p-swi-bel2,sw14p1,,sys1-lon14-p-phy-gpu27,RDMA2,
100329,leaf-gpu-rdma,sys1-lon14-p-swi-bel2,sw14p2,,sys1-lon14-p-phy-gpu28,RDMA2,
100330,leaf-gpu-rdma,sys1-lon14-p-swi-bel2,sw15p1,,sys1-lon14-p-phy-gpu29,RDMA2,
100331,leaf-gpu-rdma,sys1-lon14-p-swi-bel2,sw15p2,,sys1-lon14-p-phy-gpu30,RDMA2,
100332,leaf-gpu-rdma,sys1-lon14-p-swi-bel2,sw16p1,,sys1-lon14-p-phy-gpu31,RDMA2,
100333,leaf-gpu-rdma,sys1-lon14-p-swi-bel2,sw16p2,,sys1-lon14-p-phy-gpu32,RDMA2,
100334,leaf-gpu-rdma,sys1-lon14-p-swi-bel2,sw17p1,,sys1-lon14-p-phy-gpu33,RDMA2,
100335,leaf-gpu-rdma,sys1-lon14-p-swi-bel2,sw17p2,,sys1-lon14-p-phy-gpu34,RDMA2,
100336,leaf-gpu-rdma,sys1-lon14-p-swi-bel2,sw18p1,,sys1-lon14-p-phy-gpu35,RDMA2,
100337,leaf-gpu-rdma,sys1-lon14-p-swi-bel2,sw18p2,,sys1-lon14-p-phy-gpu36,RDMA2,
100338,leaf-gpu-rdma,sys1-lon14-p-swi-bel2,sw19p1,,sys1-lon14-p-phy-gpu37,RDMA2,
100339,leaf-gpu-rdma,sys1-lon14-p-swi-bel2,sw19p2,,sys1-lon14-p-phy-gpu38,RDMA2,
100340,leaf-gpu-rdma,sys1-lon14-p-swi-bel2,sw20p1,,sys1-lon14-p-phy-gpu39,RDMA2,
100341,leaf-gpu-rdma,sys1-lon14-p-swi-bel2,sw20p2,,sys1-lon14-p-phy-gpu40,RDMA2,
100342,leaf-gpu-rdma,sys1-lon14-p-swi-bel2,sw21p1,,sys1-lon14-p-phy-gpu41,RDMA2,
100343,leaf-gpu-rdma,sys1-lon14-p-swi-bel2,sw21p2,,sys1-lon14-p-phy-gpu42,RDMA2,
100344,leaf-gpu-rdma,sys1-lon14-p-swi-bel2,sw22p1,,sys1-lon14-p-phy-gpu43,RDMA2,
100345,leaf-gpu-rdma,sys1-lon14-p-swi-bel2,sw22p2,,sys1-lon14-p-phy-gpu44,RDMA2,
100346,leaf-gpu-rdma,sys1-lon14-p-swi-bel2,sw23p1,,sys1-lon14-p-phy-gpu45,RDMA2,
100347,leaf-gpu-rdma,sys1-lon14-p-swi-bel2,sw23p2,,sys1-lon14-p-phy-gpu46,RDMA2,
100348,leaf-gpu-rdma,sys1-lon14-p-swi-bel2,sw24p1,,sys1-lon14-p-phy-gpu47,RDMA2,
100349,leaf-gpu-rdma,sys1-lon14-p-swi-bel2,sw24p2,,sys1-lon14-p-phy-gpu48,RDMA2,
100350,leaf-gpu-rdma,sys1-lon14-p-swi-bel2,sw25p1,,sys1-lon14-p-phy-gpu49,RDMA2,
100351,leaf-gpu-rdma,sys1-lon14-p-swi-bel2,sw25p2,,sys1-lon14-p-phy-gpu50,RDMA2,
100352,leaf-gpu-rdma,sys1-lon14-p-swi-bel2,sw26p1,,sys1-lon14-p-phy-gpu51,RDMA2,
100353,leaf-gpu-rdma,sys1-lon14-p-swi-bel2,sw26p2,,sys1-lon14-p-phy-gpu52,RDMA2,
100354,leaf-gpu-rdma,sys1-lon14-p-swi-bel2,sw27p1,,sys1-lon14-p-phy-gpu53,RDMA2,
100355,leaf-gpu-rdma,sys1-lon14-p-swi-bel2,sw27p2,,sys1-lon14-p-phy-gpu54,RDMA2,
100356,leaf-gpu-rdma,sys1-lon14-p-swi-bel2,sw28p1,,sys1-lon14-p-phy-gpu55,RDMA2,
100357,leaf-gpu-rdma,sys1-lon14-p-swi-bel2,sw28p2,,sys1-lon14-p-phy-gpu56,RDMA2,
100358,leaf-gpu-rdma,sys1-lon14-p-swi-bel2,sw29p1,,sys1-lon14-p-phy-gpu57,RDMA2,
100359,leaf-gpu-rdma,sys1-lon14-p-swi-bel2,sw29p2,,sys1-lon14-p-phy-gpu58,RDMA2,
100360,leaf-gpu-rdma,sys1-lon14-p-swi-bel2,sw30p1,,sys1-lon14-p-phy-gpu59,RDMA2,
100361,leaf-gpu-rdma,sys1-lon14-p-swi-bel2,sw30p2,,sys1-lon14-p-phy-gpu60,RDMA2,
100362,leaf-gpu-rdma,sys1-lon14-p-swi-bel2,sw31p1,,sys1-lon14-p-phy-gpu61,RDMA2,
100363,leaf-gpu-rdma,sys1-lon14-p-swi-bel2,sw31p2,,sys1-lon14-p-phy-gpu62,RDMA2,
100364,leaf-gpu-rdma,sys1-lon14-p-swi-bel2,sw32p1,,sys1-lon14-p-phy-gpu63,RDMA2,
100365,leaf-gpu-rdma,sys1-lon14-p-swi-bel2,sw32p2,,sys1-lon14-p-phy-gpu64,RDMA2,
100366,leaf-gpu-rdma,sys1-lon14-p-swi-bel2,sw33p1,,sys1-lon14-p-phy-gpu65,RDMA2,
100367,leaf-gpu-rdma,sys1-lon14-p-swi-bel2,sw33p2,,sys1-lon14-p-phy-gpu66,RDMA2,
100368,leaf-gpu-rdma,sys1-lon14-p-swi-bel2,sw34p1,,sys1-lon14-p-phy-gpu67,RDMA2,
100369,leaf-gpu-rdma,sys1-lon14-p-swi-bel2,sw34p2,,sys1-lon14-p-phy-gpu68,RDMA2,
100370,leaf-gpu-rdma,sys1-lon14-p-swi-bel2,sw35p1,,sys1-lon14-p-phy-gpu69,RDMA2,
100371,leaf-gpu-rdma,sys1-lon14-p-swi-bel2,sw35p2,,sys1-lon14-p-phy-gpu70,RDMA2,
100372,leaf-gpu-rdma,sys1-lon14-p-swi-bel2,sw36p1,,sys1-lon14-p-phy-gpu71,RDMA2,
100373,leaf-gpu-rdma,sys1-lon14-p-swi-bel2,sw36p2,,sys1-lon14-p-phy-gpu72,RDMA2,
100374,leaf-gpu-rdma,sys1-lon14-p-swi-bel3,sw1p1,,sys1-lon14-p-phy-gpu1,RDMA3,
100375,leaf-gpu-rdma,sys1-lon14-p-swi-bel3,sw1p2,,sys1-lon14-p-phy-gpu2,RDMA3,
100376,leaf-gpu-rdma,sys1-lon14-p-swi-bel3,sw2p1,,sys1-lon14-p-phy-gpu3,RDMA3,
100377,leaf-gpu-rdma,sys1-lon14-p-swi-bel3,sw2p2,,sys1-lon14-p-phy-gpu4,RDMA3,
100378,leaf-gpu-rdma,sys1-lon14-p-swi-bel3,sw3p1,,sys1-lon14-p-phy-gpu5,RDMA3,
100379,leaf-gpu-rdma,sys1-lon14-p-swi-bel3,sw3p2,,sys1-lon14-p-phy-gpu6,RDMA3,
100380,leaf-gpu-rdma,sys1-lon14-p-swi-bel3,sw4p1,,sys1-lon14-p-phy-gpu7,RDMA3,
100381,leaf-gpu-rdma,sys1-lon14-p-swi-bel3,sw4p2,,sys1-lon14-p-phy-gpu8,RDMA3,
100382,leaf-gpu-rdma,sys1-lon14-p-swi-bel3,sw5p1,,sys1-lon14-p-phy-gpu9,RDMA3,
100383,leaf-gpu-rdma,sys1-lon14-p-swi-bel3,sw5p2,,sys1-lon14-p-phy-gpu10,RDMA3,
100384,leaf-gpu-rdma,sys1-lon14-p-swi-bel3,sw6p1,,sys1-lon14-p-phy-gpu11,RDMA3,
100385,leaf-gpu-rdma,sys1-lon14-p-swi-bel3,sw6p2,,sys1-lon14-p-phy-gpu761,RDMA3,
100386,leaf-gpu-rdma,sys1-lon14-p-swi-bel3,sw7p1,,sys1-lon14-p-phy-gpu13,RDMA3,
100387,leaf-gpu-rdma,sys1-lon14-p-swi-bel3,sw7p2,,sys1-lon14-p-phy-gpu14,RDMA3,
100388,leaf-gpu-rdma,sys1-lon14-p-swi-bel3,sw8p1,,sys1-lon14-p-phy-gpu15,RDMA3,
100389,leaf-gpu-rdma,sys1-lon14-p-swi-bel3,sw8p2,,sys1-lon14-p-phy-gpu16,RDMA3,
100390,leaf-gpu-rdma,sys1-lon14-p-swi-bel3,sw9p1,,sys1-lon14-p-phy-gpu17,RDMA3,
100391,leaf-gpu-rdma,sys1-lon14-p-swi-bel3,sw9p2,,sys1-lon14-p-phy-gpu18,RDMA3,
100392,leaf-gpu-rdma,sys1-lon14-p-swi-bel3,sw10p1,,sys1-lon14-p-phy-gpu19,RDMA3,
100393,leaf-gpu-rdma,sys1-lon14-p-swi-bel3,sw10p2,,sys1-lon14-p-phy-gpu20,RDMA3,
100394,leaf-gpu-rdma,sys1-lon14-p-swi-bel3,sw11p1,,sys1-lon14-p-phy-gpu21,RDMA3,
100395,leaf-gpu-rdma,sys1-lon14-p-swi-bel3,sw11p2,,sys1-lon14-p-phy-gpu22,RDMA3,
100396,leaf-gpu-rdma,sys1-lon14-p-swi-bel3,sw12p1,,sys1-lon14-p-phy-gpu23,RDMA3,
100397,leaf-gpu-rdma,sys1-lon14-p-swi-bel3,sw12p2,,sys1-lon14-p-phy-gpu24,RDMA3,
100398,leaf-gpu-rdma,sys1-lon14-p-swi-bel3,sw13p1,,sys1-lon14-p-phy-gpu25,RDMA3,
100399,leaf-gpu-rdma,sys1-lon14-p-swi-bel3,sw13p2,,sys1-lon14-p-phy-gpu26,RDMA3,
100400,leaf-gpu-rdma,sys1-lon14-p-swi-bel3,sw14p1,,sys1-lon14-p-phy-gpu27,RDMA3,
100401,leaf-gpu-rdma,sys1-lon14-p-swi-bel3,sw14p2,,sys1-lon14-p-phy-gpu28,RDMA3,
100402,leaf-gpu-rdma,sys1-lon14-p-swi-bel3,sw15p1,,sys1-lon14-p-phy-gpu29,RDMA3,
100403,leaf-gpu-rdma,sys1-lon14-p-swi-bel3,sw15p2,,sys1-lon14-p-phy-gpu30,RDMA3,
100404,leaf-gpu-rdma,sys1-lon14-p-swi-bel3,sw16p1,,sys1-lon14-p-phy-gpu31,RDMA3,
100405,leaf-gpu-rdma,sys1-lon14-p-swi-bel3,sw16p2,,sys1-lon14-p-phy-gpu32,RDMA3,
100406,leaf-gpu-rdma,sys1-lon14-p-swi-bel3,sw17p1,,sys1-lon14-p-phy-gpu33,RDMA3,
100407,leaf-gpu-rdma,sys1-lon14-p-swi-bel3,sw17p2,,sys1-lon14-p-phy-gpu34,RDMA3,
100408,leaf-gpu-rdma,sys1-lon14-p-swi-bel3,sw18p1,,sys1-lon14-p-phy-gpu35,RDMA3,
100409,leaf-gpu-rdma,sys1-lon14-p-swi-bel3,sw18p2,,sys1-lon14-p-phy-gpu36,RDMA3,
100410,leaf-gpu-rdma,sys1-lon14-p-swi-bel3,sw19p1,,sys1-lon14-p-phy-gpu37,RDMA3,
100411,leaf-gpu-rdma,sys1-lon14-p-swi-bel3,sw19p2,,sys1-lon14-p-phy-gpu38,RDMA3,
100412,leaf-gpu-rdma,sys1-lon14-p-swi-bel3,sw20p1,,sys1-lon14-p-phy-gpu39,RDMA3,
100413,leaf-gpu-rdma,sys1-lon14-p-swi-bel3,sw20p2,,sys1-lon14-p-phy-gpu40,RDMA3,
100414,leaf-gpu-rdma,sys1-lon14-p-swi-bel3,sw21p1,,sys1-lon14-p-phy-gpu41,RDMA3,
100415,leaf-gpu-rdma,sys1-lon14-p-swi-bel3,sw21p2,,sys1-lon14-p-phy-gpu42,RDMA3,
100416,leaf-gpu-rdma,sys1-lon14-p-swi-bel3,sw22p1,,sys1-lon14-p-phy-gpu43,RDMA3,
100417,leaf-gpu-rdma,sys1-lon14-p-swi-bel3,sw22p2,,sys1-lon14-p-phy-gpu44,RDMA3,
100418,leaf-gpu-rdma,sys1-lon14-p-swi-bel3,sw23p1,,sys1-lon14-p-phy-gpu45,RDMA3,
100419,leaf-gpu-rdma,sys1-lon14-p-swi-bel3,sw23p2,,sys1-lon14-p-phy-gpu46,RDMA3,
100420,leaf-gpu-rdma,sys1-lon14-p-swi-bel3,sw24p1,,sys1-lon14-p-phy-gpu47,RDMA3,
100421,leaf-gpu-rdma,sys1-lon14-p-swi-bel3,sw24p2,,sys1-lon14-p-phy-gpu48,RDMA3,
100422,leaf-gpu-rdma,sys1-lon14-p-swi-bel3,sw25p1,,sys1-lon14-p-phy-gpu49,RDMA3,
100423,leaf-gpu-rdma,sys1-lon14-p-swi-bel3,sw25p2,,sys1-lon14-p-phy-gpu50,RDMA3,
100424,leaf-gpu-rdma,sys1-lon14-p-swi-bel3,sw26p1,,sys1-lon14-p-phy-gpu51,RDMA3,
100425,leaf-gpu-rdma,sys1-lon14-p-swi-bel3,sw26p2,,sys1-lon14-p-phy-gpu52,RDMA3,
100426,leaf-gpu-rdma,sys1-lon14-p-swi-bel3,sw27p1,,sys1-lon14-p-phy-gpu53,RDMA3,
100427,leaf-gpu-rdma,sys1-lon14-p-swi-bel3,sw27p2,,sys1-lon14-p-phy-gpu54,RDMA3,
100428,leaf-gpu-rdma,sys1-lon14-p-swi-bel3,sw28p1,,sys1-lon14-p-phy-gpu55,RDMA3,
100429,leaf-gpu-rdma,sys1-lon14-p-swi-bel3,sw28p2,,sys1-lon14-p-phy-gpu56,RDMA3,
100430,leaf-gpu-rdma,sys1-lon14-p-swi-bel3,sw29p1,,sys1-lon14-p-phy-gpu57,RDMA3,
100431,leaf-gpu-rdma,sys1-lon14-p-swi-bel3,sw29p2,,sys1-lon14-p-phy-gpu58,RDMA3,
100432,leaf-gpu-rdma,sys1-lon14-p-swi-bel3,sw30p1,,sys1-lon14-p-phy-gpu59,RDMA3,
100433,leaf-gpu-rdma,sys1-lon14-p-swi-bel3,sw30p2,,sys1-lon14-p-phy-gpu60,RDMA3,
100434,leaf-gpu-rdma,sys1-lon14-p-swi-bel3,sw31p1,,sys1-lon14-p-phy-gpu61,RDMA3,
100435,leaf-gpu-rdma,sys1-lon14-p-swi-bel3,sw31p2,,sys1-lon14-p-phy-gpu62,RDMA3,
100436,leaf-gpu-rdma,sys1-lon14-p-swi-bel3,sw32p1,,sys1-lon14-p-phy-gpu63,RDMA3,
100437,leaf-gpu-rdma,sys1-lon14-p-swi-bel3,sw32p2,,sys1-lon14-p-phy-gpu64,RDMA3,
100438,leaf-gpu-rdma,sys1-lon14-p-swi-bel3,sw33p1,,sys1-lon14-p-phy-gpu65,RDMA3,
100439,leaf-gpu-rdma,sys1-lon14-p-swi-bel3,sw33p2,,sys1-lon14-p-phy-gpu66,RDMA3,
100440,leaf-gpu-rdma,sys1-lon14-p-swi-bel3,sw34p1,,sys1-lon14-p-phy-gpu67,RDMA3,
100441,leaf-gpu-rdma,sys1-lon14-p-swi-bel3,sw34p2,,sys1-lon14-p-phy-gpu68,RDMA3,
100442,leaf-gpu-rdma,sys1-lon14-p-swi-bel3,sw35p1,,sys1-lon14-p-phy-gpu69,RDMA3,
100443,leaf-gpu-rdma,sys1-lon14-p-swi-bel3,sw35p2,,sys1-lon14-p-phy-gpu70,RDMA3,
100444,leaf-gpu-rdma,sys1-lon14-p-swi-bel3,sw36p1,,sys1-lon14-p-phy-gpu71,RDMA3,
100445,leaf-gpu-rdma,sys1-lon14-p-swi-bel3,sw36p2,,sys1-lon14-p-phy-gpu72,RDMA3,
100446,leaf-gpu-rdma,sys1-lon14-p-swi-bel4,sw1p1,,sys1-lon14-p-phy-gpu1,RDMA4,
100447,leaf-gpu-rdma,sys1-lon14-p-swi-bel4,sw1p2,,sys1-lon14-p-phy-gpu2,RDMA4,
100448,leaf-gpu-rdma,sys1-lon14-p-swi-bel4,sw2p1,,sys1-lon14-p-phy-gpu3,RDMA4,
100449,leaf-gpu-rdma,sys1-lon14-p-swi-bel4,sw2p2,,sys1-lon14-p-phy-gpu4,RDMA4,
100450,leaf-gpu-rdma,sys1-lon14-p-swi-bel4,sw3p1,,sys1-lon14-p-phy-gpu5,RDMA4,
100451,leaf-gpu-rdma,sys1-lon14-p-swi-bel4,sw3p2,,sys1-lon14-p-phy-gpu6,RDMA4,
100452,leaf-gpu-rdma,sys1-lon14-p-swi-bel4,sw4p1,,sys1-lon14-p-phy-gpu7,RDMA4,
100453,leaf-gpu-rdma,sys1-lon14-p-swi-bel4,sw4p2,,sys1-lon14-p-phy-gpu8,RDMA4,
100454,leaf-gpu-rdma,sys1-lon14-p-swi-bel4,sw5p1,,sys1-lon14-p-phy-gpu9,RDMA4,
100455,leaf-gpu-rdma,sys1-lon14-p-swi-bel4,sw5p2,,sys1-lon14-p-phy-gpu10,RDMA4,
100456,leaf-gpu-rdma,sys1-lon14-p-swi-bel4,sw6p1,,sys1-lon14-p-phy-gpu11,RDMA4,
100457,leaf-gpu-rdma,sys1-lon14-p-swi-bel4,sw6p2,,sys1-lon14-p-phy-gpu761,RDMA4,
100458,leaf-gpu-rdma,sys1-lon14-p-swi-bel4,sw7p1,,sys1-lon14-p-phy-gpu13,RDMA4,
100459,leaf-gpu-rdma,sys1-lon14-p-swi-bel4,sw7p2,,sys1-lon14-p-phy-gpu14,RDMA4,
100460,leaf-gpu-rdma,sys1-lon14-p-swi-bel4,sw8p1,,sys1-lon14-p-phy-gpu15,RDMA4,
100461,leaf-gpu-rdma,sys1-lon14-p-swi-bel4,sw8p2,,sys1-lon14-p-phy-gpu16,RDMA4,
100462,leaf-gpu-rdma,sys1-lon14-p-swi-bel4,sw9p1,,sys1-lon14-p-phy-gpu17,RDMA4,
100463,leaf-gpu-rdma,sys1-lon14-p-swi-bel4,sw9p2,,sys1-lon14-p-phy-gpu18,RDMA4,
100464,leaf-gpu-rdma,sys1-lon14-p-swi-bel4,sw10p1,,sys1-lon14-p-phy-gpu19,RDMA4,
100465,leaf-gpu-rdma,sys1-lon14-p-swi-bel4,sw10p2,,sys1-lon14-p-phy-gpu20,RDMA4,
100466,leaf-gpu-rdma,sys1-lon14-p-swi-bel4,sw11p1,,sys1-lon14-p-phy-gpu21,RDMA4,
100467,leaf-gpu-rdma,sys1-lon14-p-swi-bel4,sw11p2,,sys1-lon14-p-phy-gpu22,RDMA4,
100468,leaf-gpu-rdma,sys1-lon14-p-swi-bel4,sw12p1,,sys1-lon14-p-phy-gpu23,RDMA4,
100469,leaf-gpu-rdma,sys1-lon14-p-swi-bel4,sw12p2,,sys1-lon14-p-phy-gpu24,RDMA4,
100470,leaf-gpu-rdma,sys1-lon14-p-swi-bel4,sw13p1,,sys1-lon14-p-phy-gpu25,RDMA4,
100471,leaf-gpu-rdma,sys1-lon14-p-swi-bel4,sw13p2,,sys1-lon14-p-phy-gpu26,RDMA4,
100472,leaf-gpu-rdma,sys1-lon14-p-swi-bel4,sw14p1,,sys1-lon14-p-phy-gpu27,RDMA4,
100473,leaf-gpu-rdma,sys1-lon14-p-swi-bel4,sw14p2,,sys1-lon14-p-phy-gpu28,RDMA4,
100474,leaf-gpu-rdma,sys1-lon14-p-swi-bel4,sw15p1,,sys1-lon14-p-phy-gpu29,RDMA4,
100475,leaf-gpu-rdma,sys1-lon14-p-swi-bel4,sw15p2,,sys1-lon14-p-phy-gpu30,RDMA4,
100476,leaf-gpu-rdma,sys1-lon14-p-swi-bel4,sw16p1,,sys1-lon14-p-phy-gpu31,RDMA4,
100477,leaf-gpu-rdma,sys1-lon14-p-swi-bel4,sw16p2,,sys1-lon14-p-phy-gpu32,RDMA4,
100478,leaf-gpu-rdma,sys1-lon14-p-swi-bel4,sw17p1,,sys1-lon14-p-phy-gpu33,RDMA4,
100479,leaf-gpu-rdma,sys1-lon14-p-swi-bel4,sw17p2,,sys1-lon14-p-phy-gpu34,RDMA4,
100480,leaf-gpu-rdma,sys1-lon14-p-swi-bel4,sw18p1,,sys1-lon14-p-phy-gpu35,RDMA4,
100481,leaf-gpu-rdma,sys1-lon14-p-swi-bel4,sw18p2,,sys1-lon14-p-phy-gpu36,RDMA4,
100482,leaf-gpu-rdma,sys1-lon14-p-swi-bel4,sw19p1,,sys1-lon14-p-phy-gpu37,RDMA4,
100483,leaf-gpu-rdma,sys1-lon14-p-swi-bel4,sw19p2,,sys1-lon14-p-phy-gpu38,RDMA4,
100484,leaf-gpu-rdma,sys1-lon14-p-swi-bel4,sw20p1,,sys1-lon14-p-phy-gpu39,RDMA4,
100485,leaf-gpu-rdma,sys1-lon14-p-swi-bel4,sw20p2,,sys1-lon14-p-phy-gpu40,RDMA4,
100486,leaf-gpu-rdma,sys1-lon14-p-swi-bel4,sw21p1,,sys1-lon14-p-phy-gpu41,RDMA4,
100487,leaf-gpu-rdma,sys1-lon14-p-swi-bel4,sw21p2,,sys1-lon14-p-phy-gpu42,RDMA4,
100488,leaf-gpu-rdma,sys1-lon14-p-swi-bel4,sw22p1,,sys1-lon14-p-phy-gpu43,RDMA4,
100489,leaf-gpu-rdma,sys1-lon14-p-swi-bel4,sw22p2,,sys1-lon14-p-phy-gpu44,RDMA4,
100490,leaf-gpu-rdma,sys1-lon14-p-swi-bel4,sw23p1,,sys1-lon14-p-phy-gpu45,RDMA4,
100491,leaf-gpu-rdma,sys1-lon14-p-swi-bel4,sw23p2,,sys1-lon14-p-phy-gpu46,RDMA4,
100492,leaf-gpu-rdma,sys1-lon14-p-swi-bel4,sw24p1,,sys1-lon14-p-phy-gpu47,RDMA4,
100493,leaf-gpu-rdma,sys1-lon14-p-swi-bel4,sw24p2,,sys1-lon14-p-phy-gpu48,RDMA4,
100494,leaf-gpu-rdma,sys1-lon14-p-swi-bel4,sw25p1,,sys1-lon14-p-phy-gpu49,RDMA4,
100495,leaf-gpu-rdma,sys1-lon14-p-swi-bel4,sw25p2,,sys1-lon14-p-phy-gpu50,RDMA4,
100496,leaf-gpu-rdma,sys1-lon14-p-swi-bel4,sw26p1,,sys1-lon14-p-phy-gpu51,RDMA4,
100497,leaf-gpu-rdma,sys1-lon14-p-swi-bel4,sw26p2,,sys1-lon14-p-phy-gpu52,RDMA4,
100498,leaf-gpu-rdma,sys1-lon14-p-swi-bel4,sw27p1,,sys1-lon14-p-phy-gpu53,RDMA4,
100499,leaf-gpu-rdma,sys1-lon14-p-swi-bel4,sw27p2,,sys1-lon14-p-phy-gpu54,RDMA4,
100500,leaf-gpu-rdma,sys1-lon14-p-swi-bel4,sw28p1,,sys1-lon14-p-phy-gpu55,RDMA4,
100501,leaf-gpu-rdma,sys1-lon14-p-swi-bel4,sw28p2,,sys1-lon14-p-phy-gpu56,RDMA4,
100502,leaf-gpu-rdma,sys1-lon14-p-swi-bel4,sw29p1,,sys1-lon14-p-phy-gpu57,RDMA4,
100503,leaf-gpu-rdma,sys1-lon14-p-swi-bel4,sw29p2,,sys1-lon14-p-phy-gpu58,RDMA4,
100504,leaf-gpu-rdma,sys1-lon14-p-swi-bel4,sw30p1,,sys1-lon14-p-phy-gpu59,RDMA4,
100505,leaf-gpu-rdma,sys1-lon14-p-swi-bel4,sw30p2,,sys1-lon14-p-phy-gpu60,RDMA4,
100506,leaf-gpu-rdma,sys1-lon14-p-swi-bel4,sw31p1,,sys1-lon14-p-phy-gpu61,RDMA4,
100507,leaf-gpu-rdma,sys1-lon14-p-swi-bel4,sw31p2,,sys1-lon14-p-phy-gpu62,RDMA4,
100508,leaf-gpu-rdma,sys1-lon14-p-swi-bel4,sw32p1,,sys1-lon14-p-phy-gpu63,RDMA4,
100509,leaf-gpu-rdma,sys1-lon14-p-swi-bel4,sw32p2,,sys1-lon14-p-phy-gpu64,RDMA4,
100510,leaf-gpu-rdma,sys1-lon14-p-swi-bel4,sw33p1,,sys1-lon14-p-phy-gpu65,RDMA4,
100511,leaf-gpu-rdma,sys1-lon14-p-swi-bel4,sw33p2,,sys1-lon14-p-phy-gpu66,RDMA4,
100512,leaf-gpu-rdma,sys1-lon14-p-swi-bel4,sw34p1,,sys1-lon14-p-phy-gpu67,RDMA4,
100513,leaf-gpu-rdma,sys1-lon14-p-swi-bel4,sw34p2,,sys1-lon14-p-phy-gpu68,RDMA4,
100514,leaf-gpu-rdma,sys1-lon14-p-swi-bel4,sw35p1,,sys1-lon14-p-phy-gpu69,RDMA4,
100515,leaf-gpu-rdma,sys1-lon14-p-swi-bel4,sw35p2,,sys1-lon14-p-phy-gpu70,RDMA4,
100516,leaf-gpu-rdma,sys1-lon14-p-swi-bel4,sw36p1,,sys1-lon14-p-phy-gpu71,RDMA4,
100517,leaf-gpu-rdma,sys1-lon14-p-swi-bel4,sw36p2,,sys1-lon14-p-phy-gpu72,RDMA4,
100518,leaf-gpu-rdma,sys1-lon14-p-swi-bel5,sw1p1,,sys1-lon14-p-phy-gpu73,RDMA1,
100519,leaf-gpu-rdma,sys1-lon14-p-swi-bel5,sw1p2,,sys1-lon14-p-phy-gpu74,RDMA1,
100520,leaf-gpu-rdma,sys1-lon14-p-swi-bel5,sw2p1,,sys1-lon14-p-phy-gpu75,RDMA1,
100521,leaf-gpu-rdma,sys1-lon14-p-swi-bel5,sw2p2,,sys1-lon14-p-phy-gpu76,RDMA1,
100522,leaf-gpu-rdma,sys1-lon14-p-swi-bel5,sw3p1,,sys1-lon14-p-phy-gpu77,RDMA1,
100523,leaf-gpu-rdma,sys1-lon14-p-swi-bel5,sw3p2,,sys1-lon14-p-phy-gpu78,RDMA1,
100524,leaf-gpu-rdma,sys1-lon14-p-swi-bel5,sw4p1,,sys1-lon14-p-phy-gpu79,RDMA1,
100525,leaf-gpu-rdma,sys1-lon14-p-swi-bel5,sw4p2,,sys1-lon14-p-phy-gpu80,RDMA1,
100526,leaf-gpu-rdma,sys1-lon14-p-swi-bel5,sw5p1,,sys1-lon14-p-phy-gpu81,RDMA1,
100527,leaf-gpu-rdma,sys1-lon14-p-swi-bel5,sw5p2,,sys1-lon14-p-phy-gpu82,RDMA1,
100528,leaf-gpu-rdma,sys1-lon14-p-swi-bel5,sw6p1,,sys1-lon14-p-phy-gpu83,RDMA1,
100529,leaf-gpu-rdma,sys1-lon14-p-swi-bel5,sw6p2,,sys1-lon14-p-phy-gpu84,RDMA1,
100530,leaf-gpu-rdma,sys1-lon14-p-swi-bel5,sw7p1,,sys1-lon14-p-phy-gpu85,RDMA1,
100531,leaf-gpu-rdma,sys1-lon14-p-swi-bel5,sw7p2,,sys1-lon14-p-phy-gpu86,RDMA1,
100532,leaf-gpu-rdma,sys1-lon14-p-swi-bel5,sw8p1,,sys1-lon14-p-phy-gpu87,RDMA1,
100533,leaf-gpu-rdma,sys1-lon14-p-swi-bel5,sw8p2,,sys1-lon14-p-phy-gpu88,RDMA1,
100534,leaf-gpu-rdma,sys1-lon14-p-swi-bel5,sw9p1,,sys1-lon14-p-phy-gpu89,RDMA1,
100535,leaf-gpu-rdma,sys1-lon14-p-swi-bel5,sw9p2,,sys1-lon14-p-phy-gpu90,RDMA1,
100536,leaf-gpu-rdma,sys1-lon14-p-swi-bel5,sw10p1,,sys1-lon14-p-phy-gpu91,RDMA1,
100537,leaf-gpu-rdma,sys1-lon14-p-swi-bel5,sw10p2,,sys1-lon14-p-phy-gpu92,RDMA1,
100538,leaf-gpu-rdma,sys1-lon14-p-swi-bel5,sw11p1,,sys1-lon14-p-phy-gpu93,RDMA1,
100539,leaf-gpu-rdma,sys1-lon14-p-swi-bel5,sw11p2,,sys1-lon14-p-phy-gpu94,RDMA1,
100540,leaf-gpu-rdma,sys1-lon14-p-swi-bel5,sw12p1,,sys1-lon14-p-phy-gpu95,RDMA1,
100541,leaf-gpu-rdma,sys1-lon14-p-swi-bel5,sw12p2,,sys1-lon14-p-phy-gpu96,RDMA1,
100542,leaf-gpu-rdma,sys1-lon14-p-swi-bel5,sw13p1,,sys1-lon14-p-phy-gpu97,RDMA1,
100543,leaf-gpu-rdma,sys1-lon14-p-swi-bel5,sw13p2,,sys1-lon14-p-phy-gpu98,RDMA1,
100544,leaf-gpu-rdma,sys1-lon14-p-swi-bel5,sw14p1,,sys1-lon14-p-phy-gpu99,RDMA1,
100545,leaf-gpu-rdma,sys1-lon14-p-swi-bel5,sw14p2,,sys1-lon14-p-phy-gpu100,RDMA1,
100546,leaf-gpu-rdma,sys1-lon14-p-swi-bel5,sw15p1,,sys1-lon14-p-phy-gpu101,RDMA1,
100547,leaf-gpu-rdma,sys1-lon14-p-swi-bel5,sw15p2,,sys1-lon14-p-phy-gpu102,RDMA1,
100548,leaf-gpu-rdma,sys1-lon14-p-swi-bel5,sw16p1,,sys1-lon14-p-phy-gpu103,RDMA1,
100549,leaf-gpu-rdma,sys1-lon14-p-swi-bel5,sw16p2,,sys1-lon14-p-phy-gpu104,RDMA1,
100550,leaf-gpu-rdma,sys1-lon14-p-swi-bel5,sw17p1,,sys1-lon14-p-phy-gpu105,RDMA1,
100551,leaf-gpu-rdma,sys1-lon14-p-swi-bel5,sw17p2,,sys1-lon14-p-phy-gpu106,RDMA1,
100552,leaf-gpu-rdma,sys1-lon14-p-swi-bel5,sw18p1,,sys1-lon14-p-phy-gpu107,RDMA1,
100553,leaf-gpu-rdma,sys1-lon14-p-swi-bel5,sw18p2,,sys1-lon14-p-phy-gpu108,RDMA1,
100554,leaf-gpu-rdma,sys1-lon14-p-swi-bel5,sw19p1,,sys1-lon14-p-phy-gpu109,RDMA1,
100555,leaf-gpu-rdma,sys1-lon14-p-swi-bel5,sw19p2,,sys1-lon14-p-phy-gpu110,RDMA1,
100556,leaf-gpu-rdma,sys1-lon14-p-swi-bel5,sw20p1,,sys1-lon14-p-phy-gpu111,RDMA1,
100557,leaf-gpu-rdma,sys1-lon14-p-swi-bel5,sw20p2,,sys1-lon14-p-phy-gpu112,RDMA1,
100558,leaf-gpu-rdma,sys1-lon14-p-swi-bel5,sw21p1,,sys1-lon14-p-phy-gpu113,RDMA1,
100559,leaf-gpu-rdma,sys1-lon14-p-swi-bel5,sw21p2,,sys1-lon14-p-phy-gpu114,RDMA1,
100560,leaf-gpu-rdma,sys1-lon14-p-swi-bel5,sw22p1,,sys1-lon14-p-phy-gpu115,RDMA1,
100561,leaf-gpu-rdma,sys1-lon14-p-swi-bel5,sw22p2,,sys1-lon14-p-phy-gpu116,RDMA1,
100562,leaf-gpu-rdma,sys1-lon14-p-swi-bel5,sw23p1,,sys1-lon14-p-phy-gpu117,RDMA1,
100564,leaf-gpu-rdma,sys1-lon14-p-swi-bel5,sw24p1,,sys1-lon14-p-phy-gpu119,RDMA1,
100565,leaf-gpu-rdma,sys1-lon14-p-swi-bel5,sw24p2,,sys1-lon14-p-phy-gpu120,RDMA1,
100566,leaf-gpu-rdma,sys1-lon14-p-swi-bel5,sw25p1,,sys1-lon14-p-phy-gpu121,RDMA1,
100567,leaf-gpu-rdma,sys1-lon14-p-swi-bel5,sw25p2,,sys1-lon14-p-phy-gpu122,RDMA1,
100568,leaf-gpu-rdma,sys1-lon14-p-swi-bel5,sw26p1,,sys1-lon14-p-phy-gpu123,RDMA1,
100569,leaf-gpu-rdma,sys1-lon14-p-swi-bel5,sw26p2,,sys1-lon14-p-phy-gpu124,RDMA1,
100570,leaf-gpu-rdma,sys1-lon14-p-swi-bel5,sw27p1,,sys1-lon14-p-phy-gpu125,RDMA1,
100571,leaf-gpu-rdma,sys1-lon14-p-swi-bel5,sw27p2,,sys1-lon14-p-phy-gpu126,RDMA1,
100572,leaf-gpu-rdma,sys1-lon14-p-swi-bel5,sw28p1,,sys1-lon14-p-phy-gpu127,RDMA1,
100573,leaf-gpu-rdma,sys1-lon14-p-swi-bel5,sw28p2,,sys1-lon14-p-phy-gpu128,RDMA1,
100574,leaf-gpu-rdma,sys1-lon14-p-swi-bel5,sw29p1,,sys1-lon14-p-phy-gpu129,RDMA1,
100575,leaf-gpu-rdma,sys1-lon14-p-swi-bel5,sw29p2,,sys1-lon14-p-phy-gpu130,RDMA1,
100576,leaf-gpu-rdma,sys1-lon14-p-swi-bel5,sw30p1,,sys1-lon14-p-phy-gpu131,RDMA1,
100577,leaf-gpu-rdma,sys1-lon14-p-swi-bel5,sw30p2,,sys1-lon14-p-phy-gpu132,RDMA1,
100578,leaf-gpu-rdma,sys1-lon14-p-swi-bel5,sw31p1,,sys1-lon14-p-phy-gpu133,RDMA1,
100579,leaf-gpu-rdma,sys1-lon14-p-swi-bel5,sw31p2,,sys1-lon14-p-phy-gpu134,RDMA1,
100580,leaf-gpu-rdma,sys1-lon14-p-swi-bel5,sw32p1,,sys1-lon14-p-phy-gpu135,RDMA1,
100581,leaf-gpu-rdma,sys1-lon14-p-swi-bel5,sw32p2,,sys1-lon14-p-phy-gpu136,RDMA1,
100582,leaf-gpu-rdma,sys1-lon14-p-swi-bel5,sw33p1,,sys1-lon14-p-phy-gpu137,RDMA1,
100583,leaf-gpu-rdma,sys1-lon14-p-swi-bel5,sw33p2,,sys1-lon14-p-phy-gpu138,RDMA1,
100584,leaf-gpu-rdma,sys1-lon14-p-swi-bel5,sw34p1,,sys1-lon14-p-phy-gpu139,RDMA1,
100585,leaf-gpu-rdma,sys1-lon14-p-swi-bel5,sw34p2,,sys1-lon14-p-phy-gpu140,RDMA1,
100586,leaf-gpu-rdma,sys1-lon14-p-swi-bel5,sw35p1,,sys1-lon14-p-phy-gpu141,RDMA1,
100587,leaf-gpu-rdma,sys1-lon14-p-swi-bel5,sw35p2,,sys1-lon14-p-phy-gpu142,RDMA1,
100589,leaf-gpu-rdma,sys1-lon14-p-swi-bel5,sw36p2,,sys1-lon14-p-phy-gpu144,RDMA1,
100590,leaf-gpu-rdma,sys1-lon14-p-swi-bel6,sw1p1,,sys1-lon14-p-phy-gpu73,RDMA2,
100591,leaf-gpu-rdma,sys1-lon14-p-swi-bel6,sw1p2,,sys1-lon14-p-phy-gpu74,RDMA2,
100592,leaf-gpu-rdma,sys1-lon14-p-swi-bel6,sw2p1,,sys1-lon14-p-phy-gpu75,RDMA2,
100593,leaf-gpu-rdma,sys1-lon14-p-swi-bel6,sw2p2,,sys1-lon14-p-phy-gpu76,RDMA2,
100594,leaf-gpu-rdma,sys1-lon14-p-swi-bel6,sw3p1,,sys1-lon14-p-phy-gpu77,RDMA2,
100595,leaf-gpu-rdma,sys1-lon14-p-swi-bel6,sw3p2,,sys1-lon14-p-phy-gpu78,RDMA2,
100596,leaf-gpu-rdma,sys1-lon14-p-swi-bel6,sw4p1,,sys1-lon14-p-phy-gpu79,RDMA2,
100597,leaf-gpu-rdma,sys1-lon14-p-swi-bel6,sw4p2,,sys1-lon14-p-phy-gpu80,RDMA2,
100598,leaf-gpu-rdma,sys1-lon14-p-swi-bel6,sw5p1,,sys1-lon14-p-phy-gpu81,RDMA2,
100599,leaf-gpu-rdma,sys1-lon14-p-swi-bel6,sw5p2,,sys1-lon14-p-phy-gpu82,RDMA2,
100600,leaf-gpu-rdma,sys1-lon14-p-swi-bel6,sw6p1,,sys1-lon14-p-phy-gpu83,RDMA2,
100601,leaf-gpu-rdma,sys1-lon14-p-swi-bel6,sw6p2,,sys1-lon14-p-phy-gpu84,RDMA2,
100602,leaf-gpu-rdma,sys1-lon14-p-swi-bel6,sw7p1,,sys1-lon14-p-phy-gpu85,RDMA2,
100603,leaf-gpu-rdma,sys1-lon14-p-swi-bel6,sw7p2,,sys1-lon14-p-phy-gpu86,RDMA2,
100604,leaf-gpu-rdma,sys1-lon14-p-swi-bel6,sw8p1,,sys1-lon14-p-phy-gpu87,RDMA2,
100605,leaf-gpu-rdma,sys1-lon14-p-swi-bel6,sw8p2,,sys1-lon14-p-phy-gpu88,RDMA2,
100606,leaf-gpu-rdma,sys1-lon14-p-swi-bel6,sw9p1,,sys1-lon14-p-phy-gpu89,RDMA2,
100607,leaf-gpu-rdma,sys1-lon14-p-swi-bel6,sw9p2,,sys1-lon14-p-phy-gpu90,RDMA2,
100608,leaf-gpu-rdma,sys1-lon14-p-swi-bel6,sw10p1,,sys1-lon14-p-phy-gpu91,RDMA2,
100609,leaf-gpu-rdma,sys1-lon14-p-swi-bel6,sw10p2,,sys1-lon14-p-phy-gpu92,RDMA2,
100610,leaf-gpu-rdma,sys1-lon14-p-swi-bel6,sw11p1,,sys1-lon14-p-phy-gpu93,RDMA2,
100611,leaf-gpu-rdma,sys1-lon14-p-swi-bel6,sw11p2,,sys1-lon14-p-phy-gpu94,RDMA2,
100612,leaf-gpu-rdma,sys1-lon14-p-swi-bel6,sw12p1,,sys1-lon14-p-phy-gpu95,RDMA2,
100613,leaf-gpu-rdma,sys1-lon14-p-swi-bel6,sw12p2,,sys1-lon14-p-phy-gpu96,RDMA2,
100614,leaf-gpu-rdma,sys1-lon14-p-swi-bel6,sw13p1,,sys1-lon14-p-phy-gpu97,RDMA2,
100615,leaf-gpu-rdma,sys1-lon14-p-swi-bel6,sw13p2,,sys1-lon14-p-phy-gpu98,RDMA2,
100616,leaf-gpu-rdma,sys1-lon14-p-swi-bel6,sw14p1,,sys1-lon14-p-phy-gpu99,RDMA2,
100617,leaf-gpu-rdma,sys1-lon14-p-swi-bel6,sw14p2,,sys1-lon14-p-phy-gpu100,RDMA2,
100618,leaf-gpu-rdma,sys1-lon14-p-swi-bel6,sw15p1,,sys1-lon14-p-phy-gpu101,RDMA2,
100619,leaf-gpu-rdma,sys1-lon14-p-swi-bel6,sw15p2,,sys1-lon14-p-phy-gpu102,RDMA2,
100620,leaf-gpu-rdma,sys1-lon14-p-swi-bel6,sw16p1,,sys1-lon14-p-phy-gpu103,RDMA2,
100621,leaf-gpu-rdma,sys1-lon14-p-swi-bel6,sw16p2,,sys1-lon14-p-phy-gpu104,RDMA2,
100622,leaf-gpu-rdma,sys1-lon14-p-swi-bel6,sw17p1,,sys1-lon14-p-phy-gpu105,RDMA2,
100623,leaf-gpu-rdma,sys1-lon14-p-swi-bel6,sw17p2,,sys1-lon14-p-phy-gpu106,RDMA2,
100624,leaf-gpu-rdma,sys1-lon14-p-swi-bel6,sw18p1,,sys1-lon14-p-phy-gpu107,RDMA2,
100625,leaf-gpu-rdma,sys1-lon14-p-swi-bel6,sw18p2,,sys1-lon14-p-phy-gpu108,RDMA2,
100626,leaf-gpu-rdma,sys1-lon14-p-swi-bel6,sw19p1,,sys1-lon14-p-phy-gpu109,RDMA2,
100627,leaf-gpu-rdma,sys1-lon14-p-swi-bel6,sw19p2,,sys1-lon14-p-phy-gpu110,RDMA2,
100628,leaf-gpu-rdma,sys1-lon14-p-swi-bel6,sw20p1,,sys1-lon14-p-phy-gpu111,RDMA2,
100629,leaf-gpu-rdma,sys1-lon14-p-swi-bel6,sw20p2,,sys1-lon14-p-phy-gpu112,RDMA2,
100630,leaf-gpu-rdma,sys1-lon14-p-swi-bel6,sw21p1,,sys1-lon14-p-phy-gpu113,RDMA2,
100631,leaf-gpu-rdma,sys1-lon14-p-swi-bel6,sw21p2,,sys1-lon14-p-phy-gpu114,RDMA2,
100632,leaf-gpu-rdma,sys1-lon14-p-swi-bel6,sw22p1,,sys1-lon14-p-phy-gpu115,RDMA2,
100633,leaf-gpu-rdma,sys1-lon14-p-swi-bel6,sw22p2,,sys1-lon14-p-phy-gpu116,RDMA2,
100634,leaf-gpu-rdma,sys1-lon14-p-swi-bel6,sw23p1,,sys1-lon14-p-phy-gpu117,RDMA2,
100636,leaf-gpu-rdma,sys1-lon14-p-swi-bel6,sw24p1,,sys1-lon14-p-phy-gpu119,RDMA2,
100637,leaf-gpu-rdma,sys1-lon14-p-swi-bel6,sw24p2,,sys1-lon14-p-phy-gpu120,RDMA2,
100638,leaf-gpu-rdma,sys1-lon14-p-swi-bel6,sw25p1,,sys1-lon14-p-phy-gpu121,RDMA2,
100639,leaf-gpu-rdma,sys1-lon14-p-swi-bel6,sw25p2,,sys1-lon14-p-phy-gpu122,RDMA2,
100640,leaf-gpu-rdma,sys1-lon14-p-swi-bel6,sw26p1,,sys1-lon14-p-phy-gpu123,RDMA2,
100641,leaf-gpu-rdma,sys1-lon14-p-swi-bel6,sw26p2,,sys1-lon14-p-phy-gpu124,RDMA2,
100642,leaf-gpu-rdma,sys1-lon14-p-swi-bel6,sw27p1,,sys1-lon14-p-phy-gpu125,RDMA2,
100643,leaf-gpu-rdma,sys1-lon14-p-swi-bel6,sw27p2,,sys1-lon14-p-phy-gpu126,RDMA2,
100644,leaf-gpu-rdma,sys1-lon14-p-swi-bel6,sw28p1,,sys1-lon14-p-phy-gpu127,RDMA2,
100645,leaf-gpu-rdma,sys1-lon14-p-swi-bel6,sw28p2,,sys1-lon14-p-phy-gpu128,RDMA2,
100646,leaf-gpu-rdma,sys1-lon14-p-swi-bel6,sw29p1,,sys1-lon14-p-phy-gpu129,RDMA2,
100647,leaf-gpu-rdma,sys1-lon14-p-swi-bel6,sw29p2,,sys1-lon14-p-phy-gpu130,RDMA2,
100648,leaf-gpu-rdma,sys1-lon14-p-swi-bel6,sw30p1,,sys1-lon14-p-phy-gpu131,RDMA2,
100649,leaf-gpu-rdma,sys1-lon14-p-swi-bel6,sw30p2,,sys1-lon14-p-phy-gpu132,RDMA2,
100650,leaf-gpu-rdma,sys1-lon14-p-swi-bel6,sw31p1,,sys1-lon14-p-phy-gpu133,RDMA2,
100651,leaf-gpu-rdma,sys1-lon14-p-swi-bel6,sw31p2,,sys1-lon14-p-phy-gpu134,RDMA2,
100652,leaf-gpu-rdma,sys1-lon14-p-swi-bel6,sw32p1,,sys1-lon14-p-phy-gpu135,RDMA2,
100653,leaf-gpu-rdma,sys1-lon14-p-swi-bel6,sw32p2,,sys1-lon14-p-phy-gpu136,RDMA2,
100654,leaf-gpu-rdma,sys1-lon14-p-swi-bel6,sw33p1,,sys1-lon14-p-phy-gpu137,RDMA2,
100655,leaf-gpu-rdma,sys1-lon14-p-swi-bel6,sw33p2,,sys1-lon14-p-phy-gpu138,RDMA2,
100656,leaf-gpu-rdma,sys1-lon14-p-swi-bel6,sw34p1,,sys1-lon14-p-phy-gpu139,RDMA2,
100657,leaf-gpu-rdma,sys1-lon14-p-swi-bel6,sw34p2,,sys1-lon14-p-phy-gpu140,RDMA2,
100658,leaf-gpu-rdma,sys1-lon14-p-swi-bel6,sw35p1,,sys1-lon14-p-phy-gpu141,RDMA2,
100659,leaf-gpu-rdma,sys1-lon14-p-swi-bel6,sw35p2,,sys1-lon14-p-phy-gpu142,RDMA2,
100661,leaf-gpu-rdma,sys1-lon14-p-swi-bel6,sw36p2,,sys1-lon14-p-phy-gpu144,RDMA2,
100662,leaf-gpu-rdma,sys1-lon14-p-swi-bel7,sw1p1,,sys1-lon14-p-phy-gpu73,RDMA3,
100663,leaf-gpu-rdma,sys1-lon14-p-swi-bel7,sw1p2,,sys1-lon14-p-phy-gpu74,RDMA3,
100664,leaf-gpu-rdma,sys1-lon14-p-swi-bel7,sw2p1,,sys1-lon14-p-phy-gpu75,RDMA3,
100665,leaf-gpu-rdma,sys1-lon14-p-swi-bel7,sw2p2,,sys1-lon14-p-phy-gpu76,RDMA3,
100666,leaf-gpu-rdma,sys1-lon14-p-swi-bel7,sw3p1,,sys1-lon14-p-phy-gpu77,RDMA3,
100667,leaf-gpu-rdma,sys1-lon14-p-swi-bel7,sw3p2,,sys1-lon14-p-phy-gpu78,RDMA3,
100668,leaf-gpu-rdma,sys1-lon14-p-swi-bel7,sw4p1,,sys1-lon14-p-phy-gpu79,RDMA3,
100669,leaf-gpu-rdma,sys1-lon14-p-swi-bel7,sw4p2,,sys1-lon14-p-phy-gpu80,RDMA3,
100670,leaf-gpu-rdma,sys1-lon14-p-swi-bel7,sw5p1,,sys1-lon14-p-phy-gpu81,RDMA3,
100671,leaf-gpu-rdma,sys1-lon14-p-swi-bel7,sw5p2,,sys1-lon14-p-phy-gpu82,RDMA3,
100672,leaf-gpu-rdma,sys1-lon14-p-swi-bel7,sw6p1,,sys1-lon14-p-phy-gpu83,RDMA3,
100673,leaf-gpu-rdma,sys1-lon14-p-swi-bel7,sw6p2,,sys1-lon14-p-phy-gpu84,RDMA3,
100674,leaf-gpu-rdma,sys1-lon14-p-swi-bel7,sw7p1,,sys1-lon14-p-phy-gpu85,RDMA3,
100675,leaf-gpu-rdma,sys1-lon14-p-swi-bel7,sw7p2,,sys1-lon14-p-phy-gpu86,RDMA3,
100676,leaf-gpu-rdma,sys1-lon14-p-swi-bel7,sw8p1,,sys1-lon14-p-phy-gpu87,RDMA3,
100677,leaf-gpu-rdma,sys1-lon14-p-swi-bel7,sw8p2,,sys1-lon14-p-phy-gpu88,RDMA3,
100678,leaf-gpu-rdma,sys1-lon14-p-swi-bel7,sw9p1,,sys1-lon14-p-phy-gpu89,RDMA3,
100679,leaf-gpu-rdma,sys1-lon14-p-swi-bel7,sw9p2,,sys1-lon14-p-phy-gpu90,RDMA3,
100680,leaf-gpu-rdma,sys1-lon14-p-swi-bel7,sw10p1,,sys1-lon14-p-phy-gpu91,RDMA3,
100681,leaf-gpu-rdma,sys1-lon14-p-swi-bel7,sw10p2,,sys1-lon14-p-phy-gpu92,RDMA3,
100682,leaf-gpu-rdma,sys1-lon14-p-swi-bel7,sw11p1,,sys1-lon14-p-phy-gpu93,RDMA3,
100683,leaf-gpu-rdma,sys1-lon14-p-swi-bel7,sw11p2,,sys1-lon14-p-phy-gpu94,RDMA3,
100684,leaf-gpu-rdma,sys1-lon14-p-swi-bel7,sw12p1,,sys1-lon14-p-phy-gpu95,RDMA3,
100685,leaf-gpu-rdma,sys1-lon14-p-swi-bel7,sw12p2,,sys1-lon14-p-phy-gpu96,RDMA3,
100686,leaf-gpu-rdma,sys1-lon14-p-swi-bel7,sw13p1,,sys1-lon14-p-phy-gpu97,RDMA3,
100687,leaf-gpu-rdma,sys1-lon14-p-swi-bel7,sw13p2,,sys1-lon14-p-phy-gpu98,RDMA3,
100688,leaf-gpu-rdma,sys1-lon14-p-swi-bel7,sw14p1,,sys1-lon14-p-phy-gpu99,RDMA3,
100689,leaf-gpu-rdma,sys1-lon14-p-swi-bel7,sw14p2,,sys1-lon14-p-phy-gpu100,RDMA3,
100690,leaf-gpu-rdma,sys1-lon14-p-swi-bel7,sw15p1,,sys1-lon14-p-phy-gpu101,RDMA3,
100691,leaf-gpu-rdma,sys1-lon14-p-swi-bel7,sw15p2,,sys1-lon14-p-phy-gpu102,RDMA3,
100692,leaf-gpu-rdma,sys1-lon14-p-swi-bel7,sw16p1,,sys1-lon14-p-phy-gpu103,RDMA3,
100693,leaf-gpu-rdma,sys1-lon14-p-swi-bel7,sw16p2,,sys1-lon14-p-phy-gpu104,RDMA3,
100694,leaf-gpu-rdma,sys1-lon14-p-swi-bel7,sw17p1,,sys1-lon14-p-phy-gpu105,RDMA3,
100695,leaf-gpu-rdma,sys1-lon14-p-swi-bel7,sw17p2,,sys1-lon14-p-phy-gpu106,RDMA3,
100696,leaf-gpu-rdma,sys1-lon14-p-swi-bel7,sw18p1,,sys1-lon14-p-phy-gpu107,RDMA3,
100697,leaf-gpu-rdma,sys1-lon14-p-swi-bel7,sw18p2,,sys1-lon14-p-phy-gpu108,RDMA3,
100698,leaf-gpu-rdma,sys1-lon14-p-swi-bel7,sw19p1,,sys1-lon14-p-phy-gpu109,RDMA3,
100699,leaf-gpu-rdma,sys1-lon14-p-swi-bel7,sw19p2,,sys1-lon14-p-phy-gpu110,RDMA3,
100700,leaf-gpu-rdma,sys1-lon14-p-swi-bel7,sw20p1,,sys1-lon14-p-phy-gpu111,RDMA3,
100701,leaf-gpu-rdma,sys1-lon14-p-swi-bel7,sw20p2,,sys1-lon14-p-phy-gpu112,RDMA3,
100702,leaf-gpu-rdma,sys1-lon14-p-swi-bel7,sw21p1,,sys1-lon14-p-phy-gpu113,RDMA3,
100703,leaf-gpu-rdma,sys1-lon14-p-swi-bel7,sw21p2,,sys1-lon14-p-phy-gpu114,RDMA3,
100704,leaf-gpu-rdma,sys1-lon14-p-swi-bel7,sw22p1,,sys1-lon14-p-phy-gpu115,RDMA3,
100705,leaf-gpu-rdma,sys1-lon14-p-swi-bel7,sw22p2,,sys1-lon14-p-phy-gpu116,RDMA3,
100706,leaf-gpu-rdma,sys1-lon14-p-swi-bel7,sw23p1,,sys1-lon14-p-phy-gpu117,RDMA3,
100708,leaf-gpu-rdma,sys1-lon14-p-swi-bel7,sw24p1,,sys1-lon14-p-phy-gpu119,RDMA3,
100709,leaf-gpu-rdma,sys1-lon14-p-swi-bel7,sw24p2,,sys1-lon14-p-phy-gpu120,RDMA3,
100710,leaf-gpu-rdma,sys1-lon14-p-swi-bel7,sw25p1,,sys1-lon14-p-phy-gpu121,RDMA3,
100711,leaf-gpu-rdma,sys1-lon14-p-swi-bel7,sw25p2,,sys1-lon14-p-phy-gpu122,RDMA3,
100712,leaf-gpu-rdma,sys1-lon14-p-swi-bel7,sw26p1,,sys1-lon14-p-phy-gpu123,RDMA3,
100713,leaf-gpu-rdma,sys1-lon14-p-swi-bel7,sw26p2,,sys1-lon14-p-phy-gpu124,RDMA3,
100714,leaf-gpu-rdma,sys1-lon14-p-swi-bel7,sw27p1,,sys1-lon14-p-phy-gpu125,RDMA3,
100715,leaf-gpu-rdma,sys1-lon14-p-swi-bel7,sw27p2,,sys1-lon14-p-phy-gpu126,RDMA3,
100716,leaf-gpu-rdma,sys1-lon14-p-swi-bel7,sw28p1,,sys1-lon14-p-phy-gpu127,RDMA3,
100717,leaf-gpu-rdma,sys1-lon14-p-swi-bel7,sw28p2,,sys1-lon14-p-phy-gpu128,RDMA3,
100718,leaf-gpu-rdma,sys1-lon14-p-swi-bel7,sw29p1,,sys1-lon14-p-phy-gpu129,RDMA3,
100719,leaf-gpu-rdma,sys1-lon14-p-swi-bel7,sw29p2,,sys1-lon14-p-phy-gpu130,RDMA3,
100720,leaf-gpu-rdma,sys1-lon14-p-swi-bel7,sw30p1,,sys1-lon14-p-phy-gpu131,RDMA3,
100721,leaf-gpu-rdma,sys1-lon14-p-swi-bel7,sw30p2,,sys1-lon14-p-phy-gpu132,RDMA3,
100722,leaf-gpu-rdma,sys1-lon14-p-swi-bel7,sw31p1,,sys1-lon14-p-phy-gpu133,RDMA3,
100723,leaf-gpu-rdma,sys1-lon14-p-swi-bel7,sw31p2,,sys1-lon14-p-phy-gpu134,RDMA3,
100724,leaf-gpu-rdma,sys1-lon14-p-swi-bel7,sw32p1,,sys1-lon14-p-phy-gpu135,RDMA3,
100725,leaf-gpu-rdma,sys1-lon14-p-swi-bel7,sw32p2,,sys1-lon14-p-phy-gpu136,RDMA3,
100726,leaf-gpu-rdma,sys1-lon14-p-swi-bel7,sw33p1,,sys1-lon14-p-phy-gpu137,RDMA3,
100727,leaf-gpu-rdma,sys1-lon14-p-swi-bel7,sw33p2,,sys1-lon14-p-phy-gpu138,RDMA3,
100728,leaf-gpu-rdma,sys1-lon14-p-swi-bel7,sw34p1,,sys1-lon14-p-phy-gpu139,RDMA3,
100729,leaf-gpu-rdma,sys1-lon14-p-swi-bel7,sw34p2,,sys1-lon14-p-phy-gpu140,RDMA3,
100730,leaf-gpu-rdma,sys1-lon14-p-swi-bel7,sw35p1,,sys1-lon14-p-phy-gpu141,RDMA3,
100731,leaf-gpu-rdma,sys1-lon14-p-swi-bel7,sw35p2,,sys1-lon14-p-phy-gpu142,RDMA3,
100733,leaf-gpu-rdma,sys1-lon14-p-swi-bel7,sw36p2,,sys1-lon14-p-phy-gpu144,RDMA3,
100734,leaf-gpu-rdma,sys1-lon14-p-swi-bel8,sw1p1,,sys1-lon14-p-phy-gpu73,RDMA4,
100735,leaf-gpu-rdma,sys1-lon14-p-swi-bel8,sw1p2,,sys1-lon14-p-phy-gpu74,RDMA4,
100736,leaf-gpu-rdma,sys1-lon14-p-swi-bel8,sw2p1,,sys1-lon14-p-phy-gpu75,RDMA4,
100737,leaf-gpu-rdma,sys1-lon14-p-swi-bel8,sw2p2,,sys1-lon14-p-phy-gpu76,RDMA4,
100738,leaf-gpu-rdma,sys1-lon14-p-swi-bel8,sw3p1,,sys1-lon14-p-phy-gpu77,RDMA4,
100739,leaf-gpu-rdma,sys1-lon14-p-swi-bel8,sw3p2,,sys1-lon14-p-phy-gpu78,RDMA4,
100740,leaf-gpu-rdma,sys1-lon14-p-swi-bel8,sw4p1,,sys1-lon14-p-phy-gpu79,RDMA4,
100741,leaf-gpu-rdma,sys1-lon14-p-swi-bel8,sw4p2,,sys1-lon14-p-phy-gpu80,RDMA4,
100742,leaf-gpu-rdma,sys1-lon14-p-swi-bel8,sw5p1,,sys1-lon14-p-phy-gpu81,RDMA4,
100743,leaf-gpu-rdma,sys1-lon14-p-swi-bel8,sw5p2,,sys1-lon14-p-phy-gpu82,RDMA4,
100744,leaf-gpu-rdma,sys1-lon14-p-swi-bel8,sw6p1,,sys1-lon14-p-phy-gpu83,RDMA4,
100745,leaf-gpu-rdma,sys1-lon14-p-swi-bel8,sw6p2,,sys1-lon14-p-phy-gpu84,RDMA4,
100746,leaf-gpu-rdma,sys1-lon14-p-swi-bel8,sw7p1,,sys1-lon14-p-phy-gpu85,RDMA4,
100747,leaf-gpu-rdma,sys1-lon14-p-swi-bel8,sw7p2,,sys1-lon14-p-phy-gpu86,RDMA4,
100748,leaf-gpu-rdma,sys1-lon14-p-swi-bel8,sw8p1,,sys1-lon14-p-phy-gpu87,RDMA4,
100749,leaf-gpu-rdma,sys1-lon14-p-swi-bel8,sw8p2,,sys1-lon14-p-phy-gpu88,RDMA4,
100750,leaf-gpu-rdma,sys1-lon14-p-swi-bel8,sw9p1,,sys1-lon14-p-phy-gpu89,RDMA4,
100751,leaf-gpu-rdma,sys1-lon14-p-swi-bel8,sw9p2,,sys1-lon14-p-phy-gpu90,RDMA4,
100752,leaf-gpu-rdma,sys1-lon14-p-swi-bel8,sw10p1,,sys1-lon14-p-phy-gpu91,RDMA4,
100753,leaf-gpu-rdma,sys1-lon14-p-swi-bel8,sw10p2,,sys1-lon14-p-phy-gpu92,RDMA4,
100754,leaf-gpu-rdma,sys1-lon14-p-swi-bel8,sw11p1,,sys1-lon14-p-phy-gpu93,RDMA4,
100755,leaf-gpu-rdma,sys1-lon14-p-swi-bel8,sw11p2,,sys1-lon14-p-phy-gpu94,RDMA4,
100756,leaf-gpu-rdma,sys1-lon14-p-swi-bel8,sw12p1,,sys1-lon14-p-phy-gpu95,RDMA4,
100757,leaf-gpu-rdma,sys1-lon14-p-swi-bel8,sw12p2,,sys1-lon14-p-phy-gpu96,RDMA4,
100758,leaf-gpu-rdma,sys1-lon14-p-swi-bel8,sw13p1,,sys1-lon14-p-phy-gpu97,RDMA4,
100759,leaf-gpu-rdma,sys1-lon14-p-swi-bel8,sw13p2,,sys1-lon14-p-phy-gpu98,RDMA4,
100760,leaf-gpu-rdma,sys1-lon14-p-swi-bel8,sw14p1,,sys1-lon14-p-phy-gpu99,RDMA4,
100761,leaf-gpu-rdma,sys1-lon14-p-swi-bel8,sw14p2,,sys1-lon14-p-phy-gpu100,RDMA4,
100762,leaf-gpu-rdma,sys1-lon14-p-swi-bel8,sw15p1,,sys1-lon14-p-phy-gpu101,RDMA4,
100763,leaf-gpu-rdma,sys1-lon14-p-swi-bel8,sw15p2,,sys1-lon14-p-phy-gpu102,RDMA4,
100764,leaf-gpu-rdma,sys1-lon14-p-swi-bel8,sw16p1,,sys1-lon14-p-phy-gpu103,RDMA4,
100765,leaf-gpu-rdma,sys1-lon14-p-swi-bel8,sw16p2,,sys1-lon14-p-phy-gpu104,RDMA4,
100766,leaf-gpu-rdma,sys1-lon14-p-swi-bel8,sw17p1,,sys1-lon14-p-phy-gpu105,RDMA4,
100767,leaf-gpu-rdma,sys1-lon14-p-swi-bel8,sw17p2,,sys1-lon14-p-phy-gpu106,RDMA4,
100768,leaf-gpu-rdma,sys1-lon14-p-swi-bel8,sw18p1,,sys1-lon14-p-phy-gpu107,RDMA4,
100769,leaf-gpu-rdma,sys1-lon14-p-swi-bel8,sw18p2,,sys1-lon14-p-phy-gpu108,RDMA4,
100770,leaf-gpu-rdma,sys1-lon14-p-swi-bel8,sw19p1,,sys1-lon14-p-phy-gpu109,RDMA4,
100771,leaf-gpu-rdma,sys1-lon14-p-swi-bel8,sw19p2,,sys1-lon14-p-phy-gpu110,RDMA4,
100772,leaf-gpu-rdma,sys1-lon14-p-swi-bel8,sw20p1,,sys1-lon14-p-phy-gpu111,RDMA4,
100773,leaf-gpu-rdma,sys1-lon14-p-swi-bel8,sw20p2,,sys1-lon14-p-phy-gpu112,RDMA4,
100774,leaf-gpu-rdma,sys1-lon14-p-swi-bel8,sw21p1,,sys1-lon14-p-phy-gpu113,RDMA4,
100775,leaf-gpu-rdma,sys1-lon14-p-swi-bel8,sw21p2,,sys1-lon14-p-phy-gpu114,RDMA4,
100776,leaf-gpu-rdma,sys1-lon14-p-swi-bel8,sw22p1,,sys1-lon14-p-phy-gpu115,RDMA4,
100777,leaf-gpu-rdma,sys1-lon14-p-swi-bel8,sw22p2,,sys1-lon14-p-phy-gpu116,RDMA4,
100778,leaf-gpu-rdma,sys1-lon14-p-swi-bel8,sw23p1,,sys1-lon14-p-phy-gpu117,RDMA4,
100780,leaf-gpu-rdma,sys1-lon14-p-swi-bel8,sw24p1,,sys1-lon14-p-phy-gpu119,RDMA4,
100781,leaf-gpu-rdma,sys1-lon14-p-swi-bel8,sw24p2,,sys1-lon14-p-phy-gpu120,RDMA4,
100782,leaf-gpu-rdma,sys1-lon14-p-swi-bel8,sw25p1,,sys1-lon14-p-phy-gpu121,RDMA4,
100783,leaf-gpu-rdma,sys1-lon14-p-swi-bel8,sw25p2,,sys1-lon14-p-phy-gpu122,RDMA4,
100784,leaf-gpu-rdma,sys1-lon14-p-swi-bel8,sw26p1,,sys1-lon14-p-phy-gpu123,RDMA4,
100785,leaf-gpu-rdma,sys1-lon14-p-swi-bel8,sw26p2,,sys1-lon14-p-phy-gpu124,RDMA4,
100786,leaf-gpu-rdma,sys1-lon14-p-swi-bel8,sw27p1,,sys1-lon14-p-phy-gpu125,RDMA4,
100787,leaf-gpu-rdma,sys1-lon14-p-swi-bel8,sw27p2,,sys1-lon14-p-phy-gpu126,RDMA4,
100788,leaf-gpu-rdma,sys1-lon14-p-swi-bel8,sw28p1,,sys1-lon14-p-phy-gpu127,RDMA4,
100789,leaf-gpu-rdma,sys1-lon14-p-swi-bel8,sw28p2,,sys1-lon14-p-phy-gpu128,RDMA4,
100790,leaf-gpu-rdma,sys1-lon14-p-swi-bel8,sw29p1,,sys1-lon14-p-phy-gpu129,RDMA4,
100791,leaf-gpu-rdma,sys1-lon14-p-swi-bel8,sw29p2,,sys1-lon14-p-phy-gpu130,RDMA4,
100792,leaf-gpu-rdma,sys1-lon14-p-swi-bel8,sw30p1,,sys1-lon14-p-phy-gpu131,RDMA4,
100793,leaf-gpu-rdma,sys1-lon14-p-swi-bel8,sw30p2,,sys1-lon14-p-phy-gpu132,RDMA4,
100794,leaf-gpu-rdma,sys1-lon14-p-swi-bel8,sw31p1,,sys1-lon14-p-phy-gpu133,RDMA4,
100795,leaf-gpu-rdma,sys1-lon14-p-swi-bel8,sw31p2,,sys1-lon14-p-phy-gpu134,RDMA4,
100796,leaf-gpu-rdma,sys1-lon14-p-swi-bel8,sw32p1,,sys1-lon14-p-phy-gpu135,RDMA4,
100797,leaf-gpu-rdma,sys1-lon14-p-swi-bel8,sw32p2,,sys1-lon14-p-phy-gpu136,RDMA4,
100798,leaf-gpu-rdma,sys1-lon14-p-swi-bel8,sw33p1,,sys1-lon14-p-phy-gpu137,RDMA4,
100799,leaf-gpu-rdma,sys1-lon14-p-swi-bel8,sw33p2,,sys1-lon14-p-phy-gpu138,RDMA4,
100800,leaf-gpu-rdma,sys1-lon14-p-swi-bel8,sw34p1,,sys1-lon14-p-phy-gpu139,RDMA4,
100801,leaf-gpu-rdma,sys1-lon14-p-swi-bel8,sw34p2,,sys1-lon14-p-phy-gpu140,RDMA4,
100802,leaf-gpu-rdma,sys1-lon14-p-swi-bel8,sw35p1,,sys1-lon14-p-phy-gpu141,RDMA4,
100803,leaf-gpu-rdma,sys1-lon14-p-swi-bel8,sw35p2,,sys1-lon14-p-phy-gpu142,RDMA4,
100805,leaf-gpu-rdma,sys1-lon14-p-swi-bel8,sw36p2,,sys1-lon14-p-phy-gpu144,RDMA4,
100806,leaf-gpu-rdma,sys1-lon14-p-swi-bel9,sw1p1,,sys1-lon14-p-phy-gpu145,RDMA1,
100807,leaf-gpu-rdma,sys1-lon14-p-swi-bel9,sw1p2,,sys1-lon14-p-phy-gpu762,RDMA1,
100808,leaf-gpu-rdma,sys1-lon14-p-swi-bel9,sw2p1,,sys1-lon14-p-phy-gpu147,RDMA1,
100809,leaf-gpu-rdma,sys1-lon14-p-swi-bel9,sw2p2,,sys1-lon14-p-phy-gpu148,RDMA1,
100810,leaf-gpu-rdma,sys1-lon14-p-swi-bel9,sw3p1,,sys1-lon14-p-phy-gpu149,RDMA1,
100811,leaf-gpu-rdma,sys1-lon14-p-swi-bel9,sw3p2,,sys1-lon14-p-phy-gpu150,RDMA1,
100812,leaf-gpu-rdma,sys1-lon14-p-swi-bel9,sw4p1,,sys1-lon14-p-phy-gpu151,RDMA1,
100813,leaf-gpu-rdma,sys1-lon14-p-swi-bel9,sw4p2,,sys1-lon14-p-phy-gpu152,RDMA1,
100814,leaf-gpu-rdma,sys1-lon14-p-swi-bel9,sw5p1,,sys1-lon14-p-phy-gpu153,RDMA1,
100815,leaf-gpu-rdma,sys1-lon14-p-swi-bel9,sw5p2,,sys1-lon14-p-phy-gpu154,RDMA1,
100816,leaf-gpu-rdma,sys1-lon14-p-swi-bel9,sw6p1,,sys1-lon14-p-phy-gpu155,RDMA1,
100817,leaf-gpu-rdma,sys1-lon14-p-swi-bel9,sw6p2,,sys1-lon14-p-phy-gpu156,RDMA1,
100818,leaf-gpu-rdma,sys1-lon14-p-swi-bel9,sw7p1,,sys1-lon14-p-phy-gpu157,RDMA1,
100819,leaf-gpu-rdma,sys1-lon14-p-swi-bel9,sw7p2,,sys1-lon14-p-phy-gpu158,RDMA1,
100820,leaf-gpu-rdma,sys1-lon14-p-swi-bel9,sw8p1,,sys1-lon14-p-phy-gpu159,RDMA1,
100821,leaf-gpu-rdma,sys1-lon14-p-swi-bel9,sw8p2,,sys1-lon14-p-phy-gpu160,RDMA1,
100822,leaf-gpu-rdma,sys1-lon14-p-swi-bel9,sw9p1,,sys1-lon14-p-phy-gpu161,RDMA1,
100823,leaf-gpu-rdma,sys1-lon14-p-swi-bel9,sw9p2,,sys1-lon14-p-phy-gpu162,RDMA1,
100824,leaf-gpu-rdma,sys1-lon14-p-swi-bel9,sw10p1,,sys1-lon14-p-phy-gpu163,RDMA1,
100825,leaf-gpu-rdma,sys1-lon14-p-swi-bel9,sw10p2,,sys1-lon14-p-phy-gpu164,RDMA1,
100826,leaf-gpu-rdma,sys1-lon14-p-swi-bel9,sw11p1,,sys1-lon14-p-phy-gpu165,RDMA1,
100827,leaf-gpu-rdma,sys1-lon14-p-swi-bel9,sw11p2,,sys1-lon14-p-phy-gpu166,RDMA1,
100828,leaf-gpu-rdma,sys1-lon14-p-swi-bel9,sw12p1,,sys1-lon14-p-phy-gpu167,RDMA1,
100829,leaf-gpu-rdma,sys1-lon14-p-swi-bel9,sw12p2,,sys1-lon14-p-phy-gpu168,RDMA1,
100830,leaf-gpu-rdma,sys1-lon14-p-swi-bel9,sw13p1,,sys1-lon14-p-phy-gpu169,RDMA1,
100831,leaf-gpu-rdma,sys1-lon14-p-swi-bel9,sw13p2,,sys1-lon14-p-phy-gpu170,RDMA1,
100832,leaf-gpu-rdma,sys1-lon14-p-swi-bel9,sw14p1,,sys1-lon14-p-phy-gpu171,RDMA1,
100833,leaf-gpu-rdma,sys1-lon14-p-swi-bel9,sw14p2,,sys1-lon14-p-phy-gpu172,RDMA1,
100834,leaf-gpu-rdma,sys1-lon14-p-swi-bel9,sw15p1,,sys1-lon14-p-phy-gpu173,RDMA1,
100835,leaf-gpu-rdma,sys1-lon14-p-swi-bel9,sw15p2,,sys1-lon14-p-phy-gpu174,RDMA1,
100836,leaf-gpu-rdma,sys1-lon14-p-swi-bel9,sw16p1,,sys1-lon14-p-phy-gpu175,RDMA1,
100837,leaf-gpu-rdma,sys1-lon14-p-swi-bel9,sw16p2,,sys1-lon14-p-phy-gpu176,RDMA1,
100838,leaf-gpu-rdma,sys1-lon14-p-swi-bel9,sw17p1,,sys1-lon14-p-phy-gpu177,RDMA1,
100839,leaf-gpu-rdma,sys1-lon14-p-swi-bel9,sw17p2,,sys1-lon14-p-phy-gpu178,RDMA1,
100840,leaf-gpu-rdma,sys1-lon14-p-swi-bel9,sw18p1,,sys1-lon14-p-phy-gpu179,RDMA1,
100841,leaf-gpu-rdma,sys1-lon14-p-swi-bel9,sw18p2,,sys1-lon14-p-phy-gpu180,RDMA1,
100842,leaf-gpu-rdma,sys1-lon14-p-swi-bel9,sw19p1,,sys1-lon14-p-phy-gpu181,RDMA1,
100843,leaf-gpu-rdma,sys1-lon14-p-swi-bel9,sw19p2,,sys1-lon14-p-phy-gpu182,RDMA1,
100844,leaf-gpu-rdma,sys1-lon14-p-swi-bel9,sw20p1,,sys1-lon14-p-phy-gpu183,RDMA1,
100845,leaf-gpu-rdma,sys1-lon14-p-swi-bel9,sw20p2,,sys1-lon14-p-phy-gpu184,RDMA1,
100846,leaf-gpu-rdma,sys1-lon14-p-swi-bel9,sw21p1,,sys1-lon14-p-phy-gpu185,RDMA1,
100847,leaf-gpu-rdma,sys1-lon14-p-swi-bel9,sw21p2,,sys1-lon14-p-phy-gpu186,RDMA1,
100848,leaf-gpu-rdma,sys1-lon14-p-swi-bel9,sw22p1,,sys1-lon14-p-phy-gpu187,RDMA1,
100849,leaf-gpu-rdma,sys1-lon14-p-swi-bel9,sw22p2,,sys1-lon14-p-phy-gpu188,RDMA1,
100850,leaf-gpu-rdma,sys1-lon14-p-swi-bel9,sw23p1,,sys1-lon14-p-phy-gpu189,RDMA1,
100851,leaf-gpu-rdma,sys1-lon14-p-swi-bel9,sw23p2,,sys1-lon14-p-phy-gpu190,RDMA1,
100852,leaf-gpu-rdma,sys1-lon14-p-swi-bel9,sw24p1,,sys1-lon14-p-phy-gpu191,RDMA1,
100853,leaf-gpu-rdma,sys1-lon14-p-swi-bel9,sw24p2,,sys1-lon14-p-phy-gpu192,RDMA1,
100854,leaf-gpu-rdma,sys1-lon14-p-swi-bel9,sw25p1,,sys1-lon14-p-phy-gpu193,RDMA1,
100855,leaf-gpu-rdma,sys1-lon14-p-swi-bel9,sw25p2,,sys1-lon14-p-phy-gpu194,RDMA1,
100856,leaf-gpu-rdma,sys1-lon14-p-swi-bel9,sw26p1,,sys1-lon14-p-phy-gpu195,RDMA1,
100857,leaf-gpu-rdma,sys1-lon14-p-swi-bel9,sw26p2,,sys1-lon14-p-phy-gpu196,RDMA1,
100858,leaf-gpu-rdma,sys1-lon14-p-swi-bel9,sw27p1,,sys1-lon14-p-phy-gpu197,RDMA1,
100859,leaf-gpu-rdma,sys1-lon14-p-swi-bel9,sw27p2,,sys1-lon14-p-phy-gpu198,RDMA1,
100860,leaf-gpu-rdma,sys1-lon14-p-swi-bel9,sw28p1,,sys1-lon14-p-phy-gpu199,RDMA1,
100861,leaf-gpu-rdma,sys1-lon14-p-swi-bel9,sw28p2,,sys1-lon14-p-phy-gpu200,RDMA1,
100862,leaf-gpu-rdma,sys1-lon14-p-swi-bel9,sw29p1,,sys1-lon14-p-phy-gpu201,RDMA1,
100863,leaf-gpu-rdma,sys1-lon14-p-swi-bel9,sw29p2,,sys1-lon14-p-phy-gpu202,RDMA1,
100864,leaf-gpu-rdma,sys1-lon14-p-swi-bel9,sw30p1,,sys1-lon14-p-phy-gpu203,RDMA1,
100865,leaf-gpu-rdma,sys1-lon14-p-swi-bel9,sw30p2,,sys1-lon14-p-phy-gpu204,RDMA1,
100866,leaf-gpu-rdma,sys1-lon14-p-swi-bel9,sw31p1,,sys1-lon14-p-phy-gpu205,RDMA1,
100867,leaf-gpu-rdma,sys1-lon14-p-swi-bel9,sw31p2,,sys1-lon14-p-phy-gpu206,RDMA1,
100868,leaf-gpu-rdma,sys1-lon14-p-swi-bel9,sw32p1,,sys1-lon14-p-phy-gpu207,RDMA1,
100869,leaf-gpu-rdma,sys1-lon14-p-swi-bel9,sw32p2,,sys1-lon14-p-phy-gpu208,RDMA1,
100870,leaf-gpu-rdma,sys1-lon14-p-swi-bel9,sw33p1,,sys1-lon14-p-phy-gpu209,RDMA1,
100871,leaf-gpu-rdma,sys1-lon14-p-swi-bel9,sw33p2,,sys1-lon14-p-phy-gpu210,RDMA1,
100872,leaf-gpu-rdma,sys1-lon14-p-swi-bel9,sw34p1,,sys1-lon14-p-phy-gpu211,RDMA1,
100873,leaf-gpu-rdma,sys1-lon14-p-swi-bel9,sw34p2,,sys1-lon14-p-phy-gpu212,RDMA1,
100874,leaf-gpu-rdma,sys1-lon14-p-swi-bel9,sw35p1,,sys1-lon14-p-phy-gpu213,RDMA1,
100875,leaf-gpu-rdma,sys1-lon14-p-swi-bel9,sw35p2,,sys1-lon14-p-phy-gpu214,RDMA1,
100876,leaf-gpu-rdma,sys1-lon14-p-swi-bel9,sw36p1,,sys1-lon14-p-phy-gpu215,RDMA1,
100877,leaf-gpu-rdma,sys1-lon14-p-swi-bel9,sw36p2,,sys1-lon14-p-phy-gpu216,RDMA1,
100878,leaf-gpu-rdma,sys1-lon14-p-swi-bel10,sw1p1,,sys1-lon14-p-phy-gpu145,RDMA2,
100879,leaf-gpu-rdma,sys1-lon14-p-swi-bel10,sw1p2,,sys1-lon14-p-phy-gpu762,RDMA2,
100880,leaf-gpu-rdma,sys1-lon14-p-swi-bel10,sw2p1,,sys1-lon14-p-phy-gpu147,RDMA2,
100881,leaf-gpu-rdma,sys1-lon14-p-swi-bel10,sw2p2,,sys1-lon14-p-phy-gpu148,RDMA2,
100882,leaf-gpu-rdma,sys1-lon14-p-swi-bel10,sw3p1,,sys1-lon14-p-phy-gpu149,RDMA2,
100883,leaf-gpu-rdma,sys1-lon14-p-swi-bel10,sw3p2,,sys1-lon14-p-phy-gpu150,RDMA2,
100884,leaf-gpu-rdma,sys1-lon14-p-swi-bel10,sw4p1,,sys1-lon14-p-phy-gpu151,RDMA2,
100885,leaf-gpu-rdma,sys1-lon14-p-swi-bel10,sw4p2,,sys1-lon14-p-phy-gpu152,RDMA2,
100886,leaf-gpu-rdma,sys1-lon14-p-swi-bel10,sw5p1,,sys1-lon14-p-phy-gpu153,RDMA2,
100887,leaf-gpu-rdma,sys1-lon14-p-swi-bel10,sw5p2,,sys1-lon14-p-phy-gpu154,RDMA2,
100888,leaf-gpu-rdma,sys1-lon14-p-swi-bel10,sw6p1,,sys1-lon14-p-phy-gpu155,RDMA2,
100889,leaf-gpu-rdma,sys1-lon14-p-swi-bel10,sw6p2,,sys1-lon14-p-phy-gpu156,RDMA2,
100890,leaf-gpu-rdma,sys1-lon14-p-swi-bel10,sw7p1,,sys1-lon14-p-phy-gpu157,RDMA2,
100891,leaf-gpu-rdma,sys1-lon14-p-swi-bel10,sw7p2,,sys1-lon14-p-phy-gpu158,RDMA2,
100892,leaf-gpu-rdma,sys1-lon14-p-swi-bel10,sw8p1,,sys1-lon14-p-phy-gpu159,RDMA2,
100893,leaf-gpu-rdma,sys1-lon14-p-swi-bel10,sw8p2,,sys1-lon14-p-phy-gpu160,RDMA2,
100894,leaf-gpu-rdma,sys1-lon14-p-swi-bel10,sw9p1,,sys1-lon14-p-phy-gpu161,RDMA2,
100895,leaf-gpu-rdma,sys1-lon14-p-swi-bel10,sw9p2,,sys1-lon14-p-phy-gpu162,RDMA2,
100896,leaf-gpu-rdma,sys1-lon14-p-swi-bel10,sw10p1,,sys1-lon14-p-phy-gpu163,RDMA2,
100897,leaf-gpu-rdma,sys1-lon14-p-swi-bel10,sw10p2,,sys1-lon14-p-phy-gpu164,RDMA2,
100898,leaf-gpu-rdma,sys1-lon14-p-swi-bel10,sw11p1,,sys1-lon14-p-phy-gpu165,RDMA2,
100899,leaf-gpu-rdma,sys1-lon14-p-swi-bel10,sw11p2,,sys1-lon14-p-phy-gpu166,RDMA2,
100900,leaf-gpu-rdma,sys1-lon14-p-swi-bel10,sw12p1,,sys1-lon14-p-phy-gpu167,RDMA2,
100901,leaf-gpu-rdma,sys1-lon14-p-swi-bel10,sw12p2,,sys1-lon14-p-phy-gpu168,RDMA2,
100902,leaf-gpu-rdma,sys1-lon14-p-swi-bel10,sw13p1,,sys1-lon14-p-phy-gpu169,RDMA2,
100903,leaf-gpu-rdma,sys1-lon14-p-swi-bel10,sw13p2,,sys1-lon14-p-phy-gpu170,RDMA2,
100904,leaf-gpu-rdma,sys1-lon14-p-swi-bel10,sw14p1,,sys1-lon14-p-phy-gpu171,RDMA2,
100905,leaf-gpu-rdma,sys1-lon14-p-swi-bel10,sw14p2,,sys1-lon14-p-phy-gpu172,RDMA2,
100906,leaf-gpu-rdma,sys1-lon14-p-swi-bel10,sw15p1,,sys1-lon14-p-phy-gpu173,RDMA2,
100907,leaf-gpu-rdma,sys1-lon14-p-swi-bel10,sw15p2,,sys1-lon14-p-phy-gpu174,RDMA2,
100908,leaf-gpu-rdma,sys1-lon14-p-swi-bel10,sw16p1,,sys1-lon14-p-phy-gpu175,RDMA2,
100909,leaf-gpu-rdma,sys1-lon14-p-swi-bel10,sw16p2,,sys1-lon14-p-phy-gpu176,RDMA2,
100910,leaf-gpu-rdma,sys1-lon14-p-swi-bel10,sw17p1,,sys1-lon14-p-phy-gpu177,RDMA2,
100911,leaf-gpu-rdma,sys1-lon14-p-swi-bel10,sw17p2,,sys1-lon14-p-phy-gpu178,RDMA2,
100912,leaf-gpu-rdma,sys1-lon14-p-swi-bel10,sw18p1,,sys1-lon14-p-phy-gpu179,RDMA2,
100913,leaf-gpu-rdma,sys1-lon14-p-swi-bel10,sw18p2,,sys1-lon14-p-phy-gpu180,RDMA2,
100914,leaf-gpu-rdma,sys1-lon14-p-swi-bel10,sw19p1,,sys1-lon14-p-phy-gpu181,RDMA2,
100915,leaf-gpu-rdma,sys1-lon14-p-swi-bel10,sw19p2,,sys1-lon14-p-phy-gpu182,RDMA2,
100916,leaf-gpu-rdma,sys1-lon14-p-swi-bel10,sw20p1,,sys1-lon14-p-phy-gpu183,RDMA2,
100917,leaf-gpu-rdma,sys1-lon14-p-swi-bel10,sw20p2,,sys1-lon14-p-phy-gpu184,RDMA2,
100918,leaf-gpu-rdma,sys1-lon14-p-swi-bel10,sw21p1,,sys1-lon14-p-phy-gpu185,RDMA2,
100919,leaf-gpu-rdma,sys1-lon14-p-swi-bel10,sw21p2,,sys1-lon14-p-phy-gpu186,RDMA2,
100920,leaf-gpu-rdma,sys1-lon14-p-swi-bel10,sw22p1,,sys1-lon14-p-phy-gpu187,RDMA2,
100921,leaf-gpu-rdma,sys1-lon14-p-swi-bel10,sw22p2,,sys1-lon14-p-phy-gpu188,RDMA2,
100922,leaf-gpu-rdma,sys1-lon14-p-swi-bel10,sw23p1,,sys1-lon14-p-phy-gpu189,RDMA2,
100923,leaf-gpu-rdma,sys1-lon14-p-swi-bel10,sw23p2,,sys1-lon14-p-phy-gpu190,RDMA2,
100924,leaf-gpu-rdma,sys1-lon14-p-swi-bel10,sw24p1,,sys1-lon14-p-phy-gpu191,RDMA2,
100925,leaf-gpu-rdma,sys1-lon14-p-swi-bel10,sw24p2,,sys1-lon14-p-phy-gpu192,RDMA2,
100926,leaf-gpu-rdma,sys1-lon14-p-swi-bel10,sw25p1,,sys1-lon14-p-phy-gpu193,RDMA2,
100927,leaf-gpu-rdma,sys1-lon14-p-swi-bel10,sw25p2,,sys1-lon14-p-phy-gpu194,RDMA2,
100928,leaf-gpu-rdma,sys1-lon14-p-swi-bel10,sw26p1,,sys1-lon14-p-phy-gpu195,RDMA2,
100929,leaf-gpu-rdma,sys1-lon14-p-swi-bel10,sw26p2,,sys1-lon14-p-phy-gpu196,RDMA2,
100930,leaf-gpu-rdma,sys1-lon14-p-swi-bel10,sw27p1,,sys1-lon14-p-phy-gpu197,RDMA2,
100931,leaf-gpu-rdma,sys1-lon14-p-swi-bel10,sw27p2,,sys1-lon14-p-phy-gpu198,RDMA2,
100932,leaf-gpu-rdma,sys1-lon14-p-swi-bel10,sw28p1,,sys1-lon14-p-phy-gpu199,RDMA2,
100933,leaf-gpu-rdma,sys1-lon14-p-swi-bel10,sw28p2,,sys1-lon14-p-phy-gpu200,RDMA2,
100934,leaf-gpu-rdma,sys1-lon14-p-swi-bel10,sw29p1,,sys1-lon14-p-phy-gpu201,RDMA2,
100935,leaf-gpu-rdma,sys1-lon14-p-swi-bel10,sw29p2,,sys1-lon14-p-phy-gpu202,RDMA2,
100936,leaf-gpu-rdma,sys1-lon14-p-swi-bel10,sw30p1,,sys1-lon14-p-phy-gpu203,RDMA2,
100937,leaf-gpu-rdma,sys1-lon14-p-swi-bel10,sw30p2,,sys1-lon14-p-phy-gpu204,RDMA2,
100938,leaf-gpu-rdma,sys1-lon14-p-swi-bel10,sw31p1,,sys1-lon14-p-phy-gpu205,RDMA2,
100939,leaf-gpu-rdma,sys1-lon14-p-swi-bel10,sw31p2,,sys1-lon14-p-phy-gpu206,RDMA2,
100940,leaf-gpu-rdma,sys1-lon14-p-swi-bel10,sw32p1,,sys1-lon14-p-phy-gpu207,RDMA2,
100941,leaf-gpu-rdma,sys1-lon14-p-swi-bel10,sw32p2,,sys1-lon14-p-phy-gpu208,RDMA2,
100942,leaf-gpu-rdma,sys1-lon14-p-swi-bel10,sw33p1,,sys1-lon14-p-phy-gpu209,RDMA2,
100943,leaf-gpu-rdma,sys1-lon14-p-swi-bel10,sw33p2,,sys1-lon14-p-phy-gpu210,RDMA2,
100944,leaf-gpu-rdma,sys1-lon14-p-swi-bel10,sw34p1,,sys1-lon14-p-phy-gpu211,RDMA2,
100945,leaf-gpu-rdma,sys1-lon14-p-swi-bel10,sw34p2,,sys1-lon14-p-phy-gpu212,RDMA2,
100946,leaf-gpu-rdma,sys1-lon14-p-swi-bel10,sw35p1,,sys1-lon14-p-phy-gpu213,RDMA2,
100947,leaf-gpu-rdma,sys1-lon14-p-swi-bel10,sw35p2,,sys1-lon14-p-phy-gpu214,RDMA2,
100948,leaf-gpu-rdma,sys1-lon14-p-swi-bel10,sw36p1,,sys1-lon14-p-phy-gpu215,RDMA2,
100949,leaf-gpu-rdma,sys1-lon14-p-swi-bel10,sw36p2,,sys1-lon14-p-phy-gpu216,RDMA2,
100950,leaf-gpu-rdma,sys1-lon14-p-swi-bel11,sw1p1,,sys1-lon14-p-phy-gpu145,RDMA3,
100951,leaf-gpu-rdma,sys1-lon14-p-swi-bel11,sw1p2,,sys1-lon14-p-phy-gpu762,RDMA3,
100952,leaf-gpu-rdma,sys1-lon14-p-swi-bel11,sw2p1,,sys1-lon14-p-phy-gpu147,RDMA3,
100953,leaf-gpu-rdma,sys1-lon14-p-swi-bel11,sw2p2,,sys1-lon14-p-phy-gpu148,RDMA3,
100954,leaf-gpu-rdma,sys1-lon14-p-swi-bel11,sw3p1,,sys1-lon14-p-phy-gpu149,RDMA3,
100955,leaf-gpu-rdma,sys1-lon14-p-swi-bel11,sw3p2,,sys1-lon14-p-phy-gpu150,RDMA3,
100956,leaf-gpu-rdma,sys1-lon14-p-swi-bel11,sw4p1,,sys1-lon14-p-phy-gpu151,RDMA3,
100957,leaf-gpu-rdma,sys1-lon14-p-swi-bel11,sw4p2,,sys1-lon14-p-phy-gpu152,RDMA3,
100958,leaf-gpu-rdma,sys1-lon14-p-swi-bel11,sw5p1,,sys1-lon14-p-phy-gpu153,RDMA3,
100959,leaf-gpu-rdma,sys1-lon14-p-swi-bel11,sw5p2,,sys1-lon14-p-phy-gpu154,RDMA3,
100960,leaf-gpu-rdma,sys1-lon14-p-swi-bel11,sw6p1,,sys1-lon14-p-phy-gpu155,RDMA3,
100961,leaf-gpu-rdma,sys1-lon14-p-swi-bel11,sw6p2,,sys1-lon14-p-phy-gpu156,RDMA3,
100962,leaf-gpu-rdma,sys1-lon14-p-swi-bel11,sw7p1,,sys1-lon14-p-phy-gpu157,RDMA3,
100963,leaf-gpu-rdma,sys1-lon14-p-swi-bel11,sw7p2,,sys1-lon14-p-phy-gpu158,RDMA3,
100964,leaf-gpu-rdma,sys1-lon14-p-swi-bel11,sw8p1,,sys1-lon14-p-phy-gpu159,RDMA3,
100965,leaf-gpu-rdma,sys1-lon14-p-swi-bel11,sw8p2,,sys1-lon14-p-phy-gpu160,RDMA3,
100966,leaf-gpu-rdma,sys1-lon14-p-swi-bel11,sw9p1,,sys1-lon14-p-phy-gpu161,RDMA3,
100967,leaf-gpu-rdma,sys1-lon14-p-swi-bel11,sw9p2,,sys1-lon14-p-phy-gpu162,RDMA3,
100968,leaf-gpu-rdma,sys1-lon14-p-swi-bel11,sw10p1,,sys1-lon14-p-phy-gpu163,RDMA3,
100969,leaf-gpu-rdma,sys1-lon14-p-swi-bel11,sw10p2,,sys1-lon14-p-phy-gpu164,RDMA3,
100970,leaf-gpu-rdma,sys1-lon14-p-swi-bel11,sw11p1,,sys1-lon14-p-phy-gpu165,RDMA3,
100971,leaf-gpu-rdma,sys1-lon14-p-swi-bel11,sw11p2,,sys1-lon14-p-phy-gpu166,RDMA3,
100972,leaf-gpu-rdma,sys1-lon14-p-swi-bel11,sw12p1,,sys1-lon14-p-phy-gpu167,RDMA3,
100973,leaf-gpu-rdma,sys1-lon14-p-swi-bel11,sw12p2,,sys1-lon14-p-phy-gpu168,RDMA3,
100974,leaf-gpu-rdma,sys1-lon14-p-swi-bel11,sw13p1,,sys1-lon14-p-phy-gpu169,RDMA3,
100975,leaf-gpu-rdma,sys1-lon14-p-swi-bel11,sw13p2,,sys1-lon14-p-phy-gpu170,RDMA3,
100976,leaf-gpu-rdma,sys1-lon14-p-swi-bel11,sw14p1,,sys1-lon14-p-phy-gpu171,RDMA3,
100977,leaf-gpu-rdma,sys1-lon14-p-swi-bel11,sw14p2,,sys1-lon14-p-phy-gpu172,RDMA3,
100978,leaf-gpu-rdma,sys1-lon14-p-swi-bel11,sw15p1,,sys1-lon14-p-phy-gpu173,RDMA3,
100979,leaf-gpu-rdma,sys1-lon14-p-swi-bel11,sw15p2,,sys1-lon14-p-phy-gpu174,RDMA3,
100980,leaf-gpu-rdma,sys1-lon14-p-swi-bel11,sw16p1,,sys1-lon14-p-phy-gpu175,RDMA3,
100981,leaf-gpu-rdma,sys1-lon14-p-swi-bel11,sw16p2,,sys1-lon14-p-phy-gpu176,RDMA3,
100982,leaf-gpu-rdma,sys1-lon14-p-swi-bel11,sw17p1,,sys1-lon14-p-phy-gpu177,RDMA3,
100983,leaf-gpu-rdma,sys1-lon14-p-swi-bel11,sw17p2,,sys1-lon14-p-phy-gpu178,RDMA3,
100984,leaf-gpu-rdma,sys1-lon14-p-swi-bel11,sw18p1,,sys1-lon14-p-phy-gpu179,RDMA3,
100985,leaf-gpu-rdma,sys1-lon14-p-swi-bel11,sw18p2,,sys1-lon14-p-phy-gpu180,RDMA3,
100986,leaf-gpu-rdma,sys1-lon14-p-swi-bel11,sw19p1,,sys1-lon14-p-phy-gpu181,RDMA3,
100987,leaf-gpu-rdma,sys1-lon14-p-swi-bel11,sw19p2,,sys1-lon14-p-phy-gpu182,RDMA3,
100988,leaf-gpu-rdma,sys1-lon14-p-swi-bel11,sw20p1,,sys1-lon14-p-phy-gpu183,RDMA3,
100989,leaf-gpu-rdma,sys1-lon14-p-swi-bel11,sw20p2,,sys1-lon14-p-phy-gpu184,RDMA3,
100990,leaf-gpu-rdma,sys1-lon14-p-swi-bel11,sw21p1,,sys1-lon14-p-phy-gpu185,RDMA3,
100991,leaf-gpu-rdma,sys1-lon14-p-swi-bel11,sw21p2,,sys1-lon14-p-phy-gpu186,RDMA3,
100992,leaf-gpu-rdma,sys1-lon14-p-swi-bel11,sw22p1,,sys1-lon14-p-phy-gpu187,RDMA3,
100993,leaf-gpu-rdma,sys1-lon14-p-swi-bel11,sw22p2,,sys1-lon14-p-phy-gpu188,RDMA3,
100994,leaf-gpu-rdma,sys1-lon14-p-swi-bel11,sw23p1,,sys1-lon14-p-phy-gpu189,RDMA3,
100995,leaf-gpu-rdma,sys1-lon14-p-swi-bel11,sw23p2,,sys1-lon14-p-phy-gpu190,RDMA3,
100996,leaf-gpu-rdma,sys1-lon14-p-swi-bel11,sw24p1,,sys1-lon14-p-phy-gpu191,RDMA3,
100997,leaf-gpu-rdma,sys1-lon14-p-swi-bel11,sw24p2,,sys1-lon14-p-phy-gpu192,RDMA3,
100998,leaf-gpu-rdma,sys1-lon14-p-swi-bel11,sw25p1,,sys1-lon14-p-phy-gpu193,RDMA3,
100999,leaf-gpu-rdma,sys1-lon14-p-swi-bel11,sw25p2,,sys1-lon14-p-phy-gpu194,RDMA3,
101000,leaf-gpu-rdma,sys1-lon14-p-swi-bel11,sw26p1,,sys1-lon14-p-phy-gpu195,RDMA3,
101001,leaf-gpu-rdma,sys1-lon14-p-swi-bel11,sw26p2,,sys1-lon14-p-phy-gpu196,RDMA3,
101002,leaf-gpu-rdma,sys1-lon14-p-swi-bel11,sw27p1,,sys1-lon14-p-phy-gpu197,RDMA3,
101003,leaf-gpu-rdma,sys1-lon14-p-swi-bel11,sw27p2,,sys1-lon14-p-phy-gpu198,RDMA3,
101004,leaf-gpu-rdma,sys1-lon14-p-swi-bel11,sw28p1,,sys1-lon14-p-phy-gpu199,RDMA3,
101005,leaf-gpu-rdma,sys1-lon14-p-swi-bel11,sw28p2,,sys1-lon14-p-phy-gpu200,RDMA3,
101006,leaf-gpu-rdma,sys1-lon14-p-swi-bel11,sw29p1,,sys1-lon14-p-phy-gpu201,RDMA3,
101007,leaf-gpu-rdma,sys1-lon14-p-swi-bel11,sw29p2,,sys1-lon14-p-phy-gpu202,RDMA3,
101008,leaf-gpu-rdma,sys1-lon14-p-swi-bel11,sw30p1,,sys1-lon14-p-phy-gpu203,RDMA3,
101009,leaf-gpu-rdma,sys1-lon14-p-swi-bel11,sw30p2,,sys1-lon14-p-phy-gpu204,RDMA3,
101010,leaf-gpu-rdma,sys1-lon14-p-swi-bel11,sw31p1,,sys1-lon14-p-phy-gpu205,RDMA3,
101011,leaf-gpu-rdma,sys1-lon14-p-swi-bel11,sw31p2,,sys1-lon14-p-phy-gpu206,RDMA3,
101012,leaf-gpu-rdma,sys1-lon14-p-swi-bel11,sw32p1,,sys1-lon14-p-phy-gpu207,RDMA3,
101013,leaf-gpu-rdma,sys1-lon14-p-swi-bel11,sw32p2,,sys1-lon14-p-phy-gpu208,RDMA3,
101014,leaf-gpu-rdma,sys1-lon14-p-swi-bel11,sw33p1,,sys1-lon14-p-phy-gpu209,RDMA3,
101015,leaf-gpu-rdma,sys1-lon14-p-swi-bel11,sw33p2,,sys1-lon14-p-phy-gpu210,RDMA3,
101016,leaf-gpu-rdma,sys1-lon14-p-swi-bel11,sw34p1,,sys1-lon14-p-phy-gpu211,RDMA3,
101017,leaf-gpu-rdma,sys1-lon14-p-swi-bel11,sw34p2,,sys1-lon14-p-phy-gpu212,RDMA3,
101018,leaf-gpu-rdma,sys1-lon14-p-swi-bel11,sw35p1,,sys1-lon14-p-phy-gpu213,RDMA3,
101019,leaf-gpu-rdma,sys1-lon14-p-swi-bel11,sw35p2,,sys1-lon14-p-phy-gpu214,RDMA3,
101020,leaf-gpu-rdma,sys1-lon14-p-swi-bel11,sw36p1,,sys1-lon14-p-phy-gpu215,RDMA3,
101021,leaf-gpu-rdma,sys1-lon14-p-swi-bel11,sw36p2,,sys1-lon14-p-phy-gpu216,RDMA3,
101022,leaf-gpu-rdma,sys1-lon14-p-swi-bel12,sw1p1,,sys1-lon14-p-phy-gpu145,RDMA4,
101023,leaf-gpu-rdma,sys1-lon14-p-swi-bel12,sw1p2,,sys1-lon14-p-phy-gpu762,RDMA4,
101024,leaf-gpu-rdma,sys1-lon14-p-swi-bel12,sw2p1,,sys1-lon14-p-phy-gpu147,RDMA4,
101025,leaf-gpu-rdma,sys1-lon14-p-swi-bel12,sw2p2,,sys1-lon14-p-phy-gpu148,RDMA4,
101026,leaf-gpu-rdma,sys1-lon14-p-swi-bel12,sw3p1,,sys1-lon14-p-phy-gpu149,RDMA4,
101027,leaf-gpu-rdma,sys1-lon14-p-swi-bel12,sw3p2,,sys1-lon14-p-phy-gpu150,RDMA4,
101028,leaf-gpu-rdma,sys1-lon14-p-swi-bel12,sw4p1,,sys1-lon14-p-phy-gpu151,RDMA4,
101029,leaf-gpu-rdma,sys1-lon14-p-swi-bel12,sw4p2,,sys1-lon14-p-phy-gpu152,RDMA4,
101030,leaf-gpu-rdma,sys1-lon14-p-swi-bel12,sw5p1,,sys1-lon14-p-phy-gpu153,RDMA4,
101031,leaf-gpu-rdma,sys1-lon14-p-swi-bel12,sw5p2,,sys1-lon14-p-phy-gpu154,RDMA4,
101032,leaf-gpu-rdma,sys1-lon14-p-swi-bel12,sw6p1,,sys1-lon14-p-phy-gpu155,RDMA4,
101033,leaf-gpu-rdma,sys1-lon14-p-swi-bel12,sw6p2,,sys1-lon14-p-phy-gpu156,RDMA4,
101034,leaf-gpu-rdma,sys1-lon14-p-swi-bel12,sw7p1,,sys1-lon14-p-phy-gpu157,RDMA4,
101035,leaf-gpu-rdma,sys1-lon14-p-swi-bel12,sw7p2,,sys1-lon14-p-phy-gpu158,RDMA4,
101036,leaf-gpu-rdma,sys1-lon14-p-swi-bel12,sw8p1,,sys1-lon14-p-phy-gpu159,RDMA4,
101037,leaf-gpu-rdma,sys1-lon14-p-swi-bel12,sw8p2,,sys1-lon14-p-phy-gpu160,RDMA4,
101038,leaf-gpu-rdma,sys1-lon14-p-swi-bel12,sw9p1,,sys1-lon14-p-phy-gpu161,RDMA4,
101039,leaf-gpu-rdma,sys1-lon14-p-swi-bel12,sw9p2,,sys1-lon14-p-phy-gpu162,RDMA4,
101040,leaf-gpu-rdma,sys1-lon14-p-swi-bel12,sw10p1,,sys1-lon14-p-phy-gpu163,RDMA4,
101041,leaf-gpu-rdma,sys1-lon14-p-swi-bel12,sw10p2,,sys1-lon14-p-phy-gpu164,RDMA4,
101042,leaf-gpu-rdma,sys1-lon14-p-swi-bel12,sw11p1,,sys1-lon14-p-phy-gpu165,RDMA4,
101043,leaf-gpu-rdma,sys1-lon14-p-swi-bel12,sw11p2,,sys1-lon14-p-phy-gpu166,RDMA4,
101044,leaf-gpu-rdma,sys1-lon14-p-swi-bel12,sw12p1,,sys1-lon14-p-phy-gpu167,RDMA4,
101045,leaf-gpu-rdma,sys1-lon14-p-swi-bel12,sw12p2,,sys1-lon14-p-phy-gpu168,RDMA4,
101046,leaf-gpu-rdma,sys1-lon14-p-swi-bel12,sw13p1,,sys1-lon14-p-phy-gpu169,RDMA4,
101047,leaf-gpu-rdma,sys1-lon14-p-swi-bel12,sw13p2,,sys1-lon14-p-phy-gpu170,RDMA4,
101048,leaf-gpu-rdma,sys1-lon14-p-swi-bel12,sw14p1,,sys1-lon14-p-phy-gpu171,RDMA4,
101049,leaf-gpu-rdma,sys1-lon14-p-swi-bel12,sw14p2,,sys1-lon14-p-phy-gpu172,RDMA4,
101050,leaf-gpu-rdma,sys1-lon14-p-swi-bel12,sw15p1,,sys1-lon14-p-phy-gpu173,RDMA4,
101051,leaf-gpu-rdma,sys1-lon14-p-swi-bel12,sw15p2,,sys1-lon14-p-phy-gpu174,RDMA4,
101052,leaf-gpu-rdma,sys1-lon14-p-swi-bel12,sw16p1,,sys1-lon14-p-phy-gpu175,RDMA4,
101053,leaf-gpu-rdma,sys1-lon14-p-swi-bel12,sw16p2,,sys1-lon14-p-phy-gpu176,RDMA4,
101054,leaf-gpu-rdma,sys1-lon14-p-swi-bel12,sw17p1,,sys1-lon14-p-phy-gpu177,RDMA4,
101055,leaf-gpu-rdma,sys1-lon14-p-swi-bel12,sw17p2,,sys1-lon14-p-phy-gpu178,RDMA4,
101056,leaf-gpu-rdma,sys1-lon14-p-swi-bel12,sw18p1,,sys1-lon14-p-phy-gpu179,RDMA4,
101057,leaf-gpu-rdma,sys1-lon14-p-swi-bel12,sw18p2,,sys1-lon14-p-phy-gpu180,RDMA4,
101058,leaf-gpu-rdma,sys1-lon14-p-swi-bel12,sw19p1,,sys1-lon14-p-phy-gpu181,RDMA4,
101059,leaf-gpu-rdma,sys1-lon14-p-swi-bel12,sw19p2,,sys1-lon14-p-phy-gpu182,RDMA4,
101060,leaf-gpu-rdma,sys1-lon14-p-swi-bel12,sw20p1,,sys1-lon14-p-phy-gpu183,RDMA4,
101061,leaf-gpu-rdma,sys1-lon14-p-swi-bel12,sw20p2,,sys1-lon14-p-phy-gpu184,RDMA4,
101062,leaf-gpu-rdma,sys1-lon14-p-swi-bel12,sw21p1,,sys1-lon14-p-phy-gpu185,RDMA4,
101063,leaf-gpu-rdma,sys1-lon14-p-swi-bel12,sw21p2,,sys1-lon14-p-phy-gpu186,RDMA4,
101064,leaf-gpu-rdma,sys1-lon14-p-swi-bel12,sw22p1,,sys1-lon14-p-phy-gpu187,RDMA4,
101065,leaf-gpu-rdma,sys1-lon14-p-swi-bel12,sw22p2,,sys1-lon14-p-phy-gpu188,RDMA4,
101066,leaf-gpu-rdma,sys1-lon14-p-swi-bel12,sw23p1,,sys1-lon14-p-phy-gpu189,RDMA4,
101067,leaf-gpu-rdma,sys1-lon14-p-swi-bel12,sw23p2,,sys1-lon14-p-phy-gpu190,RDMA4,
101068,leaf-gpu-rdma,sys1-lon14-p-swi-bel12,sw24p1,,sys1-lon14-p-phy-gpu191,RDMA4,
101069,leaf-gpu-rdma,sys1-lon14-p-swi-bel12,sw24p2,,sys1-lon14-p-phy-gpu192,RDMA4,
101070,leaf-gpu-rdma,sys1-lon14-p-swi-bel12,sw25p1,,sys1-lon14-p-phy-gpu193,RDMA4,
101071,leaf-gpu-rdma,sys1-lon14-p-swi-bel12,sw25p2,,sys1-lon14-p-phy-gpu194,RDMA4,
101072,leaf-gpu-rdma,sys1-lon14-p-swi-bel12,sw26p1,,sys1-lon14-p-phy-gpu195,RDMA4,
101073,leaf-gpu-rdma,sys1-lon14-p-swi-bel12,sw26p2,,sys1-lon14-p-phy-gpu196,RDMA4,
101074,leaf-gpu-rdma,sys1-lon14-p-swi-bel12,sw27p1,,sys1-lon14-p-phy-gpu197,RDMA4,
101075,leaf-gpu-rdma,sys1-lon14-p-swi-bel12,sw27p2,,sys1-lon14-p-phy-gpu198,RDMA4,
101076,leaf-gpu-rdma,sys1-lon14-p-swi-bel12,sw28p1,,sys1-lon14-p-phy-gpu199,RDMA4,
101077,leaf-gpu-rdma,sys1-lon14-p-swi-bel12,sw28p2,,sys1-lon14-p-phy-gpu200,RDMA4,
101078,leaf-gpu-rdma,sys1-lon14-p-swi-bel12,sw29p1,,sys1-lon14-p-phy-gpu201,RDMA4,
101079,leaf-gpu-rdma,sys1-lon14-p-swi-bel12,sw29p2,,sys1-lon14-p-phy-gpu202,RDMA4,
101080,leaf-gpu-rdma,sys1-lon14-p-swi-bel12,sw30p1,,sys1-lon14-p-phy-gpu203,RDMA4,
101081,leaf-gpu-rdma,sys1-lon14-p-swi-bel12,sw30p2,,sys1-lon14-p-phy-gpu204,RDMA4,
101082,leaf-gpu-rdma,sys1-lon14-p-swi-bel12,sw31p1,,sys1-lon14-p-phy-gpu205,RDMA4,
101083,leaf-gpu-rdma,sys1-lon14-p-swi-bel12,sw31p2,,sys1-lon14-p-phy-gpu206,RDMA4,
101084,leaf-gpu-rdma,sys1-lon14-p-swi-bel12,sw32p1,,sys1-lon14-p-phy-gpu207,RDMA4,
101085,leaf-gpu-rdma,sys1-lon14-p-swi-bel12,sw32p2,,sys1-lon14-p-phy-gpu208,RDMA4,
101086,leaf-gpu-rdma,sys1-lon14-p-swi-bel12,sw33p1,,sys1-lon14-p-phy-gpu209,RDMA4,
101087,leaf-gpu-rdma,sys1-lon14-p-swi-bel12,sw33p2,,sys1-lon14-p-phy-gpu210,RDMA4,
101088,leaf-gpu-rdma,sys1-lon14-p-swi-bel12,sw34p1,,sys1-lon14-p-phy-gpu211,RDMA4,
101089,leaf-gpu-rdma,sys1-lon14-p-swi-bel12,sw34p2,,sys1-lon14-p-phy-gpu212,RDMA4,
101090,leaf-gpu-rdma,sys1-lon14-p-swi-bel12,sw35p1,,sys1-lon14-p-phy-gpu213,RDMA4,
101091,leaf-gpu-rdma,sys1-lon14-p-swi-bel12,sw35p2,,sys1-lon14-p-phy-gpu214,RDMA4,
101092,leaf-gpu-rdma,sys1-lon14-p-swi-bel12,sw36p1,,sys1-lon14-p-phy-gpu215,RDMA4,
101093,leaf-gpu-rdma,sys1-lon14-p-swi-bel12,sw36p2,,sys1-lon14-p-phy-gpu216,RDMA4,
101094,leaf-gpu-rdma,sys1-lon14-p-swi-bel13,sw1p1,,sys1-lon14-p-phy-gpu217,RDMA1,
101095,leaf-gpu-rdma,sys1-lon14-p-swi-bel13,sw1p2,,sys1-lon14-p-phy-gpu218,RDMA1,
101096,leaf-gpu-rdma,sys1-lon14-p-swi-bel13,sw2p1,,sys1-lon14-p-phy-gpu219,RDMA1,
101097,leaf-gpu-rdma,sys1-lon14-p-swi-bel13,sw2p2,,sys1-lon14-p-phy-gpu220,RDMA1,
101098,leaf-gpu-rdma,sys1-lon14-p-swi-bel13,sw3p1,,sys1-lon14-p-phy-gpu221,RDMA1,
101099,leaf-gpu-rdma,sys1-lon14-p-swi-bel13,sw3p2,,sys1-lon14-p-phy-gpu222,RDMA1,
101100,leaf-gpu-rdma,sys1-lon14-p-swi-bel13,sw4p1,,sys1-lon14-p-phy-gpu223,RDMA1,
101101,leaf-gpu-rdma,sys1-lon14-p-swi-bel13,sw4p2,,sys1-lon14-p-phy-gpu224,RDMA1,
101102,leaf-gpu-rdma,sys1-lon14-p-swi-bel13,sw5p1,,sys1-lon14-p-phy-gpu225,RDMA1,
101103,leaf-gpu-rdma,sys1-lon14-p-swi-bel13,sw5p2,,sys1-lon14-p-phy-gpu226,RDMA1,
101104,leaf-gpu-rdma,sys1-lon14-p-swi-bel13,sw6p1,,sys1-lon14-p-phy-gpu227,RDMA1,
101106,leaf-gpu-rdma,sys1-lon14-p-swi-bel13,sw7p1,,sys1-lon14-p-phy-gpu229,RDMA1,
101107,leaf-gpu-rdma,sys1-lon14-p-swi-bel13,sw7p2,,sys1-lon14-p-phy-gpu230,RDMA1,
101108,leaf-gpu-rdma,sys1-lon14-p-swi-bel13,sw8p1,,sys1-lon14-p-phy-gpu231,RDMA1,
101109,leaf-gpu-rdma,sys1-lon14-p-swi-bel13,sw8p2,,sys1-lon14-p-phy-gpu232,RDMA1,
101110,leaf-gpu-rdma,sys1-lon14-p-swi-bel13,sw9p1,,sys1-lon14-p-phy-gpu233,RDMA1,
101111,leaf-gpu-rdma,sys1-lon14-p-swi-bel13,sw9p2,,sys1-lon14-p-phy-gpu234,RDMA1,
101112,leaf-gpu-rdma,sys1-lon14-p-swi-bel13,sw10p1,,sys1-lon14-p-phy-gpu235,RDMA1,
101113,leaf-gpu-rdma,sys1-lon14-p-swi-bel13,sw10p2,,sys1-lon14-p-phy-gpu236,RDMA1,
101114,leaf-gpu-rdma,sys1-lon14-p-swi-bel13,sw11p1,,sys1-lon14-p-phy-gpu237,RDMA1,
101115,leaf-gpu-rdma,sys1-lon14-p-swi-bel13,sw11p2,,sys1-lon14-p-phy-gpu238,RDMA1,
101116,leaf-gpu-rdma,sys1-lon14-p-swi-bel13,sw12p1,,sys1-lon14-p-phy-gpu239,RDMA1,
101117,leaf-gpu-rdma,sys1-lon14-p-swi-bel13,sw12p2,,sys1-lon14-p-phy-gpu240,RDMA1,
101118,leaf-gpu-rdma,sys1-lon14-p-swi-bel13,sw13p1,,sys1-lon14-p-phy-gpu241,RDMA1,
101119,leaf-gpu-rdma,sys1-lon14-p-swi-bel13,sw13p2,,sys1-lon14-p-phy-gpu242,RDMA1,
101120,leaf-gpu-rdma,sys1-lon14-p-swi-bel13,sw14p1,,sys1-lon14-p-phy-gpu774,RDMA1,
101121,leaf-gpu-rdma,sys1-lon14-p-swi-bel13,sw14p2,,sys1-lon14-p-phy-gpu244,RDMA1,
101122,leaf-gpu-rdma,sys1-lon14-p-swi-bel13,sw15p1,,sys1-lon14-p-phy-gpu245,RDMA1,
101123,leaf-gpu-rdma,sys1-lon14-p-swi-bel13,sw15p2,,sys1-lon14-p-phy-gpu246,RDMA1,
101124,leaf-gpu-rdma,sys1-lon14-p-swi-bel13,sw16p1,,sys1-lon14-p-phy-gpu772,RDMA1,
101125,leaf-gpu-rdma,sys1-lon14-p-swi-bel13,sw16p2,,sys1-lon14-p-phy-gpu248,RDMA1,
101126,leaf-gpu-rdma,sys1-lon14-p-swi-bel13,sw17p1,,sys1-lon14-p-phy-gpu249,RDMA1,
101127,leaf-gpu-rdma,sys1-lon14-p-swi-bel13,sw17p2,,sys1-lon14-p-phy-gpu250,RDMA1,
101128,leaf-gpu-rdma,sys1-lon14-p-swi-bel13,sw18p1,,sys1-lon14-p-phy-gpu251,RDMA1,
101129,leaf-gpu-rdma,sys1-lon14-p-swi-bel13,sw18p2,,sys1-lon14-p-phy-gpu252,RDMA1,
101130,leaf-gpu-rdma,sys1-lon14-p-swi-bel13,sw19p1,,sys1-lon14-p-phy-gpu253,RDMA1,
101131,leaf-gpu-rdma,sys1-lon14-p-swi-bel13,sw19p2,,sys1-lon14-p-phy-gpu254,RDMA1,
101132,leaf-gpu-rdma,sys1-lon14-p-swi-bel13,sw20p1,,sys1-lon14-p-phy-gpu255,RDMA1,
101133,leaf-gpu-rdma,sys1-lon14-p-swi-bel13,sw20p2,,sys1-lon14-p-phy-gpu256,RDMA1,
101134,leaf-gpu-rdma,sys1-lon14-p-swi-bel13,sw21p1,,sys1-lon14-p-phy-gpu257,RDMA1,
101135,leaf-gpu-rdma,sys1-lon14-p-swi-bel13,sw21p2,,sys1-lon14-p-phy-gpu258,RDMA1,
101136,leaf-gpu-rdma,sys1-lon14-p-swi-bel13,sw22p1,,sys1-lon14-p-phy-gpu259,RDMA1,
101137,leaf-gpu-rdma,sys1-lon14-p-swi-bel13,sw22p2,,sys1-lon14-p-phy-gpu260,RDMA1,
101138,leaf-gpu-rdma,sys1-lon14-p-swi-bel13,sw23p1,,sys1-lon14-p-phy-gpu261,RDMA1,
101139,leaf-gpu-rdma,sys1-lon14-p-swi-bel13,sw23p2,,sys1-lon14-p-phy-gpu262,RDMA1,
101140,leaf-gpu-rdma,sys1-lon14-p-swi-bel13,sw24p1,,sys1-lon14-p-phy-gpu263,RDMA1,
101141,leaf-gpu-rdma,sys1-lon14-p-swi-bel13,sw24p2,,sys1-lon14-p-phy-gpu264,RDMA1,
101142,leaf-gpu-rdma,sys1-lon14-p-swi-bel13,sw25p1,,sys1-lon14-p-phy-gpu265,RDMA1,
101143,leaf-gpu-rdma,sys1-lon14-p-swi-bel13,sw25p2,,sys1-lon14-p-phy-gpu266,RDMA1,
101144,leaf-gpu-rdma,sys1-lon14-p-swi-bel13,sw26p1,,sys1-lon14-p-phy-gpu267,RDMA1,
101145,leaf-gpu-rdma,sys1-lon14-p-swi-bel13,sw26p2,,sys1-lon14-p-phy-gpu268,RDMA1,
101146,leaf-gpu-rdma,sys1-lon14-p-swi-bel13,sw27p1,,sys1-lon14-p-phy-gpu269,RDMA1,
101147,leaf-gpu-rdma,sys1-lon14-p-swi-bel13,sw27p2,,sys1-lon14-p-phy-gpu270,RDMA1,
101148,leaf-gpu-rdma,sys1-lon14-p-swi-bel13,sw28p1,,sys1-lon14-p-phy-gpu271,RDMA1,
101149,leaf-gpu-rdma,sys1-lon14-p-swi-bel13,sw28p2,,sys1-lon14-p-phy-gpu272,RDMA1,
101150,leaf-gpu-rdma,sys1-lon14-p-swi-bel13,sw29p1,,sys1-lon14-p-phy-gpu273,RDMA1,
101151,leaf-gpu-rdma,sys1-lon14-p-swi-bel13,sw29p2,,sys1-lon14-p-phy-gpu274,RDMA1,
101152,leaf-gpu-rdma,sys1-lon14-p-swi-bel13,sw30p1,,sys1-lon14-p-phy-gpu275,RDMA1,
101153,leaf-gpu-rdma,sys1-lon14-p-swi-bel13,sw30p2,,sys1-lon14-p-phy-gpu276,RDMA1,
101154,leaf-gpu-rdma,sys1-lon14-p-swi-bel13,sw31p1,,sys1-lon14-p-phy-gpu277,RDMA1,
101155,leaf-gpu-rdma,sys1-lon14-p-swi-bel13,sw31p2,,sys1-lon14-p-phy-gpu278,RDMA1,
101157,leaf-gpu-rdma,sys1-lon14-p-swi-bel13,sw32p2,,sys1-lon14-p-phy-gpu280,RDMA1,
101158,leaf-gpu-rdma,sys1-lon14-p-swi-bel13,sw33p1,,sys1-lon14-p-phy-gpu281,RDMA1,
101159,leaf-gpu-rdma,sys1-lon14-p-swi-bel13,sw33p2,,sys1-lon14-p-phy-gpu282,RDMA1,
101160,leaf-gpu-rdma,sys1-lon14-p-swi-bel13,sw34p1,,sys1-lon14-p-phy-gpu283,RDMA1,
101161,leaf-gpu-rdma,sys1-lon14-p-swi-bel13,sw34p2,,sys1-lon14-p-phy-gpu284,RDMA1,
101162,leaf-gpu-rdma,sys1-lon14-p-swi-bel13,sw35p1,,sys1-lon14-p-phy-gpu285,RDMA1,
101163,leaf-gpu-rdma,sys1-lon14-p-swi-bel13,sw35p2,,sys1-lon14-p-phy-gpu286,RDMA1,
101164,leaf-gpu-rdma,sys1-lon14-p-swi-bel13,sw36p1,,sys1-lon14-p-phy-gpu287,RDMA1,
101165,leaf-gpu-rdma,sys1-lon14-p-swi-bel13,sw36p2,,sys1-lon14-p-phy-gpu288,RDMA1,
101166,leaf-gpu-rdma,sys1-lon14-p-swi-bel14,sw1p1,,sys1-lon14-p-phy-gpu217,RDMA2,
101167,leaf-gpu-rdma,sys1-lon14-p-swi-bel14,sw1p2,,sys1-lon14-p-phy-gpu218,RDMA2,
101168,leaf-gpu-rdma,sys1-lon14-p-swi-bel14,sw2p1,,sys1-lon14-p-phy-gpu219,RDMA2,
101169,leaf-gpu-rdma,sys1-lon14-p-swi-bel14,sw2p2,,sys1-lon14-p-phy-gpu220,RDMA2,
101170,leaf-gpu-rdma,sys1-lon14-p-swi-bel14,sw3p1,,sys1-lon14-p-phy-gpu221,RDMA2,
101171,leaf-gpu-rdma,sys1-lon14-p-swi-bel14,sw3p2,,sys1-lon14-p-phy-gpu222,RDMA2,
101172,leaf-gpu-rdma,sys1-lon14-p-swi-bel14,sw4p1,,sys1-lon14-p-phy-gpu223,RDMA2,
101173,leaf-gpu-rdma,sys1-lon14-p-swi-bel14,sw4p2,,sys1-lon14-p-phy-gpu224,RDMA2,
101174,leaf-gpu-rdma,sys1-lon14-p-swi-bel14,sw5p1,,sys1-lon14-p-phy-gpu225,RDMA2,
101175,leaf-gpu-rdma,sys1-lon14-p-swi-bel14,sw5p2,,sys1-lon14-p-phy-gpu226,RDMA2,
101176,leaf-gpu-rdma,sys1-lon14-p-swi-bel14,sw6p1,,sys1-lon14-p-phy-gpu227,RDMA2,
101178,leaf-gpu-rdma,sys1-lon14-p-swi-bel14,sw7p1,,sys1-lon14-p-phy-gpu229,RDMA2,
101179,leaf-gpu-rdma,sys1-lon14-p-swi-bel14,sw7p2,,sys1-lon14-p-phy-gpu230,RDMA2,
101180,leaf-gpu-rdma,sys1-lon14-p-swi-bel14,sw8p1,,sys1-lon14-p-phy-gpu231,RDMA2,
101181,leaf-gpu-rdma,sys1-lon14-p-swi-bel14,sw8p2,,sys1-lon14-p-phy-gpu232,RDMA2,
101182,leaf-gpu-rdma,sys1-lon14-p-swi-bel14,sw9p1,,sys1-lon14-p-phy-gpu233,RDMA2,
101183,leaf-gpu-rdma,sys1-lon14-p-swi-bel14,sw9p2,,sys1-lon14-p-phy-gpu234,RDMA2,
101184,leaf-gpu-rdma,sys1-lon14-p-swi-bel14,sw10p1,,sys1-lon14-p-phy-gpu235,RDMA2,
101185,leaf-gpu-rdma,sys1-lon14-p-swi-bel14,sw10p2,,sys1-lon14-p-phy-gpu236,RDMA2,
101186,leaf-gpu-rdma,sys1-lon14-p-swi-bel14,sw11p1,,sys1-lon14-p-phy-gpu237,RDMA2,
101187,leaf-gpu-rdma,sys1-lon14-p-swi-bel14,sw11p2,,sys1-lon14-p-phy-gpu238,RDMA2,
101188,leaf-gpu-rdma,sys1-lon14-p-swi-bel14,sw12p1,,sys1-lon14-p-phy-gpu239,RDMA2,
101189,leaf-gpu-rdma,sys1-lon14-p-swi-bel14,sw12p2,,sys1-lon14-p-phy-gpu240,RDMA2,
101190,leaf-gpu-rdma,sys1-lon14-p-swi-bel14,sw13p1,,sys1-lon14-p-phy-gpu241,RDMA2,
101191,leaf-gpu-rdma,sys1-lon14-p-swi-bel14,sw13p2,,sys1-lon14-p-phy-gpu242,RDMA2,
101192,leaf-gpu-rdma,sys1-lon14-p-swi-bel14,sw14p1,,sys1-lon14-p-phy-gpu774,RDMA2,
101193,leaf-gpu-rdma,sys1-lon14-p-swi-bel14,sw14p2,,sys1-lon14-p-phy-gpu244,RDMA2,
101194,leaf-gpu-rdma,sys1-lon14-p-swi-bel14,sw15p1,,sys1-lon14-p-phy-gpu245,RDMA2,
101195,leaf-gpu-rdma,sys1-lon14-p-swi-bel14,sw15p2,,sys1-lon14-p-phy-gpu246,RDMA2,
101196,leaf-gpu-rdma,sys1-lon14-p-swi-bel14,sw16p1,,sys1-lon14-p-phy-gpu772,RDMA2,
101197,leaf-gpu-rdma,sys1-lon14-p-swi-bel14,sw16p2,,sys1-lon14-p-phy-gpu248,RDMA2,
101198,leaf-gpu-rdma,sys1-lon14-p-swi-bel14,sw17p1,,sys1-lon14-p-phy-gpu249,RDMA2,
101199,leaf-gpu-rdma,sys1-lon14-p-swi-bel14,sw17p2,,sys1-lon14-p-phy-gpu250,RDMA2,
101200,leaf-gpu-rdma,sys1-lon14-p-swi-bel14,sw18p1,,sys1-lon14-p-phy-gpu251,RDMA2,
101201,leaf-gpu-rdma,sys1-lon14-p-swi-bel14,sw18p2,,sys1-lon14-p-phy-gpu252,RDMA2,
101202,leaf-gpu-rdma,sys1-lon14-p-swi-bel14,sw19p1,,sys1-lon14-p-phy-gpu253,RDMA2,
101203,leaf-gpu-rdma,sys1-lon14-p-swi-bel14,sw19p2,,sys1-lon14-p-phy-gpu254,RDMA2,
101204,leaf-gpu-rdma,sys1-lon14-p-swi-bel14,sw20p1,,sys1-lon14-p-phy-gpu255,RDMA2,
101205,leaf-gpu-rdma,sys1-lon14-p-swi-bel14,sw20p2,,sys1-lon14-p-phy-gpu256,RDMA2,
101206,leaf-gpu-rdma,sys1-lon14-p-swi-bel14,sw21p1,,sys1-lon14-p-phy-gpu257,RDMA2,
101207,leaf-gpu-rdma,sys1-lon14-p-swi-bel14,sw21p2,,sys1-lon14-p-phy-gpu258,RDMA2,
101208,leaf-gpu-rdma,sys1-lon14-p-swi-bel14,sw22p1,,sys1-lon14-p-phy-gpu259,RDMA2,
101209,leaf-gpu-rdma,sys1-lon14-p-swi-bel14,sw22p2,,sys1-lon14-p-phy-gpu260,RDMA2,
101210,leaf-gpu-rdma,sys1-lon14-p-swi-bel14,sw23p1,,sys1-lon14-p-phy-gpu261,RDMA2,
101211,leaf-gpu-rdma,sys1-lon14-p-swi-bel14,sw23p2,,sys1-lon14-p-phy-gpu262,RDMA2,
101212,leaf-gpu-rdma,sys1-lon14-p-swi-bel14,sw24p1,,sys1-lon14-p-phy-gpu263,RDMA2,
101213,leaf-gpu-rdma,sys1-lon14-p-swi-bel14,sw24p2,,sys1-lon14-p-phy-gpu264,RDMA2,
101214,leaf-gpu-rdma,sys1-lon14-p-swi-bel14,sw25p1,,sys1-lon14-p-phy-gpu265,RDMA2,
101215,leaf-gpu-rdma,sys1-lon14-p-swi-bel14,sw25p2,,sys1-lon14-p-phy-gpu266,RDMA2,
101216,leaf-gpu-rdma,sys1-lon14-p-swi-bel14,sw26p1,,sys1-lon14-p-phy-gpu267,RDMA2,
101217,leaf-gpu-rdma,sys1-lon14-p-swi-bel14,sw26p2,,sys1-lon14-p-phy-gpu268,RDMA2,
101218,leaf-gpu-rdma,sys1-lon14-p-swi-bel14,sw27p1,,sys1-lon14-p-phy-gpu269,RDMA2,
101219,leaf-gpu-rdma,sys1-lon14-p-swi-bel14,sw27p2,,sys1-lon14-p-phy-gpu270,RDMA2,
101220,leaf-gpu-rdma,sys1-lon14-p-swi-bel14,sw28p1,,sys1-lon14-p-phy-gpu271,RDMA2,
101221,leaf-gpu-rdma,sys1-lon14-p-swi-bel14,sw28p2,,sys1-lon14-p-phy-gpu272,RDMA2,
101222,leaf-gpu-rdma,sys1-lon14-p-swi-bel14,sw29p1,,sys1-lon14-p-phy-gpu273,RDMA2,
101223,leaf-gpu-rdma,sys1-lon14-p-swi-bel14,sw29p2,,sys1-lon14-p-phy-gpu274,RDMA2,
101224,leaf-gpu-rdma,sys1-lon14-p-swi-bel14,sw30p1,,sys1-lon14-p-phy-gpu275,RDMA2,
101225,leaf-gpu-rdma,sys1-lon14-p-swi-bel14,sw30p2,,sys1-lon14-p-phy-gpu276,RDMA2,
101226,leaf-gpu-rdma,sys1-lon14-p-swi-bel14,sw31p1,,sys1-lon14-p-phy-gpu277,RDMA2,
101227,leaf-gpu-rdma,sys1-lon14-p-swi-bel14,sw31p2,,sys1-lon14-p-phy-gpu278,RDMA2,
101229,leaf-gpu-rdma,sys1-lon14-p-swi-bel14,sw32p2,,sys1-lon14-p-phy-gpu280,RDMA2,
101230,leaf-gpu-rdma,sys1-lon14-p-swi-bel14,sw33p1,,sys1-lon14-p-phy-gpu281,RDMA2,
101231,leaf-gpu-rdma,sys1-lon14-p-swi-bel14,sw33p2,,sys1-lon14-p-phy-gpu282,RDMA2,
101232,leaf-gpu-rdma,sys1-lon14-p-swi-bel14,sw34p1,,sys1-lon14-p-phy-gpu283,RDMA2,
101233,leaf-gpu-rdma,sys1-lon14-p-swi-bel14,sw34p2,,sys1-lon14-p-phy-gpu284,RDMA2,
101234,leaf-gpu-rdma,sys1-lon14-p-swi-bel14,sw35p1,,sys1-lon14-p-phy-gpu285,RDMA2,
101235,leaf-gpu-rdma,sys1-lon14-p-swi-bel14,sw35p2,,sys1-lon14-p-phy-gpu286,RDMA2,
101236,leaf-gpu-rdma,sys1-lon14-p-swi-bel14,sw36p1,,sys1-lon14-p-phy-gpu287,RDMA2,
101237,leaf-gpu-rdma,sys1-lon14-p-swi-bel14,sw36p2,,sys1-lon14-p-phy-gpu288,RDMA2,
101238,leaf-gpu-rdma,sys1-lon14-p-swi-bel15,sw1p1,,sys1-lon14-p-phy-gpu217,RDMA3,
101239,leaf-gpu-rdma,sys1-lon14-p-swi-bel15,sw1p2,,sys1-lon14-p-phy-gpu218,RDMA3,
101240,leaf-gpu-rdma,sys1-lon14-p-swi-bel15,sw2p1,,sys1-lon14-p-phy-gpu219,RDMA3,
101241,leaf-gpu-rdma,sys1-lon14-p-swi-bel15,sw2p2,,sys1-lon14-p-phy-gpu220,RDMA3,
101242,leaf-gpu-rdma,sys1-lon14-p-swi-bel15,sw3p1,,sys1-lon14-p-phy-gpu221,RDMA3,
101243,leaf-gpu-rdma,sys1-lon14-p-swi-bel15,sw3p2,,sys1-lon14-p-phy-gpu222,RDMA3,
101244,leaf-gpu-rdma,sys1-lon14-p-swi-bel15,sw4p1,,sys1-lon14-p-phy-gpu223,RDMA3,
101245,leaf-gpu-rdma,sys1-lon14-p-swi-bel15,sw4p2,,sys1-lon14-p-phy-gpu224,RDMA3,
101246,leaf-gpu-rdma,sys1-lon14-p-swi-bel15,sw5p1,,sys1-lon14-p-phy-gpu225,RDMA3,
101247,leaf-gpu-rdma,sys1-lon14-p-swi-bel15,sw5p2,,sys1-lon14-p-phy-gpu226,RDMA3,
101248,leaf-gpu-rdma,sys1-lon14-p-swi-bel15,sw6p1,,sys1-lon14-p-phy-gpu227,RDMA3,
101250,leaf-gpu-rdma,sys1-lon14-p-swi-bel15,sw7p1,,sys1-lon14-p-phy-gpu229,RDMA3,
101251,leaf-gpu-rdma,sys1-lon14-p-swi-bel15,sw7p2,,sys1-lon14-p-phy-gpu230,RDMA3,
101252,leaf-gpu-rdma,sys1-lon14-p-swi-bel15,sw8p1,,sys1-lon14-p-phy-gpu231,RDMA3,
101253,leaf-gpu-rdma,sys1-lon14-p-swi-bel15,sw8p2,,sys1-lon14-p-phy-gpu232,RDMA3,
101254,leaf-gpu-rdma,sys1-lon14-p-swi-bel15,sw9p1,,sys1-lon14-p-phy-gpu233,RDMA3,
101255,leaf-gpu-rdma,sys1-lon14-p-swi-bel15,sw9p2,,sys1-lon14-p-phy-gpu234,RDMA3,
101256,leaf-gpu-rdma,sys1-lon14-p-swi-bel15,sw10p1,,sys1-lon14-p-phy-gpu235,RDMA3,
101257,leaf-gpu-rdma,sys1-lon14-p-swi-bel15,sw10p2,,sys1-lon14-p-phy-gpu236,RDMA3,
101258,leaf-gpu-rdma,sys1-lon14-p-swi-bel15,sw11p1,,sys1-lon14-p-phy-gpu237,RDMA3,
101259,leaf-gpu-rdma,sys1-lon14-p-swi-bel15,sw11p2,,sys1-lon14-p-phy-gpu238,RDMA3,
101260,leaf-gpu-rdma,sys1-lon14-p-swi-bel15,sw12p1,,sys1-lon14-p-phy-gpu239,RDMA3,
101261,leaf-gpu-rdma,sys1-lon14-p-swi-bel15,sw12p2,,sys1-lon14-p-phy-gpu240,RDMA3,
101262,leaf-gpu-rdma,sys1-lon14-p-swi-bel15,sw13p1,,sys1-lon14-p-phy-gpu241,RDMA3,
101263,leaf-gpu-rdma,sys1-lon14-p-swi-bel15,sw13p2,,sys1-lon14-p-phy-gpu242,RDMA3,
101264,leaf-gpu-rdma,sys1-lon14-p-swi-bel15,sw14p1,,sys1-lon14-p-phy-gpu774,RDMA3,
101265,leaf-gpu-rdma,sys1-lon14-p-swi-bel15,sw14p2,,sys1-lon14-p-phy-gpu244,RDMA3,
101266,leaf-gpu-rdma,sys1-lon14-p-swi-bel15,sw15p1,,sys1-lon14-p-phy-gpu245,RDMA3,
101267,leaf-gpu-rdma,sys1-lon14-p-swi-bel15,sw15p2,,sys1-lon14-p-phy-gpu246,RDMA3,
101268,leaf-gpu-rdma,sys1-lon14-p-swi-bel15,sw16p1,,sys1-lon14-p-phy-gpu772,RDMA3,
101269,leaf-gpu-rdma,sys1-lon14-p-swi-bel15,sw16p2,,sys1-lon14-p-phy-gpu248,RDMA3,
101270,leaf-gpu-rdma,sys1-lon14-p-swi-bel15,sw17p1,,sys1-lon14-p-phy-gpu249,RDMA3,
101271,leaf-gpu-rdma,sys1-lon14-p-swi-bel15,sw17p2,,sys1-lon14-p-phy-gpu250,RDMA3,
101272,leaf-gpu-rdma,sys1-lon14-p-swi-bel15,sw18p1,,sys1-lon14-p-phy-gpu251,RDMA3,
101273,leaf-gpu-rdma,sys1-lon14-p-swi-bel15,sw18p2,,sys1-lon14-p-phy-gpu252,RDMA3,
101274,leaf-gpu-rdma,sys1-lon14-p-swi-bel15,sw19p1,,sys1-lon14-p-phy-gpu253,RDMA3,
101275,leaf-gpu-rdma,sys1-lon14-p-swi-bel15,sw19p2,,sys1-lon14-p-phy-gpu254,RDMA3,
101276,leaf-gpu-rdma,sys1-lon14-p-swi-bel15,sw20p1,,sys1-lon14-p-phy-gpu255,RDMA3,
101277,leaf-gpu-rdma,sys1-lon14-p-swi-bel15,sw20p2,,sys1-lon14-p-phy-gpu256,RDMA3,
101278,leaf-gpu-rdma,sys1-lon14-p-swi-bel15,sw21p1,,sys1-lon14-p-phy-gpu257,RDMA3,
101279,leaf-gpu-rdma,sys1-lon14-p-swi-bel15,sw21p2,,sys1-lon14-p-phy-gpu258,RDMA3,
101280,leaf-gpu-rdma,sys1-lon14-p-swi-bel15,sw22p1,,sys1-lon14-p-phy-gpu259,RDMA3,
101281,leaf-gpu-rdma,sys1-lon14-p-swi-bel15,sw22p2,,sys1-lon14-p-phy-gpu260,RDMA3,
101282,leaf-gpu-rdma,sys1-lon14-p-swi-bel15,sw23p1,,sys1-lon14-p-phy-gpu261,RDMA3,
101283,leaf-gpu-rdma,sys1-lon14-p-swi-bel15,sw23p2,,sys1-lon14-p-phy-gpu262,RDMA3,
101284,leaf-gpu-rdma,sys1-lon14-p-swi-bel15,sw24p1,,sys1-lon14-p-phy-gpu263,RDMA3,
101285,leaf-gpu-rdma,sys1-lon14-p-swi-bel15,sw24p2,,sys1-lon14-p-phy-gpu264,RDMA3,
101286,leaf-gpu-rdma,sys1-lon14-p-swi-bel15,sw25p1,,sys1-lon14-p-phy-gpu265,RDMA3,
101287,leaf-gpu-rdma,sys1-lon14-p-swi-bel15,sw25p2,,sys1-lon14-p-phy-gpu266,RDMA3,
101288,leaf-gpu-rdma,sys1-lon14-p-swi-bel15,sw26p1,,sys1-lon14-p-phy-gpu267,RDMA3,
101289,leaf-gpu-rdma,sys1-lon14-p-swi-bel15,sw26p2,,sys1-lon14-p-phy-gpu268,RDMA3,
101290,leaf-gpu-rdma,sys1-lon14-p-swi-bel15,sw27p1,,sys1-lon14-p-phy-gpu269,RDMA3,
101291,leaf-gpu-rdma,sys1-lon14-p-swi-bel15,sw27p2,,sys1-lon14-p-phy-gpu270,RDMA3,
101292,leaf-gpu-rdma,sys1-lon14-p-swi-bel15,sw28p1,,sys1-lon14-p-phy-gpu271,RDMA3,
101293,leaf-gpu-rdma,sys1-lon14-p-swi-bel15,sw28p2,,sys1-lon14-p-phy-gpu272,RDMA3,
101294,leaf-gpu-rdma,sys1-lon14-p-swi-bel15,sw29p1,,sys1-lon14-p-phy-gpu273,RDMA3,
101295,leaf-gpu-rdma,sys1-lon14-p-swi-bel15,sw29p2,,sys1-lon14-p-phy-gpu274,RDMA3,
101296,leaf-gpu-rdma,sys1-lon14-p-swi-bel15,sw30p1,,sys1-lon14-p-phy-gpu275,RDMA3,
101297,leaf-gpu-rdma,sys1-lon14-p-swi-bel15,sw30p2,,sys1-lon14-p-phy-gpu276,RDMA3,
101298,leaf-gpu-rdma,sys1-lon14-p-swi-bel15,sw31p1,,sys1-lon14-p-phy-gpu277,RDMA3,
101299,leaf-gpu-rdma,sys1-lon14-p-swi-bel15,sw31p2,,sys1-lon14-p-phy-gpu278,RDMA3,
101301,leaf-gpu-rdma,sys1-lon14-p-swi-bel15,sw32p2,,sys1-lon14-p-phy-gpu280,RDMA3,
101302,leaf-gpu-rdma,sys1-lon14-p-swi-bel15,sw33p1,,sys1-lon14-p-phy-gpu281,RDMA3,
101303,leaf-gpu-rdma,sys1-lon14-p-swi-bel15,sw33p2,,sys1-lon14-p-phy-gpu282,RDMA3,
101304,leaf-gpu-rdma,sys1-lon14-p-swi-bel15,sw34p1,,sys1-lon14-p-phy-gpu283,RDMA3,
101305,leaf-gpu-rdma,sys1-lon14-p-swi-bel15,sw34p2,,sys1-lon14-p-phy-gpu284,RDMA3,
101306,leaf-gpu-rdma,sys1-lon14-p-swi-bel15,sw35p1,,sys1-lon14-p-phy-gpu285,RDMA3,
101307,leaf-gpu-rdma,sys1-lon14-p-swi-bel15,sw35p2,,sys1-lon14-p-phy-gpu286,RDMA3,
101308,leaf-gpu-rdma,sys1-lon14-p-swi-bel15,sw36p1,,sys1-lon14-p-phy-gpu287,RDMA3,
101309,leaf-gpu-rdma,sys1-lon14-p-swi-bel15,sw36p2,,sys1-lon14-p-phy-gpu288,RDMA3,
101310,leaf-gpu-rdma,sys1-lon14-p-swi-bel16,sw1p1,,sys1-lon14-p-phy-gpu217,RDMA4,
101311,leaf-gpu-rdma,sys1-lon14-p-swi-bel16,sw1p2,,sys1-lon14-p-phy-gpu218,RDMA4,
101312,leaf-gpu-rdma,sys1-lon14-p-swi-bel16,sw2p1,,sys1-lon14-p-phy-gpu219,RDMA4,
101313,leaf-gpu-rdma,sys1-lon14-p-swi-bel16,sw2p2,,sys1-lon14-p-phy-gpu220,RDMA4,
101314,leaf-gpu-rdma,sys1-lon14-p-swi-bel16,sw3p1,,sys1-lon14-p-phy-gpu221,RDMA4,
101315,leaf-gpu-rdma,sys1-lon14-p-swi-bel16,sw3p2,,sys1-lon14-p-phy-gpu222,RDMA4,
101316,leaf-gpu-rdma,sys1-lon14-p-swi-bel16,sw4p1,,sys1-lon14-p-phy-gpu223,RDMA4,
101317,leaf-gpu-rdma,sys1-lon14-p-swi-bel16,sw4p2,,sys1-lon14-p-phy-gpu224,RDMA4,
101318,leaf-gpu-rdma,sys1-lon14-p-swi-bel16,sw5p1,,sys1-lon14-p-phy-gpu225,RDMA4,
101319,leaf-gpu-rdma,sys1-lon14-p-swi-bel16,sw5p2,,sys1-lon14-p-phy-gpu226,RDMA4,
101320,leaf-gpu-rdma,sys1-lon14-p-swi-bel16,sw6p1,,sys1-lon14-p-phy-gpu227,RDMA4,
101322,leaf-gpu-rdma,sys1-lon14-p-swi-bel16,sw7p1,,sys1-lon14-p-phy-gpu229,RDMA4,
101323,leaf-gpu-rdma,sys1-lon14-p-swi-bel16,sw7p2,,sys1-lon14-p-phy-gpu230,RDMA4,
101324,leaf-gpu-rdma,sys1-lon14-p-swi-bel16,sw8p1,,sys1-lon14-p-phy-gpu231,RDMA4,
101325,leaf-gpu-rdma,sys1-lon14-p-swi-bel16,sw8p2,,sys1-lon14-p-phy-gpu232,RDMA4,
101326,leaf-gpu-rdma,sys1-lon14-p-swi-bel16,sw9p1,,sys1-lon14-p-phy-gpu233,RDMA4,
101327,leaf-gpu-rdma,sys1-lon14-p-swi-bel16,sw9p2,,sys1-lon14-p-phy-gpu234,RDMA4,
101328,leaf-gpu-rdma,sys1-lon14-p-swi-bel16,sw10p1,,sys1-lon14-p-phy-gpu235,RDMA4,
101329,leaf-gpu-rdma,sys1-lon14-p-swi-bel16,sw10p2,,sys1-lon14-p-phy-gpu236,RDMA4,
101330,leaf-gpu-rdma,sys1-lon14-p-swi-bel16,sw11p1,,sys1-lon14-p-phy-gpu237,RDMA4,
101331,leaf-gpu-rdma,sys1-lon14-p-swi-bel16,sw11p2,,sys1-lon14-p-phy-gpu238,RDMA4,
101332,leaf-gpu-rdma,sys1-lon14-p-swi-bel16,sw12p1,,sys1-lon14-p-phy-gpu239,RDMA4,
101333,leaf-gpu-rdma,sys1-lon14-p-swi-bel16,sw12p2,,sys1-lon14-p-phy-gpu240,RDMA4,
101334,leaf-gpu-rdma,sys1-lon14-p-swi-bel16,sw13p1,,sys1-lon14-p-phy-gpu241,RDMA4,
101335,leaf-gpu-rdma,sys1-lon14-p-swi-bel16,sw13p2,,sys1-lon14-p-phy-gpu242,RDMA4,
101336,leaf-gpu-rdma,sys1-lon14-p-swi-bel16,sw14p1,,sys1-lon14-p-phy-gpu774,RDMA4,
101337,leaf-gpu-rdma,sys1-lon14-p-swi-bel16,sw14p2,,sys1-lon14-p-phy-gpu244,RDMA4,
101338,leaf-gpu-rdma,sys1-lon14-p-swi-bel16,sw15p1,,sys1-lon14-p-phy-gpu245,RDMA4,
101339,leaf-gpu-rdma,sys1-lon14-p-swi-bel16,sw15p2,,sys1-lon14-p-phy-gpu246,RDMA4,
101340,leaf-gpu-rdma,sys1-lon14-p-swi-bel16,sw16p1,,sys1-lon14-p-phy-gpu772,RDMA4,
101341,leaf-gpu-rdma,sys1-lon14-p-swi-bel16,sw16p2,,sys1-lon14-p-phy-gpu248,RDMA4,
101342,leaf-gpu-rdma,sys1-lon14-p-swi-bel16,sw17p1,,sys1-lon14-p-phy-gpu249,RDMA4,
101343,leaf-gpu-rdma,sys1-lon14-p-swi-bel16,sw17p2,,sys1-lon14-p-phy-gpu250,RDMA4,
101344,leaf-gpu-rdma,sys1-lon14-p-swi-bel16,sw18p1,,sys1-lon14-p-phy-gpu251,RDMA4,
101345,leaf-gpu-rdma,sys1-lon14-p-swi-bel16,sw18p2,,sys1-lon14-p-phy-gpu252,RDMA4,
101346,leaf-gpu-rdma,sys1-lon14-p-swi-bel16,sw19p1,,sys1-lon14-p-phy-gpu253,RDMA4,
101347,leaf-gpu-rdma,sys1-lon14-p-swi-bel16,sw19p2,,sys1-lon14-p-phy-gpu254,RDMA4,
101348,leaf-gpu-rdma,sys1-lon14-p-swi-bel16,sw20p1,,sys1-lon14-p-phy-gpu255,RDMA4,
101349,leaf-gpu-rdma,sys1-lon14-p-swi-bel16,sw20p2,,sys1-lon14-p-phy-gpu256,RDMA4,
101350,leaf-gpu-rdma,sys1-lon14-p-swi-bel16,sw21p1,,sys1-lon14-p-phy-gpu257,RDMA4,
101351,leaf-gpu-rdma,sys1-lon14-p-swi-bel16,sw21p2,,sys1-lon14-p-phy-gpu258,RDMA4,
101352,leaf-gpu-rdma,sys1-lon14-p-swi-bel16,sw22p1,,sys1-lon14-p-phy-gpu259,RDMA4,
101353,leaf-gpu-rdma,sys1-lon14-p-swi-bel16,sw22p2,,sys1-lon14-p-phy-gpu260,RDMA4,
101354,leaf-gpu-rdma,sys1-lon14-p-swi-bel16,sw23p1,,sys1-lon14-p-phy-gpu261,RDMA4,
101355,leaf-gpu-rdma,sys1-lon14-p-swi-bel16,sw23p2,,sys1-lon14-p-phy-gpu262,RDMA4,
101356,leaf-gpu-rdma,sys1-lon14-p-swi-bel16,sw24p1,,sys1-lon14-p-phy-gpu263,RDMA4,
101357,leaf-gpu-rdma,sys1-lon14-p-swi-bel16,sw24p2,,sys1-lon14-p-phy-gpu264,RDMA4,
101358,leaf-gpu-rdma,sys1-lon14-p-swi-bel16,sw25p1,,sys1-lon14-p-phy-gpu265,RDMA4,
101359,leaf-gpu-rdma,sys1-lon14-p-swi-bel16,sw25p2,,sys1-lon14-p-phy-gpu266,RDMA4,
101360,leaf-gpu-rdma,sys1-lon14-p-swi-bel16,sw26p1,,sys1-lon14-p-phy-gpu267,RDMA4,
101361,leaf-gpu-rdma,sys1-lon14-p-swi-bel16,sw26p2,,sys1-lon14-p-phy-gpu268,RDMA4,
101362,leaf-gpu-rdma,sys1-lon14-p-swi-bel16,sw27p1,,sys1-lon14-p-phy-gpu269,RDMA4,
101363,leaf-gpu-rdma,sys1-lon14-p-swi-bel16,sw27p2,,sys1-lon14-p-phy-gpu270,RDMA4,
101364,leaf-gpu-rdma,sys1-lon14-p-swi-bel16,sw28p1,,sys1-lon14-p-phy-gpu271,RDMA4,
101365,leaf-gpu-rdma,sys1-lon14-p-swi-bel16,sw28p2,,sys1-lon14-p-phy-gpu272,RDMA4,
101366,leaf-gpu-rdma,sys1-lon14-p-swi-bel16,sw29p1,,sys1-lon14-p-phy-gpu273,RDMA4,
101367,leaf-gpu-rdma,sys1-lon14-p-swi-bel16,sw29p2,,sys1-lon14-p-phy-gpu274,RDMA4,
101368,leaf-gpu-rdma,sys1-lon14-p-swi-bel16,sw30p1,,sys1-lon14-p-phy-gpu275,RDMA4,
101369,leaf-gpu-rdma,sys1-lon14-p-swi-bel16,sw30p2,,sys1-lon14-p-phy-gpu276,RDMA4,
101370,leaf-gpu-rdma,sys1-lon14-p-swi-bel16,sw31p1,,sys1-lon14-p-phy-gpu277,RDMA4,
101371,leaf-gpu-rdma,sys1-lon14-p-swi-bel16,sw31p2,,sys1-lon14-p-phy-gpu278,RDMA4,
101373,leaf-gpu-rdma,sys1-lon14-p-swi-bel16,sw32p2,,sys1-lon14-p-phy-gpu280,RDMA4,
101374,leaf-gpu-rdma,sys1-lon14-p-swi-bel16,sw33p1,,sys1-lon14-p-phy-gpu281,RDMA4,
101375,leaf-gpu-rdma,sys1-lon14-p-swi-bel16,sw33p2,,sys1-lon14-p-phy-gpu282,RDMA4,
101376,leaf-gpu-rdma,sys1-lon14-p-swi-bel16,sw34p1,,sys1-lon14-p-phy-gpu283,RDMA4,
101377,leaf-gpu-rdma,sys1-lon14-p-swi-bel16,sw34p2,,sys1-lon14-p-phy-gpu284,RDMA4,
101378,leaf-gpu-rdma,sys1-lon14-p-swi-bel16,sw35p1,,sys1-lon14-p-phy-gpu285,RDMA4,
101379,leaf-gpu-rdma,sys1-lon14-p-swi-bel16,sw35p2,,sys1-lon14-p-phy-gpu286,RDMA4,
101380,leaf-gpu-rdma,sys1-lon14-p-swi-bel16,sw36p1,,sys1-lon14-p-phy-gpu287,RDMA4,
101381,leaf-gpu-rdma,sys1-lon14-p-swi-bel16,sw36p2,,sys1-lon14-p-phy-gpu288,RDMA4,
101382,leaf-gpu-rdma,sys1-lon14-p-swi-bel17,sw1p1,,sys1-lon14-p-phy-gpu289,RDMA1,
101383,leaf-gpu-rdma,sys1-lon14-p-swi-bel17,sw1p2,,sys1-lon14-p-phy-gpu290,RDMA1,
101384,leaf-gpu-rdma,sys1-lon14-p-swi-bel17,sw2p1,,sys1-lon14-p-phy-gpu291,RDMA1,
101385,leaf-gpu-rdma,sys1-lon14-p-swi-bel17,sw2p2,,sys1-lon14-p-phy-gpu292,RDMA1,
101386,leaf-gpu-rdma,sys1-lon14-p-swi-bel17,sw3p1,,sys1-lon14-p-phy-gpu293,RDMA1,
101387,leaf-gpu-rdma,sys1-lon14-p-swi-bel17,sw3p2,,sys1-lon14-p-phy-gpu294,RDMA1,
101388,leaf-gpu-rdma,sys1-lon14-p-swi-bel17,sw4p1,,sys1-lon14-p-phy-gpu295,RDMA1,
101389,leaf-gpu-rdma,sys1-lon14-p-swi-bel17,sw4p2,,sys1-lon14-p-phy-gpu296,RDMA1,
101390,leaf-gpu-rdma,sys1-lon14-p-swi-bel17,sw5p1,,sys1-lon14-p-phy-gpu297,RDMA1,
101391,leaf-gpu-rdma,sys1-lon14-p-swi-bel17,sw5p2,,sys1-lon14-p-phy-gpu298,RDMA1,
101392,leaf-gpu-rdma,sys1-lon14-p-swi-bel17,sw6p1,,sys1-lon14-p-phy-gpu299,RDMA1,
101393,leaf-gpu-rdma,sys1-lon14-p-swi-bel17,sw6p2,,sys1-lon14-p-phy-gpu300,RDMA1,
101394,leaf-gpu-rdma,sys1-lon14-p-swi-bel17,sw7p1,,sys1-lon14-p-phy-gpu301,RDMA1,
101395,leaf-gpu-rdma,sys1-lon14-p-swi-bel17,sw7p2,,sys1-lon14-p-phy-gpu302,RDMA1,
101396,leaf-gpu-rdma,sys1-lon14-p-swi-bel17,sw8p1,,sys1-lon14-p-phy-gpu303,RDMA1,
101397,leaf-gpu-rdma,sys1-lon14-p-swi-bel17,sw8p2,,sys1-lon14-p-phy-gpu304,RDMA1,
101398,leaf-gpu-rdma,sys1-lon14-p-swi-bel17,sw9p1,,sys1-lon14-p-phy-gpu305,RDMA1,
101399,leaf-gpu-rdma,sys1-lon14-p-swi-bel17,sw9p2,,sys1-lon14-p-phy-gpu306,RDMA1,
101400,leaf-gpu-rdma,sys1-lon14-p-swi-bel17,sw10p1,,sys1-lon14-p-phy-gpu307,RDMA1,
101401,leaf-gpu-rdma,sys1-lon14-p-swi-bel17,sw10p2,,sys1-lon14-p-phy-gpu308,RDMA1,
101402,leaf-gpu-rdma,sys1-lon14-p-swi-bel17,sw11p1,,sys1-lon14-p-phy-gpu309,RDMA1,
101403,leaf-gpu-rdma,sys1-lon14-p-swi-bel17,sw11p2,,sys1-lon14-p-phy-gpu310,RDMA1,
101404,leaf-gpu-rdma,sys1-lon14-p-swi-bel17,sw12p1,,sys1-lon14-p-phy-gpu311,RDMA1,
101405,leaf-gpu-rdma,sys1-lon14-p-swi-bel17,sw12p2,,sys1-lon14-p-phy-gpu312,RDMA1,
101406,leaf-gpu-rdma,sys1-lon14-p-swi-bel17,sw13p1,,sys1-lon14-p-phy-gpu313,RDMA1,
101407,leaf-gpu-rdma,sys1-lon14-p-swi-bel17,sw13p2,,sys1-lon14-p-phy-gpu314,RDMA1,
101408,leaf-gpu-rdma,sys1-lon14-p-swi-bel17,sw14p1,,sys1-lon14-p-phy-gpu766,RDMA1,
101409,leaf-gpu-rdma,sys1-lon14-p-swi-bel17,sw14p2,,sys1-lon14-p-phy-gpu316,RDMA1,
101410,leaf-gpu-rdma,sys1-lon14-p-swi-bel17,sw15p1,,sys1-lon14-p-phy-gpu317,RDMA1,
101411,leaf-gpu-rdma,sys1-lon14-p-swi-bel17,sw15p2,,sys1-lon14-p-phy-gpu318,RDMA1,
101412,leaf-gpu-rdma,sys1-lon14-p-swi-bel17,sw16p1,,sys1-lon14-p-phy-gpu319,RDMA1,
101413,leaf-gpu-rdma,sys1-lon14-p-swi-bel17,sw16p2,,sys1-lon14-p-phy-gpu767,RDMA1,
101414,leaf-gpu-rdma,sys1-lon14-p-swi-bel17,sw17p1,,sys1-lon14-p-phy-gpu321,RDMA1,
101415,leaf-gpu-rdma,sys1-lon14-p-swi-bel17,sw17p2,,sys1-lon14-p-phy-gpu322,RDMA1,
101416,leaf-gpu-rdma,sys1-lon14-p-swi-bel17,sw18p1,,sys1-lon14-p-phy-gpu323,RDMA1,
101417,leaf-gpu-rdma,sys1-lon14-p-swi-bel17,sw18p2,,sys1-lon14-p-phy-gpu324,RDMA1,
101418,leaf-gpu-rdma,sys1-lon14-p-swi-bel17,sw19p1,,sys1-lon14-p-phy-gpu325,RDMA1,
101419,leaf-gpu-rdma,sys1-lon14-p-swi-bel17,sw19p2,,sys1-lon14-p-phy-gpu326,RDMA1,
101420,leaf-gpu-rdma,sys1-lon14-p-swi-bel17,sw20p1,,sys1-lon14-p-phy-gpu327,RDMA1,
101421,leaf-gpu-rdma,sys1-lon14-p-swi-bel17,sw20p2,,sys1-lon14-p-phy-gpu328,RDMA1,
101422,leaf-gpu-rdma,sys1-lon14-p-swi-bel17,sw21p1,,sys1-lon14-p-phy-gpu329,RDMA1,
101423,leaf-gpu-rdma,sys1-lon14-p-swi-bel17,sw21p2,,sys1-lon14-p-phy-gpu330,RDMA1,
101424,leaf-gpu-rdma,sys1-lon14-p-swi-bel17,sw22p1,,sys1-lon14-p-phy-gpu331,RDMA1,
101425,leaf-gpu-rdma,sys1-lon14-p-swi-bel17,sw22p2,,sys1-lon14-p-phy-gpu332,RDMA1,
101426,leaf-gpu-rdma,sys1-lon14-p-swi-bel17,sw23p1,,sys1-lon14-p-phy-gpu333,RDMA1,
101427,leaf-gpu-rdma,sys1-lon14-p-swi-bel17,sw23p2,,sys1-lon14-p-phy-gpu334,RDMA1,
101428,leaf-gpu-rdma,sys1-lon14-p-swi-bel17,sw24p1,,sys1-lon14-p-phy-gpu335,RDMA1,
101429,leaf-gpu-rdma,sys1-lon14-p-swi-bel17,sw24p2,,sys1-lon14-p-phy-gpu768,RDMA1,
101430,leaf-gpu-rdma,sys1-lon14-p-swi-bel17,sw25p1,,sys1-lon14-p-phy-gpu337,RDMA1,
101431,leaf-gpu-rdma,sys1-lon14-p-swi-bel17,sw25p2,,sys1-lon14-p-phy-gpu338,RDMA1,
101432,leaf-gpu-rdma,sys1-lon14-p-swi-bel17,sw26p1,,sys1-lon14-p-phy-gpu339,RDMA1,
101433,leaf-gpu-rdma,sys1-lon14-p-swi-bel17,sw26p2,,sys1-lon14-p-phy-gpu340,RDMA1,
101434,leaf-gpu-rdma,sys1-lon14-p-swi-bel17,sw27p1,,sys1-lon14-p-phy-gpu341,RDMA1,
101435,leaf-gpu-rdma,sys1-lon14-p-swi-bel17,sw27p2,,sys1-lon14-p-phy-gpu342,RDMA1,
101436,leaf-gpu-rdma,sys1-lon14-p-swi-bel17,sw28p1,,sys1-lon14-p-phy-gpu343,RDMA1,
101437,leaf-gpu-rdma,sys1-lon14-p-swi-bel17,sw28p2,,sys1-lon14-p-phy-gpu344,RDMA1,
101438,leaf-gpu-rdma,sys1-lon14-p-swi-bel17,sw29p1,,sys1-lon14-p-phy-gpu345,RDMA1,
101439,leaf-gpu-rdma,sys1-lon14-p-swi-bel17,sw29p2,,sys1-lon14-p-phy-gpu346,RDMA1,
101440,leaf-gpu-rdma,sys1-lon14-p-swi-bel17,sw30p1,,sys1-lon14-p-phy-gpu347,RDMA1,
101441,leaf-gpu-rdma,sys1-lon14-p-swi-bel17,sw30p2,,sys1-lon14-p-phy-gpu348,RDMA1,
101442,leaf-gpu-rdma,sys1-lon14-p-swi-bel17,sw31p1,,sys1-lon14-p-phy-gpu349,RDMA1,
101443,leaf-gpu-rdma,sys1-lon14-p-swi-bel17,sw31p2,,sys1-lon14-p-phy-gpu769,RDMA1,
101444,leaf-gpu-rdma,sys1-lon14-p-swi-bel17,sw32p1,,sys1-lon14-p-phy-gpu351,RDMA1,
101445,leaf-gpu-rdma,sys1-lon14-p-swi-bel17,sw32p2,,sys1-lon14-p-phy-gpu352,RDMA1,
101446,leaf-gpu-rdma,sys1-lon14-p-swi-bel17,sw33p1,,sys1-lon14-p-phy-gpu353,RDMA1,
101447,leaf-gpu-rdma,sys1-lon14-p-swi-bel17,sw33p2,,sys1-lon14-p-phy-gpu354,RDMA1,
101448,leaf-gpu-rdma,sys1-lon14-p-swi-bel17,sw34p1,,sys1-lon14-p-phy-gpu770,RDMA1,
101449,leaf-gpu-rdma,sys1-lon14-p-swi-bel17,sw34p2,,sys1-lon14-p-phy-gpu356,RDMA1,
101450,leaf-gpu-rdma,sys1-lon14-p-swi-bel17,sw35p1,,sys1-lon14-p-phy-gpu357,RDMA1,
101451,leaf-gpu-rdma,sys1-lon14-p-swi-bel17,sw35p2,,sys1-lon14-p-phy-gpu358,RDMA1,
101452,leaf-gpu-rdma,sys1-lon14-p-swi-bel17,sw36p1,,sys1-lon14-p-phy-gpu359,RDMA1,
101453,leaf-gpu-rdma,sys1-lon14-p-swi-bel17,sw36p2,,sys1-lon14-p-phy-gpu360,RDMA1,
101454,leaf-gpu-rdma,sys1-lon14-p-swi-bel18,sw1p1,,sys1-lon14-p-phy-gpu289,RDMA2,
101455,leaf-gpu-rdma,sys1-lon14-p-swi-bel18,sw1p2,,sys1-lon14-p-phy-gpu290,RDMA2,
101456,leaf-gpu-rdma,sys1-lon14-p-swi-bel18,sw2p1,,sys1-lon14-p-phy-gpu291,RDMA2,
101457,leaf-gpu-rdma,sys1-lon14-p-swi-bel18,sw2p2,,sys1-lon14-p-phy-gpu292,RDMA2,
101458,leaf-gpu-rdma,sys1-lon14-p-swi-bel18,sw3p1,,sys1-lon14-p-phy-gpu293,RDMA2,
101459,leaf-gpu-rdma,sys1-lon14-p-swi-bel18,sw3p2,,sys1-lon14-p-phy-gpu294,RDMA2,
101460,leaf-gpu-rdma,sys1-lon14-p-swi-bel18,sw4p1,,sys1-lon14-p-phy-gpu295,RDMA2,
101461,leaf-gpu-rdma,sys1-lon14-p-swi-bel18,sw4p2,,sys1-lon14-p-phy-gpu296,RDMA2,
101462,leaf-gpu-rdma,sys1-lon14-p-swi-bel18,sw5p1,,sys1-lon14-p-phy-gpu297,RDMA2,
101463,leaf-gpu-rdma,sys1-lon14-p-swi-bel18,sw5p2,,sys1-lon14-p-phy-gpu298,RDMA2,
101464,leaf-gpu-rdma,sys1-lon14-p-swi-bel18,sw6p1,,sys1-lon14-p-phy-gpu299,RDMA2,
101465,leaf-gpu-rdma,sys1-lon14-p-swi-bel18,sw6p2,,sys1-lon14-p-phy-gpu300,RDMA2,
101466,leaf-gpu-rdma,sys1-lon14-p-swi-bel18,sw7p1,,sys1-lon14-p-phy-gpu301,RDMA2,
101467,leaf-gpu-rdma,sys1-lon14-p-swi-bel18,sw7p2,,sys1-lon14-p-phy-gpu302,RDMA2,
101468,leaf-gpu-rdma,sys1-lon14-p-swi-bel18,sw8p1,,sys1-lon14-p-phy-gpu303,RDMA2,
101469,leaf-gpu-rdma,sys1-lon14-p-swi-bel18,sw8p2,,sys1-lon14-p-phy-gpu304,RDMA2,
101470,leaf-gpu-rdma,sys1-lon14-p-swi-bel18,sw9p1,,sys1-lon14-p-phy-gpu305,RDMA2,
101471,leaf-gpu-rdma,sys1-lon14-p-swi-bel18,sw9p2,,sys1-lon14-p-phy-gpu306,RDMA2,
101472,leaf-gpu-rdma,sys1-lon14-p-swi-bel18,sw10p1,,sys1-lon14-p-phy-gpu307,RDMA2,
101473,leaf-gpu-rdma,sys1-lon14-p-swi-bel18,sw10p2,,sys1-lon14-p-phy-gpu308,RDMA2,
101474,leaf-gpu-rdma,sys1-lon14-p-swi-bel18,sw11p1,,sys1-lon14-p-phy-gpu309,RDMA2,
101475,leaf-gpu-rdma,sys1-lon14-p-swi-bel18,sw11p2,,sys1-lon14-p-phy-gpu310,RDMA2,
101476,leaf-gpu-rdma,sys1-lon14-p-swi-bel18,sw12p1,,sys1-lon14-p-phy-gpu311,RDMA2,
101477,leaf-gpu-rdma,sys1-lon14-p-swi-bel18,sw12p2,,sys1-lon14-p-phy-gpu312,RDMA2,
101478,leaf-gpu-rdma,sys1-lon14-p-swi-bel18,sw13p1,,sys1-lon14-p-phy-gpu313,RDMA2,
101479,leaf-gpu-rdma,sys1-lon14-p-swi-bel18,sw13p2,,sys1-lon14-p-phy-gpu314,RDMA2,
101480,leaf-gpu-rdma,sys1-lon14-p-swi-bel18,sw14p1,,sys1-lon14-p-phy-gpu766,RDMA2,
101481,leaf-gpu-rdma,sys1-lon14-p-swi-bel18,sw14p2,,sys1-lon14-p-phy-gpu316,RDMA2,
101482,leaf-gpu-rdma,sys1-lon14-p-swi-bel18,sw15p1,,sys1-lon14-p-phy-gpu317,RDMA2,
101483,leaf-gpu-rdma,sys1-lon14-p-swi-bel18,sw15p2,,sys1-lon14-p-phy-gpu318,RDMA2,
101484,leaf-gpu-rdma,sys1-lon14-p-swi-bel18,sw16p1,,sys1-lon14-p-phy-gpu319,RDMA2,
101485,leaf-gpu-rdma,sys1-lon14-p-swi-bel18,sw16p2,,sys1-lon14-p-phy-gpu767,RDMA2,
101486,leaf-gpu-rdma,sys1-lon14-p-swi-bel18,sw17p1,,sys1-lon14-p-phy-gpu321,RDMA2,
101487,leaf-gpu-rdma,sys1-lon14-p-swi-bel18,sw17p2,,sys1-lon14-p-phy-gpu322,RDMA2,
101488,leaf-gpu-rdma,sys1-lon14-p-swi-bel18,sw18p1,,sys1-lon14-p-phy-gpu323,RDMA2,
101489,leaf-gpu-rdma,sys1-lon14-p-swi-bel18,sw18p2,,sys1-lon14-p-phy-gpu324,RDMA2,
101490,leaf-gpu-rdma,sys1-lon14-p-swi-bel18,sw19p1,,sys1-lon14-p-phy-gpu325,RDMA2,
101491,leaf-gpu-rdma,sys1-lon14-p-swi-bel18,sw19p2,,sys1-lon14-p-phy-gpu326,RDMA2,
101492,leaf-gpu-rdma,sys1-lon14-p-swi-bel18,sw20p1,,sys1-lon14-p-phy-gpu327,RDMA2,
101493,leaf-gpu-rdma,sys1-lon14-p-swi-bel18,sw20p2,,sys1-lon14-p-phy-gpu328,RDMA2,
101494,leaf-gpu-rdma,sys1-lon14-p-swi-bel18,sw21p1,,sys1-lon14-p-phy-gpu329,RDMA2,
101495,leaf-gpu-rdma,sys1-lon14-p-swi-bel18,sw21p2,,sys1-lon14-p-phy-gpu330,RDMA2,
101496,leaf-gpu-rdma,sys1-lon14-p-swi-bel18,sw22p1,,sys1-lon14-p-phy-gpu331,RDMA2,
101497,leaf-gpu-rdma,sys1-lon14-p-swi-bel18,sw22p2,,sys1-lon14-p-phy-gpu332,RDMA2,
101498,leaf-gpu-rdma,sys1-lon14-p-swi-bel18,sw23p1,,sys1-lon14-p-phy-gpu333,RDMA2,
101499,leaf-gpu-rdma,sys1-lon14-p-swi-bel18,sw23p2,,sys1-lon14-p-phy-gpu334,RDMA2,
101500,leaf-gpu-rdma,sys1-lon14-p-swi-bel18,sw24p1,,sys1-lon14-p-phy-gpu335,RDMA2,
101501,leaf-gpu-rdma,sys1-lon14-p-swi-bel18,sw24p2,,sys1-lon14-p-phy-gpu768,RDMA2,
101502,leaf-gpu-rdma,sys1-lon14-p-swi-bel18,sw25p1,,sys1-lon14-p-phy-gpu337,RDMA2,
101503,leaf-gpu-rdma,sys1-lon14-p-swi-bel18,sw25p2,,sys1-lon14-p-phy-gpu338,RDMA2,
101504,leaf-gpu-rdma,sys1-lon14-p-swi-bel18,sw26p1,,sys1-lon14-p-phy-gpu339,RDMA2,
101505,leaf-gpu-rdma,sys1-lon14-p-swi-bel18,sw26p2,,sys1-lon14-p-phy-gpu340,RDMA2,
101506,leaf-gpu-rdma,sys1-lon14-p-swi-bel18,sw27p1,,sys1-lon14-p-phy-gpu341,RDMA2,
101507,leaf-gpu-rdma,sys1-lon14-p-swi-bel18,sw27p2,,sys1-lon14-p-phy-gpu342,RDMA2,
101508,leaf-gpu-rdma,sys1-lon14-p-swi-bel18,sw28p1,,sys1-lon14-p-phy-gpu343,RDMA2,
101509,leaf-gpu-rdma,sys1-lon14-p-swi-bel18,sw28p2,,sys1-lon14-p-phy-gpu344,RDMA2,
101510,leaf-gpu-rdma,sys1-lon14-p-swi-bel18,sw29p1,,sys1-lon14-p-phy-gpu345,RDMA2,
101511,leaf-gpu-rdma,sys1-lon14-p-swi-bel18,sw29p2,,sys1-lon14-p-phy-gpu346,RDMA2,
101512,leaf-gpu-rdma,sys1-lon14-p-swi-bel18,sw30p1,,sys1-lon14-p-phy-gpu347,RDMA2,
101513,leaf-gpu-rdma,sys1-lon14-p-swi-bel18,sw30p2,,sys1-lon14-p-phy-gpu348,RDMA2,
101514,leaf-gpu-rdma,sys1-lon14-p-swi-bel18,sw31p1,,sys1-lon14-p-phy-gpu349,RDMA2,
101515,leaf-gpu-rdma,sys1-lon14-p-swi-bel18,sw31p2,,sys1-lon14-p-phy-gpu769,RDMA2,
101516,leaf-gpu-rdma,sys1-lon14-p-swi-bel18,sw32p1,,sys1-lon14-p-phy-gpu351,RDMA2,
101517,leaf-gpu-rdma,sys1-lon14-p-swi-bel18,sw32p2,,sys1-lon14-p-phy-gpu352,RDMA2,
101518,leaf-gpu-rdma,sys1-lon14-p-swi-bel18,sw33p1,,sys1-lon14-p-phy-gpu353,RDMA2,
101519,leaf-gpu-rdma,sys1-lon14-p-swi-bel18,sw33p2,,sys1-lon14-p-phy-gpu354,RDMA2,
101520,leaf-gpu-rdma,sys1-lon14-p-swi-bel18,sw34p1,,sys1-lon14-p-phy-gpu770,RDMA2,
101521,leaf-gpu-rdma,sys1-lon14-p-swi-bel18,sw34p2,,sys1-lon14-p-phy-gpu356,RDMA2,
101522,leaf-gpu-rdma,sys1-lon14-p-swi-bel18,sw35p1,,sys1-lon14-p-phy-gpu357,RDMA2,
101523,leaf-gpu-rdma,sys1-lon14-p-swi-bel18,sw35p2,,sys1-lon14-p-phy-gpu358,RDMA2,
101524,leaf-gpu-rdma,sys1-lon14-p-swi-bel18,sw36p1,,sys1-lon14-p-phy-gpu359,RDMA2,
101525,leaf-gpu-rdma,sys1-lon14-p-swi-bel18,sw36p2,,sys1-lon14-p-phy-gpu360,RDMA2,
101526,leaf-gpu-rdma,sys1-lon14-p-swi-bel19,sw1p1,,sys1-lon14-p-phy-gpu289,RDMA3,
101527,leaf-gpu-rdma,sys1-lon14-p-swi-bel19,sw1p2,,sys1-lon14-p-phy-gpu290,RDMA3,
101528,leaf-gpu-rdma,sys1-lon14-p-swi-bel19,sw2p1,,sys1-lon14-p-phy-gpu291,RDMA3,
101529,leaf-gpu-rdma,sys1-lon14-p-swi-bel19,sw2p2,,sys1-lon14-p-phy-gpu292,RDMA3,
101530,leaf-gpu-rdma,sys1-lon14-p-swi-bel19,sw3p1,,sys1-lon14-p-phy-gpu293,RDMA3,
101531,leaf-gpu-rdma,sys1-lon14-p-swi-bel19,sw3p2,,sys1-lon14-p-phy-gpu294,RDMA3,
101532,leaf-gpu-rdma,sys1-lon14-p-swi-bel19,sw4p1,,sys1-lon14-p-phy-gpu295,RDMA3,
101533,leaf-gpu-rdma,sys1-lon14-p-swi-bel19,sw4p2,,sys1-lon14-p-phy-gpu296,RDMA3,
101534,leaf-gpu-rdma,sys1-lon14-p-swi-bel19,sw5p1,,sys1-lon14-p-phy-gpu297,RDMA3,
101535,leaf-gpu-rdma,sys1-lon14-p-swi-bel19,sw5p2,,sys1-lon14-p-phy-gpu298,RDMA3,
101536,leaf-gpu-rdma,sys1-lon14-p-swi-bel19,sw6p1,,sys1-lon14-p-phy-gpu299,RDMA3,
101537,leaf-gpu-rdma,sys1-lon14-p-swi-bel19,sw6p2,,sys1-lon14-p-phy-gpu300,RDMA3,
101538,leaf-gpu-rdma,sys1-lon14-p-swi-bel19,sw7p1,,sys1-lon14-p-phy-gpu301,RDMA3,
101539,leaf-gpu-rdma,sys1-lon14-p-swi-bel19,sw7p2,,sys1-lon14-p-phy-gpu302,RDMA3,
101540,leaf-gpu-rdma,sys1-lon14-p-swi-bel19,sw8p1,,sys1-lon14-p-phy-gpu303,RDMA3,
101541,leaf-gpu-rdma,sys1-lon14-p-swi-bel19,sw8p2,,sys1-lon14-p-phy-gpu304,RDMA3,
101542,leaf-gpu-rdma,sys1-lon14-p-swi-bel19,sw9p1,,sys1-lon14-p-phy-gpu305,RDMA3,
101543,leaf-gpu-rdma,sys1-lon14-p-swi-bel19,sw9p2,,sys1-lon14-p-phy-gpu306,RDMA3,
101544,leaf-gpu-rdma,sys1-lon14-p-swi-bel19,sw10p1,,sys1-lon14-p-phy-gpu307,RDMA3,
101545,leaf-gpu-rdma,sys1-lon14-p-swi-bel19,sw10p2,,sys1-lon14-p-phy-gpu308,RDMA3,
101546,leaf-gpu-rdma,sys1-lon14-p-swi-bel19,sw11p1,,sys1-lon14-p-phy-gpu309,RDMA3,
101547,leaf-gpu-rdma,sys1-lon14-p-swi-bel19,sw11p2,,sys1-lon14-p-phy-gpu310,RDMA3,
101548,leaf-gpu-rdma,sys1-lon14-p-swi-bel19,sw12p1,,sys1-lon14-p-phy-gpu311,RDMA3,
101549,leaf-gpu-rdma,sys1-lon14-p-swi-bel19,sw12p2,,sys1-lon14-p-phy-gpu312,RDMA3,
101550,leaf-gpu-rdma,sys1-lon14-p-swi-bel19,sw13p1,,sys1-lon14-p-phy-gpu313,RDMA3,
101551,leaf-gpu-rdma,sys1-lon14-p-swi-bel19,sw13p2,,sys1-lon14-p-phy-gpu314,RDMA3,
101552,leaf-gpu-rdma,sys1-lon14-p-swi-bel19,sw14p1,,sys1-lon14-p-phy-gpu766,RDMA3,
101553,leaf-gpu-rdma,sys1-lon14-p-swi-bel19,sw14p2,,sys1-lon14-p-phy-gpu316,RDMA3,
101554,leaf-gpu-rdma,sys1-lon14-p-swi-bel19,sw15p1,,sys1-lon14-p-phy-gpu317,RDMA3,
101555,leaf-gpu-rdma,sys1-lon14-p-swi-bel19,sw15p2,,sys1-lon14-p-phy-gpu318,RDMA3,
101556,leaf-gpu-rdma,sys1-lon14-p-swi-bel19,sw16p1,,sys1-lon14-p-phy-gpu319,RDMA3,
101557,leaf-gpu-rdma,sys1-lon14-p-swi-bel19,sw16p2,,sys1-lon14-p-phy-gpu767,RDMA3,
101558,leaf-gpu-rdma,sys1-lon14-p-swi-bel19,sw17p1,,sys1-lon14-p-phy-gpu321,RDMA3,
101559,leaf-gpu-rdma,sys1-lon14-p-swi-bel19,sw17p2,,sys1-lon14-p-phy-gpu322,RDMA3,
101560,leaf-gpu-rdma,sys1-lon14-p-swi-bel19,sw18p1,,sys1-lon14-p-phy-gpu323,RDMA3,
101561,leaf-gpu-rdma,sys1-lon14-p-swi-bel19,sw18p2,,sys1-lon14-p-phy-gpu324,RDMA3,
101562,leaf-gpu-rdma,sys1-lon14-p-swi-bel19,sw19p1,,sys1-lon14-p-phy-gpu325,RDMA3,
101563,leaf-gpu-rdma,sys1-lon14-p-swi-bel19,sw19p2,,sys1-lon14-p-phy-gpu326,RDMA3,
101564,leaf-gpu-rdma,sys1-lon14-p-swi-bel19,sw20p1,,sys1-lon14-p-phy-gpu327,RDMA3,
101565,leaf-gpu-rdma,sys1-lon14-p-swi-bel19,sw20p2,,sys1-lon14-p-phy-gpu328,RDMA3,
101566,leaf-gpu-rdma,sys1-lon14-p-swi-bel19,sw21p1,,sys1-lon14-p-phy-gpu329,RDMA3,
101567,leaf-gpu-rdma,sys1-lon14-p-swi-bel19,sw21p2,,sys1-lon14-p-phy-gpu330,RDMA3,
101568,leaf-gpu-rdma,sys1-lon14-p-swi-bel19,sw22p1,,sys1-lon14-p-phy-gpu331,RDMA3,
101569,leaf-gpu-rdma,sys1-lon14-p-swi-bel19,sw22p2,,sys1-lon14-p-phy-gpu332,RDMA3,
101570,leaf-gpu-rdma,sys1-lon14-p-swi-bel19,sw23p1,,sys1-lon14-p-phy-gpu333,RDMA3,
101571,leaf-gpu-rdma,sys1-lon14-p-swi-bel19,sw23p2,,sys1-lon14-p-phy-gpu334,RDMA3,
101572,leaf-gpu-rdma,sys1-lon14-p-swi-bel19,sw24p1,,sys1-lon14-p-phy-gpu335,RDMA3,
101573,leaf-gpu-rdma,sys1-lon14-p-swi-bel19,sw24p2,,sys1-lon14-p-phy-gpu768,RDMA3,
101574,leaf-gpu-rdma,sys1-lon14-p-swi-bel19,sw25p1,,sys1-lon14-p-phy-gpu337,RDMA3,
101575,leaf-gpu-rdma,sys1-lon14-p-swi-bel19,sw25p2,,sys1-lon14-p-phy-gpu338,RDMA3,
101576,leaf-gpu-rdma,sys1-lon14-p-swi-bel19,sw26p1,,sys1-lon14-p-phy-gpu339,RDMA3,
101577,leaf-gpu-rdma,sys1-lon14-p-swi-bel19,sw26p2,,sys1-lon14-p-phy-gpu340,RDMA3,
101578,leaf-gpu-rdma,sys1-lon14-p-swi-bel19,sw27p1,,sys1-lon14-p-phy-gpu341,RDMA3,
101579,leaf-gpu-rdma,sys1-lon14-p-swi-bel19,sw27p2,,sys1-lon14-p-phy-gpu342,RDMA3,
101580,leaf-gpu-rdma,sys1-lon14-p-swi-bel19,sw28p1,,sys1-lon14-p-phy-gpu343,RDMA3,
101581,leaf-gpu-rdma,sys1-lon14-p-swi-bel19,sw28p2,,sys1-lon14-p-phy-gpu344,RDMA3,
101582,leaf-gpu-rdma,sys1-lon14-p-swi-bel19,sw29p1,,sys1-lon14-p-phy-gpu345,RDMA3,
101583,leaf-gpu-rdma,sys1-lon14-p-swi-bel19,sw29p2,,sys1-lon14-p-phy-gpu346,RDMA3,
101584,leaf-gpu-rdma,sys1-lon14-p-swi-bel19,sw30p1,,sys1-lon14-p-phy-gpu347,RDMA3,
101585,leaf-gpu-rdma,sys1-lon14-p-swi-bel19,sw30p2,,sys1-lon14-p-phy-gpu348,RDMA3,
101586,leaf-gpu-rdma,sys1-lon14-p-swi-bel19,sw31p1,,sys1-lon14-p-phy-gpu349,RDMA3,
101587,leaf-gpu-rdma,sys1-lon14-p-swi-bel19,sw31p2,,sys1-lon14-p-phy-gpu769,RDMA3,
101588,leaf-gpu-rdma,sys1-lon14-p-swi-bel19,sw32p1,,sys1-lon14-p-phy-gpu351,RDMA3,
101589,leaf-gpu-rdma,sys1-lon14-p-swi-bel19,sw32p2,,sys1-lon14-p-phy-gpu352,RDMA3,
101590,leaf-gpu-rdma,sys1-lon14-p-swi-bel19,sw33p1,,sys1-lon14-p-phy-gpu353,RDMA3,
101591,leaf-gpu-rdma,sys1-lon14-p-swi-bel19,sw33p2,,sys1-lon14-p-phy-gpu354,RDMA3,
101592,leaf-gpu-rdma,sys1-lon14-p-swi-bel19,sw34p1,,sys1-lon14-p-phy-gpu770,RDMA3,
101593,leaf-gpu-rdma,sys1-lon14-p-swi-bel19,sw34p2,,sys1-lon14-p-phy-gpu356,RDMA3,
101594,leaf-gpu-rdma,sys1-lon14-p-swi-bel19,sw35p1,,sys1-lon14-p-phy-gpu357,RDMA3,
101595,leaf-gpu-rdma,sys1-lon14-p-swi-bel19,sw35p2,,sys1-lon14-p-phy-gpu358,RDMA3,
101596,leaf-gpu-rdma,sys1-lon14-p-swi-bel19,sw36p1,,sys1-lon14-p-phy-gpu359,RDMA3,
101597,leaf-gpu-rdma,sys1-lon14-p-swi-bel19,sw36p2,,sys1-lon14-p-phy-gpu360,RDMA3,
101598,leaf-gpu-rdma,sys1-lon14-p-swi-bel20,sw1p1,,sys1-lon14-p-phy-gpu289,RDMA4,
101599,leaf-gpu-rdma,sys1-lon14-p-swi-bel20,sw1p2,,sys1-lon14-p-phy-gpu290,RDMA4,
101600,leaf-gpu-rdma,sys1-lon14-p-swi-bel20,sw2p1,,sys1-lon14-p-phy-gpu291,RDMA4,
101601,leaf-gpu-rdma,sys1-lon14-p-swi-bel20,sw2p2,,sys1-lon14-p-phy-gpu292,RDMA4,
101602,leaf-gpu-rdma,sys1-lon14-p-swi-bel20,sw3p1,,sys1-lon14-p-phy-gpu293,RDMA4,
101603,leaf-gpu-rdma,sys1-lon14-p-swi-bel20,sw3p2,,sys1-lon14-p-phy-gpu294,RDMA4,
101604,leaf-gpu-rdma,sys1-lon14-p-swi-bel20,sw4p1,,sys1-lon14-p-phy-gpu295,RDMA4,
101605,leaf-gpu-rdma,sys1-lon14-p-swi-bel20,sw4p2,,sys1-lon14-p-phy-gpu296,RDMA4,
101606,leaf-gpu-rdma,sys1-lon14-p-swi-bel20,sw5p1,,sys1-lon14-p-phy-gpu297,RDMA4,
101607,leaf-gpu-rdma,sys1-lon14-p-swi-bel20,sw5p2,,sys1-lon14-p-phy-gpu298,RDMA4,
101608,leaf-gpu-rdma,sys1-lon14-p-swi-bel20,sw6p1,,sys1-lon14-p-phy-gpu299,RDMA4,
101609,leaf-gpu-rdma,sys1-lon14-p-swi-bel20,sw6p2,,sys1-lon14-p-phy-gpu300,RDMA4,
101610,leaf-gpu-rdma,sys1-lon14-p-swi-bel20,sw7p1,,sys1-lon14-p-phy-gpu301,RDMA4,
101611,leaf-gpu-rdma,sys1-lon14-p-swi-bel20,sw7p2,,sys1-lon14-p-phy-gpu302,RDMA4,
101612,leaf-gpu-rdma,sys1-lon14-p-swi-bel20,sw8p1,,sys1-lon14-p-phy-gpu303,RDMA4,
101613,leaf-gpu-rdma,sys1-lon14-p-swi-bel20,sw8p2,,sys1-lon14-p-phy-gpu304,RDMA4,
101614,leaf-gpu-rdma,sys1-lon14-p-swi-bel20,sw9p1,,sys1-lon14-p-phy-gpu305,RDMA4,
101615,leaf-gpu-rdma,sys1-lon14-p-swi-bel20,sw9p2,,sys1-lon14-p-phy-gpu306,RDMA4,
101616,leaf-gpu-rdma,sys1-lon14-p-swi-bel20,sw10p1,,sys1-lon14-p-phy-gpu307,RDMA4,
101617,leaf-gpu-rdma,sys1-lon14-p-swi-bel20,sw10p2,,sys1-lon14-p-phy-gpu308,RDMA4,
101618,leaf-gpu-rdma,sys1-lon14-p-swi-bel20,sw11p1,,sys1-lon14-p-phy-gpu309,RDMA4,
101619,leaf-gpu-rdma,sys1-lon14-p-swi-bel20,sw11p2,,sys1-lon14-p-phy-gpu310,RDMA4,
101620,leaf-gpu-rdma,sys1-lon14-p-swi-bel20,sw12p1,,sys1-lon14-p-phy-gpu311,RDMA4,
101621,leaf-gpu-rdma,sys1-lon14-p-swi-bel20,sw12p2,,sys1-lon14-p-phy-gpu312,RDMA4,
101622,leaf-gpu-rdma,sys1-lon14-p-swi-bel20,sw13p1,,sys1-lon14-p-phy-gpu313,RDMA4,
101623,leaf-gpu-rdma,sys1-lon14-p-swi-bel20,sw13p2,,sys1-lon14-p-phy-gpu314,RDMA4,
101624,leaf-gpu-rdma,sys1-lon14-p-swi-bel20,sw14p1,,sys1-lon14-p-phy-gpu766,RDMA4,
101625,leaf-gpu-rdma,sys1-lon14-p-swi-bel20,sw14p2,,sys1-lon14-p-phy-gpu316,RDMA4,
101626,leaf-gpu-rdma,sys1-lon14-p-swi-bel20,sw15p1,,sys1-lon14-p-phy-gpu317,RDMA4,
101627,leaf-gpu-rdma,sys1-lon14-p-swi-bel20,sw15p2,,sys1-lon14-p-phy-gpu318,RDMA4,
101628,leaf-gpu-rdma,sys1-lon14-p-swi-bel20,sw16p1,,sys1-lon14-p-phy-gpu319,RDMA4,
101629,leaf-gpu-rdma,sys1-lon14-p-swi-bel20,sw16p2,,sys1-lon14-p-phy-gpu767,RDMA4,
101630,leaf-gpu-rdma,sys1-lon14-p-swi-bel20,sw17p1,,sys1-lon14-p-phy-gpu321,RDMA4,
101631,leaf-gpu-rdma,sys1-lon14-p-swi-bel20,sw17p2,,sys1-lon14-p-phy-gpu322,RDMA4,
101632,leaf-gpu-rdma,sys1-lon14-p-swi-bel20,sw18p1,,sys1-lon14-p-phy-gpu323,RDMA4,
101633,leaf-gpu-rdma,sys1-lon14-p-swi-bel20,sw18p2,,sys1-lon14-p-phy-gpu324,RDMA4,
101634,leaf-gpu-rdma,sys1-lon14-p-swi-bel20,sw19p1,,sys1-lon14-p-phy-gpu325,RDMA4,
101635,leaf-gpu-rdma,sys1-lon14-p-swi-bel20,sw19p2,,sys1-lon14-p-phy-gpu326,RDMA4,
101636,leaf-gpu-rdma,sys1-lon14-p-swi-bel20,sw20p1,,sys1-lon14-p-phy-gpu327,RDMA4,
101637,leaf-gpu-rdma,sys1-lon14-p-swi-bel20,sw20p2,,sys1-lon14-p-phy-gpu328,RDMA4,
101638,leaf-gpu-rdma,sys1-lon14-p-swi-bel20,sw21p1,,sys1-lon14-p-phy-gpu329,RDMA4,
101639,leaf-gpu-rdma,sys1-lon14-p-swi-bel20,sw21p2,,sys1-lon14-p-phy-gpu330,RDMA4,
101640,leaf-gpu-rdma,sys1-lon14-p-swi-bel20,sw22p1,,sys1-lon14-p-phy-gpu331,RDMA4,
101641,leaf-gpu-rdma,sys1-lon14-p-swi-bel20,sw22p2,,sys1-lon14-p-phy-gpu332,RDMA4,
101642,leaf-gpu-rdma,sys1-lon14-p-swi-bel20,sw23p1,,sys1-lon14-p-phy-gpu333,RDMA4,
101643,leaf-gpu-rdma,sys1-lon14-p-swi-bel20,sw23p2,,sys1-lon14-p-phy-gpu334,RDMA4,
101644,leaf-gpu-rdma,sys1-lon14-p-swi-bel20,sw24p1,,sys1-lon14-p-phy-gpu335,RDMA4,
101645,leaf-gpu-rdma,sys1-lon14-p-swi-bel20,sw24p2,,sys1-lon14-p-phy-gpu768,RDMA4,
101646,leaf-gpu-rdma,sys1-lon14-p-swi-bel20,sw25p1,,sys1-lon14-p-phy-gpu337,RDMA4,
101647,leaf-gpu-rdma,sys1-lon14-p-swi-bel20,sw25p2,,sys1-lon14-p-phy-gpu338,RDMA4,
101648,leaf-gpu-rdma,sys1-lon14-p-swi-bel20,sw26p1,,sys1-lon14-p-phy-gpu339,RDMA4,
101649,leaf-gpu-rdma,sys1-lon14-p-swi-bel20,sw26p2,,sys1-lon14-p-phy-gpu340,RDMA4,
101650,leaf-gpu-rdma,sys1-lon14-p-swi-bel20,sw27p1,,sys1-lon14-p-phy-gpu341,RDMA4,
101651,leaf-gpu-rdma,sys1-lon14-p-swi-bel20,sw27p2,,sys1-lon14-p-phy-gpu342,RDMA4,
101652,leaf-gpu-rdma,sys1-lon14-p-swi-bel20,sw28p1,,sys1-lon14-p-phy-gpu343,RDMA4,
101653,leaf-gpu-rdma,sys1-lon14-p-swi-bel20,sw28p2,,sys1-lon14-p-phy-gpu344,RDMA4,
101654,leaf-gpu-rdma,sys1-lon14-p-swi-bel20,sw29p1,,sys1-lon14-p-phy-gpu345,RDMA4,
101655,leaf-gpu-rdma,sys1-lon14-p-swi-bel20,sw29p2,,sys1-lon14-p-phy-gpu346,RDMA4,
101656,leaf-gpu-rdma,sys1-lon14-p-swi-bel20,sw30p1,,sys1-lon14-p-phy-gpu347,RDMA4,
101657,leaf-gpu-rdma,sys1-lon14-p-swi-bel20,sw30p2,,sys1-lon14-p-phy-gpu348,RDMA4,
101658,leaf-gpu-rdma,sys1-lon14-p-swi-bel20,sw31p1,,sys1-lon14-p-phy-gpu349,RDMA4,
101659,leaf-gpu-rdma,sys1-lon14-p-swi-bel20,sw31p2,,sys1-lon14-p-phy-gpu769,RDMA4,
101660,leaf-gpu-rdma,sys1-lon14-p-swi-bel20,sw32p1,,sys1-lon14-p-phy-gpu351,RDMA4,
101661,leaf-gpu-rdma,sys1-lon14-p-swi-bel20,sw32p2,,sys1-lon14-p-phy-gpu352,RDMA4,
101662,leaf-gpu-rdma,sys1-lon14-p-swi-bel20,sw33p1,,sys1-lon14-p-phy-gpu353,RDMA4,
101663,leaf-gpu-rdma,sys1-lon14-p-swi-bel20,sw33p2,,sys1-lon14-p-phy-gpu354,RDMA4,
101664,leaf-gpu-rdma,sys1-lon14-p-swi-bel20,sw34p1,,sys1-lon14-p-phy-gpu770,RDMA4,
101665,leaf-gpu-rdma,sys1-lon14-p-swi-bel20,sw34p2,,sys1-lon14-p-phy-gpu356,RDMA4,
101666,leaf-gpu-rdma,sys1-lon14-p-swi-bel20,sw35p1,,sys1-lon14-p-phy-gpu357,RDMA4,
101667,leaf-gpu-rdma,sys1-lon14-p-swi-bel20,sw35p2,,sys1-lon14-p-phy-gpu358,RDMA4,
101668,leaf-gpu-rdma,sys1-lon14-p-swi-bel20,sw36p1,,sys1-lon14-p-phy-gpu359,RDMA4,
101669,leaf-gpu-rdma,sys1-lon14-p-swi-bel20,sw36p2,,sys1-lon14-p-phy-gpu360,RDMA4,
101670,leaf-gpu-rdma,sys1-lon14-p-swi-bel21,sw1p1,,sys1-lon14-p-phy-gpu361,RDMA1,
101671,leaf-gpu-rdma,sys1-lon14-p-swi-bel21,sw1p2,,sys1-lon14-p-phy-gpu362,RDMA1,
101672,leaf-gpu-rdma,sys1-lon14-p-swi-bel21,sw2p1,,sys1-lon14-p-phy-gpu764,RDMA1,
101673,leaf-gpu-rdma,sys1-lon14-p-swi-bel21,sw2p2,,sys1-lon14-p-phy-gpu364,RDMA1,
101674,leaf-gpu-rdma,sys1-lon14-p-swi-bel21,sw3p1,,sys1-lon14-p-phy-gpu320,RDMA1,
101675,leaf-gpu-rdma,sys1-lon14-p-swi-bel21,sw3p2,,sys1-lon14-p-phy-gpu366,RDMA1,
101676,leaf-gpu-rdma,sys1-lon14-p-swi-bel21,sw4p1,,sys1-lon14-p-phy-gpu367,RDMA1,
101677,leaf-gpu-rdma,sys1-lon14-p-swi-bel21,sw4p2,,sys1-lon14-p-phy-gpu368,RDMA1,
101678,leaf-gpu-rdma,sys1-lon14-p-swi-bel21,sw5p1,,sys1-lon14-p-phy-gpu369,RDMA1,
101679,leaf-gpu-rdma,sys1-lon14-p-swi-bel21,sw5p2,,sys1-lon14-p-phy-gpu370,RDMA1,
101680,leaf-gpu-rdma,sys1-lon14-p-swi-bel21,sw6p1,,sys1-lon14-p-phy-gpu371,RDMA1,
101681,leaf-gpu-rdma,sys1-lon14-p-swi-bel21,sw6p2,,sys1-lon14-p-phy-gpu372,RDMA1,
101682,leaf-gpu-rdma,sys1-lon14-p-swi-bel21,sw7p1,,sys1-lon14-p-phy-gpu373,RDMA1,
101683,leaf-gpu-rdma,sys1-lon14-p-swi-bel21,sw7p2,,sys1-lon14-p-phy-gpu374,RDMA1,
101684,leaf-gpu-rdma,sys1-lon14-p-swi-bel21,sw8p1,,sys1-lon14-p-phy-gpu375,RDMA1,
101685,leaf-gpu-rdma,sys1-lon14-p-swi-bel21,sw8p2,,sys1-lon14-p-phy-gpu376,RDMA1,
101686,leaf-gpu-rdma,sys1-lon14-p-swi-bel21,sw9p1,,sys1-lon14-p-phy-gpu377,RDMA1,
101687,leaf-gpu-rdma,sys1-lon14-p-swi-bel21,sw9p2,,sys1-lon14-p-phy-gpu378,RDMA1,
101688,leaf-gpu-rdma,sys1-lon14-p-swi-bel21,sw10p1,,sys1-lon14-p-phy-gpu379,RDMA1,
101689,leaf-gpu-rdma,sys1-lon14-p-swi-bel21,sw10p2,,sys1-lon14-p-phy-gpu380,RDMA1,
101690,leaf-gpu-rdma,sys1-lon14-p-swi-bel21,sw11p1,,sys1-lon14-p-phy-gpu381,RDMA1,
101691,leaf-gpu-rdma,sys1-lon14-p-swi-bel21,sw11p2,,sys1-lon14-p-phy-gpu382,RDMA1,
101692,leaf-gpu-rdma,sys1-lon14-p-swi-bel21,sw12p1,,sys1-lon14-p-phy-gpu383,RDMA1,
101693,leaf-gpu-rdma,sys1-lon14-p-swi-bel21,sw12p2,,sys1-lon14-p-phy-gpu384,RDMA1,
101694,leaf-gpu-rdma,sys1-lon14-p-swi-bel21,sw13p1,,sys1-lon14-p-phy-gpu385,RDMA1,
101695,leaf-gpu-rdma,sys1-lon14-p-swi-bel21,sw13p2,,sys1-lon14-p-phy-gpu386,RDMA1,
101696,leaf-gpu-rdma,sys1-lon14-p-swi-bel21,sw14p1,,sys1-lon14-p-phy-gpu387,RDMA1,
101697,leaf-gpu-rdma,sys1-lon14-p-swi-bel21,sw14p2,,sys1-lon14-p-phy-gpu388,RDMA1,
101698,leaf-gpu-rdma,sys1-lon14-p-swi-bel21,sw15p1,,sys1-lon14-p-phy-gpu389,RDMA1,
101699,leaf-gpu-rdma,sys1-lon14-p-swi-bel21,sw15p2,,sys1-lon14-p-phy-gpu390,RDMA1,
101700,leaf-gpu-rdma,sys1-lon14-p-swi-bel21,sw16p1,,sys1-lon14-p-phy-gpu391,RDMA1,
101701,leaf-gpu-rdma,sys1-lon14-p-swi-bel21,sw16p2,,sys1-lon14-p-phy-gpu392,RDMA1,
101702,leaf-gpu-rdma,sys1-lon14-p-swi-bel21,sw17p1,,sys1-lon14-p-phy-gpu393,RDMA1,
101703,leaf-gpu-rdma,sys1-lon14-p-swi-bel21,sw17p2,,sys1-lon14-p-phy-gpu394,RDMA1,
101704,leaf-gpu-rdma,sys1-lon14-p-swi-bel21,sw18p1,,sys1-lon14-p-phy-gpu395,RDMA1,
101705,leaf-gpu-rdma,sys1-lon14-p-swi-bel21,sw18p2,,sys1-lon14-p-phy-gpu396,RDMA1,
101706,leaf-gpu-rdma,sys1-lon14-p-swi-bel21,sw19p1,,sys1-lon14-p-phy-gpu397,RDMA1,
101707,leaf-gpu-rdma,sys1-lon14-p-swi-bel21,sw19p2,,sys1-lon14-p-phy-gpu398,RDMA1,
101708,leaf-gpu-rdma,sys1-lon14-p-swi-bel21,sw20p1,,sys1-lon14-p-phy-gpu399,RDMA1,
101709,leaf-gpu-rdma,sys1-lon14-p-swi-bel21,sw20p2,,sys1-lon14-p-phy-gpu400,RDMA1,
101710,leaf-gpu-rdma,sys1-lon14-p-swi-bel21,sw21p1,,sys1-lon14-p-phy-gpu401,RDMA1,
101711,leaf-gpu-rdma,sys1-lon14-p-swi-bel21,sw21p2,,sys1-lon14-p-phy-gpu402,RDMA1,
101712,leaf-gpu-rdma,sys1-lon14-p-swi-bel21,sw22p1,,sys1-lon14-p-phy-gpu403,RDMA1,
101713,leaf-gpu-rdma,sys1-lon14-p-swi-bel21,sw22p2,,sys1-lon14-p-phy-gpu404,RDMA1,
101714,leaf-gpu-rdma,sys1-lon14-p-swi-bel21,sw23p1,,sys1-lon14-p-phy-gpu405,RDMA1,
101715,leaf-gpu-rdma,sys1-lon14-p-swi-bel21,sw23p2,,sys1-lon14-p-phy-gpu406,RDMA1,
101716,leaf-gpu-rdma,sys1-lon14-p-swi-bel21,sw24p1,,sys1-lon14-p-phy-gpu407,RDMA1,
101717,leaf-gpu-rdma,sys1-lon14-p-swi-bel21,sw24p2,,sys1-lon14-p-phy-gpu408,RDMA1,
101718,leaf-gpu-rdma,sys1-lon14-p-swi-bel21,sw25p1,,sys1-lon14-p-phy-gpu409,RDMA1,
101719,leaf-gpu-rdma,sys1-lon14-p-swi-bel21,sw25p2,,sys1-lon14-p-phy-gpu410,RDMA1,
101720,leaf-gpu-rdma,sys1-lon14-p-swi-bel21,sw26p1,,sys1-lon14-p-phy-gpu411,RDMA1,
101721,leaf-gpu-rdma,sys1-lon14-p-swi-bel21,sw26p2,,sys1-lon14-p-phy-gpu412,RDMA1,
101722,leaf-gpu-rdma,sys1-lon14-p-swi-bel21,sw27p1,,sys1-lon14-p-phy-gpu413,RDMA1,
101723,leaf-gpu-rdma,sys1-lon14-p-swi-bel21,sw27p2,,sys1-lon14-p-phy-gpu414,RDMA1,
101724,leaf-gpu-rdma,sys1-lon14-p-swi-bel21,sw28p1,,sys1-lon14-p-phy-gpu415,RDMA1,
101725,leaf-gpu-rdma,sys1-lon14-p-swi-bel21,sw28p2,,sys1-lon14-p-phy-gpu416,RDMA1,
101726,leaf-gpu-rdma,sys1-lon14-p-swi-bel21,sw29p1,,sys1-lon14-p-phy-gpu417,RDMA1,
101727,leaf-gpu-rdma,sys1-lon14-p-swi-bel21,sw29p2,,sys1-lon14-p-phy-gpu418,RDMA1,
101728,leaf-gpu-rdma,sys1-lon14-p-swi-bel21,sw30p1,,sys1-lon14-p-phy-gpu419,RDMA1,
101729,leaf-gpu-rdma,sys1-lon14-p-swi-bel21,sw30p2,,sys1-lon14-p-phy-gpu420,RDMA1,
101730,leaf-gpu-rdma,sys1-lon14-p-swi-bel21,sw31p1,,sys1-lon14-p-phy-gpu421,RDMA1,
101731,leaf-gpu-rdma,sys1-lon14-p-swi-bel21,sw31p2,,sys1-lon14-p-phy-gpu422,RDMA1,
101732,leaf-gpu-rdma,sys1-lon14-p-swi-bel21,sw32p1,,sys1-lon14-p-phy-gpu423,RDMA1,
101733,leaf-gpu-rdma,sys1-lon14-p-swi-bel21,sw32p2,,sys1-lon14-p-phy-gpu424,RDMA1,
101734,leaf-gpu-rdma,sys1-lon14-p-swi-bel21,sw33p1,,sys1-lon14-p-phy-gpu425,RDMA1,
101735,leaf-gpu-rdma,sys1-lon14-p-swi-bel21,sw33p2,,sys1-lon14-p-phy-gpu426,RDMA1,
101736,leaf-gpu-rdma,sys1-lon14-p-swi-bel21,sw34p1,,sys1-lon14-p-phy-gpu427,RDMA1,
101737,leaf-gpu-rdma,sys1-lon14-p-swi-bel21,sw34p2,,sys1-lon14-p-phy-gpu428,RDMA1,
101738,leaf-gpu-rdma,sys1-lon14-p-swi-bel21,sw35p1,,sys1-lon14-p-phy-gpu429,RDMA1,
101739,leaf-gpu-rdma,sys1-lon14-p-swi-bel21,sw35p2,,sys1-lon14-p-phy-gpu430,RDMA1,
101740,leaf-gpu-rdma,sys1-lon14-p-swi-bel21,sw36p1,,sys1-lon14-p-phy-gpu431,RDMA1,
101741,leaf-gpu-rdma,sys1-lon14-p-swi-bel21,sw36p2,,sys1-lon14-p-phy-gpu432,RDMA1,
101742,leaf-gpu-rdma,sys1-lon14-p-swi-bel22,sw1p1,,sys1-lon14-p-phy-gpu361,RDMA2,
101743,leaf-gpu-rdma,sys1-lon14-p-swi-bel22,sw1p2,,sys1-lon14-p-phy-gpu362,RDMA2,
101744,leaf-gpu-rdma,sys1-lon14-p-swi-bel22,sw2p1,,sys1-lon14-p-phy-gpu764,RDMA2,
101745,leaf-gpu-rdma,sys1-lon14-p-swi-bel22,sw2p2,,sys1-lon14-p-phy-gpu364,RDMA2,
101746,leaf-gpu-rdma,sys1-lon14-p-swi-bel22,sw3p1,,sys1-lon14-p-phy-gpu320,RDMA2,
101747,leaf-gpu-rdma,sys1-lon14-p-swi-bel22,sw3p2,,sys1-lon14-p-phy-gpu366,RDMA2,
101748,leaf-gpu-rdma,sys1-lon14-p-swi-bel22,sw4p1,,sys1-lon14-p-phy-gpu367,RDMA2,
101749,leaf-gpu-rdma,sys1-lon14-p-swi-bel22,sw4p2,,sys1-lon14-p-phy-gpu368,RDMA2,
101750,leaf-gpu-rdma,sys1-lon14-p-swi-bel22,sw5p1,,sys1-lon14-p-phy-gpu369,RDMA2,
101751,leaf-gpu-rdma,sys1-lon14-p-swi-bel22,sw5p2,,sys1-lon14-p-phy-gpu370,RDMA2,
101752,leaf-gpu-rdma,sys1-lon14-p-swi-bel22,sw6p1,,sys1-lon14-p-phy-gpu371,RDMA2,
101753,leaf-gpu-rdma,sys1-lon14-p-swi-bel22,sw6p2,,sys1-lon14-p-phy-gpu372,RDMA2,
101754,leaf-gpu-rdma,sys1-lon14-p-swi-bel22,sw7p1,,sys1-lon14-p-phy-gpu373,RDMA2,
101755,leaf-gpu-rdma,sys1-lon14-p-swi-bel22,sw7p2,,sys1-lon14-p-phy-gpu374,RDMA2,
101756,leaf-gpu-rdma,sys1-lon14-p-swi-bel22,sw8p1,,sys1-lon14-p-phy-gpu375,RDMA2,
101757,leaf-gpu-rdma,sys1-lon14-p-swi-bel22,sw8p2,,sys1-lon14-p-phy-gpu376,RDMA2,
101758,leaf-gpu-rdma,sys1-lon14-p-swi-bel22,sw9p1,,sys1-lon14-p-phy-gpu377,RDMA2,
101759,leaf-gpu-rdma,sys1-lon14-p-swi-bel22,sw9p2,,sys1-lon14-p-phy-gpu378,RDMA2,
101760,leaf-gpu-rdma,sys1-lon14-p-swi-bel22,sw10p1,,sys1-lon14-p-phy-gpu379,RDMA2,
101761,leaf-gpu-rdma,sys1-lon14-p-swi-bel22,sw10p2,,sys1-lon14-p-phy-gpu380,RDMA2,
101762,leaf-gpu-rdma,sys1-lon14-p-swi-bel22,sw11p1,,sys1-lon14-p-phy-gpu381,RDMA2,
101763,leaf-gpu-rdma,sys1-lon14-p-swi-bel22,sw11p2,,sys1-lon14-p-phy-gpu382,RDMA2,
101764,leaf-gpu-rdma,sys1-lon14-p-swi-bel22,sw12p1,,sys1-lon14-p-phy-gpu383,RDMA2,
101765,leaf-gpu-rdma,sys1-lon14-p-swi-bel22,sw12p2,,sys1-lon14-p-phy-gpu384,RDMA2,
101766,leaf-gpu-rdma,sys1-lon14-p-swi-bel22,sw13p1,,sys1-lon14-p-phy-gpu385,RDMA2,
101767,leaf-gpu-rdma,sys1-lon14-p-swi-bel22,sw13p2,,sys1-lon14-p-phy-gpu386,RDMA2,
101768,leaf-gpu-rdma,sys1-lon14-p-swi-bel22,sw14p1,,sys1-lon14-p-phy-gpu387,RDMA2,
101769,leaf-gpu-rdma,sys1-lon14-p-swi-bel22,sw14p2,,sys1-lon14-p-phy-gpu388,RDMA2,
101770,leaf-gpu-rdma,sys1-lon14-p-swi-bel22,sw15p1,,sys1-lon14-p-phy-gpu389,RDMA2,
101771,leaf-gpu-rdma,sys1-lon14-p-swi-bel22,sw15p2,,sys1-lon14-p-phy-gpu390,RDMA2,
101772,leaf-gpu-rdma,sys1-lon14-p-swi-bel22,sw16p1,,sys1-lon14-p-phy-gpu391,RDMA2,
101773,leaf-gpu-rdma,sys1-lon14-p-swi-bel22,sw16p2,,sys1-lon14-p-phy-gpu392,RDMA2,
101774,leaf-gpu-rdma,sys1-lon14-p-swi-bel22,sw17p1,,sys1-lon14-p-phy-gpu393,RDMA2,
101775,leaf-gpu-rdma,sys1-lon14-p-swi-bel22,sw17p2,,sys1-lon14-p-phy-gpu394,RDMA2,
101776,leaf-gpu-rdma,sys1-lon14-p-swi-bel22,sw18p1,,sys1-lon14-p-phy-gpu395,RDMA2,
101777,leaf-gpu-rdma,sys1-lon14-p-swi-bel22,sw18p2,,sys1-lon14-p-phy-gpu396,RDMA2,
101778,leaf-gpu-rdma,sys1-lon14-p-swi-bel22,sw19p1,,sys1-lon14-p-phy-gpu397,RDMA2,
101779,leaf-gpu-rdma,sys1-lon14-p-swi-bel22,sw19p2,,sys1-lon14-p-phy-gpu398,RDMA2,
101780,leaf-gpu-rdma,sys1-lon14-p-swi-bel22,sw20p1,,sys1-lon14-p-phy-gpu399,RDMA2,
101781,leaf-gpu-rdma,sys1-lon14-p-swi-bel22,sw20p2,,sys1-lon14-p-phy-gpu400,RDMA2,
101782,leaf-gpu-rdma,sys1-lon14-p-swi-bel22,sw21p1,,sys1-lon14-p-phy-gpu401,RDMA2,
101783,leaf-gpu-rdma,sys1-lon14-p-swi-bel22,sw21p2,,sys1-lon14-p-phy-gpu402,RDMA2,
101784,leaf-gpu-rdma,sys1-lon14-p-swi-bel22,sw22p1,,sys1-lon14-p-phy-gpu403,RDMA2,
101785,leaf-gpu-rdma,sys1-lon14-p-swi-bel22,sw22p2,,sys1-lon14-p-phy-gpu404,RDMA2,
101786,leaf-gpu-rdma,sys1-lon14-p-swi-bel22,sw23p1,,sys1-lon14-p-phy-gpu405,RDMA2,
101787,leaf-gpu-rdma,sys1-lon14-p-swi-bel22,sw23p2,,sys1-lon14-p-phy-gpu406,RDMA2,
101788,leaf-gpu-rdma,sys1-lon14-p-swi-bel22,sw24p1,,sys1-lon14-p-phy-gpu407,RDMA2,
101789,leaf-gpu-rdma,sys1-lon14-p-swi-bel22,sw24p2,,sys1-lon14-p-phy-gpu408,RDMA2,
101790,leaf-gpu-rdma,sys1-lon14-p-swi-bel22,sw25p1,,sys1-lon14-p-phy-gpu409,RDMA2,
101791,leaf-gpu-rdma,sys1-lon14-p-swi-bel22,sw25p2,,sys1-lon14-p-phy-gpu410,RDMA2,
101792,leaf-gpu-rdma,sys1-lon14-p-swi-bel22,sw26p1,,sys1-lon14-p-phy-gpu411,RDMA2,
101793,leaf-gpu-rdma,sys1-lon14-p-swi-bel22,sw26p2,,sys1-lon14-p-phy-gpu412,RDMA2,
101794,leaf-gpu-rdma,sys1-lon14-p-swi-bel22,sw27p1,,sys1-lon14-p-phy-gpu413,RDMA2,
101795,leaf-gpu-rdma,sys1-lon14-p-swi-bel22,sw27p2,,sys1-lon14-p-phy-gpu414,RDMA2,
101796,leaf-gpu-rdma,sys1-lon14-p-swi-bel22,sw28p1,,sys1-lon14-p-phy-gpu415,RDMA2,
101797,leaf-gpu-rdma,sys1-lon14-p-swi-bel22,sw28p2,,sys1-lon14-p-phy-gpu416,RDMA2,
101798,leaf-gpu-rdma,sys1-lon14-p-swi-bel22,sw29p1,,sys1-lon14-p-phy-gpu417,RDMA2,
101799,leaf-gpu-rdma,sys1-lon14-p-swi-bel22,sw29p2,,sys1-lon14-p-phy-gpu418,RDMA2,
101800,leaf-gpu-rdma,sys1-lon14-p-swi-bel22,sw30p1,,sys1-lon14-p-phy-gpu419,RDMA2,
101801,leaf-gpu-rdma,sys1-lon14-p-swi-bel22,sw30p2,,sys1-lon14-p-phy-gpu420,RDMA2,
101802,leaf-gpu-rdma,sys1-lon14-p-swi-bel22,sw31p1,,sys1-lon14-p-phy-gpu421,RDMA2,
101803,leaf-gpu-rdma,sys1-lon14-p-swi-bel22,sw31p2,,sys1-lon14-p-phy-gpu422,RDMA2,
101804,leaf-gpu-rdma,sys1-lon14-p-swi-bel22,sw32p1,,sys1-lon14-p-phy-gpu423,RDMA2,
101805,leaf-gpu-rdma,sys1-lon14-p-swi-bel22,sw32p2,,sys1-lon14-p-phy-gpu424,RDMA2,
101806,leaf-gpu-rdma,sys1-lon14-p-swi-bel22,sw33p1,,sys1-lon14-p-phy-gpu425,RDMA2,
101807,leaf-gpu-rdma,sys1-lon14-p-swi-bel22,sw33p2,,sys1-lon14-p-phy-gpu426,RDMA2,
101808,leaf-gpu-rdma,sys1-lon14-p-swi-bel22,sw34p1,,sys1-lon14-p-phy-gpu427,RDMA2,
101809,leaf-gpu-rdma,sys1-lon14-p-swi-bel22,sw34p2,,sys1-lon14-p-phy-gpu428,RDMA2,
101810,leaf-gpu-rdma,sys1-lon14-p-swi-bel22,sw35p1,,sys1-lon14-p-phy-gpu429,RDMA2,
101811,leaf-gpu-rdma,sys1-lon14-p-swi-bel22,sw35p2,,sys1-lon14-p-phy-gpu430,RDMA2,
101812,leaf-gpu-rdma,sys1-lon14-p-swi-bel22,sw36p1,,sys1-lon14-p-phy-gpu431,RDMA2,
101813,leaf-gpu-rdma,sys1-lon14-p-swi-bel22,sw36p2,,sys1-lon14-p-phy-gpu432,RDMA2,
101814,leaf-gpu-rdma,sys1-lon14-p-swi-bel23,sw1p1,,sys1-lon14-p-phy-gpu361,RDMA3,
101815,leaf-gpu-rdma,sys1-lon14-p-swi-bel23,sw1p2,,sys1-lon14-p-phy-gpu362,RDMA3,
101816,leaf-gpu-rdma,sys1-lon14-p-swi-bel23,sw2p1,,sys1-lon14-p-phy-gpu764,RDMA3,
101817,leaf-gpu-rdma,sys1-lon14-p-swi-bel23,sw2p2,,sys1-lon14-p-phy-gpu364,RDMA3,
101818,leaf-gpu-rdma,sys1-lon14-p-swi-bel23,sw3p1,,sys1-lon14-p-phy-gpu320,RDMA3,
101819,leaf-gpu-rdma,sys1-lon14-p-swi-bel23,sw3p2,,sys1-lon14-p-phy-gpu366,RDMA3,
101820,leaf-gpu-rdma,sys1-lon14-p-swi-bel23,sw4p1,,sys1-lon14-p-phy-gpu367,RDMA3,
101821,leaf-gpu-rdma,sys1-lon14-p-swi-bel23,sw4p2,,sys1-lon14-p-phy-gpu368,RDMA3,
101822,leaf-gpu-rdma,sys1-lon14-p-swi-bel23,sw5p1,,sys1-lon14-p-phy-gpu369,RDMA3,
101823,leaf-gpu-rdma,sys1-lon14-p-swi-bel23,sw5p2,,sys1-lon14-p-phy-gpu370,RDMA3,
101824,leaf-gpu-rdma,sys1-lon14-p-swi-bel23,sw6p1,,sys1-lon14-p-phy-gpu371,RDMA3,
101825,leaf-gpu-rdma,sys1-lon14-p-swi-bel23,sw6p2,,sys1-lon14-p-phy-gpu372,RDMA3,
101826,leaf-gpu-rdma,sys1-lon14-p-swi-bel23,sw7p1,,sys1-lon14-p-phy-gpu373,RDMA3,
101827,leaf-gpu-rdma,sys1-lon14-p-swi-bel23,sw7p2,,sys1-lon14-p-phy-gpu374,RDMA3,
101828,leaf-gpu-rdma,sys1-lon14-p-swi-bel23,sw8p1,,sys1-lon14-p-phy-gpu375,RDMA3,
101829,leaf-gpu-rdma,sys1-lon14-p-swi-bel23,sw8p2,,sys1-lon14-p-phy-gpu376,RDMA3,
101830,leaf-gpu-rdma,sys1-lon14-p-swi-bel23,sw9p1,,sys1-lon14-p-phy-gpu377,RDMA3,
101831,leaf-gpu-rdma,sys1-lon14-p-swi-bel23,sw9p2,,sys1-lon14-p-phy-gpu378,RDMA3,
101832,leaf-gpu-rdma,sys1-lon14-p-swi-bel23,sw10p1,,sys1-lon14-p-phy-gpu379,RDMA3,
101833,leaf-gpu-rdma,sys1-lon14-p-swi-bel23,sw10p2,,sys1-lon14-p-phy-gpu380,RDMA3,
101834,leaf-gpu-rdma,sys1-lon14-p-swi-bel23,sw11p1,,sys1-lon14-p-phy-gpu381,RDMA3,
101835,leaf-gpu-rdma,sys1-lon14-p-swi-bel23,sw11p2,,sys1-lon14-p-phy-gpu382,RDMA3,
101836,leaf-gpu-rdma,sys1-lon14-p-swi-bel23,sw12p1,,sys1-lon14-p-phy-gpu383,RDMA3,
101837,leaf-gpu-rdma,sys1-lon14-p-swi-bel23,sw12p2,,sys1-lon14-p-phy-gpu384,RDMA3,
101838,leaf-gpu-rdma,sys1-lon14-p-swi-bel23,sw13p1,,sys1-lon14-p-phy-gpu385,RDMA3,
101839,leaf-gpu-rdma,sys1-lon14-p-swi-bel23,sw13p2,,sys1-lon14-p-phy-gpu386,RDMA3,
101840,leaf-gpu-rdma,sys1-lon14-p-swi-bel23,sw14p1,,sys1-lon14-p-phy-gpu387,RDMA3,
101841,leaf-gpu-rdma,sys1-lon14-p-swi-bel23,sw14p2,,sys1-lon14-p-phy-gpu388,RDMA3,
101842,leaf-gpu-rdma,sys1-lon14-p-swi-bel23,sw15p1,,sys1-lon14-p-phy-gpu389,RDMA3,
101843,leaf-gpu-rdma,sys1-lon14-p-swi-bel23,sw15p2,,sys1-lon14-p-phy-gpu390,RDMA3,
101844,leaf-gpu-rdma,sys1-lon14-p-swi-bel23,sw16p1,,sys1-lon14-p-phy-gpu391,RDMA3,
101845,leaf-gpu-rdma,sys1-lon14-p-swi-bel23,sw16p2,,sys1-lon14-p-phy-gpu392,RDMA3,
101846,leaf-gpu-rdma,sys1-lon14-p-swi-bel23,sw17p1,,sys1-lon14-p-phy-gpu393,RDMA3,
101847,leaf-gpu-rdma,sys1-lon14-p-swi-bel23,sw17p2,,sys1-lon14-p-phy-gpu394,RDMA3,
101848,leaf-gpu-rdma,sys1-lon14-p-swi-bel23,sw18p1,,sys1-lon14-p-phy-gpu395,RDMA3,
101849,leaf-gpu-rdma,sys1-lon14-p-swi-bel23,sw18p2,,sys1-lon14-p-phy-gpu396,RDMA3,
101850,leaf-gpu-rdma,sys1-lon14-p-swi-bel23,sw19p1,,sys1-lon14-p-phy-gpu397,RDMA3,
101851,leaf-gpu-rdma,sys1-lon14-p-swi-bel23,sw19p2,,sys1-lon14-p-phy-gpu398,RDMA3,
101852,leaf-gpu-rdma,sys1-lon14-p-swi-bel23,sw20p1,,sys1-lon14-p-phy-gpu399,RDMA3,
101853,leaf-gpu-rdma,sys1-lon14-p-swi-bel23,sw20p2,,sys1-lon14-p-phy-gpu400,RDMA3,
101854,leaf-gpu-rdma,sys1-lon14-p-swi-bel23,sw21p1,,sys1-lon14-p-phy-gpu401,RDMA3,
101855,leaf-gpu-rdma,sys1-lon14-p-swi-bel23,sw21p2,,sys1-lon14-p-phy-gpu402,RDMA3,
101856,leaf-gpu-rdma,sys1-lon14-p-swi-bel23,sw22p1,,sys1-lon14-p-phy-gpu403,RDMA3,
101857,leaf-gpu-rdma,sys1-lon14-p-swi-bel23,sw22p2,,sys1-lon14-p-phy-gpu404,RDMA3,
101858,leaf-gpu-rdma,sys1-lon14-p-swi-bel23,sw23p1,,sys1-lon14-p-phy-gpu405,RDMA3,
101859,leaf-gpu-rdma,sys1-lon14-p-swi-bel23,sw23p2,,sys1-lon14-p-phy-gpu406,RDMA3,
101860,leaf-gpu-rdma,sys1-lon14-p-swi-bel23,sw24p1,,sys1-lon14-p-phy-gpu407,RDMA3,
101861,leaf-gpu-rdma,sys1-lon14-p-swi-bel23,sw24p2,,sys1-lon14-p-phy-gpu408,RDMA3,
101862,leaf-gpu-rdma,sys1-lon14-p-swi-bel23,sw25p1,,sys1-lon14-p-phy-gpu409,RDMA3,
101863,leaf-gpu-rdma,sys1-lon14-p-swi-bel23,sw25p2,,sys1-lon14-p-phy-gpu410,RDMA3,
101864,leaf-gpu-rdma,sys1-lon14-p-swi-bel23,sw26p1,,sys1-lon14-p-phy-gpu411,RDMA3,
101865,leaf-gpu-rdma,sys1-lon14-p-swi-bel23,sw26p2,,sys1-lon14-p-phy-gpu412,RDMA3,
101866,leaf-gpu-rdma,sys1-lon14-p-swi-bel23,sw27p1,,sys1-lon14-p-phy-gpu413,RDMA3,
101867,leaf-gpu-rdma,sys1-lon14-p-swi-bel23,sw27p2,,sys1-lon14-p-phy-gpu414,RDMA3,
101868,leaf-gpu-rdma,sys1-lon14-p-swi-bel23,sw28p1,,sys1-lon14-p-phy-gpu415,RDMA3,
101869,leaf-gpu-rdma,sys1-lon14-p-swi-bel23,sw28p2,,sys1-lon14-p-phy-gpu416,RDMA3,
101870,leaf-gpu-rdma,sys1-lon14-p-swi-bel23,sw29p1,,sys1-lon14-p-phy-gpu417,RDMA3,
101871,leaf-gpu-rdma,sys1-lon14-p-swi-bel23,sw29p2,,sys1-lon14-p-phy-gpu418,RDMA3,
101872,leaf-gpu-rdma,sys1-lon14-p-swi-bel23,sw30p1,,sys1-lon14-p-phy-gpu419,RDMA3,
101873,leaf-gpu-rdma,sys1-lon14-p-swi-bel23,sw30p2,,sys1-lon14-p-phy-gpu420,RDMA3,
101874,leaf-gpu-rdma,sys1-lon14-p-swi-bel23,sw31p1,,sys1-lon14-p-phy-gpu421,RDMA3,
101875,leaf-gpu-rdma,sys1-lon14-p-swi-bel23,sw31p2,,sys1-lon14-p-phy-gpu422,RDMA3,
101876,leaf-gpu-rdma,sys1-lon14-p-swi-bel23,sw32p1,,sys1-lon14-p-phy-gpu423,RDMA3,
101877,leaf-gpu-rdma,sys1-lon14-p-swi-bel23,sw32p2,,sys1-lon14-p-phy-gpu424,RDMA3,
101878,leaf-gpu-rdma,sys1-lon14-p-swi-bel23,sw33p1,,sys1-lon14-p-phy-gpu425,RDMA3,
101879,leaf-gpu-rdma,sys1-lon14-p-swi-bel23,sw33p2,,sys1-lon14-p-phy-gpu426,RDMA3,
101880,leaf-gpu-rdma,sys1-lon14-p-swi-bel23,sw34p1,,sys1-lon14-p-phy-gpu427,RDMA3,
101881,leaf-gpu-rdma,sys1-lon14-p-swi-bel23,sw34p2,,sys1-lon14-p-phy-gpu428,RDMA3,
101882,leaf-gpu-rdma,sys1-lon14-p-swi-bel23,sw35p1,,sys1-lon14-p-phy-gpu429,RDMA3,
101883,leaf-gpu-rdma,sys1-lon14-p-swi-bel23,sw35p2,,sys1-lon14-p-phy-gpu430,RDMA3,
101884,leaf-gpu-rdma,sys1-lon14-p-swi-bel23,sw36p1,,sys1-lon14-p-phy-gpu431,RDMA3,
101885,leaf-gpu-rdma,sys1-lon14-p-swi-bel23,sw36p2,,sys1-lon14-p-phy-gpu432,RDMA3,
101886,leaf-gpu-rdma,sys1-lon14-p-swi-bel24,sw1p1,,sys1-lon14-p-phy-gpu361,RDMA4,
101887,leaf-gpu-rdma,sys1-lon14-p-swi-bel24,sw1p2,,sys1-lon14-p-phy-gpu362,RDMA4,
101888,leaf-gpu-rdma,sys1-lon14-p-swi-bel24,sw2p1,,sys1-lon14-p-phy-gpu764,RDMA4,
101889,leaf-gpu-rdma,sys1-lon14-p-swi-bel24,sw2p2,,sys1-lon14-p-phy-gpu364,RDMA4,
101890,leaf-gpu-rdma,sys1-lon14-p-swi-bel24,sw3p1,,sys1-lon14-p-phy-gpu320,RDMA4,
101891,leaf-gpu-rdma,sys1-lon14-p-swi-bel24,sw3p2,,sys1-lon14-p-phy-gpu366,RDMA4,
101892,leaf-gpu-rdma,sys1-lon14-p-swi-bel24,sw4p1,,sys1-lon14-p-phy-gpu367,RDMA4,
101893,leaf-gpu-rdma,sys1-lon14-p-swi-bel24,sw4p2,,sys1-lon14-p-phy-gpu368,RDMA4,
101894,leaf-gpu-rdma,sys1-lon14-p-swi-bel24,sw5p1,,sys1-lon14-p-phy-gpu369,RDMA4,
101895,leaf-gpu-rdma,sys1-lon14-p-swi-bel24,sw5p2,,sys1-lon14-p-phy-gpu370,RDMA4,
101896,leaf-gpu-rdma,sys1-lon14-p-swi-bel24,sw6p1,,sys1-lon14-p-phy-gpu371,RDMA4,
101897,leaf-gpu-rdma,sys1-lon14-p-swi-bel24,sw6p2,,sys1-lon14-p-phy-gpu372,RDMA4,
101898,leaf-gpu-rdma,sys1-lon14-p-swi-bel24,sw7p1,,sys1-lon14-p-phy-gpu373,RDMA4,
101899,leaf-gpu-rdma,sys1-lon14-p-swi-bel24,sw7p2,,sys1-lon14-p-phy-gpu374,RDMA4,
101900,leaf-gpu-rdma,sys1-lon14-p-swi-bel24,sw8p1,,sys1-lon14-p-phy-gpu375,RDMA4,
101901,leaf-gpu-rdma,sys1-lon14-p-swi-bel24,sw8p2,,sys1-lon14-p-phy-gpu376,RDMA4,
101902,leaf-gpu-rdma,sys1-lon14-p-swi-bel24,sw9p1,,sys1-lon14-p-phy-gpu377,RDMA4,
101903,leaf-gpu-rdma,sys1-lon14-p-swi-bel24,sw9p2,,sys1-lon14-p-phy-gpu378,RDMA4,
101904,leaf-gpu-rdma,sys1-lon14-p-swi-bel24,sw10p1,,sys1-lon14-p-phy-gpu379,RDMA4,
101905,leaf-gpu-rdma,sys1-lon14-p-swi-bel24,sw10p2,,sys1-lon14-p-phy-gpu380,RDMA4,
101906,leaf-gpu-rdma,sys1-lon14-p-swi-bel24,sw11p1,,sys1-lon14-p-phy-gpu381,RDMA4,
101907,leaf-gpu-rdma,sys1-lon14-p-swi-bel24,sw11p2,,sys1-lon14-p-phy-gpu382,RDMA4,
101908,leaf-gpu-rdma,sys1-lon14-p-swi-bel24,sw12p1,,sys1-lon14-p-phy-gpu383,RDMA4,
101909,leaf-gpu-rdma,sys1-lon14-p-swi-bel24,sw12p2,,sys1-lon14-p-phy-gpu384,RDMA4,
101910,leaf-gpu-rdma,sys1-lon14-p-swi-bel24,sw13p1,,sys1-lon14-p-phy-gpu385,RDMA4,
101911,leaf-gpu-rdma,sys1-lon14-p-swi-bel24,sw13p2,,sys1-lon14-p-phy-gpu386,RDMA4,
101912,leaf-gpu-rdma,sys1-lon14-p-swi-bel24,sw14p1,,sys1-lon14-p-phy-gpu387,RDMA4,
101913,leaf-gpu-rdma,sys1-lon14-p-swi-bel24,sw14p2,,sys1-lon14-p-phy-gpu388,RDMA4,
101914,leaf-gpu-rdma,sys1-lon14-p-swi-bel24,sw15p1,,sys1-lon14-p-phy-gpu389,RDMA4,
101915,leaf-gpu-rdma,sys1-lon14-p-swi-bel24,sw15p2,,sys1-lon14-p-phy-gpu390,RDMA4,
101916,leaf-gpu-rdma,sys1-lon14-p-swi-bel24,sw16p1,,sys1-lon14-p-phy-gpu391,RDMA4,
101917,leaf-gpu-rdma,sys1-lon14-p-swi-bel24,sw16p2,,sys1-lon14-p-phy-gpu392,RDMA4,
101918,leaf-gpu-rdma,sys1-lon14-p-swi-bel24,sw17p1,,sys1-lon14-p-phy-gpu393,RDMA4,
101919,leaf-gpu-rdma,sys1-lon14-p-swi-bel24,sw17p2,,sys1-lon14-p-phy-gpu394,RDMA4,
101920,leaf-gpu-rdma,sys1-lon14-p-swi-bel24,sw18p1,,sys1-lon14-p-phy-gpu395,RDMA4,
101921,leaf-gpu-rdma,sys1-lon14-p-swi-bel24,sw18p2,,sys1-lon14-p-phy-gpu396,RDMA4,
101922,leaf-gpu-rdma,sys1-lon14-p-swi-bel24,sw19p1,,sys1-lon14-p-phy-gpu397,RDMA4,
101923,leaf-gpu-rdma,sys1-lon14-p-swi-bel24,sw19p2,,sys1-lon14-p-phy-gpu398,RDMA4,
101924,leaf-gpu-rdma,sys1-lon14-p-swi-bel24,sw20p1,,sys1-lon14-p-phy-gpu399,RDMA4,
101925,leaf-gpu-rdma,sys1-lon14-p-swi-bel24,sw20p2,,sys1-lon14-p-phy-gpu400,RDMA4,
101926,leaf-gpu-rdma,sys1-lon14-p-swi-bel24,sw21p1,,sys1-lon14-p-phy-gpu401,RDMA4,
101927,leaf-gpu-rdma,sys1-lon14-p-swi-bel24,sw21p2,,sys1-lon14-p-phy-gpu402,RDMA4,
101928,leaf-gpu-rdma,sys1-lon14-p-swi-bel24,sw22p1,,sys1-lon14-p-phy-gpu403,RDMA4,
101929,leaf-gpu-rdma,sys1-lon14-p-swi-bel24,sw22p2,,sys1-lon14-p-phy-gpu404,RDMA4,
101930,leaf-gpu-rdma,sys1-lon14-p-swi-bel24,sw23p1,,sys1-lon14-p-phy-gpu405,RDMA4,
101931,leaf-gpu-rdma,sys1-lon14-p-swi-bel24,sw23p2,,sys1-lon14-p-phy-gpu406,RDMA4,
101932,leaf-gpu-rdma,sys1-lon14-p-swi-bel24,sw24p1,,sys1-lon14-p-phy-gpu407,RDMA4,
101933,leaf-gpu-rdma,sys1-lon14-p-swi-bel24,sw24p2,,sys1-lon14-p-phy-gpu408,RDMA4,
101934,leaf-gpu-rdma,sys1-lon14-p-swi-bel24,sw25p1,,sys1-lon14-p-phy-gpu409,RDMA4,
101935,leaf-gpu-rdma,sys1-lon14-p-swi-bel24,sw25p2,,sys1-lon14-p-phy-gpu410,RDMA4,
101936,leaf-gpu-rdma,sys1-lon14-p-swi-bel24,sw26p1,,sys1-lon14-p-phy-gpu411,RDMA4,
101937,leaf-gpu-rdma,sys1-lon14-p-swi-bel24,sw26p2,,sys1-lon14-p-phy-gpu412,RDMA4,
101938,leaf-gpu-rdma,sys1-lon14-p-swi-bel24,sw27p1,,sys1-lon14-p-phy-gpu413,RDMA4,
101939,leaf-gpu-rdma,sys1-lon14-p-swi-bel24,sw27p2,,sys1-lon14-p-phy-gpu414,RDMA4,
101940,leaf-gpu-rdma,sys1-lon14-p-swi-bel24,sw28p1,,sys1-lon14-p-phy-gpu415,RDMA4,
101941,leaf-gpu-rdma,sys1-lon14-p-swi-bel24,sw28p2,,sys1-lon14-p-phy-gpu416,RDMA4,
101942,leaf-gpu-rdma,sys1-lon14-p-swi-bel24,sw29p1,,sys1-lon14-p-phy-gpu417,RDMA4,
101943,leaf-gpu-rdma,sys1-lon14-p-swi-bel24,sw29p2,,sys1-lon14-p-phy-gpu418,RDMA4,
101944,leaf-gpu-rdma,sys1-lon14-p-swi-bel24,sw30p1,,sys1-lon14-p-phy-gpu419,RDMA4,
101945,leaf-gpu-rdma,sys1-lon14-p-swi-bel24,sw30p2,,sys1-lon14-p-phy-gpu420,RDMA4,
101946,leaf-gpu-rdma,sys1-lon14-p-swi-bel24,sw31p1,,sys1-lon14-p-phy-gpu421,RDMA4,
101947,leaf-gpu-rdma,sys1-lon14-p-swi-bel24,sw31p2,,sys1-lon14-p-phy-gpu422,RDMA4,
101948,leaf-gpu-rdma,sys1-lon14-p-swi-bel24,sw32p1,,sys1-lon14-p-phy-gpu423,RDMA4,
101949,leaf-gpu-rdma,sys1-lon14-p-swi-bel24,sw32p2,,sys1-lon14-p-phy-gpu424,RDMA4,
101950,leaf-gpu-rdma,sys1-lon14-p-swi-bel24,sw33p1,,sys1-lon14-p-phy-gpu425,RDMA4,
101951,leaf-gpu-rdma,sys1-lon14-p-swi-bel24,sw33p2,,sys1-lon14-p-phy-gpu426,RDMA4,
101952,leaf-gpu-rdma,sys1-lon14-p-swi-bel24,sw34p1,,sys1-lon14-p-phy-gpu427,RDMA4,
101953,leaf-gpu-rdma,sys1-lon14-p-swi-bel24,sw34p2,,sys1-lon14-p-phy-gpu428,RDMA4,
101954,leaf-gpu-rdma,sys1-lon14-p-swi-bel24,sw35p1,,sys1-lon14-p-phy-gpu429,RDMA4,
101955,leaf-gpu-rdma,sys1-lon14-p-swi-bel24,sw35p2,,sys1-lon14-p-phy-gpu430,RDMA4,
101956,leaf-gpu-rdma,sys1-lon14-p-swi-bel24,sw36p1,,sys1-lon14-p-phy-gpu431,RDMA4,
101957,leaf-gpu-rdma,sys1-lon14-p-swi-bel24,sw36p2,,sys1-lon14-p-phy-gpu432,RDMA4,
101958,leaf-gpu-rdma,sys1-lon14-p-swi-bel25,sw1p1,,sys1-lon14-p-phy-gpu433,RDMA1,
101959,leaf-gpu-rdma,sys1-lon14-p-swi-bel25,sw1p2,,sys1-lon14-p-phy-gpu434,RDMA1,
101960,leaf-gpu-rdma,sys1-lon14-p-swi-bel25,sw2p1,,sys1-lon14-p-phy-gpu435,RDMA1,
101961,leaf-gpu-rdma,sys1-lon14-p-swi-bel25,sw2p2,,sys1-lon14-p-phy-gpu436,RDMA1,
101962,leaf-gpu-rdma,sys1-lon14-p-swi-bel25,sw3p1,,sys1-lon14-p-phy-gpu437,RDMA1,
101963,leaf-gpu-rdma,sys1-lon14-p-swi-bel25,sw3p2,,sys1-lon14-p-phy-gpu438,RDMA1,
101964,leaf-gpu-rdma,sys1-lon14-p-swi-bel25,sw4p1,,sys1-lon14-p-phy-gpu439,RDMA1,
101965,leaf-gpu-rdma,sys1-lon14-p-swi-bel25,sw4p2,,sys1-lon14-p-phy-gpu440,RDMA1,
101966,leaf-gpu-rdma,sys1-lon14-p-swi-bel25,sw5p1,,sys1-lon14-p-phy-gpu441,RDMA1,
101967,leaf-gpu-rdma,sys1-lon14-p-swi-bel25,sw5p2,,sys1-lon14-p-phy-gpu442,RDMA1,
101968,leaf-gpu-rdma,sys1-lon14-p-swi-bel25,sw6p1,,sys1-lon14-p-phy-gpu443,RDMA1,
101969,leaf-gpu-rdma,sys1-lon14-p-swi-bel25,sw6p2,,sys1-lon14-p-phy-gpu444,RDMA1,
101970,leaf-gpu-rdma,sys1-lon14-p-swi-bel25,sw7p1,,sys1-lon14-p-phy-gpu445,RDMA1,
101971,leaf-gpu-rdma,sys1-lon14-p-swi-bel25,sw7p2,,sys1-lon14-p-phy-gpu446,RDMA1,
101972,leaf-gpu-rdma,sys1-lon14-p-swi-bel25,sw8p1,,sys1-lon14-p-phy-gpu447,RDMA1,
101973,leaf-gpu-rdma,sys1-lon14-p-swi-bel25,sw8p2,,sys1-lon14-p-phy-gpu448,RDMA1,
101974,leaf-gpu-rdma,sys1-lon14-p-swi-bel25,sw9p1,,sys1-lon14-p-phy-gpu449,RDMA1,
101975,leaf-gpu-rdma,sys1-lon14-p-swi-bel25,sw9p2,,sys1-lon14-p-phy-gpu450,RDMA1,
101976,leaf-gpu-rdma,sys1-lon14-p-swi-bel25,sw10p1,,sys1-lon14-p-phy-gpu451,RDMA1,
101977,leaf-gpu-rdma,sys1-lon14-p-swi-bel25,sw10p2,,sys1-lon14-p-phy-gpu452,RDMA1,
101978,leaf-gpu-rdma,sys1-lon14-p-swi-bel25,sw11p1,,sys1-lon14-p-phy-gpu453,RDMA1,
101979,leaf-gpu-rdma,sys1-lon14-p-swi-bel25,sw11p2,,sys1-lon14-p-phy-gpu454,RDMA1,
101980,leaf-gpu-rdma,sys1-lon14-p-swi-bel25,sw12p1,,sys1-lon14-p-phy-gpu455,RDMA1,
101981,leaf-gpu-rdma,sys1-lon14-p-swi-bel25,sw12p2,,sys1-lon14-p-phy-gpu456,RDMA1,
101982,leaf-gpu-rdma,sys1-lon14-p-swi-bel25,sw13p1,,sys1-lon14-p-phy-gpu457,RDMA1,
101983,leaf-gpu-rdma,sys1-lon14-p-swi-bel25,sw13p2,,sys1-lon14-p-phy-gpu458,RDMA1,
101984,leaf-gpu-rdma,sys1-lon14-p-swi-bel25,sw14p1,,sys1-lon14-p-phy-gpu459,RDMA1,
101985,leaf-gpu-rdma,sys1-lon14-p-swi-bel25,sw14p2,,sys1-lon14-p-phy-gpu460,RDMA1,
101986,leaf-gpu-rdma,sys1-lon14-p-swi-bel25,sw15p1,,sys1-lon14-p-phy-gpu461,RDMA1,
101987,leaf-gpu-rdma,sys1-lon14-p-swi-bel25,sw15p2,,sys1-lon14-p-phy-gpu462,RDMA1,
101988,leaf-gpu-rdma,sys1-lon14-p-swi-bel25,sw16p1,,sys1-lon14-p-phy-gpu463,RDMA1,
101989,leaf-gpu-rdma,sys1-lon14-p-swi-bel25,sw16p2,,sys1-lon14-p-phy-gpu464,RDMA1,
101990,leaf-gpu-rdma,sys1-lon14-p-swi-bel25,sw17p1,,sys1-lon14-p-phy-gpu465,RDMA1,
101991,leaf-gpu-rdma,sys1-lon14-p-swi-bel25,sw17p2,,sys1-lon14-p-phy-gpu466,RDMA1,
101992,leaf-gpu-rdma,sys1-lon14-p-swi-bel25,sw18p1,,sys1-lon14-p-phy-gpu467,RDMA1,
101993,leaf-gpu-rdma,sys1-lon14-p-swi-bel25,sw18p2,,sys1-lon14-p-phy-gpu468,RDMA1,
101995,leaf-gpu-rdma,sys1-lon14-p-swi-bel25,sw19p2,,sys1-lon14-p-phy-gpu470,RDMA1,
101996,leaf-gpu-rdma,sys1-lon14-p-swi-bel25,sw20p1,,sys1-lon14-p-phy-gpu471,RDMA1,
101997,leaf-gpu-rdma,sys1-lon14-p-swi-bel25,sw20p2,,sys1-lon14-p-phy-gpu472,RDMA1,
101998,leaf-gpu-rdma,sys1-lon14-p-swi-bel25,sw21p1,,sys1-lon14-p-phy-gpu473,RDMA1,
101999,leaf-gpu-rdma,sys1-lon14-p-swi-bel25,sw21p2,,sys1-lon14-p-phy-gpu474,RDMA1,
102000,leaf-gpu-rdma,sys1-lon14-p-swi-bel25,sw22p1,,sys1-lon14-p-phy-gpu475,RDMA1,
102001,leaf-gpu-rdma,sys1-lon14-p-swi-bel25,sw22p2,,sys1-lon14-p-phy-gpu476,RDMA1,
102002,leaf-gpu-rdma,sys1-lon14-p-swi-bel25,sw23p1,,sys1-lon14-p-phy-gpu477,RDMA1,
102003,leaf-gpu-rdma,sys1-lon14-p-swi-bel25,sw23p2,,sys1-lon14-p-phy-gpu478,RDMA1,
102004,leaf-gpu-rdma,sys1-lon14-p-swi-bel25,sw24p1,,sys1-lon14-p-phy-gpu479,RDMA1,
102005,leaf-gpu-rdma,sys1-lon14-p-swi-bel25,sw24p2,,sys1-lon14-p-phy-gpu480,RDMA1,
102006,leaf-gpu-rdma,sys1-lon14-p-swi-bel25,sw25p1,,sys1-lon14-p-phy-gpu481,RDMA1,
102007,leaf-gpu-rdma,sys1-lon14-p-swi-bel25,sw25p2,,sys1-lon14-p-phy-gpu482,RDMA1,
102008,leaf-gpu-rdma,sys1-lon14-p-swi-bel25,sw26p1,,sys1-lon14-p-phy-gpu483,RDMA1,
102009,leaf-gpu-rdma,sys1-lon14-p-swi-bel25,sw26p2,,sys1-lon14-p-phy-gpu484,RDMA1,
102010,leaf-gpu-rdma,sys1-lon14-p-swi-bel25,sw27p1,,sys1-lon14-p-phy-gpu485,RDMA1,
102011,leaf-gpu-rdma,sys1-lon14-p-swi-bel25,sw27p2,,sys1-lon14-p-phy-gpu486,RDMA1,
102012,leaf-gpu-rdma,sys1-lon14-p-swi-bel25,sw28p1,,sys1-lon14-p-phy-gpu487,RDMA1,
102013,leaf-gpu-rdma,sys1-lon14-p-swi-bel25,sw28p2,,sys1-lon14-p-phy-gpu488,RDMA1,
102014,leaf-gpu-rdma,sys1-lon14-p-swi-bel25,sw29p1,,sys1-lon14-p-phy-gpu489,RDMA1,
102015,leaf-gpu-rdma,sys1-lon14-p-swi-bel25,sw29p2,,sys1-lon14-p-phy-gpu490,RDMA1,
102016,leaf-gpu-rdma,sys1-lon14-p-swi-bel25,sw30p1,,sys1-lon14-p-phy-gpu491,RDMA1,
102017,leaf-gpu-rdma,sys1-lon14-p-swi-bel25,sw30p2,,sys1-lon14-p-phy-gpu492,RDMA1,
102018,leaf-gpu-rdma,sys1-lon14-p-swi-bel25,sw31p1,,sys1-lon14-p-phy-gpu493,RDMA1,
102019,leaf-gpu-rdma,sys1-lon14-p-swi-bel25,sw31p2,,sys1-lon14-p-phy-gpu494,RDMA1,
102020,leaf-gpu-rdma,sys1-lon14-p-swi-bel25,sw32p1,,sys1-lon14-p-phy-gpu495,RDMA1,
102021,leaf-gpu-rdma,sys1-lon14-p-swi-bel25,sw32p2,,sys1-lon14-p-phy-gpu496,RDMA1,
102022,leaf-gpu-rdma,sys1-lon14-p-swi-bel25,sw33p1,,sys1-lon14-p-phy-gpu497,RDMA1,
102023,leaf-gpu-rdma,sys1-lon14-p-swi-bel25,sw33p2,,sys1-lon14-p-phy-gpu498,RDMA1,
102024,leaf-gpu-rdma,sys1-lon14-p-swi-bel25,sw34p1,,sys1-lon14-p-phy-gpu499,RDMA1,
102025,leaf-gpu-rdma,sys1-lon14-p-swi-bel25,sw34p2,,sys1-lon14-p-phy-gpu500,RDMA1,
102026,leaf-gpu-rdma,sys1-lon14-p-swi-bel25,sw35p1,,sys1-lon14-p-phy-gpu501,RDMA1,
102027,leaf-gpu-rdma,sys1-lon14-p-swi-bel25,sw35p2,,sys1-lon14-p-phy-gpu502,RDMA1,
102028,leaf-gpu-rdma,sys1-lon14-p-swi-bel25,sw36p1,,sys1-lon14-p-phy-gpu503,RDMA1,
102029,leaf-gpu-rdma,sys1-lon14-p-swi-bel25,sw36p2,,sys1-lon14-p-phy-gpu504,RDMA1,
102030,leaf-gpu-rdma,sys1-lon14-p-swi-bel26,sw1p1,,sys1-lon14-p-phy-gpu433,RDMA2,
102031,leaf-gpu-rdma,sys1-lon14-p-swi-bel26,sw1p2,,sys1-lon14-p-phy-gpu434,RDMA2,
102032,leaf-gpu-rdma,sys1-lon14-p-swi-bel26,sw2p1,,sys1-lon14-p-phy-gpu435,RDMA2,
102033,leaf-gpu-rdma,sys1-lon14-p-swi-bel26,sw2p2,,sys1-lon14-p-phy-gpu436,RDMA2,
102034,leaf-gpu-rdma,sys1-lon14-p-swi-bel26,sw3p1,,sys1-lon14-p-phy-gpu437,RDMA2,
102035,leaf-gpu-rdma,sys1-lon14-p-swi-bel26,sw3p2,,sys1-lon14-p-phy-gpu438,RDMA2,
102036,leaf-gpu-rdma,sys1-lon14-p-swi-bel26,sw4p1,,sys1-lon14-p-phy-gpu439,RDMA2,
102037,leaf-gpu-rdma,sys1-lon14-p-swi-bel26,sw4p2,,sys1-lon14-p-phy-gpu440,RDMA2,
102038,leaf-gpu-rdma,sys1-lon14-p-swi-bel26,sw5p1,,sys1-lon14-p-phy-gpu441,RDMA2,
102039,leaf-gpu-rdma,sys1-lon14-p-swi-bel26,sw5p2,,sys1-lon14-p-phy-gpu442,RDMA2,
102040,leaf-gpu-rdma,sys1-lon14-p-swi-bel26,sw6p1,,sys1-lon14-p-phy-gpu443,RDMA2,
102041,leaf-gpu-rdma,sys1-lon14-p-swi-bel26,sw6p2,,sys1-lon14-p-phy-gpu444,RDMA2,
102042,leaf-gpu-rdma,sys1-lon14-p-swi-bel26,sw7p1,,sys1-lon14-p-phy-gpu445,RDMA2,
102043,leaf-gpu-rdma,sys1-lon14-p-swi-bel26,sw7p2,,sys1-lon14-p-phy-gpu446,RDMA2,
102044,leaf-gpu-rdma,sys1-lon14-p-swi-bel26,sw8p1,,sys1-lon14-p-phy-gpu447,RDMA2,
102045,leaf-gpu-rdma,sys1-lon14-p-swi-bel26,sw8p2,,sys1-lon14-p-phy-gpu448,RDMA2,
102046,leaf-gpu-rdma,sys1-lon14-p-swi-bel26,sw9p1,,sys1-lon14-p-phy-gpu449,RDMA2,
102047,leaf-gpu-rdma,sys1-lon14-p-swi-bel26,sw9p2,,sys1-lon14-p-phy-gpu450,RDMA2,
102048,leaf-gpu-rdma,sys1-lon14-p-swi-bel26,sw10p1,,sys1-lon14-p-phy-gpu451,RDMA2,
102049,leaf-gpu-rdma,sys1-lon14-p-swi-bel26,sw10p2,,sys1-lon14-p-phy-gpu452,RDMA2,
102050,leaf-gpu-rdma,sys1-lon14-p-swi-bel26,sw11p1,,sys1-lon14-p-phy-gpu453,RDMA2,
102051,leaf-gpu-rdma,sys1-lon14-p-swi-bel26,sw11p2,,sys1-lon14-p-phy-gpu454,RDMA2,
102052,leaf-gpu-rdma,sys1-lon14-p-swi-bel26,sw12p1,,sys1-lon14-p-phy-gpu455,RDMA2,
102053,leaf-gpu-rdma,sys1-lon14-p-swi-bel26,sw12p2,,sys1-lon14-p-phy-gpu456,RDMA2,
102054,leaf-gpu-rdma,sys1-lon14-p-swi-bel26,sw13p1,,sys1-lon14-p-phy-gpu457,RDMA2,
102055,leaf-gpu-rdma,sys1-lon14-p-swi-bel26,sw13p2,,sys1-lon14-p-phy-gpu458,RDMA2,
102056,leaf-gpu-rdma,sys1-lon14-p-swi-bel26,sw14p1,,sys1-lon14-p-phy-gpu459,RDMA2,
102057,leaf-gpu-rdma,sys1-lon14-p-swi-bel26,sw14p2,,sys1-lon14-p-phy-gpu460,RDMA2,
102058,leaf-gpu-rdma,sys1-lon14-p-swi-bel26,sw15p1,,sys1-lon14-p-phy-gpu461,RDMA2,
102059,leaf-gpu-rdma,sys1-lon14-p-swi-bel26,sw15p2,,sys1-lon14-p-phy-gpu462,RDMA2,
102060,leaf-gpu-rdma,sys1-lon14-p-swi-bel26,sw16p1,,sys1-lon14-p-phy-gpu463,RDMA2,
102061,leaf-gpu-rdma,sys1-lon14-p-swi-bel26,sw16p2,,sys1-lon14-p-phy-gpu464,RDMA2,
102062,leaf-gpu-rdma,sys1-lon14-p-swi-bel26,sw17p1,,sys1-lon14-p-phy-gpu465,RDMA2,
102063,leaf-gpu-rdma,sys1-lon14-p-swi-bel26,sw17p2,,sys1-lon14-p-phy-gpu466,RDMA2,
102064,leaf-gpu-rdma,sys1-lon14-p-swi-bel26,sw18p1,,sys1-lon14-p-phy-gpu467,RDMA2,
102065,leaf-gpu-rdma,sys1-lon14-p-swi-bel26,sw18p2,,sys1-lon14-p-phy-gpu468,RDMA2,
102067,leaf-gpu-rdma,sys1-lon14-p-swi-bel26,sw19p2,,sys1-lon14-p-phy-gpu470,RDMA2,
102068,leaf-gpu-rdma,sys1-lon14-p-swi-bel26,sw20p1,,sys1-lon14-p-phy-gpu471,RDMA2,
102069,leaf-gpu-rdma,sys1-lon14-p-swi-bel26,sw20p2,,sys1-lon14-p-phy-gpu472,RDMA2,
102070,leaf-gpu-rdma,sys1-lon14-p-swi-bel26,sw21p1,,sys1-lon14-p-phy-gpu473,RDMA2,
102071,leaf-gpu-rdma,sys1-lon14-p-swi-bel26,sw21p2,,sys1-lon14-p-phy-gpu474,RDMA2,
102072,leaf-gpu-rdma,sys1-lon14-p-swi-bel26,sw22p1,,sys1-lon14-p-phy-gpu475,RDMA2,
102073,leaf-gpu-rdma,sys1-lon14-p-swi-bel26,sw22p2,,sys1-lon14-p-phy-gpu476,RDMA2,
102074,leaf-gpu-rdma,sys1-lon14-p-swi-bel26,sw23p1,,sys1-lon14-p-phy-gpu477,RDMA2,
102075,leaf-gpu-rdma,sys1-lon14-p-swi-bel26,sw23p2,,sys1-lon14-p-phy-gpu478,RDMA2,
102076,leaf-gpu-rdma,sys1-lon14-p-swi-bel26,sw24p1,,sys1-lon14-p-phy-gpu479,RDMA2,
102077,leaf-gpu-rdma,sys1-lon14-p-swi-bel26,sw24p2,,sys1-lon14-p-phy-gpu480,RDMA2,
102078,leaf-gpu-rdma,sys1-lon14-p-swi-bel26,sw25p1,,sys1-lon14-p-phy-gpu481,RDMA2,
102079,leaf-gpu-rdma,sys1-lon14-p-swi-bel26,sw25p2,,sys1-lon14-p-phy-gpu482,RDMA2,
102080,leaf-gpu-rdma,sys1-lon14-p-swi-bel26,sw26p1,,sys1-lon14-p-phy-gpu483,RDMA2,
102081,leaf-gpu-rdma,sys1-lon14-p-swi-bel26,sw26p2,,sys1-lon14-p-phy-gpu484,RDMA2,
102082,leaf-gpu-rdma,sys1-lon14-p-swi-bel26,sw27p1,,sys1-lon14-p-phy-gpu485,RDMA2,
102083,leaf-gpu-rdma,sys1-lon14-p-swi-bel26,sw27p2,,sys1-lon14-p-phy-gpu486,RDMA2,
102084,leaf-gpu-rdma,sys1-lon14-p-swi-bel26,sw28p1,,sys1-lon14-p-phy-gpu487,RDMA2,
102085,leaf-gpu-rdma,sys1-lon14-p-swi-bel26,sw28p2,,sys1-lon14-p-phy-gpu488,RDMA2,
102086,leaf-gpu-rdma,sys1-lon14-p-swi-bel26,sw29p1,,sys1-lon14-p-phy-gpu489,RDMA2,
102087,leaf-gpu-rdma,sys1-lon14-p-swi-bel26,sw29p2,,sys1-lon14-p-phy-gpu490,RDMA2,
102088,leaf-gpu-rdma,sys1-lon14-p-swi-bel26,sw30p1,,sys1-lon14-p-phy-gpu491,RDMA2,
102089,leaf-gpu-rdma,sys1-lon14-p-swi-bel26,sw30p2,,sys1-lon14-p-phy-gpu492,RDMA2,
102090,leaf-gpu-rdma,sys1-lon14-p-swi-bel26,sw31p1,,sys1-lon14-p-phy-gpu493,RDMA2,
102091,leaf-gpu-rdma,sys1-lon14-p-swi-bel26,sw31p2,,sys1-lon14-p-phy-gpu494,RDMA2,
102092,leaf-gpu-rdma,sys1-lon14-p-swi-bel26,sw32p1,,sys1-lon14-p-phy-gpu495,RDMA2,
102093,leaf-gpu-rdma,sys1-lon14-p-swi-bel26,sw32p2,,sys1-lon14-p-phy-gpu496,RDMA2,
102094,leaf-gpu-rdma,sys1-lon14-p-swi-bel26,sw33p1,,sys1-lon14-p-phy-gpu497,RDMA2,
102095,leaf-gpu-rdma,sys1-lon14-p-swi-bel26,sw33p2,,sys1-lon14-p-phy-gpu498,RDMA2,
102096,leaf-gpu-rdma,sys1-lon14-p-swi-bel26,sw34p1,,sys1-lon14-p-phy-gpu499,RDMA2,
102097,leaf-gpu-rdma,sys1-lon14-p-swi-bel26,sw34p2,,sys1-lon14-p-phy-gpu500,RDMA2,
102098,leaf-gpu-rdma,sys1-lon14-p-swi-bel26,sw35p1,,sys1-lon14-p-phy-gpu501,RDMA2,
102099,leaf-gpu-rdma,sys1-lon14-p-swi-bel26,sw35p2,,sys1-lon14-p-phy-gpu502,RDMA2,
102100,leaf-gpu-rdma,sys1-lon14-p-swi-bel26,sw36p1,,sys1-lon14-p-phy-gpu503,RDMA2,
102101,leaf-gpu-rdma,sys1-lon14-p-swi-bel26,sw36p2,,sys1-lon14-p-phy-gpu504,RDMA2,
102102,leaf-gpu-rdma,sys1-lon14-p-swi-bel27,sw1p1,,sys1-lon14-p-phy-gpu433,RDMA3,
102103,leaf-gpu-rdma,sys1-lon14-p-swi-bel27,sw1p2,,sys1-lon14-p-phy-gpu434,RDMA3,
102104,leaf-gpu-rdma,sys1-lon14-p-swi-bel27,sw2p1,,sys1-lon14-p-phy-gpu435,RDMA3,
102105,leaf-gpu-rdma,sys1-lon14-p-swi-bel27,sw2p2,,sys1-lon14-p-phy-gpu436,RDMA3,
102106,leaf-gpu-rdma,sys1-lon14-p-swi-bel27,sw3p1,,sys1-lon14-p-phy-gpu437,RDMA3,
102107,leaf-gpu-rdma,sys1-lon14-p-swi-bel27,sw3p2,,sys1-lon14-p-phy-gpu438,RDMA3,
102108,leaf-gpu-rdma,sys1-lon14-p-swi-bel27,sw4p1,,sys1-lon14-p-phy-gpu439,RDMA3,
102109,leaf-gpu-rdma,sys1-lon14-p-swi-bel27,sw4p2,,sys1-lon14-p-phy-gpu440,RDMA3,
102110,leaf-gpu-rdma,sys1-lon14-p-swi-bel27,sw5p1,,sys1-lon14-p-phy-gpu441,RDMA3,
102111,leaf-gpu-rdma,sys1-lon14-p-swi-bel27,sw5p2,,sys1-lon14-p-phy-gpu442,RDMA3,
102112,leaf-gpu-rdma,sys1-lon14-p-swi-bel27,sw6p1,,sys1-lon14-p-phy-gpu443,RDMA3,
102113,leaf-gpu-rdma,sys1-lon14-p-swi-bel27,sw6p2,,sys1-lon14-p-phy-gpu444,RDMA3,
102114,leaf-gpu-rdma,sys1-lon14-p-swi-bel27,sw7p1,,sys1-lon14-p-phy-gpu445,RDMA3,
102115,leaf-gpu-rdma,sys1-lon14-p-swi-bel27,sw7p2,,sys1-lon14-p-phy-gpu446,RDMA3,
102116,leaf-gpu-rdma,sys1-lon14-p-swi-bel27,sw8p1,,sys1-lon14-p-phy-gpu447,RDMA3,
102117,leaf-gpu-rdma,sys1-lon14-p-swi-bel27,sw8p2,,sys1-lon14-p-phy-gpu448,RDMA3,
102118,leaf-gpu-rdma,sys1-lon14-p-swi-bel27,sw9p1,,sys1-lon14-p-phy-gpu449,RDMA3,
102119,leaf-gpu-rdma,sys1-lon14-p-swi-bel27,sw9p2,,sys1-lon14-p-phy-gpu450,RDMA3,
102120,leaf-gpu-rdma,sys1-lon14-p-swi-bel27,sw10p1,,sys1-lon14-p-phy-gpu451,RDMA3,
102121,leaf-gpu-rdma,sys1-lon14-p-swi-bel27,sw10p2,,sys1-lon14-p-phy-gpu452,RDMA3,
102122,leaf-gpu-rdma,sys1-lon14-p-swi-bel27,sw11p1,,sys1-lon14-p-phy-gpu453,RDMA3,
102123,leaf-gpu-rdma,sys1-lon14-p-swi-bel27,sw11p2,,sys1-lon14-p-phy-gpu454,RDMA3,
102124,leaf-gpu-rdma,sys1-lon14-p-swi-bel27,sw12p1,,sys1-lon14-p-phy-gpu455,RDMA3,
102125,leaf-gpu-rdma,sys1-lon14-p-swi-bel27,sw12p2,,sys1-lon14-p-phy-gpu456,RDMA3,
102126,leaf-gpu-rdma,sys1-lon14-p-swi-bel27,sw13p1,,sys1-lon14-p-phy-gpu457,RDMA3,
102127,leaf-gpu-rdma,sys1-lon14-p-swi-bel27,sw13p2,,sys1-lon14-p-phy-gpu458,RDMA3,
102128,leaf-gpu-rdma,sys1-lon14-p-swi-bel27,sw14p1,,sys1-lon14-p-phy-gpu459,RDMA3,
102129,leaf-gpu-rdma,sys1-lon14-p-swi-bel27,sw14p2,,sys1-lon14-p-phy-gpu460,RDMA3,
102130,leaf-gpu-rdma,sys1-lon14-p-swi-bel27,sw15p1,,sys1-lon14-p-phy-gpu461,RDMA3,
102131,leaf-gpu-rdma,sys1-lon14-p-swi-bel27,sw15p2,,sys1-lon14-p-phy-gpu462,RDMA3,
102132,leaf-gpu-rdma,sys1-lon14-p-swi-bel27,sw16p1,,sys1-lon14-p-phy-gpu463,RDMA3,
102133,leaf-gpu-rdma,sys1-lon14-p-swi-bel27,sw16p2,,sys1-lon14-p-phy-gpu464,RDMA3,
102134,leaf-gpu-rdma,sys1-lon14-p-swi-bel27,sw17p1,,sys1-lon14-p-phy-gpu465,RDMA3,
102135,leaf-gpu-rdma,sys1-lon14-p-swi-bel27,sw17p2,,sys1-lon14-p-phy-gpu466,RDMA3,
102136,leaf-gpu-rdma,sys1-lon14-p-swi-bel27,sw18p1,,sys1-lon14-p-phy-gpu467,RDMA3,
102137,leaf-gpu-rdma,sys1-lon14-p-swi-bel27,sw18p2,,sys1-lon14-p-phy-gpu468,RDMA3,
102139,leaf-gpu-rdma,sys1-lon14-p-swi-bel27,sw19p2,,sys1-lon14-p-phy-gpu470,RDMA3,
102140,leaf-gpu-rdma,sys1-lon14-p-swi-bel27,sw20p1,,sys1-lon14-p-phy-gpu471,RDMA3,
102141,leaf-gpu-rdma,sys1-lon14-p-swi-bel27,sw20p2,,sys1-lon14-p-phy-gpu472,RDMA3,
102142,leaf-gpu-rdma,sys1-lon14-p-swi-bel27,sw21p1,,sys1-lon14-p-phy-gpu473,RDMA3,
102143,leaf-gpu-rdma,sys1-lon14-p-swi-bel27,sw21p2,,sys1-lon14-p-phy-gpu474,RDMA3,
102144,leaf-gpu-rdma,sys1-lon14-p-swi-bel27,sw22p1,,sys1-lon14-p-phy-gpu475,RDMA3,
102145,leaf-gpu-rdma,sys1-lon14-p-swi-bel27,sw22p2,,sys1-lon14-p-phy-gpu476,RDMA3,
102146,leaf-gpu-rdma,sys1-lon14-p-swi-bel27,sw23p1,,sys1-lon14-p-phy-gpu477,RDMA3,
102147,leaf-gpu-rdma,sys1-lon14-p-swi-bel27,sw23p2,,sys1-lon14-p-phy-gpu478,RDMA3,
102148,leaf-gpu-rdma,sys1-lon14-p-swi-bel27,sw24p1,,sys1-lon14-p-phy-gpu479,RDMA3,
102149,leaf-gpu-rdma,sys1-lon14-p-swi-bel27,sw24p2,,sys1-lon14-p-phy-gpu480,RDMA3,
102150,leaf-gpu-rdma,sys1-lon14-p-swi-bel27,sw25p1,,sys1-lon14-p-phy-gpu481,RDMA3,
102151,leaf-gpu-rdma,sys1-lon14-p-swi-bel27,sw25p2,,sys1-lon14-p-phy-gpu482,RDMA3,
102152,leaf-gpu-rdma,sys1-lon14-p-swi-bel27,sw26p1,,sys1-lon14-p-phy-gpu483,RDMA3,
102153,leaf-gpu-rdma,sys1-lon14-p-swi-bel27,sw26p2,,sys1-lon14-p-phy-gpu484,RDMA3,
102154,leaf-gpu-rdma,sys1-lon14-p-swi-bel27,sw27p1,,sys1-lon14-p-phy-gpu485,RDMA3,
102155,leaf-gpu-rdma,sys1-lon14-p-swi-bel27,sw27p2,,sys1-lon14-p-phy-gpu486,RDMA3,
102156,leaf-gpu-rdma,sys1-lon14-p-swi-bel27,sw28p1,,sys1-lon14-p-phy-gpu487,RDMA3,
102157,leaf-gpu-rdma,sys1-lon14-p-swi-bel27,sw28p2,,sys1-lon14-p-phy-gpu488,RDMA3,
102158,leaf-gpu-rdma,sys1-lon14-p-swi-bel27,sw29p1,,sys1-lon14-p-phy-gpu489,RDMA3,
102159,leaf-gpu-rdma,sys1-lon14-p-swi-bel27,sw29p2,,sys1-lon14-p-phy-gpu490,RDMA3,
102160,leaf-gpu-rdma,sys1-lon14-p-swi-bel27,sw30p1,,sys1-lon14-p-phy-gpu491,RDMA3,
102161,leaf-gpu-rdma,sys1-lon14-p-swi-bel27,sw30p2,,sys1-lon14-p-phy-gpu492,RDMA3,
102162,leaf-gpu-rdma,sys1-lon14-p-swi-bel27,sw31p1,,sys1-lon14-p-phy-gpu493,RDMA3,
102163,leaf-gpu-rdma,sys1-lon14-p-swi-bel27,sw31p2,,sys1-lon14-p-phy-gpu494,RDMA3,
102164,leaf-gpu-rdma,sys1-lon14-p-swi-bel27,sw32p1,,sys1-lon14-p-phy-gpu495,RDMA3,
102165,leaf-gpu-rdma,sys1-lon14-p-swi-bel27,sw32p2,,sys1-lon14-p-phy-gpu496,RDMA3,
102166,leaf-gpu-rdma,sys1-lon14-p-swi-bel27,sw33p1,,sys1-lon14-p-phy-gpu497,RDMA3,
102167,leaf-gpu-rdma,sys1-lon14-p-swi-bel27,sw33p2,,sys1-lon14-p-phy-gpu498,RDMA3,
102168,leaf-gpu-rdma,sys1-lon14-p-swi-bel27,sw34p1,,sys1-lon14-p-phy-gpu499,RDMA3,
102169,leaf-gpu-rdma,sys1-lon14-p-swi-bel27,sw34p2,,sys1-lon14-p-phy-gpu500,RDMA3,
102170,leaf-gpu-rdma,sys1-lon14-p-swi-bel27,sw35p1,,sys1-lon14-p-phy-gpu501,RDMA3,
102171,leaf-gpu-rdma,sys1-lon14-p-swi-bel27,sw35p2,,sys1-lon14-p-phy-gpu502,RDMA3,
102172,leaf-gpu-rdma,sys1-lon14-p-swi-bel27,sw36p1,,sys1-lon14-p-phy-gpu503,RDMA3,
102173,leaf-gpu-rdma,sys1-lon14-p-swi-bel27,sw36p2,,sys1-lon14-p-phy-gpu504,RDMA3,
102174,leaf-gpu-rdma,sys1-lon14-p-swi-bel28,sw1p1,,sys1-lon14-p-phy-gpu433,RDMA4,
102175,leaf-gpu-rdma,sys1-lon14-p-swi-bel28,sw1p2,,sys1-lon14-p-phy-gpu434,RDMA4,
102176,leaf-gpu-rdma,sys1-lon14-p-swi-bel28,sw2p1,,sys1-lon14-p-phy-gpu435,RDMA4,
102177,leaf-gpu-rdma,sys1-lon14-p-swi-bel28,sw2p2,,sys1-lon14-p-phy-gpu436,RDMA4,
102178,leaf-gpu-rdma,sys1-lon14-p-swi-bel28,sw3p1,,sys1-lon14-p-phy-gpu437,RDMA4,
102179,leaf-gpu-rdma,sys1-lon14-p-swi-bel28,sw3p2,,sys1-lon14-p-phy-gpu438,RDMA4,
102180,leaf-gpu-rdma,sys1-lon14-p-swi-bel28,sw4p1,,sys1-lon14-p-phy-gpu439,RDMA4,
102181,leaf-gpu-rdma,sys1-lon14-p-swi-bel28,sw4p2,,sys1-lon14-p-phy-gpu440,RDMA4,
102182,leaf-gpu-rdma,sys1-lon14-p-swi-bel28,sw5p1,,sys1-lon14-p-phy-gpu441,RDMA4,
102183,leaf-gpu-rdma,sys1-lon14-p-swi-bel28,sw5p2,,sys1-lon14-p-phy-gpu442,RDMA4,
102184,leaf-gpu-rdma,sys1-lon14-p-swi-bel28,sw6p1,,sys1-lon14-p-phy-gpu443,RDMA4,
102185,leaf-gpu-rdma,sys1-lon14-p-swi-bel28,sw6p2,,sys1-lon14-p-phy-gpu444,RDMA4,
102186,leaf-gpu-rdma,sys1-lon14-p-swi-bel28,sw7p1,,sys1-lon14-p-phy-gpu445,RDMA4,
102187,leaf-gpu-rdma,sys1-lon14-p-swi-bel28,sw7p2,,sys1-lon14-p-phy-gpu446,RDMA4,
102188,leaf-gpu-rdma,sys1-lon14-p-swi-bel28,sw8p1,,sys1-lon14-p-phy-gpu447,RDMA4,
102189,leaf-gpu-rdma,sys1-lon14-p-swi-bel28,sw8p2,,sys1-lon14-p-phy-gpu448,RDMA4,
102190,leaf-gpu-rdma,sys1-lon14-p-swi-bel28,sw9p1,,sys1-lon14-p-phy-gpu449,RDMA4,
102191,leaf-gpu-rdma,sys1-lon14-p-swi-bel28,sw9p2,,sys1-lon14-p-phy-gpu450,RDMA4,
102192,leaf-gpu-rdma,sys1-lon14-p-swi-bel28,sw10p1,,sys1-lon14-p-phy-gpu451,RDMA4,
102193,leaf-gpu-rdma,sys1-lon14-p-swi-bel28,sw10p2,,sys1-lon14-p-phy-gpu452,RDMA4,
102194,leaf-gpu-rdma,sys1-lon14-p-swi-bel28,sw11p1,,sys1-lon14-p-phy-gpu453,RDMA4,
102195,leaf-gpu-rdma,sys1-lon14-p-swi-bel28,sw11p2,,sys1-lon14-p-phy-gpu454,RDMA4,
102196,leaf-gpu-rdma,sys1-lon14-p-swi-bel28,sw12p1,,sys1-lon14-p-phy-gpu455,RDMA4,
102197,leaf-gpu-rdma,sys1-lon14-p-swi-bel28,sw12p2,,sys1-lon14-p-phy-gpu456,RDMA4,
102198,leaf-gpu-rdma,sys1-lon14-p-swi-bel28,sw13p1,,sys1-lon14-p-phy-gpu457,RDMA4,
102199,leaf-gpu-rdma,sys1-lon14-p-swi-bel28,sw13p2,,sys1-lon14-p-phy-gpu458,RDMA4,
102200,leaf-gpu-rdma,sys1-lon14-p-swi-bel28,sw14p1,,sys1-lon14-p-phy-gpu459,RDMA4,
102201,leaf-gpu-rdma,sys1-lon14-p-swi-bel28,sw14p2,,sys1-lon14-p-phy-gpu460,RDMA4,
102202,leaf-gpu-rdma,sys1-lon14-p-swi-bel28,sw15p1,,sys1-lon14-p-phy-gpu461,RDMA4,
102203,leaf-gpu-rdma,sys1-lon14-p-swi-bel28,sw15p2,,sys1-lon14-p-phy-gpu462,RDMA4,
102204,leaf-gpu-rdma,sys1-lon14-p-swi-bel28,sw16p1,,sys1-lon14-p-phy-gpu463,RDMA4,
102205,leaf-gpu-rdma,sys1-lon14-p-swi-bel28,sw16p2,,sys1-lon14-p-phy-gpu464,RDMA4,
102206,leaf-gpu-rdma,sys1-lon14-p-swi-bel28,sw17p1,,sys1-lon14-p-phy-gpu465,RDMA4,
102207,leaf-gpu-rdma,sys1-lon14-p-swi-bel28,sw17p2,,sys1-lon14-p-phy-gpu466,RDMA4,
102208,leaf-gpu-rdma,sys1-lon14-p-swi-bel28,sw18p1,,sys1-lon14-p-phy-gpu467,RDMA4,
102209,leaf-gpu-rdma,sys1-lon14-p-swi-bel28,sw18p2,,sys1-lon14-p-phy-gpu468,RDMA4,
102211,leaf-gpu-rdma,sys1-lon14-p-swi-bel28,sw19p2,,sys1-lon14-p-phy-gpu470,RDMA4,
102212,leaf-gpu-rdma,sys1-lon14-p-swi-bel28,sw20p1,,sys1-lon14-p-phy-gpu471,RDMA4,
102213,leaf-gpu-rdma,sys1-lon14-p-swi-bel28,sw20p2,,sys1-lon14-p-phy-gpu472,RDMA4,
102214,leaf-gpu-rdma,sys1-lon14-p-swi-bel28,sw21p1,,sys1-lon14-p-phy-gpu473,RDMA4,
102215,leaf-gpu-rdma,sys1-lon14-p-swi-bel28,sw21p2,,sys1-lon14-p-phy-gpu474,RDMA4,
102216,leaf-gpu-rdma,sys1-lon14-p-swi-bel28,sw22p1,,sys1-lon14-p-phy-gpu475,RDMA4,
102217,leaf-gpu-rdma,sys1-lon14-p-swi-bel28,sw22p2,,sys1-lon14-p-phy-gpu476,RDMA4,
102218,leaf-gpu-rdma,sys1-lon14-p-swi-bel28,sw23p1,,sys1-lon14-p-phy-gpu477,RDMA4,
102219,leaf-gpu-rdma,sys1-lon14-p-swi-bel28,sw23p2,,sys1-lon14-p-phy-gpu478,RDMA4,
102220,leaf-gpu-rdma,sys1-lon14-p-swi-bel28,sw24p1,,sys1-lon14-p-phy-gpu479,RDMA4,
102221,leaf-gpu-rdma,sys1-lon14-p-swi-bel28,sw24p2,,sys1-lon14-p-phy-gpu480,RDMA4,
102222,leaf-gpu-rdma,sys1-lon14-p-swi-bel28,sw25p1,,sys1-lon14-p-phy-gpu481,RDMA4,
102223,leaf-gpu-rdma,sys1-lon14-p-swi-bel28,sw25p2,,sys1-lon14-p-phy-gpu482,RDMA4,
102224,leaf-gpu-rdma,sys1-lon14-p-swi-bel28,sw26p1,,sys1-lon14-p-phy-gpu483,RDMA4,
102225,leaf-gpu-rdma,sys1-lon14-p-swi-bel28,sw26p2,,sys1-lon14-p-phy-gpu484,RDMA4,
102226,leaf-gpu-rdma,sys1-lon14-p-swi-bel28,sw27p1,,sys1-lon14-p-phy-gpu485,RDMA4,
102227,leaf-gpu-rdma,sys1-lon14-p-swi-bel28,sw27p2,,sys1-lon14-p-phy-gpu486,RDMA4,
102228,leaf-gpu-rdma,sys1-lon14-p-swi-bel28,sw28p1,,sys1-lon14-p-phy-gpu487,RDMA4,
102229,leaf-gpu-rdma,sys1-lon14-p-swi-bel28,sw28p2,,sys1-lon14-p-phy-gpu488,RDMA4,
102230,leaf-gpu-rdma,sys1-lon14-p-swi-bel28,sw29p1,,sys1-lon14-p-phy-gpu489,RDMA4,
102231,leaf-gpu-rdma,sys1-lon14-p-swi-bel28,sw29p2,,sys1-lon14-p-phy-gpu490,RDMA4,
102232,leaf-gpu-rdma,sys1-lon14-p-swi-bel28,sw30p1,,sys1-lon14-p-phy-gpu491,RDMA4,
102233,leaf-gpu-rdma,sys1-lon14-p-swi-bel28,sw30p2,,sys1-lon14-p-phy-gpu492,RDMA4,
102234,leaf-gpu-rdma,sys1-lon14-p-swi-bel28,sw31p1,,sys1-lon14-p-phy-gpu493,RDMA4,
102235,leaf-gpu-rdma,sys1-lon14-p-swi-bel28,sw31p2,,sys1-lon14-p-phy-gpu494,RDMA4,
102236,leaf-gpu-rdma,sys1-lon14-p-swi-bel28,sw32p1,,sys1-lon14-p-phy-gpu495,RDMA4,
102237,leaf-gpu-rdma,sys1-lon14-p-swi-bel28,sw32p2,,sys1-lon14-p-phy-gpu496,RDMA4,
102238,leaf-gpu-rdma,sys1-lon14-p-swi-bel28,sw33p1,,sys1-lon14-p-phy-gpu497,RDMA4,
102239,leaf-gpu-rdma,sys1-lon14-p-swi-bel28,sw33p2,,sys1-lon14-p-phy-gpu498,RDMA4,
102240,leaf-gpu-rdma,sys1-lon14-p-swi-bel28,sw34p1,,sys1-lon14-p-phy-gpu499,RDMA4,
102241,leaf-gpu-rdma,sys1-lon14-p-swi-bel28,sw34p2,,sys1-lon14-p-phy-gpu500,RDMA4,
102242,leaf-gpu-rdma,sys1-lon14-p-swi-bel28,sw35p1,,sys1-lon14-p-phy-gpu501,RDMA4,
102243,leaf-gpu-rdma,sys1-lon14-p-swi-bel28,sw35p2,,sys1-lon14-p-phy-gpu502,RDMA4,
102244,leaf-gpu-rdma,sys1-lon14-p-swi-bel28,sw36p1,,sys1-lon14-p-phy-gpu503,RDMA4,
102245,leaf-gpu-rdma,sys1-lon14-p-swi-bel28,sw36p2,,sys1-lon14-p-phy-gpu504,RDMA4,
102246,leaf-gpu-rdma,sys1-lon14-p-swi-bel29,sw1p1,,sys1-lon14-p-phy-gpu505,RDMA1,
102247,leaf-gpu-rdma,sys1-lon14-p-swi-bel29,sw1p2,,sys1-lon14-p-phy-gpu506,RDMA1,
102248,leaf-gpu-rdma,sys1-lon14-p-swi-bel29,sw2p1,,sys1-lon14-p-phy-gpu507,RDMA1,
102249,leaf-gpu-rdma,sys1-lon14-p-swi-bel29,sw2p2,,sys1-lon14-p-phy-gpu508,RDMA1,
102250,leaf-gpu-rdma,sys1-lon14-p-swi-bel29,sw3p1,,sys1-lon14-p-phy-gpu509,RDMA1,
102252,leaf-gpu-rdma,sys1-lon14-p-swi-bel29,sw4p1,,sys1-lon14-p-phy-gpu511,RDMA1,
102253,leaf-gpu-rdma,sys1-lon14-p-swi-bel29,sw4p2,,sys1-lon14-p-phy-gpu512,RDMA1,
102254,leaf-gpu-rdma,sys1-lon14-p-swi-bel29,sw5p1,,sys1-lon14-p-phy-gpu513,RDMA1,
102255,leaf-gpu-rdma,sys1-lon14-p-swi-bel29,sw5p2,,sys1-lon14-p-phy-gpu514,RDMA1,
102257,leaf-gpu-rdma,sys1-lon14-p-swi-bel29,sw6p2,,sys1-lon14-p-phy-gpu516,RDMA1,
102258,leaf-gpu-rdma,sys1-lon14-p-swi-bel29,sw7p1,,sys1-lon14-p-phy-gpu517,RDMA1,
102259,leaf-gpu-rdma,sys1-lon14-p-swi-bel29,sw7p2,,sys1-lon14-p-phy-gpu518,RDMA1,
102260,leaf-gpu-rdma,sys1-lon14-p-swi-bel29,sw8p1,,sys1-lon14-p-phy-gpu519,RDMA1,
102262,leaf-gpu-rdma,sys1-lon14-p-swi-bel29,sw9p1,,sys1-lon14-p-phy-gpu521,RDMA1,
102263,leaf-gpu-rdma,sys1-lon14-p-swi-bel29,sw9p2,,sys1-lon14-p-phy-gpu522,RDMA1,
102264,leaf-gpu-rdma,sys1-lon14-p-swi-bel29,sw10p1,,sys1-lon14-p-phy-gpu523,RDMA1,
102265,leaf-gpu-rdma,sys1-lon14-p-swi-bel29,sw10p2,,sys1-lon14-p-phy-gpu524,RDMA1,
102266,leaf-gpu-rdma,sys1-lon14-p-swi-bel29,sw11p1,,sys1-lon14-p-phy-gpu525,RDMA1,
102267,leaf-gpu-rdma,sys1-lon14-p-swi-bel29,sw11p2,,sys1-lon14-p-phy-gpu526,RDMA1,
102268,leaf-gpu-rdma,sys1-lon14-p-swi-bel29,sw12p1,,sys1-lon14-p-phy-gpu527,RDMA1,
102269,leaf-gpu-rdma,sys1-lon14-p-swi-bel29,sw12p2,,sys1-lon14-p-phy-gpu528,RDMA1,
102270,leaf-gpu-rdma,sys1-lon14-p-swi-bel29,sw13p1,,sys1-lon14-p-phy-gpu529,RDMA1,
102271,leaf-gpu-rdma,sys1-lon14-p-swi-bel29,sw13p2,,sys1-lon14-p-phy-gpu530,RDMA1,
102272,leaf-gpu-rdma,sys1-lon14-p-swi-bel29,sw14p1,,sys1-lon14-p-phy-gpu531,RDMA1,
102273,leaf-gpu-rdma,sys1-lon14-p-swi-bel29,sw14p2,,sys1-lon14-p-phy-gpu532,RDMA1,
102274,leaf-gpu-rdma,sys1-lon14-p-swi-bel29,sw15p1,,sys1-lon14-p-phy-gpu533,RDMA1,
102275,leaf-gpu-rdma,sys1-lon14-p-swi-bel29,sw15p2,,sys1-lon14-p-phy-gpu534,RDMA1,
102276,leaf-gpu-rdma,sys1-lon14-p-swi-bel29,sw16p1,,sys1-lon14-p-phy-gpu535,RDMA1,
102277,leaf-gpu-rdma,sys1-lon14-p-swi-bel29,sw16p2,,sys1-lon14-p-phy-gpu536,RDMA1,
102278,leaf-gpu-rdma,sys1-lon14-p-swi-bel29,sw17p1,,sys1-lon14-p-phy-gpu537,RDMA1,
102279,leaf-gpu-rdma,sys1-lon14-p-swi-bel29,sw17p2,,sys1-lon14-p-phy-gpu538,RDMA1,
102280,leaf-gpu-rdma,sys1-lon14-p-swi-bel29,sw18p1,,sys1-lon14-p-phy-gpu539,RDMA1,
102281,leaf-gpu-rdma,sys1-lon14-p-swi-bel29,sw18p2,,sys1-lon14-p-phy-gpu540,RDMA1,
102282,leaf-gpu-rdma,sys1-lon14-p-swi-bel29,sw19p1,,sys1-lon14-p-phy-gpu541,RDMA1,
102283,leaf-gpu-rdma,sys1-lon14-p-swi-bel29,sw19p2,,sys1-lon14-p-phy-gpu542,RDMA1,
102284,leaf-gpu-rdma,sys1-lon14-p-swi-bel29,sw20p1,,sys1-lon14-p-phy-gpu543,RDMA1,
102285,leaf-gpu-rdma,sys1-lon14-p-swi-bel29,sw20p2,,sys1-lon14-p-phy-gpu544,RDMA1,
102286,leaf-gpu-rdma,sys1-lon14-p-swi-bel29,sw21p1,,sys1-lon14-p-phy-gpu545,RDMA1,
102287,leaf-gpu-rdma,sys1-lon14-p-swi-bel29,sw21p2,,sys1-lon14-p-phy-gpu546,RDMA1,
102288,leaf-gpu-rdma,sys1-lon14-p-swi-bel29,sw22p1,,sys1-lon14-p-phy-gpu547,RDMA1,
102289,leaf-gpu-rdma,sys1-lon14-p-swi-bel29,sw22p2,,sys1-lon14-p-phy-gpu548,RDMA1,
102290,leaf-gpu-rdma,sys1-lon14-p-swi-bel29,sw23p1,,sys1-lon14-p-phy-gpu549,RDMA1,
102291,leaf-gpu-rdma,sys1-lon14-p-swi-bel29,sw23p2,,sys1-lon14-p-phy-gpu550,RDMA1,
102292,leaf-gpu-rdma,sys1-lon14-p-swi-bel29,sw24p1,,sys1-lon14-p-phy-gpu551,RDMA1,
102293,leaf-gpu-rdma,sys1-lon14-p-swi-bel29,sw24p2,,sys1-lon14-p-phy-gpu552,RDMA1,
102294,leaf-gpu-rdma,sys1-lon14-p-swi-bel29,sw25p1,,sys1-lon14-p-phy-gpu553,RDMA1,
102295,leaf-gpu-rdma,sys1-lon14-p-swi-bel29,sw25p2,,sys1-lon14-p-phy-gpu554,RDMA1,
102296,leaf-gpu-rdma,sys1-lon14-p-swi-bel29,sw26p1,,sys1-lon14-p-phy-gpu555,RDMA1,
102297,leaf-gpu-rdma,sys1-lon14-p-swi-bel29,sw26p2,,sys1-lon14-p-phy-gpu556,RDMA1,
102298,leaf-gpu-rdma,sys1-lon14-p-swi-bel29,sw27p1,,sys1-lon14-p-phy-gpu557,RDMA1,
102299,leaf-gpu-rdma,sys1-lon14-p-swi-bel29,sw27p2,,sys1-lon14-p-phy-gpu558,RDMA1,
102300,leaf-gpu-rdma,sys1-lon14-p-swi-bel29,sw28p1,,sys1-lon14-p-phy-gpu559,RDMA1,
102301,leaf-gpu-rdma,sys1-lon14-p-swi-bel29,sw28p2,,sys1-lon14-p-phy-gpu560,RDMA1,
102302,leaf-gpu-rdma,sys1-lon14-p-swi-bel29,sw29p1,,sys1-lon14-p-phy-gpu561,RDMA1,
102303,leaf-gpu-rdma,sys1-lon14-p-swi-bel29,sw29p2,,sys1-lon14-p-phy-gpu562,RDMA1,
102304,leaf-gpu-rdma,sys1-lon14-p-swi-bel29,sw30p1,,sys1-lon14-p-phy-gpu563,RDMA1,
102305,leaf-gpu-rdma,sys1-lon14-p-swi-bel29,sw30p2,,sys1-lon14-p-phy-gpu564,RDMA1,
102306,leaf-gpu-rdma,sys1-lon14-p-swi-bel29,sw31p1,,sys1-lon14-p-phy-gpu565,RDMA1,
102307,leaf-gpu-rdma,sys1-lon14-p-swi-bel29,sw31p2,,sys1-lon14-p-phy-gpu566,RDMA1,
102308,leaf-gpu-rdma,sys1-lon14-p-swi-bel29,sw32p1,,sys1-lon14-p-phy-gpu567,RDMA1,
102309,leaf-gpu-rdma,sys1-lon14-p-swi-bel29,sw32p2,,sys1-lon14-p-phy-gpu568,RDMA1,
102310,leaf-gpu-rdma,sys1-lon14-p-swi-bel29,sw33p1,,sys1-lon14-p-phy-gpu569,RDMA1,
102311,leaf-gpu-rdma,sys1-lon14-p-swi-bel29,sw33p2,,sys1-lon14-p-phy-gpu570,RDMA1,
102312,leaf-gpu-rdma,sys1-lon14-p-swi-bel29,sw34p1,,sys1-lon14-p-phy-gpu571,RDMA1,
102313,leaf-gpu-rdma,sys1-lon14-p-swi-bel29,sw34p2,,sys1-lon14-p-phy-gpu572,RDMA1,
102314,leaf-gpu-rdma,sys1-lon14-p-swi-bel29,sw35p1,,sys1-lon14-p-phy-gpu573,RDMA1,
102315,leaf-gpu-rdma,sys1-lon14-p-swi-bel29,sw35p2,,sys1-lon14-p-phy-gpu574,RDMA1,
102316,leaf-gpu-rdma,sys1-lon14-p-swi-bel29,sw36p1,,sys1-lon14-p-phy-gpu575,RDMA1,
102317,leaf-gpu-rdma,sys1-lon14-p-swi-bel29,sw36p2,,sys1-lon14-p-phy-gpu576,RDMA1,
102318,leaf-gpu-rdma,sys1-lon14-p-swi-bel30,sw1p1,,sys1-lon14-p-phy-gpu505,RDMA2,
102319,leaf-gpu-rdma,sys1-lon14-p-swi-bel30,sw1p2,,sys1-lon14-p-phy-gpu506,RDMA2,
102320,leaf-gpu-rdma,sys1-lon14-p-swi-bel30,sw2p1,,sys1-lon14-p-phy-gpu507,RDMA2,
102321,leaf-gpu-rdma,sys1-lon14-p-swi-bel30,sw2p2,,sys1-lon14-p-phy-gpu508,RDMA2,
102322,leaf-gpu-rdma,sys1-lon14-p-swi-bel30,sw3p1,,sys1-lon14-p-phy-gpu509,RDMA2,
102324,leaf-gpu-rdma,sys1-lon14-p-swi-bel30,sw4p1,,sys1-lon14-p-phy-gpu511,RDMA2,
102325,leaf-gpu-rdma,sys1-lon14-p-swi-bel30,sw4p2,,sys1-lon14-p-phy-gpu512,RDMA2,
102326,leaf-gpu-rdma,sys1-lon14-p-swi-bel30,sw5p1,,sys1-lon14-p-phy-gpu513,RDMA2,
102327,leaf-gpu-rdma,sys1-lon14-p-swi-bel30,sw5p2,,sys1-lon14-p-phy-gpu514,RDMA2,
102329,leaf-gpu-rdma,sys1-lon14-p-swi-bel30,sw6p2,,sys1-lon14-p-phy-gpu516,RDMA2,
102330,leaf-gpu-rdma,sys1-lon14-p-swi-bel30,sw7p1,,sys1-lon14-p-phy-gpu517,RDMA2,
102331,leaf-gpu-rdma,sys1-lon14-p-swi-bel30,sw7p2,,sys1-lon14-p-phy-gpu518,RDMA2,
102332,leaf-gpu-rdma,sys1-lon14-p-swi-bel30,sw8p1,,sys1-lon14-p-phy-gpu519,RDMA2,
102334,leaf-gpu-rdma,sys1-lon14-p-swi-bel30,sw9p1,,sys1-lon14-p-phy-gpu521,RDMA2,
102335,leaf-gpu-rdma,sys1-lon14-p-swi-bel30,sw9p2,,sys1-lon14-p-phy-gpu522,RDMA2,
102336,leaf-gpu-rdma,sys1-lon14-p-swi-bel30,sw10p1,,sys1-lon14-p-phy-gpu523,RDMA2,
102337,leaf-gpu-rdma,sys1-lon14-p-swi-bel30,sw10p2,,sys1-lon14-p-phy-gpu524,RDMA2,
102338,leaf-gpu-rdma,sys1-lon14-p-swi-bel30,sw11p1,,sys1-lon14-p-phy-gpu525,RDMA2,
102339,leaf-gpu-rdma,sys1-lon14-p-swi-bel30,sw11p2,,sys1-lon14-p-phy-gpu526,RDMA2,
102340,leaf-gpu-rdma,sys1-lon14-p-swi-bel30,sw12p1,,sys1-lon14-p-phy-gpu527,RDMA2,
102341,leaf-gpu-rdma,sys1-lon14-p-swi-bel30,sw12p2,,sys1-lon14-p-phy-gpu528,RDMA2,
102342,leaf-gpu-rdma,sys1-lon14-p-swi-bel30,sw13p1,,sys1-lon14-p-phy-gpu529,RDMA2,
102343,leaf-gpu-rdma,sys1-lon14-p-swi-bel30,sw13p2,,sys1-lon14-p-phy-gpu530,RDMA2,
102344,leaf-gpu-rdma,sys1-lon14-p-swi-bel30,sw14p1,,sys1-lon14-p-phy-gpu531,RDMA2,
102345,leaf-gpu-rdma,sys1-lon14-p-swi-bel30,sw14p2,,sys1-lon14-p-phy-gpu532,RDMA2,
102346,leaf-gpu-rdma,sys1-lon14-p-swi-bel30,sw15p1,,sys1-lon14-p-phy-gpu533,RDMA2,
102347,leaf-gpu-rdma,sys1-lon14-p-swi-bel30,sw15p2,,sys1-lon14-p-phy-gpu534,RDMA2,
102348,leaf-gpu-rdma,sys1-lon14-p-swi-bel30,sw16p1,,sys1-lon14-p-phy-gpu535,RDMA2,
102349,leaf-gpu-rdma,sys1-lon14-p-swi-bel30,sw16p2,,sys1-lon14-p-phy-gpu536,RDMA2,
102350,leaf-gpu-rdma,sys1-lon14-p-swi-bel30,sw17p1,,sys1-lon14-p-phy-gpu537,RDMA2,
102351,leaf-gpu-rdma,sys1-lon14-p-swi-bel30,sw17p2,,sys1-lon14-p-phy-gpu538,RDMA2,
102352,leaf-gpu-rdma,sys1-lon14-p-swi-bel30,sw18p1,,sys1-lon14-p-phy-gpu539,RDMA2,
102353,leaf-gpu-rdma,sys1-lon14-p-swi-bel30,sw18p2,,sys1-lon14-p-phy-gpu540,RDMA2,
102354,leaf-gpu-rdma,sys1-lon14-p-swi-bel30,sw19p1,,sys1-lon14-p-phy-gpu541,RDMA2,
102355,leaf-gpu-rdma,sys1-lon14-p-swi-bel30,sw19p2,,sys1-lon14-p-phy-gpu542,RDMA2,
102356,leaf-gpu-rdma,sys1-lon14-p-swi-bel30,sw20p1,,sys1-lon14-p-phy-gpu543,RDMA2,
102357,leaf-gpu-rdma,sys1-lon14-p-swi-bel30,sw20p2,,sys1-lon14-p-phy-gpu544,RDMA2,
102358,leaf-gpu-rdma,sys1-lon14-p-swi-bel30,sw21p1,,sys1-lon14-p-phy-gpu545,RDMA2,
102359,leaf-gpu-rdma,sys1-lon14-p-swi-bel30,sw21p2,,sys1-lon14-p-phy-gpu546,RDMA2,
102360,leaf-gpu-rdma,sys1-lon14-p-swi-bel30,sw22p1,,sys1-lon14-p-phy-gpu547,RDMA2,
102361,leaf-gpu-rdma,sys1-lon14-p-swi-bel30,sw22p2,,sys1-lon14-p-phy-gpu548,RDMA2,
102362,leaf-gpu-rdma,sys1-lon14-p-swi-bel30,sw23p1,,sys1-lon14-p-phy-gpu549,RDMA2,
102363,leaf-gpu-rdma,sys1-lon14-p-swi-bel30,sw23p2,,sys1-lon14-p-phy-gpu550,RDMA2,
102364,leaf-gpu-rdma,sys1-lon14-p-swi-bel30,sw24p1,,sys1-lon14-p-phy-gpu551,RDMA2,
102365,leaf-gpu-rdma,sys1-lon14-p-swi-bel30,sw24p2,,sys1-lon14-p-phy-gpu552,RDMA2,
102366,leaf-gpu-rdma,sys1-lon14-p-swi-bel30,sw25p1,,sys1-lon14-p-phy-gpu553,RDMA2,
102367,leaf-gpu-rdma,sys1-lon14-p-swi-bel30,sw25p2,,sys1-lon14-p-phy-gpu554,RDMA2,
102368,leaf-gpu-rdma,sys1-lon14-p-swi-bel30,sw26p1,,sys1-lon14-p-phy-gpu555,RDMA2,
102369,leaf-gpu-rdma,sys1-lon14-p-swi-bel30,sw26p2,,sys1-lon14-p-phy-gpu556,RDMA2,
102370,leaf-gpu-rdma,sys1-lon14-p-swi-bel30,sw27p1,,sys1-lon14-p-phy-gpu557,RDMA2,
102371,leaf-gpu-rdma,sys1-lon14-p-swi-bel30,sw27p2,,sys1-lon14-p-phy-gpu558,RDMA2,
102372,leaf-gpu-rdma,sys1-lon14-p-swi-bel30,sw28p1,,sys1-lon14-p-phy-gpu559,RDMA2,
102373,leaf-gpu-rdma,sys1-lon14-p-swi-bel30,sw28p2,,sys1-lon14-p-phy-gpu560,RDMA2,
102374,leaf-gpu-rdma,sys1-lon14-p-swi-bel30,sw29p1,,sys1-lon14-p-phy-gpu561,RDMA2,
102375,leaf-gpu-rdma,sys1-lon14-p-swi-bel30,sw29p2,,sys1-lon14-p-phy-gpu562,RDMA2,
102376,leaf-gpu-rdma,sys1-lon14-p-swi-bel30,sw30p1,,sys1-lon14-p-phy-gpu563,RDMA2,
102377,leaf-gpu-rdma,sys1-lon14-p-swi-bel30,sw30p2,,sys1-lon14-p-phy-gpu564,RDMA2,
102378,leaf-gpu-rdma,sys1-lon14-p-swi-bel30,sw31p1,,sys1-lon14-p-phy-gpu565,RDMA2,
102379,leaf-gpu-rdma,sys1-lon14-p-swi-bel30,sw31p2,,sys1-lon14-p-phy-gpu566,RDMA2,
102380,leaf-gpu-rdma,sys1-lon14-p-swi-bel30,sw32p1,,sys1-lon14-p-phy-gpu567,RDMA2,
102381,leaf-gpu-rdma,sys1-lon14-p-swi-bel30,sw32p2,,sys1-lon14-p-phy-gpu568,RDMA2,
102382,leaf-gpu-rdma,sys1-lon14-p-swi-bel30,sw33p1,,sys1-lon14-p-phy-gpu569,RDMA2,
102383,leaf-gpu-rdma,sys1-lon14-p-swi-bel30,sw33p2,,sys1-lon14-p-phy-gpu570,RDMA2,
102384,leaf-gpu-rdma,sys1-lon14-p-swi-bel30,sw34p1,,sys1-lon14-p-phy-gpu571,RDMA2,
102385,leaf-gpu-rdma,sys1-lon14-p-swi-bel30,sw34p2,,sys1-lon14-p-phy-gpu572,RDMA2,
102386,leaf-gpu-rdma,sys1-lon14-p-swi-bel30,sw35p1,,sys1-lon14-p-phy-gpu573,RDMA2,
102387,leaf-gpu-rdma,sys1-lon14-p-swi-bel30,sw35p2,,sys1-lon14-p-phy-gpu574,RDMA2,
102388,leaf-gpu-rdma,sys1-lon14-p-swi-bel30,sw36p1,,sys1-lon14-p-phy-gpu575,RDMA2,
102389,leaf-gpu-rdma,sys1-lon14-p-swi-bel30,sw36p2,,sys1-lon14-p-phy-gpu576,RDMA2,
102390,leaf-gpu-rdma,sys1-lon14-p-swi-bel31,sw1p1,,sys1-lon14-p-phy-gpu505,RDMA3,
102391,leaf-gpu-rdma,sys1-lon14-p-swi-bel31,sw1p2,,sys1-lon14-p-phy-gpu506,RDMA3,
102392,leaf-gpu-rdma,sys1-lon14-p-swi-bel31,sw2p1,,sys1-lon14-p-phy-gpu507,RDMA3,
102393,leaf-gpu-rdma,sys1-lon14-p-swi-bel31,sw2p2,,sys1-lon14-p-phy-gpu508,RDMA3,
102394,leaf-gpu-rdma,sys1-lon14-p-swi-bel31,sw3p1,,sys1-lon14-p-phy-gpu509,RDMA3,
102396,leaf-gpu-rdma,sys1-lon14-p-swi-bel31,sw4p1,,sys1-lon14-p-phy-gpu511,RDMA3,
102397,leaf-gpu-rdma,sys1-lon14-p-swi-bel31,sw4p2,,sys1-lon14-p-phy-gpu512,RDMA3,
102398,leaf-gpu-rdma,sys1-lon14-p-swi-bel31,sw5p1,,sys1-lon14-p-phy-gpu513,RDMA3,
102399,leaf-gpu-rdma,sys1-lon14-p-swi-bel31,sw5p2,,sys1-lon14-p-phy-gpu514,RDMA3,
102401,leaf-gpu-rdma,sys1-lon14-p-swi-bel31,sw6p2,,sys1-lon14-p-phy-gpu516,RDMA3,
102402,leaf-gpu-rdma,sys1-lon14-p-swi-bel31,sw7p1,,sys1-lon14-p-phy-gpu517,RDMA3,
102403,leaf-gpu-rdma,sys1-lon14-p-swi-bel31,sw7p2,,sys1-lon14-p-phy-gpu518,RDMA3,
102404,leaf-gpu-rdma,sys1-lon14-p-swi-bel31,sw8p1,,sys1-lon14-p-phy-gpu519,RDMA3,
102406,leaf-gpu-rdma,sys1-lon14-p-swi-bel31,sw9p1,,sys1-lon14-p-phy-gpu521,RDMA3,
102407,leaf-gpu-rdma,sys1-lon14-p-swi-bel31,sw9p2,,sys1-lon14-p-phy-gpu522,RDMA3,
102408,leaf-gpu-rdma,sys1-lon14-p-swi-bel31,sw10p1,,sys1-lon14-p-phy-gpu523,RDMA3,
102409,leaf-gpu-rdma,sys1-lon14-p-swi-bel31,sw10p2,,sys1-lon14-p-phy-gpu524,RDMA3,
102410,leaf-gpu-rdma,sys1-lon14-p-swi-bel31,sw11p1,,sys1-lon14-p-phy-gpu525,RDMA3,
102411,leaf-gpu-rdma,sys1-lon14-p-swi-bel31,sw11p2,,sys1-lon14-p-phy-gpu526,RDMA3,
102412,leaf-gpu-rdma,sys1-lon14-p-swi-bel31,sw12p1,,sys1-lon14-p-phy-gpu527,RDMA3,
102413,leaf-gpu-rdma,sys1-lon14-p-swi-bel31,sw12p2,,sys1-lon14-p-phy-gpu528,RDMA3,
102414,leaf-gpu-rdma,sys1-lon14-p-swi-bel31,sw13p1,,sys1-lon14-p-phy-gpu529,RDMA3,
102415,leaf-gpu-rdma,sys1-lon14-p-swi-bel31,sw13p2,,sys1-lon14-p-phy-gpu530,RDMA3,
102416,leaf-gpu-rdma,sys1-lon14-p-swi-bel31,sw14p1,,sys1-lon14-p-phy-gpu531,RDMA3,
102417,leaf-gpu-rdma,sys1-lon14-p-swi-bel31,sw14p2,,sys1-lon14-p-phy-gpu532,RDMA3,
102418,leaf-gpu-rdma,sys1-lon14-p-swi-bel31,sw15p1,,sys1-lon14-p-phy-gpu533,RDMA3,
102419,leaf-gpu-rdma,sys1-lon14-p-swi-bel31,sw15p2,,sys1-lon14-p-phy-gpu534,RDMA3,
102420,leaf-gpu-rdma,sys1-lon14-p-swi-bel31,sw16p1,,sys1-lon14-p-phy-gpu535,RDMA3,
102421,leaf-gpu-rdma,sys1-lon14-p-swi-bel31,sw16p2,,sys1-lon14-p-phy-gpu536,RDMA3,
102422,leaf-gpu-rdma,sys1-lon14-p-swi-bel31,sw17p1,,sys1-lon14-p-phy-gpu537,RDMA3,
102423,leaf-gpu-rdma,sys1-lon14-p-swi-bel31,sw17p2,,sys1-lon14-p-phy-gpu538,RDMA3,
102424,leaf-gpu-rdma,sys1-lon14-p-swi-bel31,sw18p1,,sys1-lon14-p-phy-gpu539,RDMA3,
102425,leaf-gpu-rdma,sys1-lon14-p-swi-bel31,sw18p2,,sys1-lon14-p-phy-gpu540,RDMA3,
102426,leaf-gpu-rdma,sys1-lon14-p-swi-bel31,sw19p1,,sys1-lon14-p-phy-gpu541,RDMA3,
102427,leaf-gpu-rdma,sys1-lon14-p-swi-bel31,sw19p2,,sys1-lon14-p-phy-gpu542,RDMA3,
102428,leaf-gpu-rdma,sys1-lon14-p-swi-bel31,sw20p1,,sys1-lon14-p-phy-gpu543,RDMA3,
102429,leaf-gpu-rdma,sys1-lon14-p-swi-bel31,sw20p2,,sys1-lon14-p-phy-gpu544,RDMA3,
102430,leaf-gpu-rdma,sys1-lon14-p-swi-bel31,sw21p1,,sys1-lon14-p-phy-gpu545,RDMA3,
102431,leaf-gpu-rdma,sys1-lon14-p-swi-bel31,sw21p2,,sys1-lon14-p-phy-gpu546,RDMA3,
102432,leaf-gpu-rdma,sys1-lon14-p-swi-bel31,sw22p1,,sys1-lon14-p-phy-gpu547,RDMA3,
102433,leaf-gpu-rdma,sys1-lon14-p-swi-bel31,sw22p2,,sys1-lon14-p-phy-gpu548,RDMA3,
102434,leaf-gpu-rdma,sys1-lon14-p-swi-bel31,sw23p1,,sys1-lon14-p-phy-gpu549,RDMA3,
102435,leaf-gpu-rdma,sys1-lon14-p-swi-bel31,sw23p2,,sys1-lon14-p-phy-gpu550,RDMA3,
102436,leaf-gpu-rdma,sys1-lon14-p-swi-bel31,sw24p1,,sys1-lon14-p-phy-gpu551,RDMA3,
102437,leaf-gpu-rdma,sys1-lon14-p-swi-bel31,sw24p2,,sys1-lon14-p-phy-gpu552,RDMA3,
102438,leaf-gpu-rdma,sys1-lon14-p-swi-bel31,sw25p1,,sys1-lon14-p-phy-gpu553,RDMA3,
102439,leaf-gpu-rdma,sys1-lon14-p-swi-bel31,sw25p2,,sys1-lon14-p-phy-gpu554,RDMA3,
102440,leaf-gpu-rdma,sys1-lon14-p-swi-bel31,sw26p1,,sys1-lon14-p-phy-gpu555,RDMA3,
102441,leaf-gpu-rdma,sys1-lon14-p-swi-bel31,sw26p2,,sys1-lon14-p-phy-gpu556,RDMA3,
102442,leaf-gpu-rdma,sys1-lon14-p-swi-bel31,sw27p1,,sys1-lon14-p-phy-gpu557,RDMA3,
102443,leaf-gpu-rdma,sys1-lon14-p-swi-bel31,sw27p2,,sys1-lon14-p-phy-gpu558,RDMA3,
102444,leaf-gpu-rdma,sys1-lon14-p-swi-bel31,sw28p1,,sys1-lon14-p-phy-gpu559,RDMA3,
102445,leaf-gpu-rdma,sys1-lon14-p-swi-bel31,sw28p2,,sys1-lon14-p-phy-gpu560,RDMA3,
102446,leaf-gpu-rdma,sys1-lon14-p-swi-bel31,sw29p1,,sys1-lon14-p-phy-gpu561,RDMA3,
102447,leaf-gpu-rdma,sys1-lon14-p-swi-bel31,sw29p2,,sys1-lon14-p-phy-gpu562,RDMA3,
102448,leaf-gpu-rdma,sys1-lon14-p-swi-bel31,sw30p1,,sys1-lon14-p-phy-gpu563,RDMA3,
102449,leaf-gpu-rdma,sys1-lon14-p-swi-bel31,sw30p2,,sys1-lon14-p-phy-gpu564,RDMA3,
102450,leaf-gpu-rdma,sys1-lon14-p-swi-bel31,sw31p1,,sys1-lon14-p-phy-gpu565,RDMA3,
102451,leaf-gpu-rdma,sys1-lon14-p-swi-bel31,sw31p2,,sys1-lon14-p-phy-gpu566,RDMA3,
102452,leaf-gpu-rdma,sys1-lon14-p-swi-bel31,sw32p1,,sys1-lon14-p-phy-gpu567,RDMA3,
102453,leaf-gpu-rdma,sys1-lon14-p-swi-bel31,sw32p2,,sys1-lon14-p-phy-gpu568,RDMA3,
102454,leaf-gpu-rdma,sys1-lon14-p-swi-bel31,sw33p1,,sys1-lon14-p-phy-gpu569,RDMA3,
102455,leaf-gpu-rdma,sys1-lon14-p-swi-bel31,sw33p2,,sys1-lon14-p-phy-gpu570,RDMA3,
102456,leaf-gpu-rdma,sys1-lon14-p-swi-bel31,sw34p1,,sys1-lon14-p-phy-gpu571,RDMA3,
102457,leaf-gpu-rdma,sys1-lon14-p-swi-bel31,sw34p2,,sys1-lon14-p-phy-gpu572,RDMA3,
102458,leaf-gpu-rdma,sys1-lon14-p-swi-bel31,sw35p1,,sys1-lon14-p-phy-gpu573,RDMA3,
102459,leaf-gpu-rdma,sys1-lon14-p-swi-bel31,sw35p2,,sys1-lon14-p-phy-gpu574,RDMA3,
102460,leaf-gpu-rdma,sys1-lon14-p-swi-bel31,sw36p1,,sys1-lon14-p-phy-gpu575,RDMA3,
102461,leaf-gpu-rdma,sys1-lon14-p-swi-bel31,sw36p2,,sys1-lon14-p-phy-gpu576,RDMA3,
102462,leaf-gpu-rdma,sys1-lon14-p-swi-bel32,sw1p1,,sys1-lon14-p-phy-gpu505,RDMA4,
102463,leaf-gpu-rdma,sys1-lon14-p-swi-bel32,sw1p2,,sys1-lon14-p-phy-gpu506,RDMA4,
102464,leaf-gpu-rdma,sys1-lon14-p-swi-bel32,sw2p1,,sys1-lon14-p-phy-gpu507,RDMA4,
102465,leaf-gpu-rdma,sys1-lon14-p-swi-bel32,sw2p2,,sys1-lon14-p-phy-gpu508,RDMA4,
102466,leaf-gpu-rdma,sys1-lon14-p-swi-bel32,sw3p1,,sys1-lon14-p-phy-gpu509,RDMA4,
102468,leaf-gpu-rdma,sys1-lon14-p-swi-bel32,sw4p1,,sys1-lon14-p-phy-gpu511,RDMA4,
102469,leaf-gpu-rdma,sys1-lon14-p-swi-bel32,sw4p2,,sys1-lon14-p-phy-gpu512,RDMA4,
102470,leaf-gpu-rdma,sys1-lon14-p-swi-bel32,sw5p1,,sys1-lon14-p-phy-gpu513,RDMA4,
102471,leaf-gpu-rdma,sys1-lon14-p-swi-bel32,sw5p2,,sys1-lon14-p-phy-gpu514,RDMA4,
102473,leaf-gpu-rdma,sys1-lon14-p-swi-bel32,sw6p2,,sys1-lon14-p-phy-gpu516,RDMA4,
102474,leaf-gpu-rdma,sys1-lon14-p-swi-bel32,sw7p1,,sys1-lon14-p-phy-gpu517,RDMA4,
102475,leaf-gpu-rdma,sys1-lon14-p-swi-bel32,sw7p2,,sys1-lon14-p-phy-gpu518,RDMA4,
102476,leaf-gpu-rdma,sys1-lon14-p-swi-bel32,sw8p1,,sys1-lon14-p-phy-gpu519,RDMA4,
102478,leaf-gpu-rdma,sys1-lon14-p-swi-bel32,sw9p1,,sys1-lon14-p-phy-gpu521,RDMA4,
102479,leaf-gpu-rdma,sys1-lon14-p-swi-bel32,sw9p2,,sys1-lon14-p-phy-gpu522,RDMA4,
102480,leaf-gpu-rdma,sys1-lon14-p-swi-bel32,sw10p1,,sys1-lon14-p-phy-gpu523,RDMA4,
102481,leaf-gpu-rdma,sys1-lon14-p-swi-bel32,sw10p2,,sys1-lon14-p-phy-gpu524,RDMA4,
102482,leaf-gpu-rdma,sys1-lon14-p-swi-bel32,sw11p1,,sys1-lon14-p-phy-gpu525,RDMA4,
102483,leaf-gpu-rdma,sys1-lon14-p-swi-bel32,sw11p2,,sys1-lon14-p-phy-gpu526,RDMA4,
102484,leaf-gpu-rdma,sys1-lon14-p-swi-bel32,sw12p1,,sys1-lon14-p-phy-gpu527,RDMA4,
102485,leaf-gpu-rdma,sys1-lon14-p-swi-bel32,sw12p2,,sys1-lon14-p-phy-gpu528,RDMA4,
102486,leaf-gpu-rdma,sys1-lon14-p-swi-bel32,sw13p1,,sys1-lon14-p-phy-gpu529,RDMA4,
102487,leaf-gpu-rdma,sys1-lon14-p-swi-bel32,sw13p2,,sys1-lon14-p-phy-gpu530,RDMA4,
102488,leaf-gpu-rdma,sys1-lon14-p-swi-bel32,sw14p1,,sys1-lon14-p-phy-gpu531,RDMA4,
102489,leaf-gpu-rdma,sys1-lon14-p-swi-bel32,sw14p2,,sys1-lon14-p-phy-gpu532,RDMA4,
102490,leaf-gpu-rdma,sys1-lon14-p-swi-bel32,sw15p1,,sys1-lon14-p-phy-gpu533,RDMA4,
102491,leaf-gpu-rdma,sys1-lon14-p-swi-bel32,sw15p2,,sys1-lon14-p-phy-gpu534,RDMA4,
102492,leaf-gpu-rdma,sys1-lon14-p-swi-bel32,sw16p1,,sys1-lon14-p-phy-gpu535,RDMA4,
102493,leaf-gpu-rdma,sys1-lon14-p-swi-bel32,sw16p2,,sys1-lon14-p-phy-gpu536,RDMA4,
102494,leaf-gpu-rdma,sys1-lon14-p-swi-bel32,sw17p1,,sys1-lon14-p-phy-gpu537,RDMA4,
102495,leaf-gpu-rdma,sys1-lon14-p-swi-bel32,sw17p2,,sys1-lon14-p-phy-gpu538,RDMA4,
102496,leaf-gpu-rdma,sys1-lon14-p-swi-bel32,sw18p1,,sys1-lon14-p-phy-gpu539,RDMA4,
102497,leaf-gpu-rdma,sys1-lon14-p-swi-bel32,sw18p2,,sys1-lon14-p-phy-gpu540,RDMA4,
102498,leaf-gpu-rdma,sys1-lon14-p-swi-bel32,sw19p1,,sys1-lon14-p-phy-gpu541,RDMA4,
102499,leaf-gpu-rdma,sys1-lon14-p-swi-bel32,sw19p2,,sys1-lon14-p-phy-gpu542,RDMA4,
102500,leaf-gpu-rdma,sys1-lon14-p-swi-bel32,sw20p1,,sys1-lon14-p-phy-gpu543,RDMA4,
102501,leaf-gpu-rdma,sys1-lon14-p-swi-bel32,sw20p2,,sys1-lon14-p-phy-gpu544,RDMA4,
102502,leaf-gpu-rdma,sys1-lon14-p-swi-bel32,sw21p1,,sys1-lon14-p-phy-gpu545,RDMA4,
102503,leaf-gpu-rdma,sys1-lon14-p-swi-bel32,sw21p2,,sys1-lon14-p-phy-gpu546,RDMA4,
102504,leaf-gpu-rdma,sys1-lon14-p-swi-bel32,sw22p1,,sys1-lon14-p-phy-gpu547,RDMA4,
102505,leaf-gpu-rdma,sys1-lon14-p-swi-bel32,sw22p2,,sys1-lon14-p-phy-gpu548,RDMA4,
102506,leaf-gpu-rdma,sys1-lon14-p-swi-bel32,sw23p1,,sys1-lon14-p-phy-gpu549,RDMA4,
102507,leaf-gpu-rdma,sys1-lon14-p-swi-bel32,sw23p2,,sys1-lon14-p-phy-gpu550,RDMA4,
102508,leaf-gpu-rdma,sys1-lon14-p-swi-bel32,sw24p1,,sys1-lon14-p-phy-gpu551,RDMA4,
102509,leaf-gpu-rdma,sys1-lon14-p-swi-bel32,sw24p2,,sys1-lon14-p-phy-gpu552,RDMA4,
102510,leaf-gpu-rdma,sys1-lon14-p-swi-bel32,sw25p1,,sys1-lon14-p-phy-gpu553,RDMA4,
102511,leaf-gpu-rdma,sys1-lon14-p-swi-bel32,sw25p2,,sys1-lon14-p-phy-gpu554,RDMA4,
102512,leaf-gpu-rdma,sys1-lon14-p-swi-bel32,sw26p1,,sys1-lon14-p-phy-gpu555,RDMA4,
102513,leaf-gpu-rdma,sys1-lon14-p-swi-bel32,sw26p2,,sys1-lon14-p-phy-gpu556,RDMA4,
102514,leaf-gpu-rdma,sys1-lon14-p-swi-bel32,sw27p1,,sys1-lon14-p-phy-gpu557,RDMA4,
102515,leaf-gpu-rdma,sys1-lon14-p-swi-bel32,sw27p2,,sys1-lon14-p-phy-gpu558,RDMA4,
102516,leaf-gpu-rdma,sys1-lon14-p-swi-bel32,sw28p1,,sys1-lon14-p-phy-gpu559,RDMA4,
102517,leaf-gpu-rdma,sys1-lon14-p-swi-bel32,sw28p2,,sys1-lon14-p-phy-gpu560,RDMA4,
102518,leaf-gpu-rdma,sys1-lon14-p-swi-bel32,sw29p1,,sys1-lon14-p-phy-gpu561,RDMA4,
102519,leaf-gpu-rdma,sys1-lon14-p-swi-bel32,sw29p2,,sys1-lon14-p-phy-gpu562,RDMA4,
102520,leaf-gpu-rdma,sys1-lon14-p-swi-bel32,sw30p1,,sys1-lon14-p-phy-gpu563,RDMA4,
102521,leaf-gpu-rdma,sys1-lon14-p-swi-bel32,sw30p2,,sys1-lon14-p-phy-gpu564,RDMA4,
102522,leaf-gpu-rdma,sys1-lon14-p-swi-bel32,sw31p1,,sys1-lon14-p-phy-gpu565,RDMA4,
102523,leaf-gpu-rdma,sys1-lon14-p-swi-bel32,sw31p2,,sys1-lon14-p-phy-gpu566,RDMA4,
102524,leaf-gpu-rdma,sys1-lon14-p-swi-bel32,sw32p1,,sys1-lon14-p-phy-gpu567,RDMA4,
102525,leaf-gpu-rdma,sys1-lon14-p-swi-bel32,sw32p2,,sys1-lon14-p-phy-gpu568,RDMA4,
102526,leaf-gpu-rdma,sys1-lon14-p-swi-bel32,sw33p1,,sys1-lon14-p-phy-gpu569,RDMA4,
102527,leaf-gpu-rdma,sys1-lon14-p-swi-bel32,sw33p2,,sys1-lon14-p-phy-gpu570,RDMA4,
102528,leaf-gpu-rdma,sys1-lon14-p-swi-bel32,sw34p1,,sys1-lon14-p-phy-gpu571,RDMA4,
102529,leaf-gpu-rdma,sys1-lon14-p-swi-bel32,sw34p2,,sys1-lon14-p-phy-gpu572,RDMA4,
102530,leaf-gpu-rdma,sys1-lon14-p-swi-bel32,sw35p1,,sys1-lon14-p-phy-gpu573,RDMA4,
102531,leaf-gpu-rdma,sys1-lon14-p-swi-bel32,sw35p2,,sys1-lon14-p-phy-gpu574,RDMA4,
102532,leaf-gpu-rdma,sys1-lon14-p-swi-bel32,sw36p1,,sys1-lon14-p-phy-gpu575,RDMA4,
102533,leaf-gpu-rdma,sys1-lon14-p-swi-bel32,sw36p2,,sys1-lon14-p-phy-gpu576,RDMA4,
102534,leaf-gpu-rdma,sys1-lon14-p-swi-bel33,sw1p1,,sys1-lon14-p-phy-gpu577,RDMA1,
102535,leaf-gpu-rdma,sys1-lon14-p-swi-bel33,sw1p2,,sys1-lon14-p-phy-gpu578,RDMA1,
102536,leaf-gpu-rdma,sys1-lon14-p-swi-bel33,sw2p1,,sys1-lon14-p-phy-gpu579,RDMA1,
102537,leaf-gpu-rdma,sys1-lon14-p-swi-bel33,sw2p2,,sys1-lon14-p-phy-gpu580,RDMA1,
102538,leaf-gpu-rdma,sys1-lon14-p-swi-bel33,sw3p1,,sys1-lon14-p-phy-gpu581,RDMA1,
102539,leaf-gpu-rdma,sys1-lon14-p-swi-bel33,sw3p2,,sys1-lon14-p-phy-gpu582,RDMA1,
102540,leaf-gpu-rdma,sys1-lon14-p-swi-bel33,sw4p1,,sys1-lon14-p-phy-gpu583,RDMA1,
102541,leaf-gpu-rdma,sys1-lon14-p-swi-bel33,sw4p2,,sys1-lon14-p-phy-gpu584,RDMA1,
102542,leaf-gpu-rdma,sys1-lon14-p-swi-bel33,sw5p1,,sys1-lon14-p-phy-gpu585,RDMA1,
102543,leaf-gpu-rdma,sys1-lon14-p-swi-bel33,sw5p2,,sys1-lon14-p-phy-gpu586,RDMA1,
102544,leaf-gpu-rdma,sys1-lon14-p-swi-bel33,sw6p1,,sys1-lon14-p-phy-gpu587,RDMA1,
102545,leaf-gpu-rdma,sys1-lon14-p-swi-bel33,sw6p2,,sys1-lon14-p-phy-gpu588,RDMA1,
102546,leaf-gpu-rdma,sys1-lon14-p-swi-bel33,sw7p1,,sys1-lon14-p-phy-gpu589,RDMA1,
102547,leaf-gpu-rdma,sys1-lon14-p-swi-bel33,sw7p2,,sys1-lon14-p-phy-gpu590,RDMA1,
102548,leaf-gpu-rdma,sys1-lon14-p-swi-bel33,sw8p1,,sys1-lon14-p-phy-gpu591,RDMA1,
102549,leaf-gpu-rdma,sys1-lon14-p-swi-bel33,sw8p2,,sys1-lon14-p-phy-gpu592,RDMA1,
102550,leaf-gpu-rdma,sys1-lon14-p-swi-bel33,sw9p1,,sys1-lon14-p-phy-gpu593,RDMA1,
102551,leaf-gpu-rdma,sys1-lon14-p-swi-bel33,sw9p2,,sys1-lon14-p-phy-gpu594,RDMA1,
102552,leaf-gpu-rdma,sys1-lon14-p-swi-bel33,sw10p1,,sys1-lon14-p-phy-gpu595,RDMA1,
102553,leaf-gpu-rdma,sys1-lon14-p-swi-bel33,sw10p2,,sys1-lon14-p-phy-gpu596,RDMA1,
102554,leaf-gpu-rdma,sys1-lon14-p-swi-bel33,sw11p1,,sys1-lon14-p-phy-gpu597,RDMA1,
102555,leaf-gpu-rdma,sys1-lon14-p-swi-bel33,sw11p2,,sys1-lon14-p-phy-gpu598,RDMA1,
102556,leaf-gpu-rdma,sys1-lon14-p-swi-bel33,sw12p1,,sys1-lon14-p-phy-gpu599,RDMA1,
102557,leaf-gpu-rdma,sys1-lon14-p-swi-bel33,sw12p2,,sys1-lon14-p-phy-gpu600,RDMA1,
102558,leaf-gpu-rdma,sys1-lon14-p-swi-bel33,sw13p1,,sys1-lon14-p-phy-gpu601,RDMA1,
102559,leaf-gpu-rdma,sys1-lon14-p-swi-bel33,sw13p2,,sys1-lon14-p-phy-gpu602,RDMA1,
102560,leaf-gpu-rdma,sys1-lon14-p-swi-bel33,sw14p1,,sys1-lon14-p-phy-gpu603,RDMA1,
102561,leaf-gpu-rdma,sys1-lon14-p-swi-bel33,sw14p2,,sys1-lon14-p-phy-gpu604,RDMA1,
102562,leaf-gpu-rdma,sys1-lon14-p-swi-bel33,sw15p1,,sys1-lon14-p-phy-gpu605,RDMA1,
102563,leaf-gpu-rdma,sys1-lon14-p-swi-bel33,sw15p2,,sys1-lon14-p-phy-gpu606,RDMA1,
102564,leaf-gpu-rdma,sys1-lon14-p-swi-bel33,sw16p1,,sys1-lon14-p-phy-gpu607,RDMA1,
102565,leaf-gpu-rdma,sys1-lon14-p-swi-bel33,sw16p2,,sys1-lon14-p-phy-gpu608,RDMA1,
102566,leaf-gpu-rdma,sys1-lon14-p-swi-bel33,sw17p1,,sys1-lon14-p-phy-gpu609,RDMA1,
102567,leaf-gpu-rdma,sys1-lon14-p-swi-bel33,sw17p2,,sys1-lon14-p-phy-gpu610,RDMA1,
102568,leaf-gpu-rdma,sys1-lon14-p-swi-bel33,sw18p1,,sys1-lon14-p-phy-gpu611,RDMA1,
102569,leaf-gpu-rdma,sys1-lon14-p-swi-bel33,sw18p2,,sys1-lon14-p-phy-gpu612,RDMA1,
102570,leaf-gpu-rdma,sys1-lon14-p-swi-bel33,sw19p1,,sys1-lon14-p-phy-gpu613,RDMA1,
102571,leaf-gpu-rdma,sys1-lon14-p-swi-bel33,sw19p2,,sys1-lon14-p-phy-gpu614,RDMA1,
102572,leaf-gpu-rdma,sys1-lon14-p-swi-bel33,sw20p1,,sys1-lon14-p-phy-gpu615,RDMA1,
102573,leaf-gpu-rdma,sys1-lon14-p-swi-bel33,sw20p2,,sys1-lon14-p-phy-gpu616,RDMA1,
102574,leaf-gpu-rdma,sys1-lon14-p-swi-bel33,sw21p1,,sys1-lon14-p-phy-gpu617,RDMA1,
102575,leaf-gpu-rdma,sys1-lon14-p-swi-bel33,sw21p2,,sys1-lon14-p-phy-gpu618,RDMA1,
102576,leaf-gpu-rdma,sys1-lon14-p-swi-bel33,sw22p1,,sys1-lon14-p-phy-gpu619,RDMA1,
102577,leaf-gpu-rdma,sys1-lon14-p-swi-bel33,sw22p2,,sys1-lon14-p-phy-gpu620,RDMA1,
102578,leaf-gpu-rdma,sys1-lon14-p-swi-bel33,sw23p1,,sys1-lon14-p-phy-gpu621,RDMA1,
102579,leaf-gpu-rdma,sys1-lon14-p-swi-bel33,sw23p2,,sys1-lon14-p-phy-gpu622,RDMA1,
102580,leaf-gpu-rdma,sys1-lon14-p-swi-bel33,sw24p1,,sys1-lon14-p-phy-gpu623,RDMA1,
102581,leaf-gpu-rdma,sys1-lon14-p-swi-bel33,sw24p2,,sys1-lon14-p-phy-gpu624,RDMA1,
102582,leaf-gpu-rdma,sys1-lon14-p-swi-bel33,sw25p1,,sys1-lon14-p-phy-gpu625,RDMA1,
102583,leaf-gpu-rdma,sys1-lon14-p-swi-bel33,sw25p2,,sys1-lon14-p-phy-gpu626,RDMA1,
102584,leaf-gpu-rdma,sys1-lon14-p-swi-bel33,sw26p1,,sys1-lon14-p-phy-gpu627,RDMA1,
102585,leaf-gpu-rdma,sys1-lon14-p-swi-bel33,sw26p2,,sys1-lon14-p-phy-gpu628,RDMA1,
102586,leaf-gpu-rdma,sys1-lon14-p-swi-bel33,sw27p1,,sys1-lon14-p-phy-gpu629,RDMA1,
102587,leaf-gpu-rdma,sys1-lon14-p-swi-bel33,sw27p2,,sys1-lon14-p-phy-gpu630,RDMA1,
102588,leaf-gpu-rdma,sys1-lon14-p-swi-bel33,sw28p1,,sys1-lon14-p-phy-gpu631,RDMA1,
102589,leaf-gpu-rdma,sys1-lon14-p-swi-bel33,sw28p2,,sys1-lon14-p-phy-gpu632,RDMA1,
102590,leaf-gpu-rdma,sys1-lon14-p-swi-bel33,sw29p1,,sys1-lon14-p-phy-gpu633,RDMA1,
102591,leaf-gpu-rdma,sys1-lon14-p-swi-bel33,sw29p2,,sys1-lon14-p-phy-gpu634,RDMA1,
102592,leaf-gpu-rdma,sys1-lon14-p-swi-bel33,sw30p1,,sys1-lon14-p-phy-gpu635,RDMA1,
102593,leaf-gpu-rdma,sys1-lon14-p-swi-bel33,sw30p2,,sys1-lon14-p-phy-gpu636,RDMA1,
102594,leaf-gpu-rdma,sys1-lon14-p-swi-bel33,sw31p1,,sys1-lon14-p-phy-gpu637,RDMA1,
102595,leaf-gpu-rdma,sys1-lon14-p-swi-bel33,sw31p2,,sys1-lon14-p-phy-gpu638,RDMA1,
102596,leaf-gpu-rdma,sys1-lon14-p-swi-bel33,sw32p1,,sys1-lon14-p-phy-gpu639,RDMA1,
102597,leaf-gpu-rdma,sys1-lon14-p-swi-bel33,sw32p2,,sys1-lon14-p-phy-gpu640,RDMA1,
102598,leaf-gpu-rdma,sys1-lon14-p-swi-bel33,sw33p1,,sys1-lon14-p-phy-gpu641,RDMA1,
102599,leaf-gpu-rdma,sys1-lon14-p-swi-bel33,sw33p2,,sys1-lon14-p-phy-gpu642,RDMA1,
102600,leaf-gpu-rdma,sys1-lon14-p-swi-bel33,sw34p1,,sys1-lon14-p-phy-gpu643,RDMA1,
102601,leaf-gpu-rdma,sys1-lon14-p-swi-bel33,sw34p2,,sys1-lon14-p-phy-gpu644,RDMA1,
102602,leaf-gpu-rdma,sys1-lon14-p-swi-bel33,sw35p1,,sys1-lon14-p-phy-gpu645,RDMA1,
102603,leaf-gpu-rdma,sys1-lon14-p-swi-bel33,sw35p2,,sys1-lon14-p-phy-gpu646,RDMA1,
102604,leaf-gpu-rdma,sys1-lon14-p-swi-bel33,sw36p1,,sys1-lon14-p-phy-gpu647,RDMA1,
102606,leaf-gpu-rdma,sys1-lon14-p-swi-bel34,sw1p1,,sys1-lon14-p-phy-gpu577,RDMA2,
102607,leaf-gpu-rdma,sys1-lon14-p-swi-bel34,sw1p2,,sys1-lon14-p-phy-gpu578,RDMA2,
102608,leaf-gpu-rdma,sys1-lon14-p-swi-bel34,sw2p1,,sys1-lon14-p-phy-gpu579,RDMA2,
102609,leaf-gpu-rdma,sys1-lon14-p-swi-bel34,sw2p2,,sys1-lon14-p-phy-gpu580,RDMA2,
102610,leaf-gpu-rdma,sys1-lon14-p-swi-bel34,sw3p1,,sys1-lon14-p-phy-gpu581,RDMA2,
102611,leaf-gpu-rdma,sys1-lon14-p-swi-bel34,sw3p2,,sys1-lon14-p-phy-gpu582,RDMA2,
102612,leaf-gpu-rdma,sys1-lon14-p-swi-bel34,sw4p1,,sys1-lon14-p-phy-gpu583,RDMA2,
102613,leaf-gpu-rdma,sys1-lon14-p-swi-bel34,sw4p2,,sys1-lon14-p-phy-gpu584,RDMA2,
102614,leaf-gpu-rdma,sys1-lon14-p-swi-bel34,sw5p1,,sys1-lon14-p-phy-gpu585,RDMA2,
102615,leaf-gpu-rdma,sys1-lon14-p-swi-bel34,sw5p2,,sys1-lon14-p-phy-gpu586,RDMA2,
102616,leaf-gpu-rdma,sys1-lon14-p-swi-bel34,sw6p1,,sys1-lon14-p-phy-gpu587,RDMA2,
102617,leaf-gpu-rdma,sys1-lon14-p-swi-bel34,sw6p2,,sys1-lon14-p-phy-gpu588,RDMA2,
102618,leaf-gpu-rdma,sys1-lon14-p-swi-bel34,sw7p1,,sys1-lon14-p-phy-gpu589,RDMA2,
102619,leaf-gpu-rdma,sys1-lon14-p-swi-bel34,sw7p2,,sys1-lon14-p-phy-gpu590,RDMA2,
102620,leaf-gpu-rdma,sys1-lon14-p-swi-bel34,sw8p1,,sys1-lon14-p-phy-gpu591,RDMA2,
102621,leaf-gpu-rdma,sys1-lon14-p-swi-bel34,sw8p2,,sys1-lon14-p-phy-gpu592,RDMA2,
102622,leaf-gpu-rdma,sys1-lon14-p-swi-bel34,sw9p1,,sys1-lon14-p-phy-gpu593,RDMA2,
102623,leaf-gpu-rdma,sys1-lon14-p-swi-bel34,sw9p2,,sys1-lon14-p-phy-gpu594,RDMA2,
102624,leaf-gpu-rdma,sys1-lon14-p-swi-bel34,sw10p1,,sys1-lon14-p-phy-gpu595,RDMA2,
102625,leaf-gpu-rdma,sys1-lon14-p-swi-bel34,sw10p2,,sys1-lon14-p-phy-gpu596,RDMA2,
102626,leaf-gpu-rdma,sys1-lon14-p-swi-bel34,sw11p1,,sys1-lon14-p-phy-gpu597,RDMA2,
102627,leaf-gpu-rdma,sys1-lon14-p-swi-bel34,sw11p2,,sys1-lon14-p-phy-gpu598,RDMA2,
102628,leaf-gpu-rdma,sys1-lon14-p-swi-bel34,sw12p1,,sys1-lon14-p-phy-gpu599,RDMA2,
102629,leaf-gpu-rdma,sys1-lon14-p-swi-bel34,sw12p2,,sys1-lon14-p-phy-gpu600,RDMA2,
102630,leaf-gpu-rdma,sys1-lon14-p-swi-bel34,sw13p1,,sys1-lon14-p-phy-gpu601,RDMA2,
102631,leaf-gpu-rdma,sys1-lon14-p-swi-bel34,sw13p2,,sys1-lon14-p-phy-gpu602,RDMA2,
102632,leaf-gpu-rdma,sys1-lon14-p-swi-bel34,sw14p1,,sys1-lon14-p-phy-gpu603,RDMA2,
102633,leaf-gpu-rdma,sys1-lon14-p-swi-bel34,sw14p2,,sys1-lon14-p-phy-gpu604,RDMA2,
102634,leaf-gpu-rdma,sys1-lon14-p-swi-bel34,sw15p1,,sys1-lon14-p-phy-gpu605,RDMA2,
102635,leaf-gpu-rdma,sys1-lon14-p-swi-bel34,sw15p2,,sys1-lon14-p-phy-gpu606,RDMA2,
102636,leaf-gpu-rdma,sys1-lon14-p-swi-bel34,sw16p1,,sys1-lon14-p-phy-gpu607,RDMA2,
102637,leaf-gpu-rdma,sys1-lon14-p-swi-bel34,sw16p2,,sys1-lon14-p-phy-gpu608,RDMA2,
102638,leaf-gpu-rdma,sys1-lon14-p-swi-bel34,sw17p1,,sys1-lon14-p-phy-gpu609,RDMA2,
102639,leaf-gpu-rdma,sys1-lon14-p-swi-bel34,sw17p2,,sys1-lon14-p-phy-gpu610,RDMA2,
102640,leaf-gpu-rdma,sys1-lon14-p-swi-bel34,sw18p1,,sys1-lon14-p-phy-gpu611,RDMA2,
102641,leaf-gpu-rdma,sys1-lon14-p-swi-bel34,sw18p2,,sys1-lon14-p-phy-gpu612,RDMA2,
102642,leaf-gpu-rdma,sys1-lon14-p-swi-bel34,sw19p1,,sys1-lon14-p-phy-gpu613,RDMA2,
102643,leaf-gpu-rdma,sys1-lon14-p-swi-bel34,sw19p2,,sys1-lon14-p-phy-gpu614,RDMA2,
102644,leaf-gpu-rdma,sys1-lon14-p-swi-bel34,sw20p1,,sys1-lon14-p-phy-gpu615,RDMA2,
102645,leaf-gpu-rdma,sys1-lon14-p-swi-bel34,sw20p2,,sys1-lon14-p-phy-gpu616,RDMA2,
102646,leaf-gpu-rdma,sys1-lon14-p-swi-bel34,sw21p1,,sys1-lon14-p-phy-gpu617,RDMA2,
102647,leaf-gpu-rdma,sys1-lon14-p-swi-bel34,sw21p2,,sys1-lon14-p-phy-gpu618,RDMA2,
102648,leaf-gpu-rdma,sys1-lon14-p-swi-bel34,sw22p1,,sys1-lon14-p-phy-gpu619,RDMA2,
102649,leaf-gpu-rdma,sys1-lon14-p-swi-bel34,sw22p2,,sys1-lon14-p-phy-gpu620,RDMA2,
102650,leaf-gpu-rdma,sys1-lon14-p-swi-bel34,sw23p1,,sys1-lon14-p-phy-gpu621,RDMA2,
102651,leaf-gpu-rdma,sys1-lon14-p-swi-bel34,sw23p2,,sys1-lon14-p-phy-gpu622,RDMA2,
102652,leaf-gpu-rdma,sys1-lon14-p-swi-bel34,sw24p1,,sys1-lon14-p-phy-gpu623,RDMA2,
102653,leaf-gpu-rdma,sys1-lon14-p-swi-bel34,sw24p2,,sys1-lon14-p-phy-gpu624,RDMA2,
102654,leaf-gpu-rdma,sys1-lon14-p-swi-bel34,sw25p1,,sys1-lon14-p-phy-gpu625,RDMA2,
102655,leaf-gpu-rdma,sys1-lon14-p-swi-bel34,sw25p2,,sys1-lon14-p-phy-gpu626,RDMA2,
102656,leaf-gpu-rdma,sys1-lon14-p-swi-bel34,sw26p1,,sys1-lon14-p-phy-gpu627,RDMA2,
102657,leaf-gpu-rdma,sys1-lon14-p-swi-bel34,sw26p2,,sys1-lon14-p-phy-gpu628,RDMA2,
102658,leaf-gpu-rdma,sys1-lon14-p-swi-bel34,sw27p1,,sys1-lon14-p-phy-gpu629,RDMA2,
102659,leaf-gpu-rdma,sys1-lon14-p-swi-bel34,sw27p2,,sys1-lon14-p-phy-gpu630,RDMA2,
102660,leaf-gpu-rdma,sys1-lon14-p-swi-bel34,sw28p1,,sys1-lon14-p-phy-gpu631,RDMA2,
102661,leaf-gpu-rdma,sys1-lon14-p-swi-bel34,sw28p2,,sys1-lon14-p-phy-gpu632,RDMA2,
102662,leaf-gpu-rdma,sys1-lon14-p-swi-bel34,sw29p1,,sys1-lon14-p-phy-gpu633,RDMA2,
102663,leaf-gpu-rdma,sys1-lon14-p-swi-bel34,sw29p2,,sys1-lon14-p-phy-gpu634,RDMA2,
102664,leaf-gpu-rdma,sys1-lon14-p-swi-bel34,sw30p1,,sys1-lon14-p-phy-gpu635,RDMA2,
102665,leaf-gpu-rdma,sys1-lon14-p-swi-bel34,sw30p2,,sys1-lon14-p-phy-gpu636,RDMA2,
102666,leaf-gpu-rdma,sys1-lon14-p-swi-bel34,sw31p1,,sys1-lon14-p-phy-gpu637,RDMA2,
102667,leaf-gpu-rdma,sys1-lon14-p-swi-bel34,sw31p2,,sys1-lon14-p-phy-gpu638,RDMA2,
102668,leaf-gpu-rdma,sys1-lon14-p-swi-bel34,sw32p1,,sys1-lon14-p-phy-gpu639,RDMA2,
102669,leaf-gpu-rdma,sys1-lon14-p-swi-bel34,sw32p2,,sys1-lon14-p-phy-gpu640,RDMA2,
102670,leaf-gpu-rdma,sys1-lon14-p-swi-bel34,sw33p1,,sys1-lon14-p-phy-gpu641,RDMA2,
102671,leaf-gpu-rdma,sys1-lon14-p-swi-bel34,sw33p2,,sys1-lon14-p-phy-gpu642,RDMA2,
102672,leaf-gpu-rdma,sys1-lon14-p-swi-bel34,sw34p1,,sys1-lon14-p-phy-gpu643,RDMA2,
102673,leaf-gpu-rdma,sys1-lon14-p-swi-bel34,sw34p2,,sys1-lon14-p-phy-gpu644,RDMA2,
102674,leaf-gpu-rdma,sys1-lon14-p-swi-bel34,sw35p1,,sys1-lon14-p-phy-gpu645,RDMA2,
102675,leaf-gpu-rdma,sys1-lon14-p-swi-bel34,sw35p2,,sys1-lon14-p-phy-gpu646,RDMA2,
102676,leaf-gpu-rdma,sys1-lon14-p-swi-bel34,sw36p1,,sys1-lon14-p-phy-gpu647,RDMA2,
102678,leaf-gpu-rdma,sys1-lon14-p-swi-bel35,sw1p1,,sys1-lon14-p-phy-gpu577,RDMA3,
102679,leaf-gpu-rdma,sys1-lon14-p-swi-bel35,sw1p2,,sys1-lon14-p-phy-gpu578,RDMA3,
102680,leaf-gpu-rdma,sys1-lon14-p-swi-bel35,sw2p1,,sys1-lon14-p-phy-gpu579,RDMA3,
102681,leaf-gpu-rdma,sys1-lon14-p-swi-bel35,sw2p2,,sys1-lon14-p-phy-gpu580,RDMA3,
102682,leaf-gpu-rdma,sys1-lon14-p-swi-bel35,sw3p1,,sys1-lon14-p-phy-gpu581,RDMA3,
102683,leaf-gpu-rdma,sys1-lon14-p-swi-bel35,sw3p2,,sys1-lon14-p-phy-gpu582,RDMA3,
102684,leaf-gpu-rdma,sys1-lon14-p-swi-bel35,sw4p1,,sys1-lon14-p-phy-gpu583,RDMA3,
102685,leaf-gpu-rdma,sys1-lon14-p-swi-bel35,sw4p2,,sys1-lon14-p-phy-gpu584,RDMA3,
102686,leaf-gpu-rdma,sys1-lon14-p-swi-bel35,sw5p1,,sys1-lon14-p-phy-gpu585,RDMA3,
102687,leaf-gpu-rdma,sys1-lon14-p-swi-bel35,sw5p2,,sys1-lon14-p-phy-gpu586,RDMA3,
102688,leaf-gpu-rdma,sys1-lon14-p-swi-bel35,sw6p1,,sys1-lon14-p-phy-gpu587,RDMA3,
102689,leaf-gpu-rdma,sys1-lon14-p-swi-bel35,sw6p2,,sys1-lon14-p-phy-gpu588,RDMA3,
102690,leaf-gpu-rdma,sys1-lon14-p-swi-bel35,sw7p1,,sys1-lon14-p-phy-gpu589,RDMA3,
102691,leaf-gpu-rdma,sys1-lon14-p-swi-bel35,sw7p2,,sys1-lon14-p-phy-gpu590,RDMA3,
102692,leaf-gpu-rdma,sys1-lon14-p-swi-bel35,sw8p1,,sys1-lon14-p-phy-gpu591,RDMA3,
102693,leaf-gpu-rdma,sys1-lon14-p-swi-bel35,sw8p2,,sys1-lon14-p-phy-gpu592,RDMA3,
102694,leaf-gpu-rdma,sys1-lon14-p-swi-bel35,sw9p1,,sys1-lon14-p-phy-gpu593,RDMA3,
102695,leaf-gpu-rdma,sys1-lon14-p-swi-bel35,sw9p2,,sys1-lon14-p-phy-gpu594,RDMA3,
102696,leaf-gpu-rdma,sys1-lon14-p-swi-bel35,sw10p1,,sys1-lon14-p-phy-gpu595,RDMA3,
102697,leaf-gpu-rdma,sys1-lon14-p-swi-bel35,sw10p2,,sys1-lon14-p-phy-gpu596,RDMA3,
102698,leaf-gpu-rdma,sys1-lon14-p-swi-bel35,sw11p1,,sys1-lon14-p-phy-gpu597,RDMA3,
102699,leaf-gpu-rdma,sys1-lon14-p-swi-bel35,sw11p2,,sys1-lon14-p-phy-gpu598,RDMA3,
102700,leaf-gpu-rdma,sys1-lon14-p-swi-bel35,sw12p1,,sys1-lon14-p-phy-gpu599,RDMA3,
102701,leaf-gpu-rdma,sys1-lon14-p-swi-bel35,sw12p2,,sys1-lon14-p-phy-gpu600,RDMA3,
102702,leaf-gpu-rdma,sys1-lon14-p-swi-bel35,sw13p1,,sys1-lon14-p-phy-gpu601,RDMA3,
102703,leaf-gpu-rdma,sys1-lon14-p-swi-bel35,sw13p2,,sys1-lon14-p-phy-gpu602,RDMA3,
102704,leaf-gpu-rdma,sys1-lon14-p-swi-bel35,sw14p1,,sys1-lon14-p-phy-gpu603,RDMA3,
102705,leaf-gpu-rdma,sys1-lon14-p-swi-bel35,sw14p2,,sys1-lon14-p-phy-gpu604,RDMA3,
102706,leaf-gpu-rdma,sys1-lon14-p-swi-bel35,sw15p1,,sys1-lon14-p-phy-gpu605,RDMA3,
102707,leaf-gpu-rdma,sys1-lon14-p-swi-bel35,sw15p2,,sys1-lon14-p-phy-gpu606,RDMA3,
102708,leaf-gpu-rdma,sys1-lon14-p-swi-bel35,sw16p1,,sys1-lon14-p-phy-gpu607,RDMA3,
102709,leaf-gpu-rdma,sys1-lon14-p-swi-bel35,sw16p2,,sys1-lon14-p-phy-gpu608,RDMA3,
102710,leaf-gpu-rdma,sys1-lon14-p-swi-bel35,sw17p1,,sys1-lon14-p-phy-gpu609,RDMA3,
102711,leaf-gpu-rdma,sys1-lon14-p-swi-bel35,sw17p2,,sys1-lon14-p-phy-gpu610,RDMA3,
102712,leaf-gpu-rdma,sys1-lon14-p-swi-bel35,sw18p1,,sys1-lon14-p-phy-gpu611,RDMA3,
102713,leaf-gpu-rdma,sys1-lon14-p-swi-bel35,sw18p2,,sys1-lon14-p-phy-gpu612,RDMA3,
102714,leaf-gpu-rdma,sys1-lon14-p-swi-bel35,sw19p1,,sys1-lon14-p-phy-gpu613,RDMA3,
102715,leaf-gpu-rdma,sys1-lon14-p-swi-bel35,sw19p2,,sys1-lon14-p-phy-gpu614,RDMA3,
102716,leaf-gpu-rdma,sys1-lon14-p-swi-bel35,sw20p1,,sys1-lon14-p-phy-gpu615,RDMA3,
102717,leaf-gpu-rdma,sys1-lon14-p-swi-bel35,sw20p2,,sys1-lon14-p-phy-gpu616,RDMA3,
102718,leaf-gpu-rdma,sys1-lon14-p-swi-bel35,sw21p1,,sys1-lon14-p-phy-gpu617,RDMA3,
102719,leaf-gpu-rdma,sys1-lon14-p-swi-bel35,sw21p2,,sys1-lon14-p-phy-gpu618,RDMA3,
102720,leaf-gpu-rdma,sys1-lon14-p-swi-bel35,sw22p1,,sys1-lon14-p-phy-gpu619,RDMA3,
102721,leaf-gpu-rdma,sys1-lon14-p-swi-bel35,sw22p2,,sys1-lon14-p-phy-gpu620,RDMA3,
102722,leaf-gpu-rdma,sys1-lon14-p-swi-bel35,sw23p1,,sys1-lon14-p-phy-gpu621,RDMA3,
102723,leaf-gpu-rdma,sys1-lon14-p-swi-bel35,sw23p2,,sys1-lon14-p-phy-gpu622,RDMA3,
102724,leaf-gpu-rdma,sys1-lon14-p-swi-bel35,sw24p1,,sys1-lon14-p-phy-gpu623,RDMA3,
102725,leaf-gpu-rdma,sys1-lon14-p-swi-bel35,sw24p2,,sys1-lon14-p-phy-gpu624,RDMA3,
102726,leaf-gpu-rdma,sys1-lon14-p-swi-bel35,sw25p1,,sys1-lon14-p-phy-gpu625,RDMA3,
102727,leaf-gpu-rdma,sys1-lon14-p-swi-bel35,sw25p2,,sys1-lon14-p-phy-gpu626,RDMA3,
102728,leaf-gpu-rdma,sys1-lon14-p-swi-bel35,sw26p1,,sys1-lon14-p-phy-gpu627,RDMA3,
102729,leaf-gpu-rdma,sys1-lon14-p-swi-bel35,sw26p2,,sys1-lon14-p-phy-gpu628,RDMA3,
102730,leaf-gpu-rdma,sys1-lon14-p-swi-bel35,sw27p1,,sys1-lon14-p-phy-gpu629,RDMA3,
102731,leaf-gpu-rdma,sys1-lon14-p-swi-bel35,sw27p2,,sys1-lon14-p-phy-gpu630,RDMA3,
102732,leaf-gpu-rdma,sys1-lon14-p-swi-bel35,sw28p1,,sys1-lon14-p-phy-gpu631,RDMA3,
102733,leaf-gpu-rdma,sys1-lon14-p-swi-bel35,sw28p2,,sys1-lon14-p-phy-gpu632,RDMA3,
102734,leaf-gpu-rdma,sys1-lon14-p-swi-bel35,sw29p1,,sys1-lon14-p-phy-gpu633,RDMA3,
102735,leaf-gpu-rdma,sys1-lon14-p-swi-bel35,sw29p2,,sys1-lon14-p-phy-gpu634,RDMA3,
102736,leaf-gpu-rdma,sys1-lon14-p-swi-bel35,sw30p1,,sys1-lon14-p-phy-gpu635,RDMA3,
102737,leaf-gpu-rdma,sys1-lon14-p-swi-bel35,sw30p2,,sys1-lon14-p-phy-gpu636,RDMA3,
102738,leaf-gpu-rdma,sys1-lon14-p-swi-bel35,sw31p1,,sys1-lon14-p-phy-gpu637,RDMA3,
102739,leaf-gpu-rdma,sys1-lon14-p-swi-bel35,sw31p2,,sys1-lon14-p-phy-gpu638,RDMA3,
102740,leaf-gpu-rdma,sys1-lon14-p-swi-bel35,sw32p1,,sys1-lon14-p-phy-gpu639,RDMA3,
102741,leaf-gpu-rdma,sys1-lon14-p-swi-bel35,sw32p2,,sys1-lon14-p-phy-gpu640,RDMA3,
102742,leaf-gpu-rdma,sys1-lon14-p-swi-bel35,sw33p1,,sys1-lon14-p-phy-gpu641,RDMA3,
102743,leaf-gpu-rdma,sys1-lon14-p-swi-bel35,sw33p2,,sys1-lon14-p-phy-gpu642,RDMA3,
102744,leaf-gpu-rdma,sys1-lon14-p-swi-bel35,sw34p1,,sys1-lon14-p-phy-gpu643,RDMA3,
102745,leaf-gpu-rdma,sys1-lon14-p-swi-bel35,sw34p2,,sys1-lon14-p-phy-gpu644,RDMA3,
102746,leaf-gpu-rdma,sys1-lon14-p-swi-bel35,sw35p1,,sys1-lon14-p-phy-gpu645,RDMA3,
102747,leaf-gpu-rdma,sys1-lon14-p-swi-bel35,sw35p2,,sys1-lon14-p-phy-gpu646,RDMA3,
102748,leaf-gpu-rdma,sys1-lon14-p-swi-bel35,sw36p1,,sys1-lon14-p-phy-gpu647,RDMA3,
102750,leaf-gpu-rdma,sys1-lon14-p-swi-bel36,sw1p1,,sys1-lon14-p-phy-gpu577,RDMA4,
102751,leaf-gpu-rdma,sys1-lon14-p-swi-bel36,sw1p2,,sys1-lon14-p-phy-gpu578,RDMA4,
102752,leaf-gpu-rdma,sys1-lon14-p-swi-bel36,sw2p1,,sys1-lon14-p-phy-gpu579,RDMA4,
102753,leaf-gpu-rdma,sys1-lon14-p-swi-bel36,sw2p2,,sys1-lon14-p-phy-gpu580,RDMA4,
102754,leaf-gpu-rdma,sys1-lon14-p-swi-bel36,sw3p1,,sys1-lon14-p-phy-gpu581,RDMA4,
102755,leaf-gpu-rdma,sys1-lon14-p-swi-bel36,sw3p2,,sys1-lon14-p-phy-gpu582,RDMA4,
102756,leaf-gpu-rdma,sys1-lon14-p-swi-bel36,sw4p1,,sys1-lon14-p-phy-gpu583,RDMA4,
102757,leaf-gpu-rdma,sys1-lon14-p-swi-bel36,sw4p2,,sys1-lon14-p-phy-gpu584,RDMA4,
102758,leaf-gpu-rdma,sys1-lon14-p-swi-bel36,sw5p1,,sys1-lon14-p-phy-gpu585,RDMA4,
102759,leaf-gpu-rdma,sys1-lon14-p-swi-bel36,sw5p2,,sys1-lon14-p-phy-gpu586,RDMA4,
102760,leaf-gpu-rdma,sys1-lon14-p-swi-bel36,sw6p1,,sys1-lon14-p-phy-gpu587,RDMA4,
102761,leaf-gpu-rdma,sys1-lon14-p-swi-bel36,sw6p2,,sys1-lon14-p-phy-gpu588,RDMA4,
102762,leaf-gpu-rdma,sys1-lon14-p-swi-bel36,sw7p1,,sys1-lon14-p-phy-gpu589,RDMA4,
102763,leaf-gpu-rdma,sys1-lon14-p-swi-bel36,sw7p2,,sys1-lon14-p-phy-gpu590,RDMA4,
102764,leaf-gpu-rdma,sys1-lon14-p-swi-bel36,sw8p1,,sys1-lon14-p-phy-gpu591,RDMA4,
102765,leaf-gpu-rdma,sys1-lon14-p-swi-bel36,sw8p2,,sys1-lon14-p-phy-gpu592,RDMA4,
102766,leaf-gpu-rdma,sys1-lon14-p-swi-bel36,sw9p1,,sys1-lon14-p-phy-gpu593,RDMA4,
102767,leaf-gpu-rdma,sys1-lon14-p-swi-bel36,sw9p2,,sys1-lon14-p-phy-gpu594,RDMA4,
102768,leaf-gpu-rdma,sys1-lon14-p-swi-bel36,sw10p1,,sys1-lon14-p-phy-gpu595,RDMA4,
102769,leaf-gpu-rdma,sys1-lon14-p-swi-bel36,sw10p2,,sys1-lon14-p-phy-gpu596,RDMA4,
102770,leaf-gpu-rdma,sys1-lon14-p-swi-bel36,sw11p1,,sys1-lon14-p-phy-gpu597,RDMA4,
102771,leaf-gpu-rdma,sys1-lon14-p-swi-bel36,sw11p2,,sys1-lon14-p-phy-gpu598,RDMA4,
102772,leaf-gpu-rdma,sys1-lon14-p-swi-bel36,sw12p1,,sys1-lon14-p-phy-gpu599,RDMA4,
102773,leaf-gpu-rdma,sys1-lon14-p-swi-bel36,sw12p2,,sys1-lon14-p-phy-gpu600,RDMA4,
102774,leaf-gpu-rdma,sys1-lon14-p-swi-bel36,sw13p1,,sys1-lon14-p-phy-gpu601,RDMA4,
102775,leaf-gpu-rdma,sys1-lon14-p-swi-bel36,sw13p2,,sys1-lon14-p-phy-gpu602,RDMA4,
102776,leaf-gpu-rdma,sys1-lon14-p-swi-bel36,sw14p1,,sys1-lon14-p-phy-gpu603,RDMA4,
102777,leaf-gpu-rdma,sys1-lon14-p-swi-bel36,sw14p2,,sys1-lon14-p-phy-gpu604,RDMA4,
102778,leaf-gpu-rdma,sys1-lon14-p-swi-bel36,sw15p1,,sys1-lon14-p-phy-gpu605,RDMA4,
102779,leaf-gpu-rdma,sys1-lon14-p-swi-bel36,sw15p2,,sys1-lon14-p-phy-gpu606,RDMA4,
102780,leaf-gpu-rdma,sys1-lon14-p-swi-bel36,sw16p1,,sys1-lon14-p-phy-gpu607,RDMA4,
102781,leaf-gpu-rdma,sys1-lon14-p-swi-bel36,sw16p2,,sys1-lon14-p-phy-gpu608,RDMA4,
102782,leaf-gpu-rdma,sys1-lon14-p-swi-bel36,sw17p1,,sys1-lon14-p-phy-gpu609,RDMA4,
102783,leaf-gpu-rdma,sys1-lon14-p-swi-bel36,sw17p2,,sys1-lon14-p-phy-gpu610,RDMA4,
102784,leaf-gpu-rdma,sys1-lon14-p-swi-bel36,sw18p1,,sys1-lon14-p-phy-gpu611,RDMA4,
102785,leaf-gpu-rdma,sys1-lon14-p-swi-bel36,sw18p2,,sys1-lon14-p-phy-gpu612,RDMA4,
102786,leaf-gpu-rdma,sys1-lon14-p-swi-bel36,sw19p1,,sys1-lon14-p-phy-gpu613,RDMA4,
102787,leaf-gpu-rdma,sys1-lon14-p-swi-bel36,sw19p2,,sys1-lon14-p-phy-gpu614,RDMA4,
102788,leaf-gpu-rdma,sys1-lon14-p-swi-bel36,sw20p1,,sys1-lon14-p-phy-gpu615,RDMA4,
102789,leaf-gpu-rdma,sys1-lon14-p-swi-bel36,sw20p2,,sys1-lon14-p-phy-gpu616,RDMA4,
102790,leaf-gpu-rdma,sys1-lon14-p-swi-bel36,sw21p1,,sys1-lon14-p-phy-gpu617,RDMA4,
102791,leaf-gpu-rdma,sys1-lon14-p-swi-bel36,sw21p2,,sys1-lon14-p-phy-gpu618,RDMA4,
102792,leaf-gpu-rdma,sys1-lon14-p-swi-bel36,sw22p1,,sys1-lon14-p-phy-gpu619,RDMA4,
102793,leaf-gpu-rdma,sys1-lon14-p-swi-bel36,sw22p2,,sys1-lon14-p-phy-gpu620,RDMA4,
102794,leaf-gpu-rdma,sys1-lon14-p-swi-bel36,sw23p1,,sys1-lon14-p-phy-gpu621,RDMA4,
102795,leaf-gpu-rdma,sys1-lon14-p-swi-bel36,sw23p2,,sys1-lon14-p-phy-gpu622,RDMA4,
102796,leaf-gpu-rdma,sys1-lon14-p-swi-bel36,sw24p1,,sys1-lon14-p-phy-gpu623,RDMA4,
102797,leaf-gpu-rdma,sys1-lon14-p-swi-bel36,sw24p2,,sys1-lon14-p-phy-gpu624,RDMA4,
102798,leaf-gpu-rdma,sys1-lon14-p-swi-bel36,sw25p1,,sys1-lon14-p-phy-gpu625,RDMA4,
102799,leaf-gpu-rdma,sys1-lon14-p-swi-bel36,sw25p2,,sys1-lon14-p-phy-gpu626,RDMA4,
102800,leaf-gpu-rdma,sys1-lon14-p-swi-bel36,sw26p1,,sys1-lon14-p-phy-gpu627,RDMA4,
102801,leaf-gpu-rdma,sys1-lon14-p-swi-bel36,sw26p2,,sys1-lon14-p-phy-gpu628,RDMA4,
102802,leaf-gpu-rdma,sys1-lon14-p-swi-bel36,sw27p1,,sys1-lon14-p-phy-gpu629,RDMA4,
102803,leaf-gpu-rdma,sys1-lon14-p-swi-bel36,sw27p2,,sys1-lon14-p-phy-gpu630,RDMA4,
102804,leaf-gpu-rdma,sys1-lon14-p-swi-bel36,sw28p1,,sys1-lon14-p-phy-gpu631,RDMA4,
102805,leaf-gpu-rdma,sys1-lon14-p-swi-bel36,sw28p2,,sys1-lon14-p-phy-gpu632,RDMA4,
102806,leaf-gpu-rdma,sys1-lon14-p-swi-bel36,sw29p1,,sys1-lon14-p-phy-gpu633,RDMA4,
102807,leaf-gpu-rdma,sys1-lon14-p-swi-bel36,sw29p2,,sys1-lon14-p-phy-gpu634,RDMA4,
102808,leaf-gpu-rdma,sys1-lon14-p-swi-bel36,sw30p1,,sys1-lon14-p-phy-gpu635,RDMA4,
102809,leaf-gpu-rdma,sys1-lon14-p-swi-bel36,sw30p2,,sys1-lon14-p-phy-gpu636,RDMA4,
102810,leaf-gpu-rdma,sys1-lon14-p-swi-bel36,sw31p1,,sys1-lon14-p-phy-gpu637,RDMA4,
102811,leaf-gpu-rdma,sys1-lon14-p-swi-bel36,sw31p2,,sys1-lon14-p-phy-gpu638,RDMA4,
102812,leaf-gpu-rdma,sys1-lon14-p-swi-bel36,sw32p1,,sys1-lon14-p-phy-gpu639,RDMA4,
102813,leaf-gpu-rdma,sys1-lon14-p-swi-bel36,sw32p2,,sys1-lon14-p-phy-gpu640,RDMA4,
102814,leaf-gpu-rdma,sys1-lon14-p-swi-bel36,sw33p1,,sys1-lon14-p-phy-gpu641,RDMA4,
102815,leaf-gpu-rdma,sys1-lon14-p-swi-bel36,sw33p2,,sys1-lon14-p-phy-gpu642,RDMA4,
102816,leaf-gpu-rdma,sys1-lon14-p-swi-bel36,sw34p1,,sys1-lon14-p-phy-gpu643,RDMA4,
102817,leaf-gpu-rdma,sys1-lon14-p-swi-bel36,sw34p2,,sys1-lon14-p-phy-gpu644,RDMA4,
102818,leaf-gpu-rdma,sys1-lon14-p-swi-bel36,sw35p1,,sys1-lon14-p-phy-gpu645,RDMA4,
102819,leaf-gpu-rdma,sys1-lon14-p-swi-bel36,sw35p2,,sys1-lon14-p-phy-gpu646,RDMA4,
102820,leaf-gpu-rdma,sys1-lon14-p-swi-bel36,sw36p1,,sys1-lon14-p-phy-gpu647,RDMA4,
102822,leaf-gpu-rdma,sys1-lon14-p-swi-bel37,sw1p1,,sys1-lon14-p-phy-gpu649,RDMA1,
102823,leaf-gpu-rdma,sys1-lon14-p-swi-bel37,sw1p2,,sys1-lon14-p-phy-gpu650,RDMA1,
102824,leaf-gpu-rdma,sys1-lon14-p-swi-bel37,sw2p1,,sys1-lon14-p-phy-gpu651,RDMA1,
102825,leaf-gpu-rdma,sys1-lon14-p-swi-bel37,sw2p2,,sys1-lon14-p-phy-gpu652,RDMA1,
102826,leaf-gpu-rdma,sys1-lon14-p-swi-bel37,sw3p1,,sys1-lon14-p-phy-gpu653,RDMA1,
102827,leaf-gpu-rdma,sys1-lon14-p-swi-bel37,sw3p2,,sys1-lon14-p-phy-gpu654,RDMA1,
102828,leaf-gpu-rdma,sys1-lon14-p-swi-bel37,sw4p1,,sys1-lon14-p-phy-gpu655,RDMA1,
102829,leaf-gpu-rdma,sys1-lon14-p-swi-bel37,sw4p2,,sys1-lon14-p-phy-gpu656,RDMA1,
102830,leaf-gpu-rdma,sys1-lon14-p-swi-bel37,sw5p1,,sys1-lon14-p-phy-gpu657,RDMA1,
102831,leaf-gpu-rdma,sys1-lon14-p-swi-bel37,sw5p2,,sys1-lon14-p-phy-gpu658,RDMA1,
102832,leaf-gpu-rdma,sys1-lon14-p-swi-bel37,sw6p1,,sys1-lon14-p-phy-gpu659,RDMA1,
102834,leaf-gpu-rdma,sys1-lon14-p-swi-bel37,sw7p1,,sys1-lon14-p-phy-gpu661,RDMA1,
102835,leaf-gpu-rdma,sys1-lon14-p-swi-bel37,sw7p2,,sys1-lon14-p-phy-gpu662,RDMA1,
102836,leaf-gpu-rdma,sys1-lon14-p-swi-bel37,sw8p1,,sys1-lon14-p-phy-gpu663,RDMA1,
102837,leaf-gpu-rdma,sys1-lon14-p-swi-bel37,sw8p2,,sys1-lon14-p-phy-gpu664,RDMA1,
102838,leaf-gpu-rdma,sys1-lon14-p-swi-bel37,sw9p1,,sys1-lon14-p-phy-gpu665,RDMA1,
102839,leaf-gpu-rdma,sys1-lon14-p-swi-bel37,sw9p2,,sys1-lon14-p-phy-gpu666,RDMA1,
102840,leaf-gpu-rdma,sys1-lon14-p-swi-bel37,sw10p1,,sys1-lon14-p-phy-gpu667,RDMA1,
102841,leaf-gpu-rdma,sys1-lon14-p-swi-bel37,sw10p2,,sys1-lon14-p-phy-gpu668,RDMA1,
102842,leaf-gpu-rdma,sys1-lon14-p-swi-bel37,sw11p1,,sys1-lon14-p-phy-gpu669,RDMA1,
102843,leaf-gpu-rdma,sys1-lon14-p-swi-bel37,sw11p2,,sys1-lon14-p-phy-gpu670,RDMA1,
102844,leaf-gpu-rdma,sys1-lon14-p-swi-bel37,sw12p1,,sys1-lon14-p-phy-gpu671,RDMA1,
102845,leaf-gpu-rdma,sys1-lon14-p-swi-bel37,sw12p2,,sys1-lon14-p-phy-gpu672,RDMA1,
102846,leaf-gpu-rdma,sys1-lon14-p-swi-bel37,sw13p1,,sys1-lon14-p-phy-gpu673,RDMA1,
102847,leaf-gpu-rdma,sys1-lon14-p-swi-bel37,sw13p2,,sys1-lon14-p-phy-gpu674,RDMA1,
102848,leaf-gpu-rdma,sys1-lon14-p-swi-bel37,sw14p1,,sys1-lon14-p-phy-gpu675,RDMA1,
102849,leaf-gpu-rdma,sys1-lon14-p-swi-bel37,sw14p2,,sys1-lon14-p-phy-gpu676,RDMA1,
102850,leaf-gpu-rdma,sys1-lon14-p-swi-bel37,sw15p1,,sys1-lon14-p-phy-gpu677,RDMA1,
102851,leaf-gpu-rdma,sys1-lon14-p-swi-bel37,sw15p2,,sys1-lon14-p-phy-gpu678,RDMA1,
102852,leaf-gpu-rdma,sys1-lon14-p-swi-bel37,sw16p1,,sys1-lon14-p-phy-gpu679,RDMA1,
102853,leaf-gpu-rdma,sys1-lon14-p-swi-bel37,sw16p2,,sys1-lon14-p-phy-gpu680,RDMA1,
102854,leaf-gpu-rdma,sys1-lon14-p-swi-bel37,sw17p1,,sys1-lon14-p-phy-gpu681,RDMA1,
102855,leaf-gpu-rdma,sys1-lon14-p-swi-bel37,sw17p2,,sys1-lon14-p-phy-gpu682,RDMA1,
102856,leaf-gpu-rdma,sys1-lon14-p-swi-bel37,sw18p1,,sys1-lon14-p-phy-gpu683,RDMA1,
102857,leaf-gpu-rdma,sys1-lon14-p-swi-bel37,sw18p2,,sys1-lon14-p-phy-gpu684,RDMA1,
102858,leaf-gpu-rdma,sys1-lon14-p-swi-bel37,sw19p1,,sys1-lon14-p-phy-gpu685,RDMA1,
102859,leaf-gpu-rdma,sys1-lon14-p-swi-bel37,sw19p2,,sys1-lon14-p-phy-gpu686,RDMA1,
102860,leaf-gpu-rdma,sys1-lon14-p-swi-bel37,sw20p1,,sys1-lon14-p-phy-gpu687,RDMA1,
102861,leaf-gpu-rdma,sys1-lon14-p-swi-bel37,sw20p2,,sys1-lon14-p-phy-gpu688,RDMA1,
102862,leaf-gpu-rdma,sys1-lon14-p-swi-bel37,sw21p1,,sys1-lon14-p-phy-gpu689,RDMA1,
102863,leaf-gpu-rdma,sys1-lon14-p-swi-bel37,sw21p2,,sys1-lon14-p-phy-gpu690,RDMA1,
102864,leaf-gpu-rdma,sys1-lon14-p-swi-bel37,sw22p1,,sys1-lon14-p-phy-gpu691,RDMA1,
102865,leaf-gpu-rdma,sys1-lon14-p-swi-bel37,sw22p2,,sys1-lon14-p-phy-gpu692,RDMA1,
102866,leaf-gpu-rdma,sys1-lon14-p-swi-bel37,sw23p1,,sys1-lon14-p-phy-gpu693,RDMA1,
102867,leaf-gpu-rdma,sys1-lon14-p-swi-bel37,sw23p2,,sys1-lon14-p-phy-gpu694,RDMA1,
102868,leaf-gpu-rdma,sys1-lon14-p-swi-bel37,sw24p1,,sys1-lon14-p-phy-gpu695,RDMA1,
102869,leaf-gpu-rdma,sys1-lon14-p-swi-bel37,sw24p2,,sys1-lon14-p-phy-gpu696,RDMA1,
102870,leaf-gpu-rdma,sys1-lon14-p-swi-bel37,sw25p1,,sys1-lon14-p-phy-gpu697,RDMA1,
102871,leaf-gpu-rdma,sys1-lon14-p-swi-bel37,sw25p2,,sys1-lon14-p-phy-gpu698,RDMA1,
102872,leaf-gpu-rdma,sys1-lon14-p-swi-bel37,sw26p1,,sys1-lon14-p-phy-gpu699,RDMA1,
102873,leaf-gpu-rdma,sys1-lon14-p-swi-bel37,sw26p2,,sys1-lon14-p-phy-gpu700,RDMA1,
102874,leaf-gpu-rdma,sys1-lon14-p-swi-bel37,sw27p1,,sys1-lon14-p-phy-gpu701,RDMA1,
102875,leaf-gpu-rdma,sys1-lon14-p-swi-bel37,sw27p2,,sys1-lon14-p-phy-gpu702,RDMA1,
102876,leaf-gpu-rdma,sys1-lon14-p-swi-bel37,sw28p1,,sys1-lon14-p-phy-gpu703,RDMA1,
102877,leaf-gpu-rdma,sys1-lon14-p-swi-bel37,sw28p2,,sys1-lon14-p-phy-gpu704,RDMA1,
102878,leaf-gpu-rdma,sys1-lon14-p-swi-bel37,sw29p1,,sys1-lon14-p-phy-gpu705,RDMA1,
102879,leaf-gpu-rdma,sys1-lon14-p-swi-bel37,sw29p2,,sys1-lon14-p-phy-gpu706,RDMA1,
102880,leaf-gpu-rdma,sys1-lon14-p-swi-bel37,sw30p1,,sys1-lon14-p-phy-gpu707,RDMA1,
102881,leaf-gpu-rdma,sys1-lon14-p-swi-bel37,sw30p2,,sys1-lon14-p-phy-gpu708,RDMA1,
102882,leaf-gpu-rdma,sys1-lon14-p-swi-bel37,sw31p1,,sys1-lon14-p-phy-gpu709,RDMA1,
102883,leaf-gpu-rdma,sys1-lon14-p-swi-bel37,sw31p2,,sys1-lon14-p-phy-gpu710,RDMA1,
102884,leaf-gpu-rdma,sys1-lon14-p-swi-bel37,sw32p1,,sys1-lon14-p-phy-gpu711,RDMA1,
102885,leaf-gpu-rdma,sys1-lon14-p-swi-bel37,sw32p2,,sys1-lon14-p-phy-gpu712,RDMA1,
102886,leaf-gpu-rdma,sys1-lon14-p-swi-bel37,sw33p1,,sys1-lon14-p-phy-gpu713,RDMA1,
102887,leaf-gpu-rdma,sys1-lon14-p-swi-bel37,sw33p2,,sys1-lon14-p-phy-gpu714,RDMA1,
102888,leaf-gpu-rdma,sys1-lon14-p-swi-bel37,sw34p1,,sys1-lon14-p-phy-gpu715,RDMA1,
102889,leaf-gpu-rdma,sys1-lon14-p-swi-bel37,sw34p2,,sys1-lon14-p-phy-gpu716,RDMA1,
102890,leaf-gpu-rdma,sys1-lon14-p-swi-bel37,sw35p1,,sys1-lon14-p-phy-gpu717,RDMA1,
102891,leaf-gpu-rdma,sys1-lon14-p-swi-bel37,sw35p2,,sys1-lon14-p-phy-gpu718,RDMA1,
102892,leaf-gpu-rdma,sys1-lon14-p-swi-bel37,sw36p1,,sys1-lon14-p-phy-gpu719,RDMA1,
102893,leaf-gpu-rdma,sys1-lon14-p-swi-bel37,sw36p2,,sys1-lon14-p-phy-gpu720,RDMA1,
102894,leaf-gpu-rdma,sys1-lon14-p-swi-bel38,sw1p1,,sys1-lon14-p-phy-gpu649,RDMA2,
102895,leaf-gpu-rdma,sys1-lon14-p-swi-bel38,sw1p2,,sys1-lon14-p-phy-gpu650,RDMA2,
102896,leaf-gpu-rdma,sys1-lon14-p-swi-bel38,sw2p1,,sys1-lon14-p-phy-gpu651,RDMA2,
102897,leaf-gpu-rdma,sys1-lon14-p-swi-bel38,sw2p2,,sys1-lon14-p-phy-gpu652,RDMA2,
102898,leaf-gpu-rdma,sys1-lon14-p-swi-bel38,sw3p1,,sys1-lon14-p-phy-gpu653,RDMA2,
102899,leaf-gpu-rdma,sys1-lon14-p-swi-bel38,sw3p2,,sys1-lon14-p-phy-gpu654,RDMA2,
102900,leaf-gpu-rdma,sys1-lon14-p-swi-bel38,sw4p1,,sys1-lon14-p-phy-gpu655,RDMA2,
102901,leaf-gpu-rdma,sys1-lon14-p-swi-bel38,sw4p2,,sys1-lon14-p-phy-gpu656,RDMA2,
102902,leaf-gpu-rdma,sys1-lon14-p-swi-bel38,sw5p1,,sys1-lon14-p-phy-gpu657,RDMA2,
102903,leaf-gpu-rdma,sys1-lon14-p-swi-bel38,sw5p2,,sys1-lon14-p-phy-gpu658,RDMA2,
102904,leaf-gpu-rdma,sys1-lon14-p-swi-bel38,sw6p1,,sys1-lon14-p-phy-gpu659,RDMA2,
102906,leaf-gpu-rdma,sys1-lon14-p-swi-bel38,sw7p1,,sys1-lon14-p-phy-gpu661,RDMA2,
102907,leaf-gpu-rdma,sys1-lon14-p-swi-bel38,sw7p2,,sys1-lon14-p-phy-gpu662,RDMA2,
102908,leaf-gpu-rdma,sys1-lon14-p-swi-bel38,sw8p1,,sys1-lon14-p-phy-gpu663,RDMA2,
102909,leaf-gpu-rdma,sys1-lon14-p-swi-bel38,sw8p2,,sys1-lon14-p-phy-gpu664,RDMA2,
102910,leaf-gpu-rdma,sys1-lon14-p-swi-bel38,sw9p1,,sys1-lon14-p-phy-gpu665,RDMA2,
102911,leaf-gpu-rdma,sys1-lon14-p-swi-bel38,sw9p2,,sys1-lon14-p-phy-gpu666,RDMA2,
102912,leaf-gpu-rdma,sys1-lon14-p-swi-bel38,sw10p1,,sys1-lon14-p-phy-gpu667,RDMA2,
102913,leaf-gpu-rdma,sys1-lon14-p-swi-bel38,sw10p2,,sys1-lon14-p-phy-gpu668,RDMA2,
102914,leaf-gpu-rdma,sys1-lon14-p-swi-bel38,sw11p1,,sys1-lon14-p-phy-gpu669,RDMA2,
102915,leaf-gpu-rdma,sys1-lon14-p-swi-bel38,sw11p2,,sys1-lon14-p-phy-gpu670,RDMA2,
102916,leaf-gpu-rdma,sys1-lon14-p-swi-bel38,sw12p1,,sys1-lon14-p-phy-gpu671,RDMA2,
102917,leaf-gpu-rdma,sys1-lon14-p-swi-bel38,sw12p2,,sys1-lon14-p-phy-gpu672,RDMA2,
102918,leaf-gpu-rdma,sys1-lon14-p-swi-bel38,sw13p1,,sys1-lon14-p-phy-gpu673,RDMA2,
102919,leaf-gpu-rdma,sys1-lon14-p-swi-bel38,sw13p2,,sys1-lon14-p-phy-gpu674,RDMA2,
102920,leaf-gpu-rdma,sys1-lon14-p-swi-bel38,sw14p1,,sys1-lon14-p-phy-gpu675,RDMA2,
102921,leaf-gpu-rdma,sys1-lon14-p-swi-bel38,sw14p2,,sys1-lon14-p-phy-gpu676,RDMA2,
102922,leaf-gpu-rdma,sys1-lon14-p-swi-bel38,sw15p1,,sys1-lon14-p-phy-gpu677,RDMA2,
102923,leaf-gpu-rdma,sys1-lon14-p-swi-bel38,sw15p2,,sys1-lon14-p-phy-gpu678,RDMA2,
102924,leaf-gpu-rdma,sys1-lon14-p-swi-bel38,sw16p1,,sys1-lon14-p-phy-gpu679,RDMA2,
102925,leaf-gpu-rdma,sys1-lon14-p-swi-bel38,sw16p2,,sys1-lon14-p-phy-gpu680,RDMA2,
102926,leaf-gpu-rdma,sys1-lon14-p-swi-bel38,sw17p1,,sys1-lon14-p-phy-gpu681,RDMA2,
102927,leaf-gpu-rdma,sys1-lon14-p-swi-bel38,sw17p2,,sys1-lon14-p-phy-gpu682,RDMA2,
102928,leaf-gpu-rdma,sys1-lon14-p-swi-bel38,sw18p1,,sys1-lon14-p-phy-gpu683,RDMA2,
102929,leaf-gpu-rdma,sys1-lon14-p-swi-bel38,sw18p2,,sys1-lon14-p-phy-gpu684,RDMA2,
102930,leaf-gpu-rdma,sys1-lon14-p-swi-bel38,sw19p1,,sys1-lon14-p-phy-gpu685,RDMA2,
102931,leaf-gpu-rdma,sys1-lon14-p-swi-bel38,sw19p2,,sys1-lon14-p-phy-gpu686,RDMA2,
102932,leaf-gpu-rdma,sys1-lon14-p-swi-bel38,sw20p1,,sys1-lon14-p-phy-gpu687,RDMA2,
102933,leaf-gpu-rdma,sys1-lon14-p-swi-bel38,sw20p2,,sys1-lon14-p-phy-gpu688,RDMA2,
102934,leaf-gpu-rdma,sys1-lon14-p-swi-bel38,sw21p1,,sys1-lon14-p-phy-gpu689,RDMA2,
102935,leaf-gpu-rdma,sys1-lon14-p-swi-bel38,sw21p2,,sys1-lon14-p-phy-gpu690,RDMA2,
102936,leaf-gpu-rdma,sys1-lon14-p-swi-bel38,sw22p1,,sys1-lon14-p-phy-gpu691,RDMA2,
102937,leaf-gpu-rdma,sys1-lon14-p-swi-bel38,sw22p2,,sys1-lon14-p-phy-gpu692,RDMA2,
102938,leaf-gpu-rdma,sys1-lon14-p-swi-bel38,sw23p1,,sys1-lon14-p-phy-gpu693,RDMA2,
102939,leaf-gpu-rdma,sys1-lon14-p-swi-bel38,sw23p2,,sys1-lon14-p-phy-gpu694,RDMA2,
102940,leaf-gpu-rdma,sys1-lon14-p-swi-bel38,sw24p1,,sys1-lon14-p-phy-gpu695,RDMA2,
102941,leaf-gpu-rdma,sys1-lon14-p-swi-bel38,sw24p2,,sys1-lon14-p-phy-gpu696,RDMA2,
102942,leaf-gpu-rdma,sys1-lon14-p-swi-bel38,sw25p1,,sys1-lon14-p-phy-gpu697,RDMA2,
102943,leaf-gpu-rdma,sys1-lon14-p-swi-bel38,sw25p2,,sys1-lon14-p-phy-gpu698,RDMA2,
102944,leaf-gpu-rdma,sys1-lon14-p-swi-bel38,sw26p1,,sys1-lon14-p-phy-gpu699,RDMA2,
102945,leaf-gpu-rdma,sys1-lon14-p-swi-bel38,sw26p2,,sys1-lon14-p-phy-gpu700,RDMA2,
102946,leaf-gpu-rdma,sys1-lon14-p-swi-bel38,sw27p1,,sys1-lon14-p-phy-gpu701,RDMA2,
102947,leaf-gpu-rdma,sys1-lon14-p-swi-bel38,sw27p2,,sys1-lon14-p-phy-gpu702,RDMA2,
102948,leaf-gpu-rdma,sys1-lon14-p-swi-bel38,sw28p1,,sys1-lon14-p-phy-gpu703,RDMA2,
102949,leaf-gpu-rdma,sys1-lon14-p-swi-bel38,sw28p2,,sys1-lon14-p-phy-gpu704,RDMA2,
102950,leaf-gpu-rdma,sys1-lon14-p-swi-bel38,sw29p1,,sys1-lon14-p-phy-gpu705,RDMA2,
102951,leaf-gpu-rdma,sys1-lon14-p-swi-bel38,sw29p2,,sys1-lon14-p-phy-gpu706,RDMA2,
102952,leaf-gpu-rdma,sys1-lon14-p-swi-bel38,sw30p1,,sys1-lon14-p-phy-gpu707,RDMA2,
102953,leaf-gpu-rdma,sys1-lon14-p-swi-bel38,sw30p2,,sys1-lon14-p-phy-gpu708,RDMA2,
102954,leaf-gpu-rdma,sys1-lon14-p-swi-bel38,sw31p1,,sys1-lon14-p-phy-gpu709,RDMA2,
102955,leaf-gpu-rdma,sys1-lon14-p-swi-bel38,sw31p2,,sys1-lon14-p-phy-gpu710,RDMA2,
102956,leaf-gpu-rdma,sys1-lon14-p-swi-bel38,sw32p1,,sys1-lon14-p-phy-gpu711,RDMA2,
102957,leaf-gpu-rdma,sys1-lon14-p-swi-bel38,sw32p2,,sys1-lon14-p-phy-gpu712,RDMA2,
102958,leaf-gpu-rdma,sys1-lon14-p-swi-bel38,sw33p1,,sys1-lon14-p-phy-gpu713,RDMA2,
102959,leaf-gpu-rdma,sys1-lon14-p-swi-bel38,sw33p2,,sys1-lon14-p-phy-gpu714,RDMA2,
102960,leaf-gpu-rdma,sys1-lon14-p-swi-bel38,sw34p1,,sys1-lon14-p-phy-gpu715,RDMA2,
102961,leaf-gpu-rdma,sys1-lon14-p-swi-bel38,sw34p2,,sys1-lon14-p-phy-gpu716,RDMA2,
102962,leaf-gpu-rdma,sys1-lon14-p-swi-bel38,sw35p1,,sys1-lon14-p-phy-gpu717,RDMA2,
102963,leaf-gpu-rdma,sys1-lon14-p-swi-bel38,sw35p2,,sys1-lon14-p-phy-gpu718,RDMA2,
102964,leaf-gpu-rdma,sys1-lon14-p-swi-bel38,sw36p1,,sys1-lon14-p-phy-gpu719,RDMA2,
102965,leaf-gpu-rdma,sys1-lon14-p-swi-bel38,sw36p2,,sys1-lon14-p-phy-gpu720,RDMA2,
102966,leaf-gpu-rdma,sys1-lon14-p-swi-bel39,sw1p1,,sys1-lon14-p-phy-gpu649,RDMA3,
102967,leaf-gpu-rdma,sys1-lon14-p-swi-bel39,sw1p2,,sys1-lon14-p-phy-gpu650,RDMA3,
102968,leaf-gpu-rdma,sys1-lon14-p-swi-bel39,sw2p1,,sys1-lon14-p-phy-gpu651,RDMA3,
102969,leaf-gpu-rdma,sys1-lon14-p-swi-bel39,sw2p2,,sys1-lon14-p-phy-gpu652,RDMA3,
102970,leaf-gpu-rdma,sys1-lon14-p-swi-bel39,sw3p1,,sys1-lon14-p-phy-gpu653,RDMA3,
102971,leaf-gpu-rdma,sys1-lon14-p-swi-bel39,sw3p2,,sys1-lon14-p-phy-gpu654,RDMA3,
102972,leaf-gpu-rdma,sys1-lon14-p-swi-bel39,sw4p1,,sys1-lon14-p-phy-gpu655,RDMA3,
102973,leaf-gpu-rdma,sys1-lon14-p-swi-bel39,sw4p2,,sys1-lon14-p-phy-gpu656,RDMA3,
102974,leaf-gpu-rdma,sys1-lon14-p-swi-bel39,sw5p1,,sys1-lon14-p-phy-gpu657,RDMA3,
102975,leaf-gpu-rdma,sys1-lon14-p-swi-bel39,sw5p2,,sys1-lon14-p-phy-gpu658,RDMA3,
102976,leaf-gpu-rdma,sys1-lon14-p-swi-bel39,sw6p1,,sys1-lon14-p-phy-gpu659,RDMA3,
102978,leaf-gpu-rdma,sys1-lon14-p-swi-bel39,sw7p1,,sys1-lon14-p-phy-gpu661,RDMA3,
102979,leaf-gpu-rdma,sys1-lon14-p-swi-bel39,sw7p2,,sys1-lon14-p-phy-gpu662,RDMA3,
102980,leaf-gpu-rdma,sys1-lon14-p-swi-bel39,sw8p1,,sys1-lon14-p-phy-gpu663,RDMA3,
102981,leaf-gpu-rdma,sys1-lon14-p-swi-bel39,sw8p2,,sys1-lon14-p-phy-gpu664,RDMA3,
102982,leaf-gpu-rdma,sys1-lon14-p-swi-bel39,sw9p1,,sys1-lon14-p-phy-gpu665,RDMA3,
102983,leaf-gpu-rdma,sys1-lon14-p-swi-bel39,sw9p2,,sys1-lon14-p-phy-gpu666,RDMA3,
102984,leaf-gpu-rdma,sys1-lon14-p-swi-bel39,sw10p1,,sys1-lon14-p-phy-gpu667,RDMA3,
102985,leaf-gpu-rdma,sys1-lon14-p-swi-bel39,sw10p2,,sys1-lon14-p-phy-gpu668,RDMA3,
102986,leaf-gpu-rdma,sys1-lon14-p-swi-bel39,sw11p1,,sys1-lon14-p-phy-gpu669,RDMA3,
102987,leaf-gpu-rdma,sys1-lon14-p-swi-bel39,sw11p2,,sys1-lon14-p-phy-gpu670,RDMA3,
102988,leaf-gpu-rdma,sys1-lon14-p-swi-bel39,sw12p1,,sys1-lon14-p-phy-gpu671,RDMA3,
102989,leaf-gpu-rdma,sys1-lon14-p-swi-bel39,sw12p2,,sys1-lon14-p-phy-gpu672,RDMA3,
102990,leaf-gpu-rdma,sys1-lon14-p-swi-bel39,sw13p1,,sys1-lon14-p-phy-gpu673,RDMA3,
102991,leaf-gpu-rdma,sys1-lon14-p-swi-bel39,sw13p2,,sys1-lon14-p-phy-gpu674,RDMA3,
102992,leaf-gpu-rdma,sys1-lon14-p-swi-bel39,sw14p1,,sys1-lon14-p-phy-gpu675,RDMA3,
102993,leaf-gpu-rdma,sys1-lon14-p-swi-bel39,sw14p2,,sys1-lon14-p-phy-gpu676,RDMA3,
102994,leaf-gpu-rdma,sys1-lon14-p-swi-bel39,sw15p1,,sys1-lon14-p-phy-gpu677,RDMA3,
102995,leaf-gpu-rdma,sys1-lon14-p-swi-bel39,sw15p2,,sys1-lon14-p-phy-gpu678,RDMA3,
102996,leaf-gpu-rdma,sys1-lon14-p-swi-bel39,sw16p1,,sys1-lon14-p-phy-gpu679,RDMA3,
102997,leaf-gpu-rdma,sys1-lon14-p-swi-bel39,sw16p2,,sys1-lon14-p-phy-gpu680,RDMA3,
102998,leaf-gpu-rdma,sys1-lon14-p-swi-bel39,sw17p1,,sys1-lon14-p-phy-gpu681,RDMA3,
102999,leaf-gpu-rdma,sys1-lon14-p-swi-bel39,sw17p2,,sys1-lon14-p-phy-gpu682,RDMA3,
103000,leaf-gpu-rdma,sys1-lon14-p-swi-bel39,sw18p1,,sys1-lon14-p-phy-gpu683,RDMA3,
103001,leaf-gpu-rdma,sys1-lon14-p-swi-bel39,sw18p2,,sys1-lon14-p-phy-gpu684,RDMA3,
103002,leaf-gpu-rdma,sys1-lon14-p-swi-bel39,sw19p1,,sys1-lon14-p-phy-gpu685,RDMA3,
103003,leaf-gpu-rdma,sys1-lon14-p-swi-bel39,sw19p2,,sys1-lon14-p-phy-gpu686,RDMA3,
103004,leaf-gpu-rdma,sys1-lon14-p-swi-bel39,sw20p1,,sys1-lon14-p-phy-gpu687,RDMA3,
103005,leaf-gpu-rdma,sys1-lon14-p-swi-bel39,sw20p2,,sys1-lon14-p-phy-gpu688,RDMA3,
103006,leaf-gpu-rdma,sys1-lon14-p-swi-bel39,sw21p1,,sys1-lon14-p-phy-gpu689,RDMA3,
103007,leaf-gpu-rdma,sys1-lon14-p-swi-bel39,sw21p2,,sys1-lon14-p-phy-gpu690,RDMA3,
103008,leaf-gpu-rdma,sys1-lon14-p-swi-bel39,sw22p1,,sys1-lon14-p-phy-gpu691,RDMA3,
103009,leaf-gpu-rdma,sys1-lon14-p-swi-bel39,sw22p2,,sys1-lon14-p-phy-gpu692,RDMA3,
103010,leaf-gpu-rdma,sys1-lon14-p-swi-bel39,sw23p1,,sys1-lon14-p-phy-gpu693,RDMA3,
103011,leaf-gpu-rdma,sys1-lon14-p-swi-bel39,sw23p2,,sys1-lon14-p-phy-gpu694,RDMA3,
103012,leaf-gpu-rdma,sys1-lon14-p-swi-bel39,sw24p1,,sys1-lon14-p-phy-gpu695,RDMA3,
103013,leaf-gpu-rdma,sys1-lon14-p-swi-bel39,sw24p2,,sys1-lon14-p-phy-gpu696,RDMA3,
103014,leaf-gpu-rdma,sys1-lon14-p-swi-bel39,sw25p1,,sys1-lon14-p-phy-gpu697,RDMA3,
103015,leaf-gpu-rdma,sys1-lon14-p-swi-bel39,sw25p2,,sys1-lon14-p-phy-gpu698,RDMA3,
103016,leaf-gpu-rdma,sys1-lon14-p-swi-bel39,sw26p1,,sys1-lon14-p-phy-gpu699,RDMA3,
103017,leaf-gpu-rdma,sys1-lon14-p-swi-bel39,sw26p2,,sys1-lon14-p-phy-gpu700,RDMA3,
103018,leaf-gpu-rdma,sys1-lon14-p-swi-bel39,sw27p1,,sys1-lon14-p-phy-gpu701,RDMA3,
103019,leaf-gpu-rdma,sys1-lon14-p-swi-bel39,sw27p2,,sys1-lon14-p-phy-gpu702,RDMA3,
103020,leaf-gpu-rdma,sys1-lon14-p-swi-bel39,sw28p1,,sys1-lon14-p-phy-gpu703,RDMA3,
103021,leaf-gpu-rdma,sys1-lon14-p-swi-bel39,sw28p2,,sys1-lon14-p-phy-gpu704,RDMA3,
103022,leaf-gpu-rdma,sys1-lon14-p-swi-bel39,sw29p1,,sys1-lon14-p-phy-gpu705,RDMA3,
103023,leaf-gpu-rdma,sys1-lon14-p-swi-bel39,sw29p2,,sys1-lon14-p-phy-gpu706,RDMA3,
103024,leaf-gpu-rdma,sys1-lon14-p-swi-bel39,sw30p1,,sys1-lon14-p-phy-gpu707,RDMA3,
103025,leaf-gpu-rdma,sys1-lon14-p-swi-bel39,sw30p2,,sys1-lon14-p-phy-gpu708,RDMA3,
103026,leaf-gpu-rdma,sys1-lon14-p-swi-bel39,sw31p1,,sys1-lon14-p-phy-gpu709,RDMA3,
103027,leaf-gpu-rdma,sys1-lon14-p-swi-bel39,sw31p2,,sys1-lon14-p-phy-gpu710,RDMA3,
103028,leaf-gpu-rdma,sys1-lon14-p-swi-bel39,sw32p1,,sys1-lon14-p-phy-gpu711,RDMA3,
103029,leaf-gpu-rdma,sys1-lon14-p-swi-bel39,sw32p2,,sys1-lon14-p-phy-gpu712,RDMA3,
103030,leaf-gpu-rdma,sys1-lon14-p-swi-bel39,sw33p1,,sys1-lon14-p-phy-gpu713,RDMA3,
103031,leaf-gpu-rdma,sys1-lon14-p-swi-bel39,sw33p2,,sys1-lon14-p-phy-gpu714,RDMA3,
103032,leaf-gpu-rdma,sys1-lon14-p-swi-bel39,sw34p1,,sys1-lon14-p-phy-gpu715,RDMA3,
103033,leaf-gpu-rdma,sys1-lon14-p-swi-bel39,sw34p2,,sys1-lon14-p-phy-gpu716,RDMA3,
103034,leaf-gpu-rdma,sys1-lon14-p-swi-bel39,sw35p1,,sys1-lon14-p-phy-gpu717,RDMA3,
103035,leaf-gpu-rdma,sys1-lon14-p-swi-bel39,sw35p2,,sys1-lon14-p-phy-gpu718,RDMA3,
103036,leaf-gpu-rdma,sys1-lon14-p-swi-bel39,sw36p1,,sys1-lon14-p-phy-gpu719,RDMA3,
103037,leaf-gpu-rdma,sys1-lon14-p-swi-bel39,sw36p2,,sys1-lon14-p-phy-gpu720,RDMA3,
103038,leaf-gpu-rdma,sys1-lon14-p-swi-bel40,sw1p1,,sys1-lon14-p-phy-gpu649,RDMA4,
103039,leaf-gpu-rdma,sys1-lon14-p-swi-bel40,sw1p2,,sys1-lon14-p-phy-gpu650,RDMA4,
103040,leaf-gpu-rdma,sys1-lon14-p-swi-bel40,sw2p1,,sys1-lon14-p-phy-gpu651,RDMA4,
103041,leaf-gpu-rdma,sys1-lon14-p-swi-bel40,sw2p2,,sys1-lon14-p-phy-gpu652,RDMA4,
103042,leaf-gpu-rdma,sys1-lon14-p-swi-bel40,sw3p1,,sys1-lon14-p-phy-gpu653,RDMA4,
103043,leaf-gpu-rdma,sys1-lon14-p-swi-bel40,sw3p2,,sys1-lon14-p-phy-gpu654,RDMA4,
103044,leaf-gpu-rdma,sys1-lon14-p-swi-bel40,sw4p1,,sys1-lon14-p-phy-gpu655,RDMA4,
103045,leaf-gpu-rdma,sys1-lon14-p-swi-bel40,sw4p2,,sys1-lon14-p-phy-gpu656,RDMA4,
103046,leaf-gpu-rdma,sys1-lon14-p-swi-bel40,sw5p1,,sys1-lon14-p-phy-gpu657,RDMA4,
103047,leaf-gpu-rdma,sys1-lon14-p-swi-bel40,sw5p2,,sys1-lon14-p-phy-gpu658,RDMA4,
103048,leaf-gpu-rdma,sys1-lon14-p-swi-bel40,sw6p1,,sys1-lon14-p-phy-gpu659,RDMA4,
103050,leaf-gpu-rdma,sys1-lon14-p-swi-bel40,sw7p1,,sys1-lon14-p-phy-gpu661,RDMA4,
103051,leaf-gpu-rdma,sys1-lon14-p-swi-bel40,sw7p2,,sys1-lon14-p-phy-gpu662,RDMA4,
103052,leaf-gpu-rdma,sys1-lon14-p-swi-bel40,sw8p1,,sys1-lon14-p-phy-gpu663,RDMA4,
103053,leaf-gpu-rdma,sys1-lon14-p-swi-bel40,sw8p2,,sys1-lon14-p-phy-gpu664,RDMA4,
103054,leaf-gpu-rdma,sys1-lon14-p-swi-bel40,sw9p1,,sys1-lon14-p-phy-gpu665,RDMA4,
103055,leaf-gpu-rdma,sys1-lon14-p-swi-bel40,sw9p2,,sys1-lon14-p-phy-gpu666,RDMA4,
103056,leaf-gpu-rdma,sys1-lon14-p-swi-bel40,sw10p1,,sys1-lon14-p-phy-gpu667,RDMA4,
103057,leaf-gpu-rdma,sys1-lon14-p-swi-bel40,sw10p2,,sys1-lon14-p-phy-gpu668,RDMA4,
103058,leaf-gpu-rdma,sys1-lon14-p-swi-bel40,sw11p1,,sys1-lon14-p-phy-gpu669,RDMA4,
103059,leaf-gpu-rdma,sys1-lon14-p-swi-bel40,sw11p2,,sys1-lon14-p-phy-gpu670,RDMA4,
103060,leaf-gpu-rdma,sys1-lon14-p-swi-bel40,sw12p1,,sys1-lon14-p-phy-gpu671,RDMA4,
103061,leaf-gpu-rdma,sys1-lon14-p-swi-bel40,sw12p2,,sys1-lon14-p-phy-gpu672,RDMA4,
103062,leaf-gpu-rdma,sys1-lon14-p-swi-bel40,sw13p1,,sys1-lon14-p-phy-gpu673,RDMA4,
103063,leaf-gpu-rdma,sys1-lon14-p-swi-bel40,sw13p2,,sys1-lon14-p-phy-gpu674,RDMA4,
103064,leaf-gpu-rdma,sys1-lon14-p-swi-bel40,sw14p1,,sys1-lon14-p-phy-gpu675,RDMA4,
103065,leaf-gpu-rdma,sys1-lon14-p-swi-bel40,sw14p2,,sys1-lon14-p-phy-gpu676,RDMA4,
103066,leaf-gpu-rdma,sys1-lon14-p-swi-bel40,sw15p1,,sys1-lon14-p-phy-gpu677,RDMA4,
103067,leaf-gpu-rdma,sys1-lon14-p-swi-bel40,sw15p2,,sys1-lon14-p-phy-gpu678,RDMA4,
103068,leaf-gpu-rdma,sys1-lon14-p-swi-bel40,sw16p1,,sys1-lon14-p-phy-gpu679,RDMA4,
103069,leaf-gpu-rdma,sys1-lon14-p-swi-bel40,sw16p2,,sys1-lon14-p-phy-gpu680,RDMA4,
103070,leaf-gpu-rdma,sys1-lon14-p-swi-bel40,sw17p1,,sys1-lon14-p-phy-gpu681,RDMA4,
103071,leaf-gpu-rdma,sys1-lon14-p-swi-bel40,sw17p2,,sys1-lon14-p-phy-gpu682,RDMA4,
103072,leaf-gpu-rdma,sys1-lon14-p-swi-bel40,sw18p1,,sys1-lon14-p-phy-gpu683,RDMA4,
103073,leaf-gpu-rdma,sys1-lon14-p-swi-bel40,sw18p2,,sys1-lon14-p-phy-gpu684,RDMA4,
103074,leaf-gpu-rdma,sys1-lon14-p-swi-bel40,sw19p1,,sys1-lon14-p-phy-gpu685,RDMA4,
103075,leaf-gpu-rdma,sys1-lon14-p-swi-bel40,sw19p2,,sys1-lon14-p-phy-gpu686,RDMA4,
103076,leaf-gpu-rdma,sys1-lon14-p-swi-bel40,sw20p1,,sys1-lon14-p-phy-gpu687,RDMA4,
103077,leaf-gpu-rdma,sys1-lon14-p-swi-bel40,sw20p2,,sys1-lon14-p-phy-gpu688,RDMA4,
103078,leaf-gpu-rdma,sys1-lon14-p-swi-bel40,sw21p1,,sys1-lon14-p-phy-gpu689,RDMA4,
103079,leaf-gpu-rdma,sys1-lon14-p-swi-bel40,sw21p2,,sys1-lon14-p-phy-gpu690,RDMA4,
103080,leaf-gpu-rdma,sys1-lon14-p-swi-bel40,sw22p1,,sys1-lon14-p-phy-gpu691,RDMA4,
103081,leaf-gpu-rdma,sys1-lon14-p-swi-bel40,sw22p2,,sys1-lon14-p-phy-gpu692,RDMA4,
103082,leaf-gpu-rdma,sys1-lon14-p-swi-bel40,sw23p1,,sys1-lon14-p-phy-gpu693,RDMA4,
103083,leaf-gpu-rdma,sys1-lon14-p-swi-bel40,sw23p2,,sys1-lon14-p-phy-gpu694,RDMA4,
103084,leaf-gpu-rdma,sys1-lon14-p-swi-bel40,sw24p1,,sys1-lon14-p-phy-gpu695,RDMA4,
103085,leaf-gpu-rdma,sys1-lon14-p-swi-bel40,sw24p2,,sys1-lon14-p-phy-gpu696,RDMA4,
103086,leaf-gpu-rdma,sys1-lon14-p-swi-bel40,sw25p1,,sys1-lon14-p-phy-gpu697,RDMA4,
103087,leaf-gpu-rdma,sys1-lon14-p-swi-bel40,sw25p2,,sys1-lon14-p-phy-gpu698,RDMA4,
103088,leaf-gpu-rdma,sys1-lon14-p-swi-bel40,sw26p1,,sys1-lon14-p-phy-gpu699,RDMA4,
103089,leaf-gpu-rdma,sys1-lon14-p-swi-bel40,sw26p2,,sys1-lon14-p-phy-gpu700,RDMA4,
103090,leaf-gpu-rdma,sys1-lon14-p-swi-bel40,sw27p1,,sys1-lon14-p-phy-gpu701,RDMA4,
103091,leaf-gpu-rdma,sys1-lon14-p-swi-bel40,sw27p2,,sys1-lon14-p-phy-gpu702,RDMA4,
103092,leaf-gpu-rdma,sys1-lon14-p-swi-bel40,sw28p1,,sys1-lon14-p-phy-gpu703,RDMA4,
103093,leaf-gpu-rdma,sys1-lon14-p-swi-bel40,sw28p2,,sys1-lon14-p-phy-gpu704,RDMA4,
103094,leaf-gpu-rdma,sys1-lon14-p-swi-bel40,sw29p1,,sys1-lon14-p-phy-gpu705,RDMA4,
103095,leaf-gpu-rdma,sys1-lon14-p-swi-bel40,sw29p2,,sys1-lon14-p-phy-gpu706,RDMA4,
103096,leaf-gpu-rdma,sys1-lon14-p-swi-bel40,sw30p1,,sys1-lon14-p-phy-gpu707,RDMA4,
103097,leaf-gpu-rdma,sys1-lon14-p-swi-bel40,sw30p2,,sys1-lon14-p-phy-gpu708,RDMA4,
103098,leaf-gpu-rdma,sys1-lon14-p-swi-bel40,sw31p1,,sys1-lon14-p-phy-gpu709,RDMA4,
103099,leaf-gpu-rdma,sys1-lon14-p-swi-bel40,sw31p2,,sys1-lon14-p-phy-gpu710,RDMA4,
103100,leaf-gpu-rdma,sys1-lon14-p-swi-bel40,sw32p1,,sys1-lon14-p-phy-gpu711,RDMA4,
103101,leaf-gpu-rdma,sys1-lon14-p-swi-bel40,sw32p2,,sys1-lon14-p-phy-gpu712,RDMA4,
103102,leaf-gpu-rdma,sys1-lon14-p-swi-bel40,sw33p1,,sys1-lon14-p-phy-gpu713,RDMA4,
103103,leaf-gpu-rdma,sys1-lon14-p-swi-bel40,sw33p2,,sys1-lon14-p-phy-gpu714,RDMA4,
103104,leaf-gpu-rdma,sys1-lon14-p-swi-bel40,sw34p1,,sys1-lon14-p-phy-gpu715,RDMA4,
103105,leaf-gpu-rdma,sys1-lon14-p-swi-bel40,sw34p2,,sys1-lon14-p-phy-gpu716,RDMA4,
103106,leaf-gpu-rdma,sys1-lon14-p-swi-bel40,sw35p1,,sys1-lon14-p-phy-gpu717,RDMA4,
103107,leaf-gpu-rdma,sys1-lon14-p-swi-bel40,sw35p2,,sys1-lon14-p-phy-gpu718,RDMA4,
103108,leaf-gpu-rdma,sys1-lon14-p-swi-bel40,sw36p1,,sys1-lon14-p-phy-gpu719,RDMA4,
103109,leaf-gpu-rdma,sys1-lon14-p-swi-bel40,sw36p2,,sys1-lon14-p-phy-gpu720,RDMA4,
103110,leaf-gpu-rdma,sys1-lon14-p-swi-bel41,sw1p1,,sys1-lon14-p-phy-gpu721,RDMA1,
103111,leaf-gpu-rdma,sys1-lon14-p-swi-bel41,sw1p2,,sys1-lon14-p-phy-gpu722,RDMA1,
103112,leaf-gpu-rdma,sys1-lon14-p-swi-bel41,sw2p1,,sys1-lon14-p-phy-gpu723,RDMA1,
103113,leaf-gpu-rdma,sys1-lon14-p-swi-bel41,sw2p2,,sys1-lon14-p-phy-gpu724,RDMA1,
103114,leaf-gpu-rdma,sys1-lon14-p-swi-bel41,sw3p1,,sys1-lon14-p-phy-gpu725,RDMA1,
103115,leaf-gpu-rdma,sys1-lon14-p-swi-bel41,sw3p2,,sys1-lon14-p-phy-gpu726,RDMA1,
103117,leaf-gpu-rdma,sys1-lon14-p-swi-bel41,sw4p2,,sys1-lon14-p-phy-gpu728,RDMA1,
103118,leaf-gpu-rdma,sys1-lon14-p-swi-bel41,sw5p1,,sys1-lon14-p-phy-gpu729,RDMA1,
103119,leaf-gpu-rdma,sys1-lon14-p-swi-bel41,sw5p2,,sys1-lon14-p-phy-gpu730,RDMA1,
103120,leaf-gpu-rdma,sys1-lon14-p-swi-bel41,sw6p1,,sys1-lon14-p-phy-gpu731,RDMA1,
103121,leaf-gpu-rdma,sys1-lon14-p-swi-bel41,sw6p2,,sys1-lon14-p-phy-gpu732,RDMA1,
103122,leaf-gpu-rdma,sys1-lon14-p-swi-bel41,sw7p1,,sys1-lon14-p-phy-gpu733,RDMA1,
103123,leaf-gpu-rdma,sys1-lon14-p-swi-bel41,sw7p2,,sys1-lon14-p-phy-gpu734,RDMA1,
103124,leaf-gpu-rdma,sys1-lon14-p-swi-bel41,sw8p1,,sys1-lon14-p-phy-gpu735,RDMA1,
103125,leaf-gpu-rdma,sys1-lon14-p-swi-bel41,sw8p2,,sys1-lon14-p-phy-gpu736,RDMA1,
103126,leaf-gpu-rdma,sys1-lon14-p-swi-bel41,sw9p1,,sys1-lon14-p-phy-gpu737,RDMA1,
103127,leaf-gpu-rdma,sys1-lon14-p-swi-bel41,sw9p2,,sys1-lon14-p-phy-gpu738,RDMA1,
103128,leaf-gpu-rdma,sys1-lon14-p-swi-bel41,sw10p1,,sys1-lon14-p-phy-gpu739,RDMA1,
103129,leaf-gpu-rdma,sys1-lon14-p-swi-bel41,sw10p2,,sys1-lon14-p-phy-gpu740,RDMA1,
103130,leaf-gpu-rdma,sys1-lon14-p-swi-bel41,sw11p1,,sys1-lon14-p-phy-gpu741,RDMA1,
103131,leaf-gpu-rdma,sys1-lon14-p-swi-bel41,sw11p2,,sys1-lon14-p-phy-gpu742,RDMA1,
103132,leaf-gpu-rdma,sys1-lon14-p-swi-bel41,sw12p1,,sys1-lon14-p-phy-gpu743,RDMA1,
103133,leaf-gpu-rdma,sys1-lon14-p-swi-bel41,sw12p2,,sys1-lon14-p-phy-gpu744,RDMA1,
103134,leaf-gpu-rdma,sys1-lon14-p-swi-bel41,sw13p1,,sys1-lon14-p-phy-gpu765,RDMA1,
103135,leaf-gpu-rdma,sys1-lon14-p-swi-bel41,sw13p2,,sys1-lon14-p-phy-gpu746,RDMA1,
103136,leaf-gpu-rdma,sys1-lon14-p-swi-bel41,sw14p1,,sys1-lon14-p-phy-gpu747,RDMA1,
103137,leaf-gpu-rdma,sys1-lon14-p-swi-bel41,sw14p2,,sys1-lon14-p-phy-gpu748,RDMA1,
103138,leaf-gpu-rdma,sys1-lon14-p-swi-bel41,sw15p1,,sys1-lon14-p-phy-gpu749,RDMA1,
103139,leaf-gpu-rdma,sys1-lon14-p-swi-bel41,sw15p2,,sys1-lon14-p-phy-gpu750,RDMA1,
103140,leaf-gpu-rdma,sys1-lon14-p-swi-bel41,sw16p1,,sys1-lon14-p-phy-gpu751,RDMA1,
103141,leaf-gpu-rdma,sys1-lon14-p-swi-bel41,sw16p2,,sys1-lon14-p-phy-gpu752,RDMA1,
103142,leaf-gpu-rdma,sys1-lon14-p-swi-bel41,sw17p1,,sys1-lon14-p-phy-gpu753,RDMA1,
103143,leaf-gpu-rdma,sys1-lon14-p-swi-bel41,sw17p2,,sys1-lon14-p-phy-gpu754,RDMA1,
103144,leaf-gpu-rdma,sys1-lon14-p-swi-bel41,sw18p1,,sys1-lon14-p-phy-gpu755,RDMA1,
103145,leaf-gpu-rdma,sys1-lon14-p-swi-bel41,sw18p2,,sys1-lon14-p-phy-gpu756,RDMA1,
103149,leaf-gpu-rdma,sys1-lon14-p-swi-bel41,sw20p2,,sys1-lon14-p-phy-gpu971,RDMA1,
103154,leaf-gpu-rdma,sys1-lon14-p-swi-bel41,sw23p1,,sys1-lon14-p-phy-gpu745,RDMA1,
103156,leaf-gpu-rdma,sys1-lon14-p-swi-bel41,sw24p1,,sys1-lon14-p-phy-gpu365,RDMA1,
103158,leaf-gpu-rdma,sys1-lon14-p-swi-bel41,sw25p1,,sys1-lon14-p-phy-gpu926,RDMA1,
103159,leaf-gpu-rdma,sys1-lon14-p-swi-bel41,sw25p2,,sys1-lon14-p-phy-gpu355,RDMA1,
103161,leaf-gpu-rdma,sys1-lon14-p-swi-bel41,sw26p2,,sys1-lon14-p-phy-gpu247,RDMA1,
103164,leaf-gpu-rdma,sys1-lon14-p-swi-bel41,sw28p1,,sys1-lon14-p-phy-gpu775,RDMA1,
103165,leaf-gpu-rdma,sys1-lon14-p-swi-bel41,sw28p2,,sys1-lon14-p-phy-gpu776,RDMA1,
103166,leaf-gpu-rdma,sys1-lon14-p-swi-bel41,sw29p1,,sys1-lon14-p-phy-gpu777,RDMA1,
103167,leaf-gpu-rdma,sys1-lon14-p-swi-bel41,sw29p2,,sys1-lon14-p-phy-gpu778,RDMA1,
103168,leaf-gpu-rdma,sys1-lon14-p-swi-bel41,sw30p1,,sys1-lon14-p-phy-gpu779,RDMA1,
103169,leaf-gpu-rdma,sys1-lon14-p-swi-bel41,sw30p2,,sys1-lon14-p-phy-gpu780,RDMA1,
103170,leaf-gpu-rdma,sys1-lon14-p-swi-bel41,sw31p1,,sys1-lon14-p-phy-gpu781,RDMA1,
103171,leaf-gpu-rdma,sys1-lon14-p-swi-bel41,sw31p2,,sys1-lon14-p-phy-gpu782,RDMA1,
103172,leaf-gpu-rdma,sys1-lon14-p-swi-bel41,sw32p1,,sys1-lon14-p-phy-gpu783,RDMA1,
103173,leaf-gpu-rdma,sys1-lon14-p-swi-bel41,sw32p2,,sys1-lon14-p-phy-gpu784,RDMA1,
103174,leaf-gpu-rdma,sys1-lon14-p-swi-bel41,sw33p1,,sys1-lon14-p-phy-gpu785,RDMA1,
103175,leaf-gpu-rdma,sys1-lon14-p-swi-bel41,sw33p2,,sys1-lon14-p-phy-gpu786,RDMA1,
103176,leaf-gpu-rdma,sys1-lon14-p-swi-bel41,sw34p1,,sys1-lon14-p-phy-gpu787,RDMA1,
103177,leaf-gpu-rdma,sys1-lon14-p-swi-bel41,sw34p2,,sys1-lon14-p-phy-gpu788,RDMA1,
103178,leaf-gpu-rdma,sys1-lon14-p-swi-bel41,sw35p1,,sys1-lon14-p-phy-gpu789,RDMA1,
103179,leaf-gpu-rdma,sys1-lon14-p-swi-bel41,sw35p2,,sys1-lon14-p-phy-gpu790,RDMA1,
103180,leaf-gpu-rdma,sys1-lon14-p-swi-bel41,sw36p1,,sys1-lon14-p-phy-gpu791,RDMA1,
103181,leaf-gpu-rdma,sys1-lon14-p-swi-bel41,sw36p2,,sys1-lon14-p-phy-gpu792,RDMA1,
103182,leaf-gpu-rdma,sys1-lon14-p-swi-bel42,sw1p1,,sys1-lon14-p-phy-gpu721,RDMA2,
103183,leaf-gpu-rdma,sys1-lon14-p-swi-bel42,sw1p2,,sys1-lon14-p-phy-gpu722,RDMA2,
103184,leaf-gpu-rdma,sys1-lon14-p-swi-bel42,sw2p1,,sys1-lon14-p-phy-gpu723,RDMA2,
103185,leaf-gpu-rdma,sys1-lon14-p-swi-bel42,sw2p2,,sys1-lon14-p-phy-gpu724,RDMA2,
103186,leaf-gpu-rdma,sys1-lon14-p-swi-bel42,sw3p1,,sys1-lon14-p-phy-gpu725,RDMA2,
103187,leaf-gpu-rdma,sys1-lon14-p-swi-bel42,sw3p2,,sys1-lon14-p-phy-gpu726,RDMA2,
103189,leaf-gpu-rdma,sys1-lon14-p-swi-bel42,sw4p2,,sys1-lon14-p-phy-gpu728,RDMA2,
103190,leaf-gpu-rdma,sys1-lon14-p-swi-bel42,sw5p1,,sys1-lon14-p-phy-gpu729,RDMA2,
103191,leaf-gpu-rdma,sys1-lon14-p-swi-bel42,sw5p2,,sys1-lon14-p-phy-gpu730,RDMA2,
103192,leaf-gpu-rdma,sys1-lon14-p-swi-bel42,sw6p1,,sys1-lon14-p-phy-gpu731,RDMA2,
103193,leaf-gpu-rdma,sys1-lon14-p-swi-bel42,sw6p2,,sys1-lon14-p-phy-gpu732,RDMA2,
103194,leaf-gpu-rdma,sys1-lon14-p-swi-bel42,sw7p1,,sys1-lon14-p-phy-gpu733,RDMA2,
103195,leaf-gpu-rdma,sys1-lon14-p-swi-bel42,sw7p2,,sys1-lon14-p-phy-gpu734,RDMA2,
103196,leaf-gpu-rdma,sys1-lon14-p-swi-bel42,sw8p1,,sys1-lon14-p-phy-gpu735,RDMA2,
103197,leaf-gpu-rdma,sys1-lon14-p-swi-bel42,sw8p2,,sys1-lon14-p-phy-gpu736,RDMA2,
103198,leaf-gpu-rdma,sys1-lon14-p-swi-bel42,sw9p1,,sys1-lon14-p-phy-gpu737,RDMA2,
103199,leaf-gpu-rdma,sys1-lon14-p-swi-bel42,sw9p2,,sys1-lon14-p-phy-gpu738,RDMA2,
103200,leaf-gpu-rdma,sys1-lon14-p-swi-bel42,sw10p1,,sys1-lon14-p-phy-gpu739,RDMA2,
103201,leaf-gpu-rdma,sys1-lon14-p-swi-bel42,sw10p2,,sys1-lon14-p-phy-gpu740,RDMA2,
103202,leaf-gpu-rdma,sys1-lon14-p-swi-bel42,sw11p1,,sys1-lon14-p-phy-gpu741,RDMA2,
103203,leaf-gpu-rdma,sys1-lon14-p-swi-bel42,sw11p2,,sys1-lon14-p-phy-gpu742,RDMA2,
103204,leaf-gpu-rdma,sys1-lon14-p-swi-bel42,sw12p1,,sys1-lon14-p-phy-gpu743,RDMA2,
103205,leaf-gpu-rdma,sys1-lon14-p-swi-bel42,sw12p2,,sys1-lon14-p-phy-gpu744,RDMA2,
103206,leaf-gpu-rdma,sys1-lon14-p-swi-bel42,sw13p1,,sys1-lon14-p-phy-gpu765,RDMA2,
103207,leaf-gpu-rdma,sys1-lon14-p-swi-bel42,sw13p2,,sys1-lon14-p-phy-gpu746,RDMA2,
103208,leaf-gpu-rdma,sys1-lon14-p-swi-bel42,sw14p1,,sys1-lon14-p-phy-gpu747,RDMA2,
103209,leaf-gpu-rdma,sys1-lon14-p-swi-bel42,sw14p2,,sys1-lon14-p-phy-gpu748,RDMA2,
103210,leaf-gpu-rdma,sys1-lon14-p-swi-bel42,sw15p1,,sys1-lon14-p-phy-gpu749,RDMA2,
103211,leaf-gpu-rdma,sys1-lon14-p-swi-bel42,sw15p2,,sys1-lon14-p-phy-gpu750,RDMA2,
103212,leaf-gpu-rdma,sys1-lon14-p-swi-bel42,sw16p1,,sys1-lon14-p-phy-gpu751,RDMA2,
103213,leaf-gpu-rdma,sys1-lon14-p-swi-bel42,sw16p2,,sys1-lon14-p-phy-gpu752,RDMA2,
103214,leaf-gpu-rdma,sys1-lon14-p-swi-bel42,sw17p1,,sys1-lon14-p-phy-gpu753,RDMA2,
103215,leaf-gpu-rdma,sys1-lon14-p-swi-bel42,sw17p2,,sys1-lon14-p-phy-gpu754,RDMA2,
103216,leaf-gpu-rdma,sys1-lon14-p-swi-bel42,sw18p1,,sys1-lon14-p-phy-gpu755,RDMA2,
103217,leaf-gpu-rdma,sys1-lon14-p-swi-bel42,sw18p2,,sys1-lon14-p-phy-gpu756,RDMA2,
103221,leaf-gpu-rdma,sys1-lon14-p-swi-bel42,sw20p2,,sys1-lon14-p-phy-gpu971,RDMA2,
103226,leaf-gpu-rdma,sys1-lon14-p-swi-bel42,sw23p1,,sys1-lon14-p-phy-gpu745,RDMA2,
103228,leaf-gpu-rdma,sys1-lon14-p-swi-bel42,sw24p1,,sys1-lon14-p-phy-gpu365,RDMA2,
103230,leaf-gpu-rdma,sys1-lon14-p-swi-bel42,sw25p1,,sys1-lon14-p-phy-gpu926,RDMA2,
103231,leaf-gpu-rdma,sys1-lon14-p-swi-bel42,sw25p2,,sys1-lon14-p-phy-gpu355,RDMA2,
103233,leaf-gpu-rdma,sys1-lon14-p-swi-bel42,sw26p2,,sys1-lon14-p-phy-gpu247,RDMA2,
103236,leaf-gpu-rdma,sys1-lon14-p-swi-bel42,sw28p1,,sys1-lon14-p-phy-gpu775,RDMA2,
103237,leaf-gpu-rdma,sys1-lon14-p-swi-bel42,sw28p2,,sys1-lon14-p-phy-gpu776,RDMA2,
103238,leaf-gpu-rdma,sys1-lon14-p-swi-bel42,sw29p1,,sys1-lon14-p-phy-gpu777,RDMA2,
103239,leaf-gpu-rdma,sys1-lon14-p-swi-bel42,sw29p2,,sys1-lon14-p-phy-gpu778,RDMA2,
103240,leaf-gpu-rdma,sys1-lon14-p-swi-bel42,sw30p1,,sys1-lon14-p-phy-gpu779,RDMA2,
103241,leaf-gpu-rdma,sys1-lon14-p-swi-bel42,sw30p2,,sys1-lon14-p-phy-gpu780,RDMA2,
103242,leaf-gpu-rdma,sys1-lon14-p-swi-bel42,sw31p1,,sys1-lon14-p-phy-gpu781,RDMA2,
103243,leaf-gpu-rdma,sys1-lon14-p-swi-bel42,sw31p2,,sys1-lon14-p-phy-gpu782,RDMA2,
103244,leaf-gpu-rdma,sys1-lon14-p-swi-bel42,sw32p1,,sys1-lon14-p-phy-gpu783,RDMA2,
103245,leaf-gpu-rdma,sys1-lon14-p-swi-bel42,sw32p2,,sys1-lon14-p-phy-gpu784,RDMA2,
103246,leaf-gpu-rdma,sys1-lon14-p-swi-bel42,sw33p1,,sys1-lon14-p-phy-gpu785,RDMA2,
103247,leaf-gpu-rdma,sys1-lon14-p-swi-bel42,sw33p2,,sys1-lon14-p-phy-gpu786,RDMA2,
103248,leaf-gpu-rdma,sys1-lon14-p-swi-bel42,sw34p1,,sys1-lon14-p-phy-gpu787,RDMA2,
103249,leaf-gpu-rdma,sys1-lon14-p-swi-bel42,sw34p2,,sys1-lon14-p-phy-gpu788,RDMA2,
103250,leaf-gpu-rdma,sys1-lon14-p-swi-bel42,sw35p1,,sys1-lon14-p-phy-gpu789,RDMA2,
103251,leaf-gpu-rdma,sys1-lon14-p-swi-bel42,sw35p2,,sys1-lon14-p-phy-gpu790,RDMA2,
103252,leaf-gpu-rdma,sys1-lon14-p-swi-bel42,sw36p1,,sys1-lon14-p-phy-gpu791,RDMA2,
103253,leaf-gpu-rdma,sys1-lon14-p-swi-bel42,sw36p2,,sys1-lon14-p-phy-gpu792,RDMA2,
103254,leaf-gpu-rdma,sys1-lon14-p-swi-bel43,sw1p1,,sys1-lon14-p-phy-gpu721,RDMA3,
103255,leaf-gpu-rdma,sys1-lon14-p-swi-bel43,sw1p2,,sys1-lon14-p-phy-gpu722,RDMA3,
103256,leaf-gpu-rdma,sys1-lon14-p-swi-bel43,sw2p1,,sys1-lon14-p-phy-gpu723,RDMA3,
103257,leaf-gpu-rdma,sys1-lon14-p-swi-bel43,sw2p2,,sys1-lon14-p-phy-gpu724,RDMA3,
103258,leaf-gpu-rdma,sys1-lon14-p-swi-bel43,sw3p1,,sys1-lon14-p-phy-gpu725,RDMA3,
103259,leaf-gpu-rdma,sys1-lon14-p-swi-bel43,sw3p2,,sys1-lon14-p-phy-gpu726,RDMA3,
103261,leaf-gpu-rdma,sys1-lon14-p-swi-bel43,sw4p2,,sys1-lon14-p-phy-gpu728,RDMA3,
103262,leaf-gpu-rdma,sys1-lon14-p-swi-bel43,sw5p1,,sys1-lon14-p-phy-gpu729,RDMA3,
103263,leaf-gpu-rdma,sys1-lon14-p-swi-bel43,sw5p2,,sys1-lon14-p-phy-gpu730,RDMA3,
103264,leaf-gpu-rdma,sys1-lon14-p-swi-bel43,sw6p1,,sys1-lon14-p-phy-gpu731,RDMA3,
103265,leaf-gpu-rdma,sys1-lon14-p-swi-bel43,sw6p2,,sys1-lon14-p-phy-gpu732,RDMA3,
103266,leaf-gpu-rdma,sys1-lon14-p-swi-bel43,sw7p1,,sys1-lon14-p-phy-gpu733,RDMA3,
103267,leaf-gpu-rdma,sys1-lon14-p-swi-bel43,sw7p2,,sys1-lon14-p-phy-gpu734,RDMA3,
103268,leaf-gpu-rdma,sys1-lon14-p-swi-bel43,sw8p1,,sys1-lon14-p-phy-gpu735,RDMA3,
103269,leaf-gpu-rdma,sys1-lon14-p-swi-bel43,sw8p2,,sys1-lon14-p-phy-gpu736,RDMA3,
103270,leaf-gpu-rdma,sys1-lon14-p-swi-bel43,sw9p1,,sys1-lon14-p-phy-gpu737,RDMA3,
103271,leaf-gpu-rdma,sys1-lon14-p-swi-bel43,sw9p2,,sys1-lon14-p-phy-gpu738,RDMA3,
103272,leaf-gpu-rdma,sys1-lon14-p-swi-bel43,sw10p1,,sys1-lon14-p-phy-gpu739,RDMA3,
103273,leaf-gpu-rdma,sys1-lon14-p-swi-bel43,sw10p2,,sys1-lon14-p-phy-gpu740,RDMA3,
103274,leaf-gpu-rdma,sys1-lon14-p-swi-bel43,sw11p1,,sys1-lon14-p-phy-gpu741,RDMA3,
103275,leaf-gpu-rdma,sys1-lon14-p-swi-bel43,sw11p2,,sys1-lon14-p-phy-gpu742,RDMA3,
103276,leaf-gpu-rdma,sys1-lon14-p-swi-bel43,sw12p1,,sys1-lon14-p-phy-gpu743,RDMA3,
103277,leaf-gpu-rdma,sys1-lon14-p-swi-bel43,sw12p2,,sys1-lon14-p-phy-gpu744,RDMA3,
103278,leaf-gpu-rdma,sys1-lon14-p-swi-bel43,sw13p1,,sys1-lon14-p-phy-gpu765,RDMA3,
103279,leaf-gpu-rdma,sys1-lon14-p-swi-bel43,sw13p2,,sys1-lon14-p-phy-gpu746,RDMA3,
103280,leaf-gpu-rdma,sys1-lon14-p-swi-bel43,sw14p1,,sys1-lon14-p-phy-gpu747,RDMA3,
103281,leaf-gpu-rdma,sys1-lon14-p-swi-bel43,sw14p2,,sys1-lon14-p-phy-gpu748,RDMA3,
103282,leaf-gpu-rdma,sys1-lon14-p-swi-bel43,sw15p1,,sys1-lon14-p-phy-gpu749,RDMA3,
103283,leaf-gpu-rdma,sys1-lon14-p-swi-bel43,sw15p2,,sys1-lon14-p-phy-gpu750,RDMA3,
103284,leaf-gpu-rdma,sys1-lon14-p-swi-bel43,sw16p1,,sys1-lon14-p-phy-gpu751,RDMA3,
103285,leaf-gpu-rdma,sys1-lon14-p-swi-bel43,sw16p2,,sys1-lon14-p-phy-gpu752,RDMA3,
103286,leaf-gpu-rdma,sys1-lon14-p-swi-bel43,sw17p1,,sys1-lon14-p-phy-gpu753,RDMA3,
103287,leaf-gpu-rdma,sys1-lon14-p-swi-bel43,sw17p2,,sys1-lon14-p-phy-gpu754,RDMA3,
103288,leaf-gpu-rdma,sys1-lon14-p-swi-bel43,sw18p1,,sys1-lon14-p-phy-gpu755,RDMA3,
103289,leaf-gpu-rdma,sys1-lon14-p-swi-bel43,sw18p2,,sys1-lon14-p-phy-gpu756,RDMA3,
103293,leaf-gpu-rdma,sys1-lon14-p-swi-bel43,sw20p2,,sys1-lon14-p-phy-gpu971,RDMA3,
103298,leaf-gpu-rdma,sys1-lon14-p-swi-bel43,sw23p1,,sys1-lon14-p-phy-gpu745,RDMA3,
103300,leaf-gpu-rdma,sys1-lon14-p-swi-bel43,sw24p1,,sys1-lon14-p-phy-gpu365,RDMA3,
103302,leaf-gpu-rdma,sys1-lon14-p-swi-bel43,sw25p1,,sys1-lon14-p-phy-gpu926,RDMA3,
103303,leaf-gpu-rdma,sys1-lon14-p-swi-bel43,sw25p2,,sys1-lon14-p-phy-gpu355,RDMA3,
103305,leaf-gpu-rdma,sys1-lon14-p-swi-bel43,sw26p2,,sys1-lon14-p-phy-gpu247,RDMA3,
103308,leaf-gpu-rdma,sys1-lon14-p-swi-bel43,sw28p1,,sys1-lon14-p-phy-gpu775,RDMA3,
103309,leaf-gpu-rdma,sys1-lon14-p-swi-bel43,sw28p2,,sys1-lon14-p-phy-gpu776,RDMA3,
103310,leaf-gpu-rdma,sys1-lon14-p-swi-bel43,sw29p1,,sys1-lon14-p-phy-gpu777,RDMA3,
103311,leaf-gpu-rdma,sys1-lon14-p-swi-bel43,sw29p2,,sys1-lon14-p-phy-gpu778,RDMA3,
103312,leaf-gpu-rdma,sys1-lon14-p-swi-bel43,sw30p1,,sys1-lon14-p-phy-gpu779,RDMA3,
103313,leaf-gpu-rdma,sys1-lon14-p-swi-bel43,sw30p2,,sys1-lon14-p-phy-gpu780,RDMA3,
103314,leaf-gpu-rdma,sys1-lon14-p-swi-bel43,sw31p1,,sys1-lon14-p-phy-gpu781,RDMA3,
103315,leaf-gpu-rdma,sys1-lon14-p-swi-bel43,sw31p2,,sys1-lon14-p-phy-gpu782,RDMA3,
103316,leaf-gpu-rdma,sys1-lon14-p-swi-bel43,sw32p1,,sys1-lon14-p-phy-gpu783,RDMA3,
103317,leaf-gpu-rdma,sys1-lon14-p-swi-bel43,sw32p2,,sys1-lon14-p-phy-gpu784,RDMA3,
103318,leaf-gpu-rdma,sys1-lon14-p-swi-bel43,sw33p1,,sys1-lon14-p-phy-gpu785,RDMA3,
103319,leaf-gpu-rdma,sys1-lon14-p-swi-bel43,sw33p2,,sys1-lon14-p-phy-gpu786,RDMA3,
103320,leaf-gpu-rdma,sys1-lon14-p-swi-bel43,sw34p1,,sys1-lon14-p-phy-gpu787,RDMA3,
103321,leaf-gpu-rdma,sys1-lon14-p-swi-bel43,sw34p2,,sys1-lon14-p-phy-gpu788,RDMA3,
103322,leaf-gpu-rdma,sys1-lon14-p-swi-bel43,sw35p1,,sys1-lon14-p-phy-gpu789,RDMA3,
103323,leaf-gpu-rdma,sys1-lon14-p-swi-bel43,sw35p2,,sys1-lon14-p-phy-gpu790,RDMA3,
103324,leaf-gpu-rdma,sys1-lon14-p-swi-bel43,sw36p1,,sys1-lon14-p-phy-gpu791,RDMA3,
103325,leaf-gpu-rdma,sys1-lon14-p-swi-bel43,sw36p2,,sys1-lon14-p-phy-gpu792,RDMA3,
103326,leaf-gpu-rdma,sys1-lon14-p-swi-bel44,sw1p1,,sys1-lon14-p-phy-gpu721,RDMA4,
103327,leaf-gpu-rdma,sys1-lon14-p-swi-bel44,sw1p2,,sys1-lon14-p-phy-gpu722,RDMA4,
103328,leaf-gpu-rdma,sys1-lon14-p-swi-bel44,sw2p1,,sys1-lon14-p-phy-gpu723,RDMA4,
103329,leaf-gpu-rdma,sys1-lon14-p-swi-bel44,sw2p2,,sys1-lon14-p-phy-gpu724,RDMA4,
103330,leaf-gpu-rdma,sys1-lon14-p-swi-bel44,sw3p1,,sys1-lon14-p-phy-gpu725,RDMA4,
103331,leaf-gpu-rdma,sys1-lon14-p-swi-bel44,sw3p2,,sys1-lon14-p-phy-gpu726,RDMA4,
103333,leaf-gpu-rdma,sys1-lon14-p-swi-bel44,sw4p2,,sys1-lon14-p-phy-gpu728,RDMA4,
103334,leaf-gpu-rdma,sys1-lon14-p-swi-bel44,sw5p1,,sys1-lon14-p-phy-gpu729,RDMA4,
103335,leaf-gpu-rdma,sys1-lon14-p-swi-bel44,sw5p2,,sys1-lon14-p-phy-gpu730,RDMA4,
103336,leaf-gpu-rdma,sys1-lon14-p-swi-bel44,sw6p1,,sys1-lon14-p-phy-gpu731,RDMA4,
103337,leaf-gpu-rdma,sys1-lon14-p-swi-bel44,sw6p2,,sys1-lon14-p-phy-gpu732,RDMA4,
103338,leaf-gpu-rdma,sys1-lon14-p-swi-bel44,sw7p1,,sys1-lon14-p-phy-gpu733,RDMA4,
103339,leaf-gpu-rdma,sys1-lon14-p-swi-bel44,sw7p2,,sys1-lon14-p-phy-gpu734,RDMA4,
103340,leaf-gpu-rdma,sys1-lon14-p-swi-bel44,sw8p1,,sys1-lon14-p-phy-gpu735,RDMA4,
103341,leaf-gpu-rdma,sys1-lon14-p-swi-bel44,sw8p2,,sys1-lon14-p-phy-gpu736,RDMA4,
103342,leaf-gpu-rdma,sys1-lon14-p-swi-bel44,sw9p1,,sys1-lon14-p-phy-gpu737,RDMA4,
103343,leaf-gpu-rdma,sys1-lon14-p-swi-bel44,sw9p2,,sys1-lon14-p-phy-gpu738,RDMA4,
103344,leaf-gpu-rdma,sys1-lon14-p-swi-bel44,sw10p1,,sys1-lon14-p-phy-gpu739,RDMA4,
103345,leaf-gpu-rdma,sys1-lon14-p-swi-bel44,sw10p2,,sys1-lon14-p-phy-gpu740,RDMA4,
103346,leaf-gpu-rdma,sys1-lon14-p-swi-bel44,sw11p1,,sys1-lon14-p-phy-gpu741,RDMA4,
103347,leaf-gpu-rdma,sys1-lon14-p-swi-bel44,sw11p2,,sys1-lon14-p-phy-gpu742,RDMA4,
103348,leaf-gpu-rdma,sys1-lon14-p-swi-bel44,sw12p1,,sys1-lon14-p-phy-gpu743,RDMA4,
103349,leaf-gpu-rdma,sys1-lon14-p-swi-bel44,sw12p2,,sys1-lon14-p-phy-gpu744,RDMA4,
103350,leaf-gpu-rdma,sys1-lon14-p-swi-bel44,sw13p1,,sys1-lon14-p-phy-gpu765,RDMA4,
103351,leaf-gpu-rdma,sys1-lon14-p-swi-bel44,sw13p2,,sys1-lon14-p-phy-gpu746,RDMA4,
103352,leaf-gpu-rdma,sys1-lon14-p-swi-bel44,sw14p1,,sys1-lon14-p-phy-gpu747,RDMA4,
103353,leaf-gpu-rdma,sys1-lon14-p-swi-bel44,sw14p2,,sys1-lon14-p-phy-gpu748,RDMA4,
103354,leaf-gpu-rdma,sys1-lon14-p-swi-bel44,sw15p1,,sys1-lon14-p-phy-gpu749,RDMA4,
103355,leaf-gpu-rdma,sys1-lon14-p-swi-bel44,sw15p2,,sys1-lon14-p-phy-gpu750,RDMA4,
103356,leaf-gpu-rdma,sys1-lon14-p-swi-bel44,sw16p1,,sys1-lon14-p-phy-gpu751,RDMA4,
103357,leaf-gpu-rdma,sys1-lon14-p-swi-bel44,sw16p2,,sys1-lon14-p-phy-gpu752,RDMA4,
103358,leaf-gpu-rdma,sys1-lon14-p-swi-bel44,sw17p1,,sys1-lon14-p-phy-gpu753,RDMA4,
103359,leaf-gpu-rdma,sys1-lon14-p-swi-bel44,sw17p2,,sys1-lon14-p-phy-gpu754,RDMA4,
103360,leaf-gpu-rdma,sys1-lon14-p-swi-bel44,sw18p1,,sys1-lon14-p-phy-gpu755,RDMA4,
103361,leaf-gpu-rdma,sys1-lon14-p-swi-bel44,sw18p2,,sys1-lon14-p-phy-gpu756,RDMA4,
103365,leaf-gpu-rdma,sys1-lon14-p-swi-bel44,sw20p2,,sys1-lon14-p-phy-gpu971,RDMA4,
103370,leaf-gpu-rdma,sys1-lon14-p-swi-bel44,sw23p1,,sys1-lon14-p-phy-gpu745,RDMA4,
103372,leaf-gpu-rdma,sys1-lon14-p-swi-bel44,sw24p1,,sys1-lon14-p-phy-gpu365,RDMA4,
103374,leaf-gpu-rdma,sys1-lon14-p-swi-bel44,sw25p1,,sys1-lon14-p-phy-gpu926,RDMA4,
103375,leaf-gpu-rdma,sys1-lon14-p-swi-bel44,sw25p2,,sys1-lon14-p-phy-gpu355,RDMA4,
103377,leaf-gpu-rdma,sys1-lon14-p-swi-bel44,sw26p2,,sys1-lon14-p-phy-gpu247,RDMA4,
103380,leaf-gpu-rdma,sys1-lon14-p-swi-bel44,sw28p1,,sys1-lon14-p-phy-gpu775,RDMA4,
103381,leaf-gpu-rdma,sys1-lon14-p-swi-bel44,sw28p2,,sys1-lon14-p-phy-gpu776,RDMA4,
103382,leaf-gpu-rdma,sys1-lon14-p-swi-bel44,sw29p1,,sys1-lon14-p-phy-gpu777,RDMA4,
103383,leaf-gpu-rdma,sys1-lon14-p-swi-bel44,sw29p2,,sys1-lon14-p-phy-gpu778,RDMA4,
103384,leaf-gpu-rdma,sys1-lon14-p-swi-bel44,sw30p1,,sys1-lon14-p-phy-gpu779,RDMA4,
103385,leaf-gpu-rdma,sys1-lon14-p-swi-bel44,sw30p2,,sys1-lon14-p-phy-gpu780,RDMA4,
103386,leaf-gpu-rdma,sys1-lon14-p-swi-bel44,sw31p1,,sys1-lon14-p-phy-gpu781,RDMA4,
103387,leaf-gpu-rdma,sys1-lon14-p-swi-bel44,sw31p2,,sys1-lon14-p-phy-gpu782,RDMA4,
103388,leaf-gpu-rdma,sys1-lon14-p-swi-bel44,sw32p1,,sys1-lon14-p-phy-gpu783,RDMA4,
103389,leaf-gpu-rdma,sys1-lon14-p-swi-bel44,sw32p2,,sys1-lon14-p-phy-gpu784,RDMA4,
103390,leaf-gpu-rdma,sys1-lon14-p-swi-bel44,sw33p1,,sys1-lon14-p-phy-gpu785,RDMA4,
103391,leaf-gpu-rdma,sys1-lon14-p-swi-bel44,sw33p2,,sys1-lon14-p-phy-gpu786,RDMA4,
103392,leaf-gpu-rdma,sys1-lon14-p-swi-bel44,sw34p1,,sys1-lon14-p-phy-gpu787,RDMA4,
103393,leaf-gpu-rdma,sys1-lon14-p-swi-bel44,sw34p2,,sys1-lon14-p-phy-gpu788,RDMA4,
103394,leaf-gpu-rdma,sys1-lon14-p-swi-bel44,sw35p1,,sys1-lon14-p-phy-gpu789,RDMA4,
103395,leaf-gpu-rdma,sys1-lon14-p-swi-bel44,sw35p2,,sys1-lon14-p-phy-gpu790,RDMA4,
103396,leaf-gpu-rdma,sys1-lon14-p-swi-bel44,sw36p1,,sys1-lon14-p-phy-gpu791,RDMA4,
103397,leaf-gpu-rdma,sys1-lon14-p-swi-bel44,sw36p2,,sys1-lon14-p-phy-gpu792,RDMA4,
103398,leaf-gpu-rdma,sys1-lon14-p-swi-bel45,sw1p1,,sys1-lon14-p-phy-gpu793,RDMA1,
103399,leaf-gpu-rdma,sys1-lon14-p-swi-bel45,sw1p2,,sys1-lon14-p-phy-gpu794,RDMA1,
103400,leaf-gpu-rdma,sys1-lon14-p-swi-bel45,sw2p1,,sys1-lon14-p-phy-gpu795,RDMA1,
103401,leaf-gpu-rdma,sys1-lon14-p-swi-bel45,sw2p2,,sys1-lon14-p-phy-gpu796,RDMA1,
103402,leaf-gpu-rdma,sys1-lon14-p-swi-bel45,sw3p1,,sys1-lon14-p-phy-gpu797,RDMA1,
103403,leaf-gpu-rdma,sys1-lon14-p-swi-bel45,sw3p2,,sys1-lon14-p-phy-gpu798,RDMA1,
103404,leaf-gpu-rdma,sys1-lon14-p-swi-bel45,sw4p1,,sys1-lon14-p-phy-gpu799,RDMA1,
103405,leaf-gpu-rdma,sys1-lon14-p-swi-bel45,sw4p2,,sys1-lon14-p-phy-gpu800,RDMA1,
103406,leaf-gpu-rdma,sys1-lon14-p-swi-bel45,sw5p1,,sys1-lon14-p-phy-gpu801,RDMA1,
103407,leaf-gpu-rdma,sys1-lon14-p-swi-bel45,sw5p2,,sys1-lon14-p-phy-gpu802,RDMA1,
103408,leaf-gpu-rdma,sys1-lon14-p-swi-bel45,sw6p1,,sys1-lon14-p-phy-gpu803,RDMA1,
103409,leaf-gpu-rdma,sys1-lon14-p-swi-bel45,sw6p2,,sys1-lon14-p-phy-gpu804,RDMA1,
103410,leaf-gpu-rdma,sys1-lon14-p-swi-bel45,sw7p1,,sys1-lon14-p-phy-gpu805,RDMA1,
103411,leaf-gpu-rdma,sys1-lon14-p-swi-bel45,sw7p2,,sys1-lon14-p-phy-gpu806,RDMA1,
103412,leaf-gpu-rdma,sys1-lon14-p-swi-bel45,sw8p1,,sys1-lon14-p-phy-gpu807,RDMA1,
103413,leaf-gpu-rdma,sys1-lon14-p-swi-bel45,sw8p2,,sys1-lon14-p-phy-gpu808,RDMA1,
103414,leaf-gpu-rdma,sys1-lon14-p-swi-bel45,sw9p1,,sys1-lon14-p-phy-gpu809,RDMA1,
103415,leaf-gpu-rdma,sys1-lon14-p-swi-bel45,sw9p2,,sys1-lon14-p-phy-gpu810,RDMA1,
103416,leaf-gpu-rdma,sys1-lon14-p-swi-bel45,sw10p1,,sys1-lon14-p-phy-gpu811,RDMA1,
103417,leaf-gpu-rdma,sys1-lon14-p-swi-bel45,sw10p2,,sys1-lon14-p-phy-gpu812,RDMA1,
103418,leaf-gpu-rdma,sys1-lon14-p-swi-bel45,sw11p1,,sys1-lon14-p-phy-gpu813,RDMA1,
103419,leaf-gpu-rdma,sys1-lon14-p-swi-bel45,sw11p2,,sys1-lon14-p-phy-gpu814,RDMA1,
103420,leaf-gpu-rdma,sys1-lon14-p-swi-bel45,sw12p1,,sys1-lon14-p-phy-gpu815,RDMA1,
103421,leaf-gpu-rdma,sys1-lon14-p-swi-bel45,sw12p2,,sys1-lon14-p-phy-gpu816,RDMA1,
103422,leaf-gpu-rdma,sys1-lon14-p-swi-bel45,sw13p1,,sys1-lon14-p-phy-gpu817,RDMA1,
103423,leaf-gpu-rdma,sys1-lon14-p-swi-bel45,sw13p2,,sys1-lon14-p-phy-gpu818,RDMA1,
103424,leaf-gpu-rdma,sys1-lon14-p-swi-bel45,sw14p1,,sys1-lon14-p-phy-gpu819,RDMA1,
103425,leaf-gpu-rdma,sys1-lon14-p-swi-bel45,sw14p2,,sys1-lon14-p-phy-gpu820,RDMA1,
103426,leaf-gpu-rdma,sys1-lon14-p-swi-bel45,sw15p1,,sys1-lon14-p-phy-gpu821,RDMA1,
103427,leaf-gpu-rdma,sys1-lon14-p-swi-bel45,sw15p2,,sys1-lon14-p-phy-gpu822,RDMA1,
103428,leaf-gpu-rdma,sys1-lon14-p-swi-bel45,sw16p1,,sys1-lon14-p-phy-gpu823,RDMA1,
103429,leaf-gpu-rdma,sys1-lon14-p-swi-bel45,sw16p2,,sys1-lon14-p-phy-gpu824,RDMA1,
103430,leaf-gpu-rdma,sys1-lon14-p-swi-bel45,sw17p1,,sys1-lon14-p-phy-gpu825,RDMA1,
103431,leaf-gpu-rdma,sys1-lon14-p-swi-bel45,sw17p2,,sys1-lon14-p-phy-gpu826,RDMA1,
103432,leaf-gpu-rdma,sys1-lon14-p-swi-bel45,sw18p1,,sys1-lon14-p-phy-gpu827,RDMA1,
103433,leaf-gpu-rdma,sys1-lon14-p-swi-bel45,sw18p2,,sys1-lon14-p-phy-gpu828,RDMA1,
103434,leaf-gpu-rdma,sys1-lon14-p-swi-bel45,sw19p1,,sys1-lon14-p-phy-gpu829,RDMA1,
103435,leaf-gpu-rdma,sys1-lon14-p-swi-bel45,sw19p2,,sys1-lon14-p-phy-gpu830,RDMA1,
103436,leaf-gpu-rdma,sys1-lon14-p-swi-bel45,sw20p1,,sys1-lon14-p-phy-gpu831,RDMA1,
103437,leaf-gpu-rdma,sys1-lon14-p-swi-bel45,sw20p2,,sys1-lon14-p-phy-gpu832,RDMA1,
103438,leaf-gpu-rdma,sys1-lon14-p-swi-bel45,sw21p1,,sys1-lon14-p-phy-gpu833,RDMA1,
103439,leaf-gpu-rdma,sys1-lon14-p-swi-bel45,sw21p2,,sys1-lon14-p-phy-gpu834,RDMA1,
103440,leaf-gpu-rdma,sys1-lon14-p-swi-bel45,sw22p1,,sys1-lon14-p-phy-gpu835,RDMA1,
103441,leaf-gpu-rdma,sys1-lon14-p-swi-bel45,sw22p2,,sys1-lon14-p-phy-gpu836,RDMA1,
103442,leaf-gpu-rdma,sys1-lon14-p-swi-bel45,sw23p1,,sys1-lon14-p-phy-gpu837,RDMA1,
103443,leaf-gpu-rdma,sys1-lon14-p-swi-bel45,sw23p2,,sys1-lon14-p-phy-gpu838,RDMA1,
103444,leaf-gpu-rdma,sys1-lon14-p-swi-bel45,sw24p1,,sys1-lon14-p-phy-gpu839,RDMA1,
103445,leaf-gpu-rdma,sys1-lon14-p-swi-bel45,sw24p2,,sys1-lon14-p-phy-gpu840,RDMA1,
103446,leaf-gpu-rdma,sys1-lon14-p-swi-bel45,sw25p1,,sys1-lon14-p-phy-gpu841,RDMA1,
103447,leaf-gpu-rdma,sys1-lon14-p-swi-bel45,sw25p2,,sys1-lon14-p-phy-gpu842,RDMA1,
103448,leaf-gpu-rdma,sys1-lon14-p-swi-bel45,sw26p1,,sys1-lon14-p-phy-gpu843,RDMA1,
103449,leaf-gpu-rdma,sys1-lon14-p-swi-bel45,sw26p2,,sys1-lon14-p-phy-gpu844,RDMA1,
103450,leaf-gpu-rdma,sys1-lon14-p-swi-bel45,sw27p1,,sys1-lon14-p-phy-gpu845,RDMA1,
103451,leaf-gpu-rdma,sys1-lon14-p-swi-bel45,sw27p2,,sys1-lon14-p-phy-gpu846,RDMA1,
103452,leaf-gpu-rdma,sys1-lon14-p-swi-bel45,sw28p1,,sys1-lon14-p-phy-gpu847,RDMA1,
103453,leaf-gpu-rdma,sys1-lon14-p-swi-bel45,sw28p2,,sys1-lon14-p-phy-gpu848,RDMA1,
103454,leaf-gpu-rdma,sys1-lon14-p-swi-bel45,sw29p1,,sys1-lon14-p-phy-gpu849,RDMA1,
103455,leaf-gpu-rdma,sys1-lon14-p-swi-bel45,sw29p2,,sys1-lon14-p-phy-gpu850,RDMA1,
103456,leaf-gpu-rdma,sys1-lon14-p-swi-bel45,sw30p1,,sys1-lon14-p-phy-gpu851,RDMA1,
103457,leaf-gpu-rdma,sys1-lon14-p-swi-bel45,sw30p2,,sys1-lon14-p-phy-gpu852,RDMA1,
103458,leaf-gpu-rdma,sys1-lon14-p-swi-bel45,sw31p1,,sys1-lon14-p-phy-gpu853,RDMA1,
103459,leaf-gpu-rdma,sys1-lon14-p-swi-bel45,sw31p2,,sys1-lon14-p-phy-gpu854,RDMA1,
103460,leaf-gpu-rdma,sys1-lon14-p-swi-bel45,sw32p1,,sys1-lon14-p-phy-gpu855,RDMA1,
103461,leaf-gpu-rdma,sys1-lon14-p-swi-bel45,sw32p2,,sys1-lon14-p-phy-gpu856,RDMA1,
103462,leaf-gpu-rdma,sys1-lon14-p-swi-bel45,sw33p1,,sys1-lon14-p-phy-gpu857,RDMA1,
103463,leaf-gpu-rdma,sys1-lon14-p-swi-bel45,sw33p2,,sys1-lon14-p-phy-gpu858,RDMA1,
103464,leaf-gpu-rdma,sys1-lon14-p-swi-bel45,sw34p1,,sys1-lon14-p-phy-gpu859,RDMA1,
103465,leaf-gpu-rdma,sys1-lon14-p-swi-bel45,sw34p2,,sys1-lon14-p-phy-gpu860,RDMA1,
103467,leaf-gpu-rdma,sys1-lon14-p-swi-bel45,sw35p2,,sys1-lon14-p-phy-gpu862,RDMA1,
103468,leaf-gpu-rdma,sys1-lon14-p-swi-bel45,sw36p1,,sys1-lon14-p-phy-gpu863,RDMA1,
103469,leaf-gpu-rdma,sys1-lon14-p-swi-bel45,sw36p2,,sys1-lon14-p-phy-gpu864,RDMA1,
103470,leaf-gpu-rdma,sys1-lon14-p-swi-bel46,sw1p1,,sys1-lon14-p-phy-gpu793,RDMA2,
103471,leaf-gpu-rdma,sys1-lon14-p-swi-bel46,sw1p2,,sys1-lon14-p-phy-gpu794,RDMA2,
103472,leaf-gpu-rdma,sys1-lon14-p-swi-bel46,sw2p1,,sys1-lon14-p-phy-gpu795,RDMA2,
103473,leaf-gpu-rdma,sys1-lon14-p-swi-bel46,sw2p2,,sys1-lon14-p-phy-gpu796,RDMA2,
103474,leaf-gpu-rdma,sys1-lon14-p-swi-bel46,sw3p1,,sys1-lon14-p-phy-gpu797,RDMA2,
103475,leaf-gpu-rdma,sys1-lon14-p-swi-bel46,sw3p2,,sys1-lon14-p-phy-gpu798,RDMA2,
103476,leaf-gpu-rdma,sys1-lon14-p-swi-bel46,sw4p1,,sys1-lon14-p-phy-gpu799,RDMA2,
103477,leaf-gpu-rdma,sys1-lon14-p-swi-bel46,sw4p2,,sys1-lon14-p-phy-gpu800,RDMA2,
103478,leaf-gpu-rdma,sys1-lon14-p-swi-bel46,sw5p1,,sys1-lon14-p-phy-gpu801,RDMA2,
103479,leaf-gpu-rdma,sys1-lon14-p-swi-bel46,sw5p2,,sys1-lon14-p-phy-gpu802,RDMA2,
103480,leaf-gpu-rdma,sys1-lon14-p-swi-bel46,sw6p1,,sys1-lon14-p-phy-gpu803,RDMA2,
103481,leaf-gpu-rdma,sys1-lon14-p-swi-bel46,sw6p2,,sys1-lon14-p-phy-gpu804,RDMA2,
103482,leaf-gpu-rdma,sys1-lon14-p-swi-bel46,sw7p1,,sys1-lon14-p-phy-gpu805,RDMA2,
103483,leaf-gpu-rdma,sys1-lon14-p-swi-bel46,sw7p2,,sys1-lon14-p-phy-gpu806,RDMA2,
103484,leaf-gpu-rdma,sys1-lon14-p-swi-bel46,sw8p1,,sys1-lon14-p-phy-gpu807,RDMA2,
103485,leaf-gpu-rdma,sys1-lon14-p-swi-bel46,sw8p2,,sys1-lon14-p-phy-gpu808,RDMA2,
103486,leaf-gpu-rdma,sys1-lon14-p-swi-bel46,sw9p1,,sys1-lon14-p-phy-gpu809,RDMA2,
103487,leaf-gpu-rdma,sys1-lon14-p-swi-bel46,sw9p2,,sys1-lon14-p-phy-gpu810,RDMA2,
103488,leaf-gpu-rdma,sys1-lon14-p-swi-bel46,sw10p1,,sys1-lon14-p-phy-gpu811,RDMA2,
103489,leaf-gpu-rdma,sys1-lon14-p-swi-bel46,sw10p2,,sys1-lon14-p-phy-gpu812,RDMA2,
103490,leaf-gpu-rdma,sys1-lon14-p-swi-bel46,sw11p1,,sys1-lon14-p-phy-gpu813,RDMA2,
103491,leaf-gpu-rdma,sys1-lon14-p-swi-bel46,sw11p2,,sys1-lon14-p-phy-gpu814,RDMA2,
103492,leaf-gpu-rdma,sys1-lon14-p-swi-bel46,sw12p1,,sys1-lon14-p-phy-gpu815,RDMA2,
103493,leaf-gpu-rdma,sys1-lon14-p-swi-bel46,sw12p2,,sys1-lon14-p-phy-gpu816,RDMA2,
103494,leaf-gpu-rdma,sys1-lon14-p-swi-bel46,sw13p1,,sys1-lon14-p-phy-gpu817,RDMA2,
103495,leaf-gpu-rdma,sys1-lon14-p-swi-bel46,sw13p2,,sys1-lon14-p-phy-gpu818,RDMA2,
103496,leaf-gpu-rdma,sys1-lon14-p-swi-bel46,sw14p1,,sys1-lon14-p-phy-gpu819,RDMA2,
103497,leaf-gpu-rdma,sys1-lon14-p-swi-bel46,sw14p2,,sys1-lon14-p-phy-gpu820,RDMA2,
103498,leaf-gpu-rdma,sys1-lon14-p-swi-bel46,sw15p1,,sys1-lon14-p-phy-gpu821,RDMA2,
103499,leaf-gpu-rdma,sys1-lon14-p-swi-bel46,sw15p2,,sys1-lon14-p-phy-gpu822,RDMA2,
103500,leaf-gpu-rdma,sys1-lon14-p-swi-bel46,sw16p1,,sys1-lon14-p-phy-gpu823,RDMA2,
103501,leaf-gpu-rdma,sys1-lon14-p-swi-bel46,sw16p2,,sys1-lon14-p-phy-gpu824,RDMA2,
103502,leaf-gpu-rdma,sys1-lon14-p-swi-bel46,sw17p1,,sys1-lon14-p-phy-gpu825,RDMA2,
103503,leaf-gpu-rdma,sys1-lon14-p-swi-bel46,sw17p2,,sys1-lon14-p-phy-gpu826,RDMA2,
103504,leaf-gpu-rdma,sys1-lon14-p-swi-bel46,sw18p1,,sys1-lon14-p-phy-gpu827,RDMA2,
103505,leaf-gpu-rdma,sys1-lon14-p-swi-bel46,sw18p2,,sys1-lon14-p-phy-gpu828,RDMA2,
103506,leaf-gpu-rdma,sys1-lon14-p-swi-bel46,sw19p1,,sys1-lon14-p-phy-gpu829,RDMA2,
103507,leaf-gpu-rdma,sys1-lon14-p-swi-bel46,sw19p2,,sys1-lon14-p-phy-gpu830,RDMA2,
103508,leaf-gpu-rdma,sys1-lon14-p-swi-bel46,sw20p1,,sys1-lon14-p-phy-gpu831,RDMA2,
103509,leaf-gpu-rdma,sys1-lon14-p-swi-bel46,sw20p2,,sys1-lon14-p-phy-gpu832,RDMA2,
103510,leaf-gpu-rdma,sys1-lon14-p-swi-bel46,sw21p1,,sys1-lon14-p-phy-gpu833,RDMA2,
103511,leaf-gpu-rdma,sys1-lon14-p-swi-bel46,sw21p2,,sys1-lon14-p-phy-gpu834,RDMA2,
103512,leaf-gpu-rdma,sys1-lon14-p-swi-bel46,sw22p1,,sys1-lon14-p-phy-gpu835,RDMA2,
103513,leaf-gpu-rdma,sys1-lon14-p-swi-bel46,sw22p2,,sys1-lon14-p-phy-gpu836,RDMA2,
103514,leaf-gpu-rdma,sys1-lon14-p-swi-bel46,sw23p1,,sys1-lon14-p-phy-gpu837,RDMA2,
103515,leaf-gpu-rdma,sys1-lon14-p-swi-bel46,sw23p2,,sys1-lon14-p-phy-gpu838,RDMA2,
103516,leaf-gpu-rdma,sys1-lon14-p-swi-bel46,sw24p1,,sys1-lon14-p-phy-gpu839,RDMA2,
103517,leaf-gpu-rdma,sys1-lon14-p-swi-bel46,sw24p2,,sys1-lon14-p-phy-gpu840,RDMA2,
103518,leaf-gpu-rdma,sys1-lon14-p-swi-bel46,sw25p1,,sys1-lon14-p-phy-gpu841,RDMA2,
103519,leaf-gpu-rdma,sys1-lon14-p-swi-bel46,sw25p2,,sys1-lon14-p-phy-gpu842,RDMA2,
103520,leaf-gpu-rdma,sys1-lon14-p-swi-bel46,sw26p1,,sys1-lon14-p-phy-gpu843,RDMA2,
103521,leaf-gpu-rdma,sys1-lon14-p-swi-bel46,sw26p2,,sys1-lon14-p-phy-gpu844,RDMA2,
103522,leaf-gpu-rdma,sys1-lon14-p-swi-bel46,sw27p1,,sys1-lon14-p-phy-gpu845,RDMA2,
103523,leaf-gpu-rdma,sys1-lon14-p-swi-bel46,sw27p2,,sys1-lon14-p-phy-gpu846,RDMA2,
103524,leaf-gpu-rdma,sys1-lon14-p-swi-bel46,sw28p1,,sys1-lon14-p-phy-gpu847,RDMA2,
103525,leaf-gpu-rdma,sys1-lon14-p-swi-bel46,sw28p2,,sys1-lon14-p-phy-gpu848,RDMA2,
103526,leaf-gpu-rdma,sys1-lon14-p-swi-bel46,sw29p1,,sys1-lon14-p-phy-gpu849,RDMA2,
103527,leaf-gpu-rdma,sys1-lon14-p-swi-bel46,sw29p2,,sys1-lon14-p-phy-gpu850,RDMA2,
103528,leaf-gpu-rdma,sys1-lon14-p-swi-bel46,sw30p1,,sys1-lon14-p-phy-gpu851,RDMA2,
103529,leaf-gpu-rdma,sys1-lon14-p-swi-bel46,sw30p2,,sys1-lon14-p-phy-gpu852,RDMA2,
103530,leaf-gpu-rdma,sys1-lon14-p-swi-bel46,sw31p1,,sys1-lon14-p-phy-gpu853,RDMA2,
103531,leaf-gpu-rdma,sys1-lon14-p-swi-bel46,sw31p2,,sys1-lon14-p-phy-gpu854,RDMA2,
103532,leaf-gpu-rdma,sys1-lon14-p-swi-bel46,sw32p1,,sys1-lon14-p-phy-gpu855,RDMA2,
103533,leaf-gpu-rdma,sys1-lon14-p-swi-bel46,sw32p2,,sys1-lon14-p-phy-gpu856,RDMA2,
103534,leaf-gpu-rdma,sys1-lon14-p-swi-bel46,sw33p1,,sys1-lon14-p-phy-gpu857,RDMA2,
103535,leaf-gpu-rdma,sys1-lon14-p-swi-bel46,sw33p2,,sys1-lon14-p-phy-gpu858,RDMA2,
103536,leaf-gpu-rdma,sys1-lon14-p-swi-bel46,sw34p1,,sys1-lon14-p-phy-gpu859,RDMA2,
103537,leaf-gpu-rdma,sys1-lon14-p-swi-bel46,sw34p2,,sys1-lon14-p-phy-gpu860,RDMA2,
103539,leaf-gpu-rdma,sys1-lon14-p-swi-bel46,sw35p2,,sys1-lon14-p-phy-gpu862,RDMA2,
103540,leaf-gpu-rdma,sys1-lon14-p-swi-bel46,sw36p1,,sys1-lon14-p-phy-gpu863,RDMA2,
103541,leaf-gpu-rdma,sys1-lon14-p-swi-bel46,sw36p2,,sys1-lon14-p-phy-gpu864,RDMA2,
103542,leaf-gpu-rdma,sys1-lon14-p-swi-bel47,sw1p1,,sys1-lon14-p-phy-gpu793,RDMA3,
103543,leaf-gpu-rdma,sys1-lon14-p-swi-bel47,sw1p2,,sys1-lon14-p-phy-gpu794,RDMA3,
103544,leaf-gpu-rdma,sys1-lon14-p-swi-bel47,sw2p1,,sys1-lon14-p-phy-gpu795,RDMA3,
103545,leaf-gpu-rdma,sys1-lon14-p-swi-bel47,sw2p2,,sys1-lon14-p-phy-gpu796,RDMA3,
103546,leaf-gpu-rdma,sys1-lon14-p-swi-bel47,sw3p1,,sys1-lon14-p-phy-gpu797,RDMA3,
103547,leaf-gpu-rdma,sys1-lon14-p-swi-bel47,sw3p2,,sys1-lon14-p-phy-gpu798,RDMA3,
103548,leaf-gpu-rdma,sys1-lon14-p-swi-bel47,sw4p1,,sys1-lon14-p-phy-gpu799,RDMA3,
103549,leaf-gpu-rdma,sys1-lon14-p-swi-bel47,sw4p2,,sys1-lon14-p-phy-gpu800,RDMA3,
103550,leaf-gpu-rdma,sys1-lon14-p-swi-bel47,sw5p1,,sys1-lon14-p-phy-gpu801,RDMA3,
103551,leaf-gpu-rdma,sys1-lon14-p-swi-bel47,sw5p2,,sys1-lon14-p-phy-gpu802,RDMA3,
103552,leaf-gpu-rdma,sys1-lon14-p-swi-bel47,sw6p1,,sys1-lon14-p-phy-gpu803,RDMA3,
103553,leaf-gpu-rdma,sys1-lon14-p-swi-bel47,sw6p2,,sys1-lon14-p-phy-gpu804,RDMA3,
103554,leaf-gpu-rdma,sys1-lon14-p-swi-bel47,sw7p1,,sys1-lon14-p-phy-gpu805,RDMA3,
103555,leaf-gpu-rdma,sys1-lon14-p-swi-bel47,sw7p2,,sys1-lon14-p-phy-gpu806,RDMA3,
103556,leaf-gpu-rdma,sys1-lon14-p-swi-bel47,sw8p1,,sys1-lon14-p-phy-gpu807,RDMA3,
103557,leaf-gpu-rdma,sys1-lon14-p-swi-bel47,sw8p2,,sys1-lon14-p-phy-gpu808,RDMA3,
103558,leaf-gpu-rdma,sys1-lon14-p-swi-bel47,sw9p1,,sys1-lon14-p-phy-gpu809,RDMA3,
103559,leaf-gpu-rdma,sys1-lon14-p-swi-bel47,sw9p2,,sys1-lon14-p-phy-gpu810,RDMA3,
103560,leaf-gpu-rdma,sys1-lon14-p-swi-bel47,sw10p1,,sys1-lon14-p-phy-gpu811,RDMA3,
103561,leaf-gpu-rdma,sys1-lon14-p-swi-bel47,sw10p2,,sys1-lon14-p-phy-gpu812,RDMA3,
103562,leaf-gpu-rdma,sys1-lon14-p-swi-bel47,sw11p1,,sys1-lon14-p-phy-gpu813,RDMA3,
103563,leaf-gpu-rdma,sys1-lon14-p-swi-bel47,sw11p2,,sys1-lon14-p-phy-gpu814,RDMA3,
103564,leaf-gpu-rdma,sys1-lon14-p-swi-bel47,sw12p1,,sys1-lon14-p-phy-gpu815,RDMA3,
103565,leaf-gpu-rdma,sys1-lon14-p-swi-bel47,sw12p2,,sys1-lon14-p-phy-gpu816,RDMA3,
103566,leaf-gpu-rdma,sys1-lon14-p-swi-bel47,sw13p1,,sys1-lon14-p-phy-gpu817,RDMA3,
103567,leaf-gpu-rdma,sys1-lon14-p-swi-bel47,sw13p2,,sys1-lon14-p-phy-gpu818,RDMA3,
103568,leaf-gpu-rdma,sys1-lon14-p-swi-bel47,sw14p1,,sys1-lon14-p-phy-gpu819,RDMA3,
103569,leaf-gpu-rdma,sys1-lon14-p-swi-bel47,sw14p2,,sys1-lon14-p-phy-gpu820,RDMA3,
103570,leaf-gpu-rdma,sys1-lon14-p-swi-bel47,sw15p1,,sys1-lon14-p-phy-gpu821,RDMA3,
103571,leaf-gpu-rdma,sys1-lon14-p-swi-bel47,sw15p2,,sys1-lon14-p-phy-gpu822,RDMA3,
103572,leaf-gpu-rdma,sys1-lon14-p-swi-bel47,sw16p1,,sys1-lon14-p-phy-gpu823,RDMA3,
103573,leaf-gpu-rdma,sys1-lon14-p-swi-bel47,sw16p2,,sys1-lon14-p-phy-gpu824,RDMA3,
103574,leaf-gpu-rdma,sys1-lon14-p-swi-bel47,sw17p1,,sys1-lon14-p-phy-gpu825,RDMA3,
103575,leaf-gpu-rdma,sys1-lon14-p-swi-bel47,sw17p2,,sys1-lon14-p-phy-gpu826,RDMA3,
103576,leaf-gpu-rdma,sys1-lon14-p-swi-bel47,sw18p1,,sys1-lon14-p-phy-gpu827,RDMA3,
103577,leaf-gpu-rdma,sys1-lon14-p-swi-bel47,sw18p2,,sys1-lon14-p-phy-gpu828,RDMA3,
103578,leaf-gpu-rdma,sys1-lon14-p-swi-bel47,sw19p1,,sys1-lon14-p-phy-gpu829,RDMA3,
103579,leaf-gpu-rdma,sys1-lon14-p-swi-bel47,sw19p2,,sys1-lon14-p-phy-gpu830,RDMA3,
103580,leaf-gpu-rdma,sys1-lon14-p-swi-bel47,sw20p1,,sys1-lon14-p-phy-gpu831,RDMA3,
103581,leaf-gpu-rdma,sys1-lon14-p-swi-bel47,sw20p2,,sys1-lon14-p-phy-gpu832,RDMA3,
103582,leaf-gpu-rdma,sys1-lon14-p-swi-bel47,sw21p1,,sys1-lon14-p-phy-gpu833,RDMA3,
103583,leaf-gpu-rdma,sys1-lon14-p-swi-bel47,sw21p2,,sys1-lon14-p-phy-gpu834,RDMA3,
103584,leaf-gpu-rdma,sys1-lon14-p-swi-bel47,sw22p1,,sys1-lon14-p-phy-gpu835,RDMA3,
103585,leaf-gpu-rdma,sys1-lon14-p-swi-bel47,sw22p2,,sys1-lon14-p-phy-gpu836,RDMA3,
103586,leaf-gpu-rdma,sys1-lon14-p-swi-bel47,sw23p1,,sys1-lon14-p-phy-gpu837,RDMA3,
103587,leaf-gpu-rdma,sys1-lon14-p-swi-bel47,sw23p2,,sys1-lon14-p-phy-gpu838,RDMA3,
103588,leaf-gpu-rdma,sys1-lon14-p-swi-bel47,sw24p1,,sys1-lon14-p-phy-gpu839,RDMA3,
103589,leaf-gpu-rdma,sys1-lon14-p-swi-bel47,sw24p2,,sys1-lon14-p-phy-gpu840,RDMA3,
103590,leaf-gpu-rdma,sys1-lon14-p-swi-bel47,sw25p1,,sys1-lon14-p-phy-gpu841,RDMA3,
103591,leaf-gpu-rdma,sys1-lon14-p-swi-bel47,sw25p2,,sys1-lon14-p-phy-gpu842,RDMA3,
103592,leaf-gpu-rdma,sys1-lon14-p-swi-bel47,sw26p1,,sys1-lon14-p-phy-gpu843,RDMA3,
103593,leaf-gpu-rdma,sys1-lon14-p-swi-bel47,sw26p2,,sys1-lon14-p-phy-gpu844,RDMA3,
103594,leaf-gpu-rdma,sys1-lon14-p-swi-bel47,sw27p1,,sys1-lon14-p-phy-gpu845,RDMA3,
103595,leaf-gpu-rdma,sys1-lon14-p-swi-bel47,sw27p2,,sys1-lon14-p-phy-gpu846,RDMA3,
103596,leaf-gpu-rdma,sys1-lon14-p-swi-bel47,sw28p1,,sys1-lon14-p-phy-gpu847,RDMA3,
103597,leaf-gpu-rdma,sys1-lon14-p-swi-bel47,sw28p2,,sys1-lon14-p-phy-gpu848,RDMA3,
103598,leaf-gpu-rdma,sys1-lon14-p-swi-bel47,sw29p1,,sys1-lon14-p-phy-gpu849,RDMA3,
103599,leaf-gpu-rdma,sys1-lon14-p-swi-bel47,sw29p2,,sys1-lon14-p-phy-gpu850,RDMA3,
103600,leaf-gpu-rdma,sys1-lon14-p-swi-bel47,sw30p1,,sys1-lon14-p-phy-gpu851,RDMA3,
103601,leaf-gpu-rdma,sys1-lon14-p-swi-bel47,sw30p2,,sys1-lon14-p-phy-gpu852,RDMA3,
103602,leaf-gpu-rdma,sys1-lon14-p-swi-bel47,sw31p1,,sys1-lon14-p-phy-gpu853,RDMA3,
103603,leaf-gpu-rdma,sys1-lon14-p-swi-bel47,sw31p2,,sys1-lon14-p-phy-gpu854,RDMA3,
103604,leaf-gpu-rdma,sys1-lon14-p-swi-bel47,sw32p1,,sys1-lon14-p-phy-gpu855,RDMA3,
103605,leaf-gpu-rdma,sys1-lon14-p-swi-bel47,sw32p2,,sys1-lon14-p-phy-gpu856,RDMA3,
103606,leaf-gpu-rdma,sys1-lon14-p-swi-bel47,sw33p1,,sys1-lon14-p-phy-gpu857,RDMA3,
103607,leaf-gpu-rdma,sys1-lon14-p-swi-bel47,sw33p2,,sys1-lon14-p-phy-gpu858,RDMA3,
103608,leaf-gpu-rdma,sys1-lon14-p-swi-bel47,sw34p1,,sys1-lon14-p-phy-gpu859,RDMA3,
103609,leaf-gpu-rdma,sys1-lon14-p-swi-bel47,sw34p2,,sys1-lon14-p-phy-gpu860,RDMA3,
103611,leaf-gpu-rdma,sys1-lon14-p-swi-bel47,sw35p2,,sys1-lon14-p-phy-gpu862,RDMA3,
103612,leaf-gpu-rdma,sys1-lon14-p-swi-bel47,sw36p1,,sys1-lon14-p-phy-gpu863,RDMA3,
103613,leaf-gpu-rdma,sys1-lon14-p-swi-bel47,sw36p2,,sys1-lon14-p-phy-gpu864,RDMA3,
103614,leaf-gpu-rdma,sys1-lon14-p-swi-bel48,sw1p1,,sys1-lon14-p-phy-gpu793,RDMA4,
103615,leaf-gpu-rdma,sys1-lon14-p-swi-bel48,sw1p2,,sys1-lon14-p-phy-gpu794,RDMA4,
103616,leaf-gpu-rdma,sys1-lon14-p-swi-bel48,sw2p1,,sys1-lon14-p-phy-gpu795,RDMA4,
103617,leaf-gpu-rdma,sys1-lon14-p-swi-bel48,sw2p2,,sys1-lon14-p-phy-gpu796,RDMA4,
103618,leaf-gpu-rdma,sys1-lon14-p-swi-bel48,sw3p1,,sys1-lon14-p-phy-gpu797,RDMA4,
103619,leaf-gpu-rdma,sys1-lon14-p-swi-bel48,sw3p2,,sys1-lon14-p-phy-gpu798,RDMA4,
103620,leaf-gpu-rdma,sys1-lon14-p-swi-bel48,sw4p1,,sys1-lon14-p-phy-gpu799,RDMA4,
103621,leaf-gpu-rdma,sys1-lon14-p-swi-bel48,sw4p2,,sys1-lon14-p-phy-gpu800,RDMA4,
103622,leaf-gpu-rdma,sys1-lon14-p-swi-bel48,sw5p1,,sys1-lon14-p-phy-gpu801,RDMA4,
103623,leaf-gpu-rdma,sys1-lon14-p-swi-bel48,sw5p2,,sys1-lon14-p-phy-gpu802,RDMA4,
103624,leaf-gpu-rdma,sys1-lon14-p-swi-bel48,sw6p1,,sys1-lon14-p-phy-gpu803,RDMA4,
103625,leaf-gpu-rdma,sys1-lon14-p-swi-bel48,sw6p2,,sys1-lon14-p-phy-gpu804,RDMA4,
103626,leaf-gpu-rdma,sys1-lon14-p-swi-bel48,sw7p1,,sys1-lon14-p-phy-gpu805,RDMA4,
103627,leaf-gpu-rdma,sys1-lon14-p-swi-bel48,sw7p2,,sys1-lon14-p-phy-gpu806,RDMA4,
103628,leaf-gpu-rdma,sys1-lon14-p-swi-bel48,sw8p1,,sys1-lon14-p-phy-gpu807,RDMA4,
103629,leaf-gpu-rdma,sys1-lon14-p-swi-bel48,sw8p2,,sys1-lon14-p-phy-gpu808,RDMA4,
103630,leaf-gpu-rdma,sys1-lon14-p-swi-bel48,sw9p1,,sys1-lon14-p-phy-gpu809,RDMA4,
103631,leaf-gpu-rdma,sys1-lon14-p-swi-bel48,sw9p2,,sys1-lon14-p-phy-gpu810,RDMA4,
103632,leaf-gpu-rdma,sys1-lon14-p-swi-bel48,sw10p1,,sys1-lon14-p-phy-gpu811,RDMA4,
103633,leaf-gpu-rdma,sys1-lon14-p-swi-bel48,sw10p2,,sys1-lon14-p-phy-gpu812,RDMA4,
103634,leaf-gpu-rdma,sys1-lon14-p-swi-bel48,sw11p1,,sys1-lon14-p-phy-gpu813,RDMA4,
103635,leaf-gpu-rdma,sys1-lon14-p-swi-bel48,sw11p2,,sys1-lon14-p-phy-gpu814,RDMA4,
103636,leaf-gpu-rdma,sys1-lon14-p-swi-bel48,sw12p1,,sys1-lon14-p-phy-gpu815,RDMA4,
103637,leaf-gpu-rdma,sys1-lon14-p-swi-bel48,sw12p2,,sys1-lon14-p-phy-gpu816,RDMA4,
103638,leaf-gpu-rdma,sys1-lon14-p-swi-bel48,sw13p1,,sys1-lon14-p-phy-gpu817,RDMA4,
103639,leaf-gpu-rdma,sys1-lon14-p-swi-bel48,sw13p2,,sys1-lon14-p-phy-gpu818,RDMA4,
103640,leaf-gpu-rdma,sys1-lon14-p-swi-bel48,sw14p1,,sys1-lon14-p-phy-gpu819,RDMA4,
103641,leaf-gpu-rdma,sys1-lon14-p-swi-bel48,sw14p2,,sys1-lon14-p-phy-gpu820,RDMA4,
103642,leaf-gpu-rdma,sys1-lon14-p-swi-bel48,sw15p1,,sys1-lon14-p-phy-gpu821,RDMA4,
103643,leaf-gpu-rdma,sys1-lon14-p-swi-bel48,sw15p2,,sys1-lon14-p-phy-gpu822,RDMA4,
103644,leaf-gpu-rdma,sys1-lon14-p-swi-bel48,sw16p1,,sys1-lon14-p-phy-gpu823,RDMA4,
103645,leaf-gpu-rdma,sys1-lon14-p-swi-bel48,sw16p2,,sys1-lon14-p-phy-gpu824,RDMA4,
103646,leaf-gpu-rdma,sys1-lon14-p-swi-bel48,sw17p1,,sys1-lon14-p-phy-gpu825,RDMA4,
103647,leaf-gpu-rdma,sys1-lon14-p-swi-bel48,sw17p2,,sys1-lon14-p-phy-gpu826,RDMA4,
103648,leaf-gpu-rdma,sys1-lon14-p-swi-bel48,sw18p1,,sys1-lon14-p-phy-gpu827,RDMA4,
103649,leaf-gpu-rdma,sys1-lon14-p-swi-bel48,sw18p2,,sys1-lon14-p-phy-gpu828,RDMA4,
103650,leaf-gpu-rdma,sys1-lon14-p-swi-bel48,sw19p1,,sys1-lon14-p-phy-gpu829,RDMA4,
103651,leaf-gpu-rdma,sys1-lon14-p-swi-bel48,sw19p2,,sys1-lon14-p-phy-gpu830,RDMA4,
103652,leaf-gpu-rdma,sys1-lon14-p-swi-bel48,sw20p1,,sys1-lon14-p-phy-gpu831,RDMA4,
103653,leaf-gpu-rdma,sys1-lon14-p-swi-bel48,sw20p2,,sys1-lon14-p-phy-gpu832,RDMA4,
103654,leaf-gpu-rdma,sys1-lon14-p-swi-bel48,sw21p1,,sys1-lon14-p-phy-gpu833,RDMA4,
103655,leaf-gpu-rdma,sys1-lon14-p-swi-bel48,sw21p2,,sys1-lon14-p-phy-gpu834,RDMA4,
103656,leaf-gpu-rdma,sys1-lon14-p-swi-bel48,sw22p1,,sys1-lon14-p-phy-gpu835,RDMA4,
103657,leaf-gpu-rdma,sys1-lon14-p-swi-bel48,sw22p2,,sys1-lon14-p-phy-gpu836,RDMA4,
103658,leaf-gpu-rdma,sys1-lon14-p-swi-bel48,sw23p1,,sys1-lon14-p-phy-gpu837,RDMA4,
103659,leaf-gpu-rdma,sys1-lon14-p-swi-bel48,sw23p2,,sys1-lon14-p-phy-gpu838,RDMA4,
103660,leaf-gpu-rdma,sys1-lon14-p-swi-bel48,sw24p1,,sys1-lon14-p-phy-gpu839,RDMA4,
103661,leaf-gpu-rdma,sys1-lon14-p-swi-bel48,sw24p2,,sys1-lon14-p-phy-gpu840,RDMA4,
103662,leaf-gpu-rdma,sys1-lon14-p-swi-bel48,sw25p1,,sys1-lon14-p-phy-gpu841,RDMA4,
103663,leaf-gpu-rdma,sys1-lon14-p-swi-bel48,sw25p2,,sys1-lon14-p-phy-gpu842,RDMA4,
103664,leaf-gpu-rdma,sys1-lon14-p-swi-bel48,sw26p1,,sys1-lon14-p-phy-gpu843,RDMA4,
103665,leaf-gpu-rdma,sys1-lon14-p-swi-bel48,sw26p2,,sys1-lon14-p-phy-gpu844,RDMA4,
103666,leaf-gpu-rdma,sys1-lon14-p-swi-bel48,sw27p1,,sys1-lon14-p-phy-gpu845,RDMA4,
103667,leaf-gpu-rdma,sys1-lon14-p-swi-bel48,sw27p2,,sys1-lon14-p-phy-gpu846,RDMA4,
103668,leaf-gpu-rdma,sys1-lon14-p-swi-bel48,sw28p1,,sys1-lon14-p-phy-gpu847,RDMA4,
103669,leaf-gpu-rdma,sys1-lon14-p-swi-bel48,sw28p2,,sys1-lon14-p-phy-gpu848,RDMA4,
103670,leaf-gpu-rdma,sys1-lon14-p-swi-bel48,sw29p1,,sys1-lon14-p-phy-gpu849,RDMA4,
103671,leaf-gpu-rdma,sys1-lon14-p-swi-bel48,sw29p2,,sys1-lon14-p-phy-gpu850,RDMA4,
103672,leaf-gpu-rdma,sys1-lon14-p-swi-bel48,sw30p1,,sys1-lon14-p-phy-gpu851,RDMA4,
103673,leaf-gpu-rdma,sys1-lon14-p-swi-bel48,sw30p2,,sys1-lon14-p-phy-gpu852,RDMA4,
103674,leaf-gpu-rdma,sys1-lon14-p-swi-bel48,sw31p1,,sys1-lon14-p-phy-gpu853,RDMA4,
103675,leaf-gpu-rdma,sys1-lon14-p-swi-bel48,sw31p2,,sys1-lon14-p-phy-gpu854,RDMA4,
103676,leaf-gpu-rdma,sys1-lon14-p-swi-bel48,sw32p1,,sys1-lon14-p-phy-gpu855,RDMA4,
103677,leaf-gpu-rdma,sys1-lon14-p-swi-bel48,sw32p2,,sys1-lon14-p-phy-gpu856,RDMA4,
103678,leaf-gpu-rdma,sys1-lon14-p-swi-bel48,sw33p1,,sys1-lon14-p-phy-gpu857,RDMA4,
103679,leaf-gpu-rdma,sys1-lon14-p-swi-bel48,sw33p2,,sys1-lon14-p-phy-gpu858,RDMA4,
103680,leaf-gpu-rdma,sys1-lon14-p-swi-bel48,sw34p1,,sys1-lon14-p-phy-gpu859,RDMA4,
103681,leaf-gpu-rdma,sys1-lon14-p-swi-bel48,sw34p2,,sys1-lon14-p-phy-gpu860,RDMA4,
103683,leaf-gpu-rdma,sys1-lon14-p-swi-bel48,sw35p2,,sys1-lon14-p-phy-gpu862,RDMA4,
103684,leaf-gpu-rdma,sys1-lon14-p-swi-bel48,sw36p1,,sys1-lon14-p-phy-gpu863,RDMA4,
103685,leaf-gpu-rdma,sys1-lon14-p-swi-bel48,sw36p2,,sys1-lon14-p-phy-gpu864,RDMA4,
103686,leaf-gpu-rdma,sys1-lon14-p-swi-bel49,sw1p1,,sys1-lon14-p-phy-gpu865,RDMA1,
103687,leaf-gpu-rdma,sys1-lon14-p-swi-bel49,sw1p2,,sys1-lon14-p-phy-gpu866,RDMA1,
103688,leaf-gpu-rdma,sys1-lon14-p-swi-bel49,sw2p1,,sys1-lon14-p-phy-gpu867,RDMA1,
103689,leaf-gpu-rdma,sys1-lon14-p-swi-bel49,sw2p2,,sys1-lon14-p-phy-gpu773,RDMA1,
103690,leaf-gpu-rdma,sys1-lon14-p-swi-bel49,sw3p1,,sys1-lon14-p-phy-gpu869,RDMA1,
103691,leaf-gpu-rdma,sys1-lon14-p-swi-bel49,sw3p2,,sys1-lon14-p-phy-gpu870,RDMA1,
103692,leaf-gpu-rdma,sys1-lon14-p-swi-bel49,sw4p1,,sys1-lon14-p-phy-gpu871,RDMA1,
103693,leaf-gpu-rdma,sys1-lon14-p-swi-bel49,sw4p2,,sys1-lon14-p-phy-gpu872,RDMA1,
103694,leaf-gpu-rdma,sys1-lon14-p-swi-bel49,sw5p1,,sys1-lon14-p-phy-gpu873,RDMA1,
103695,leaf-gpu-rdma,sys1-lon14-p-swi-bel49,sw5p2,,sys1-lon14-p-phy-gpu874,RDMA1,
103696,leaf-gpu-rdma,sys1-lon14-p-swi-bel49,sw6p1,,sys1-lon14-p-phy-gpu875,RDMA1,
103697,leaf-gpu-rdma,sys1-lon14-p-swi-bel49,sw6p2,,sys1-lon14-p-phy-gpu876,RDMA1,
103698,leaf-gpu-rdma,sys1-lon14-p-swi-bel49,sw7p1,,sys1-lon14-p-phy-gpu877,RDMA1,
103699,leaf-gpu-rdma,sys1-lon14-p-swi-bel49,sw7p2,,sys1-lon14-p-phy-gpu878,RDMA1,
103700,leaf-gpu-rdma,sys1-lon14-p-swi-bel49,sw8p1,,sys1-lon14-p-phy-gpu879,RDMA1,
103701,leaf-gpu-rdma,sys1-lon14-p-swi-bel49,sw8p2,,sys1-lon14-p-phy-gpu880,RDMA1,
103702,leaf-gpu-rdma,sys1-lon14-p-swi-bel49,sw9p1,,sys1-lon14-p-phy-gpu881,RDMA1,
103703,leaf-gpu-rdma,sys1-lon14-p-swi-bel49,sw9p2,,sys1-lon14-p-phy-gpu882,RDMA1,
103704,leaf-gpu-rdma,sys1-lon14-p-swi-bel49,sw10p1,,sys1-lon14-p-phy-gpu883,RDMA1,
103705,leaf-gpu-rdma,sys1-lon14-p-swi-bel49,sw10p2,,sys1-lon14-p-phy-gpu884,RDMA1,
103706,leaf-gpu-rdma,sys1-lon14-p-swi-bel49,sw11p1,,sys1-lon14-p-phy-gpu885,RDMA1,
103707,leaf-gpu-rdma,sys1-lon14-p-swi-bel49,sw11p2,,sys1-lon14-p-phy-gpu886,RDMA1,
103708,leaf-gpu-rdma,sys1-lon14-p-swi-bel49,sw12p1,,sys1-lon14-p-phy-gpu887,RDMA1,
103709,leaf-gpu-rdma,sys1-lon14-p-swi-bel49,sw12p2,,sys1-lon14-p-phy-gpu888,RDMA1,
103710,leaf-gpu-rdma,sys1-lon14-p-swi-bel49,sw13p1,,sys1-lon14-p-phy-gpu889,RDMA1,
103711,leaf-gpu-rdma,sys1-lon14-p-swi-bel49,sw13p2,,sys1-lon14-p-phy-gpu890,RDMA1,
103712,leaf-gpu-rdma,sys1-lon14-p-swi-bel49,sw14p1,,sys1-lon14-p-phy-gpu891,RDMA1,
103713,leaf-gpu-rdma,sys1-lon14-p-swi-bel49,sw14p2,,sys1-lon14-p-phy-gpu892,RDMA1,
103714,leaf-gpu-rdma,sys1-lon14-p-swi-bel49,sw15p1,,sys1-lon14-p-phy-gpu893,RDMA1,
103715,leaf-gpu-rdma,sys1-lon14-p-swi-bel49,sw15p2,,sys1-lon14-p-phy-gpu894,RDMA1,
103716,leaf-gpu-rdma,sys1-lon14-p-swi-bel49,sw16p1,,sys1-lon14-p-phy-gpu895,RDMA1,
103717,leaf-gpu-rdma,sys1-lon14-p-swi-bel49,sw16p2,,sys1-lon14-p-phy-gpu896,RDMA1,
103718,leaf-gpu-rdma,sys1-lon14-p-swi-bel49,sw17p1,,sys1-lon14-p-phy-gpu897,RDMA1,
103719,leaf-gpu-rdma,sys1-lon14-p-swi-bel49,sw17p2,,sys1-lon14-p-phy-gpu898,RDMA1,
103720,leaf-gpu-rdma,sys1-lon14-p-swi-bel49,sw18p1,,sys1-lon14-p-phy-gpu899,RDMA1,
103721,leaf-gpu-rdma,sys1-lon14-p-swi-bel49,sw18p2,,sys1-lon14-p-phy-gpu900,RDMA1,
103722,leaf-gpu-rdma,sys1-lon14-p-swi-bel49,sw19p1,,sys1-lon14-p-phy-gpu901,RDMA1,
103723,leaf-gpu-rdma,sys1-lon14-p-swi-bel49,sw19p2,,sys1-lon14-p-phy-gpu902,RDMA1,
103724,leaf-gpu-rdma,sys1-lon14-p-swi-bel49,sw20p1,,sys1-lon14-p-phy-gpu903,RDMA1,
103725,leaf-gpu-rdma,sys1-lon14-p-swi-bel49,sw20p2,,sys1-lon14-p-phy-gpu904,RDMA1,
103726,leaf-gpu-rdma,sys1-lon14-p-swi-bel49,sw21p1,,sys1-lon14-p-phy-gpu905,RDMA1,
103727,leaf-gpu-rdma,sys1-lon14-p-swi-bel49,sw21p2,,sys1-lon14-p-phy-gpu906,RDMA1,
103728,leaf-gpu-rdma,sys1-lon14-p-swi-bel49,sw22p1,,sys1-lon14-p-phy-gpu907,RDMA1,
103729,leaf-gpu-rdma,sys1-lon14-p-swi-bel49,sw22p2,,sys1-lon14-p-phy-gpu908,RDMA1,
103730,leaf-gpu-rdma,sys1-lon14-p-swi-bel49,sw23p1,,sys1-lon14-p-phy-gpu909,RDMA1,
103731,leaf-gpu-rdma,sys1-lon14-p-swi-bel49,sw23p2,,sys1-lon14-p-phy-gpu910,RDMA1,
103732,leaf-gpu-rdma,sys1-lon14-p-swi-bel49,sw24p1,,sys1-lon14-p-phy-gpu911,RDMA1,
103733,leaf-gpu-rdma,sys1-lon14-p-swi-bel49,sw24p2,,sys1-lon14-p-phy-gpu912,RDMA1,
103734,leaf-gpu-rdma,sys1-lon14-p-swi-bel49,sw25p1,,sys1-lon14-p-phy-gpu913,RDMA1,
103735,leaf-gpu-rdma,sys1-lon14-p-swi-bel49,sw25p2,,sys1-lon14-p-phy-gpu914,RDMA1,
103736,leaf-gpu-rdma,sys1-lon14-p-swi-bel49,sw26p1,,sys1-lon14-p-phy-gpu915,RDMA1,
103737,leaf-gpu-rdma,sys1-lon14-p-swi-bel49,sw26p2,,sys1-lon14-p-phy-gpu916,RDMA1,
103738,leaf-gpu-rdma,sys1-lon14-p-swi-bel49,sw27p1,,sys1-lon14-p-phy-gpu771,RDMA1,
103739,leaf-gpu-rdma,sys1-lon14-p-swi-bel49,sw27p2,,sys1-lon14-p-phy-gpu918,RDMA1,
103740,leaf-gpu-rdma,sys1-lon14-p-swi-bel49,sw28p1,,sys1-lon14-p-phy-gpu919,RDMA1,
103741,leaf-gpu-rdma,sys1-lon14-p-swi-bel49,sw28p2,,sys1-lon14-p-phy-gpu920,RDMA1,
103742,leaf-gpu-rdma,sys1-lon14-p-swi-bel49,sw29p1,,sys1-lon14-p-phy-gpu921,RDMA1,
103743,leaf-gpu-rdma,sys1-lon14-p-swi-bel49,sw29p2,,sys1-lon14-p-phy-gpu922,RDMA1,
103744,leaf-gpu-rdma,sys1-lon14-p-swi-bel49,sw30p1,,sys1-lon14-p-phy-gpu923,RDMA1,
103745,leaf-gpu-rdma,sys1-lon14-p-swi-bel49,sw30p2,,sys1-lon14-p-phy-gpu924,RDMA1,
103746,leaf-gpu-rdma,sys1-lon14-p-swi-bel49,sw31p1,,sys1-lon14-p-phy-gpu925,RDMA1,
103748,leaf-gpu-rdma,sys1-lon14-p-swi-bel49,sw32p1,,sys1-lon14-p-phy-gpu927,RDMA1,
103749,leaf-gpu-rdma,sys1-lon14-p-swi-bel49,sw32p2,,sys1-lon14-p-phy-gpu928,RDMA1,
103750,leaf-gpu-rdma,sys1-lon14-p-swi-bel49,sw33p1,,sys1-lon14-p-phy-gpu929,RDMA1,
103751,leaf-gpu-rdma,sys1-lon14-p-swi-bel49,sw33p2,,sys1-lon14-p-phy-gpu930,RDMA1,
103752,leaf-gpu-rdma,sys1-lon14-p-swi-bel49,sw34p1,,sys1-lon14-p-phy-gpu931,RDMA1,
103753,leaf-gpu-rdma,sys1-lon14-p-swi-bel49,sw34p2,,sys1-lon14-p-phy-gpu932,RDMA1,
103754,leaf-gpu-rdma,sys1-lon14-p-swi-bel49,sw35p1,,sys1-lon14-p-phy-gpu933,RDMA1,
103755,leaf-gpu-rdma,sys1-lon14-p-swi-bel49,sw35p2,,sys1-lon14-p-phy-gpu934,RDMA1,
103756,leaf-gpu-rdma,sys1-lon14-p-swi-bel49,sw36p1,,sys1-lon14-p-phy-gpu935,RDMA1,
103757,leaf-gpu-rdma,sys1-lon14-p-swi-bel49,sw36p2,,sys1-lon14-p-phy-gpu936,RDMA1,
103758,leaf-gpu-rdma,sys1-lon14-p-swi-bel50,sw1p1,,sys1-lon14-p-phy-gpu865,RDMA2,
103759,leaf-gpu-rdma,sys1-lon14-p-swi-bel50,sw1p2,,sys1-lon14-p-phy-gpu866,RDMA2,
103760,leaf-gpu-rdma,sys1-lon14-p-swi-bel50,sw2p1,,sys1-lon14-p-phy-gpu867,RDMA2,
103761,leaf-gpu-rdma,sys1-lon14-p-swi-bel50,sw2p2,,sys1-lon14-p-phy-gpu773,RDMA2,
103762,leaf-gpu-rdma,sys1-lon14-p-swi-bel50,sw3p1,,sys1-lon14-p-phy-gpu869,RDMA2,
103763,leaf-gpu-rdma,sys1-lon14-p-swi-bel50,sw3p2,,sys1-lon14-p-phy-gpu870,RDMA2,
103764,leaf-gpu-rdma,sys1-lon14-p-swi-bel50,sw4p1,,sys1-lon14-p-phy-gpu871,RDMA2,
103765,leaf-gpu-rdma,sys1-lon14-p-swi-bel50,sw4p2,,sys1-lon14-p-phy-gpu872,RDMA2,
103766,leaf-gpu-rdma,sys1-lon14-p-swi-bel50,sw5p1,,sys1-lon14-p-phy-gpu873,RDMA2,
103767,leaf-gpu-rdma,sys1-lon14-p-swi-bel50,sw5p2,,sys1-lon14-p-phy-gpu874,RDMA2,
103768,leaf-gpu-rdma,sys1-lon14-p-swi-bel50,sw6p1,,sys1-lon14-p-phy-gpu875,RDMA2,
103769,leaf-gpu-rdma,sys1-lon14-p-swi-bel50,sw6p2,,sys1-lon14-p-phy-gpu876,RDMA2,
103770,leaf-gpu-rdma,sys1-lon14-p-swi-bel50,sw7p1,,sys1-lon14-p-phy-gpu877,RDMA2,
103771,leaf-gpu-rdma,sys1-lon14-p-swi-bel50,sw7p2,,sys1-lon14-p-phy-gpu878,RDMA2,
103772,leaf-gpu-rdma,sys1-lon14-p-swi-bel50,sw8p1,,sys1-lon14-p-phy-gpu879,RDMA2,
103773,leaf-gpu-rdma,sys1-lon14-p-swi-bel50,sw8p2,,sys1-lon14-p-phy-gpu880,RDMA2,
103774,leaf-gpu-rdma,sys1-lon14-p-swi-bel50,sw9p1,,sys1-lon14-p-phy-gpu881,RDMA2,
103775,leaf-gpu-rdma,sys1-lon14-p-swi-bel50,sw9p2,,sys1-lon14-p-phy-gpu882,RDMA2,
103776,leaf-gpu-rdma,sys1-lon14-p-swi-bel50,sw10p1,,sys1-lon14-p-phy-gpu883,RDMA2,
103777,leaf-gpu-rdma,sys1-lon14-p-swi-bel50,sw10p2,,sys1-lon14-p-phy-gpu884,RDMA2,
103778,leaf-gpu-rdma,sys1-lon14-p-swi-bel50,sw11p1,,sys1-lon14-p-phy-gpu885,RDMA2,
103779,leaf-gpu-rdma,sys1-lon14-p-swi-bel50,sw11p2,,sys1-lon14-p-phy-gpu886,RDMA2,
103780,leaf-gpu-rdma,sys1-lon14-p-swi-bel50,sw12p1,,sys1-lon14-p-phy-gpu887,RDMA2,
103781,leaf-gpu-rdma,sys1-lon14-p-swi-bel50,sw12p2,,sys1-lon14-p-phy-gpu888,RDMA2,
103782,leaf-gpu-rdma,sys1-lon14-p-swi-bel50,sw13p1,,sys1-lon14-p-phy-gpu889,RDMA2,
103783,leaf-gpu-rdma,sys1-lon14-p-swi-bel50,sw13p2,,sys1-lon14-p-phy-gpu890,RDMA2,
103784,leaf-gpu-rdma,sys1-lon14-p-swi-bel50,sw14p1,,sys1-lon14-p-phy-gpu891,RDMA2,
103785,leaf-gpu-rdma,sys1-lon14-p-swi-bel50,sw14p2,,sys1-lon14-p-phy-gpu892,RDMA2,
103786,leaf-gpu-rdma,sys1-lon14-p-swi-bel50,sw15p1,,sys1-lon14-p-phy-gpu893,RDMA2,
103787,leaf-gpu-rdma,sys1-lon14-p-swi-bel50,sw15p2,,sys1-lon14-p-phy-gpu894,RDMA2,
103788,leaf-gpu-rdma,sys1-lon14-p-swi-bel50,sw16p1,,sys1-lon14-p-phy-gpu895,RDMA2,
103789,leaf-gpu-rdma,sys1-lon14-p-swi-bel50,sw16p2,,sys1-lon14-p-phy-gpu896,RDMA2,
103790,leaf-gpu-rdma,sys1-lon14-p-swi-bel50,sw17p1,,sys1-lon14-p-phy-gpu897,RDMA2,
103791,leaf-gpu-rdma,sys1-lon14-p-swi-bel50,sw17p2,,sys1-lon14-p-phy-gpu898,RDMA2,
103792,leaf-gpu-rdma,sys1-lon14-p-swi-bel50,sw18p1,,sys1-lon14-p-phy-gpu899,RDMA2,
103793,leaf-gpu-rdma,sys1-lon14-p-swi-bel50,sw18p2,,sys1-lon14-p-phy-gpu900,RDMA2,
103794,leaf-gpu-rdma,sys1-lon14-p-swi-bel50,sw19p1,,sys1-lon14-p-phy-gpu901,RDMA2,
103795,leaf-gpu-rdma,sys1-lon14-p-swi-bel50,sw19p2,,sys1-lon14-p-phy-gpu902,RDMA2,
103796,leaf-gpu-rdma,sys1-lon14-p-swi-bel50,sw20p1,,sys1-lon14-p-phy-gpu903,RDMA2,
103797,leaf-gpu-rdma,sys1-lon14-p-swi-bel50,sw20p2,,sys1-lon14-p-phy-gpu904,RDMA2,
103798,leaf-gpu-rdma,sys1-lon14-p-swi-bel50,sw21p1,,sys1-lon14-p-phy-gpu905,RDMA2,
103799,leaf-gpu-rdma,sys1-lon14-p-swi-bel50,sw21p2,,sys1-lon14-p-phy-gpu906,RDMA2,
103800,leaf-gpu-rdma,sys1-lon14-p-swi-bel50,sw22p1,,sys1-lon14-p-phy-gpu907,RDMA2,
103801,leaf-gpu-rdma,sys1-lon14-p-swi-bel50,sw22p2,,sys1-lon14-p-phy-gpu908,RDMA2,
103802,leaf-gpu-rdma,sys1-lon14-p-swi-bel50,sw23p1,,sys1-lon14-p-phy-gpu909,RDMA2,
103803,leaf-gpu-rdma,sys1-lon14-p-swi-bel50,sw23p2,,sys1-lon14-p-phy-gpu910,RDMA2,
103804,leaf-gpu-rdma,sys1-lon14-p-swi-bel50,sw24p1,,sys1-lon14-p-phy-gpu911,RDMA2,
103805,leaf-gpu-rdma,sys1-lon14-p-swi-bel50,sw24p2,,sys1-lon14-p-phy-gpu912,RDMA2,
103806,leaf-gpu-rdma,sys1-lon14-p-swi-bel50,sw25p1,,sys1-lon14-p-phy-gpu913,RDMA2,
103807,leaf-gpu-rdma,sys1-lon14-p-swi-bel50,sw25p2,,sys1-lon14-p-phy-gpu914,RDMA2,
103808,leaf-gpu-rdma,sys1-lon14-p-swi-bel50,sw26p1,,sys1-lon14-p-phy-gpu915,RDMA2,
103809,leaf-gpu-rdma,sys1-lon14-p-swi-bel50,sw26p2,,sys1-lon14-p-phy-gpu916,RDMA2,
103810,leaf-gpu-rdma,sys1-lon14-p-swi-bel50,sw27p1,,sys1-lon14-p-phy-gpu771,RDMA2,
103811,leaf-gpu-rdma,sys1-lon14-p-swi-bel50,sw27p2,,sys1-lon14-p-phy-gpu918,RDMA2,
103812,leaf-gpu-rdma,sys1-lon14-p-swi-bel50,sw28p1,,sys1-lon14-p-phy-gpu919,RDMA2,
103813,leaf-gpu-rdma,sys1-lon14-p-swi-bel50,sw28p2,,sys1-lon14-p-phy-gpu920,RDMA2,
103814,leaf-gpu-rdma,sys1-lon14-p-swi-bel50,sw29p1,,sys1-lon14-p-phy-gpu921,RDMA2,
103815,leaf-gpu-rdma,sys1-lon14-p-swi-bel50,sw29p2,,sys1-lon14-p-phy-gpu922,RDMA2,
103816,leaf-gpu-rdma,sys1-lon14-p-swi-bel50,sw30p1,,sys1-lon14-p-phy-gpu923,RDMA2,
103817,leaf-gpu-rdma,sys1-lon14-p-swi-bel50,sw30p2,,sys1-lon14-p-phy-gpu924,RDMA2,
103818,leaf-gpu-rdma,sys1-lon14-p-swi-bel50,sw31p1,,sys1-lon14-p-phy-gpu925,RDMA2,
103820,leaf-gpu-rdma,sys1-lon14-p-swi-bel50,sw32p1,,sys1-lon14-p-phy-gpu927,RDMA2,
103821,leaf-gpu-rdma,sys1-lon14-p-swi-bel50,sw32p2,,sys1-lon14-p-phy-gpu928,RDMA2,
103822,leaf-gpu-rdma,sys1-lon14-p-swi-bel50,sw33p1,,sys1-lon14-p-phy-gpu929,RDMA2,
103823,leaf-gpu-rdma,sys1-lon14-p-swi-bel50,sw33p2,,sys1-lon14-p-phy-gpu930,RDMA2,
103824,leaf-gpu-rdma,sys1-lon14-p-swi-bel50,sw34p1,,sys1-lon14-p-phy-gpu931,RDMA2,
103825,leaf-gpu-rdma,sys1-lon14-p-swi-bel50,sw34p2,,sys1-lon14-p-phy-gpu932,RDMA2,
103826,leaf-gpu-rdma,sys1-lon14-p-swi-bel50,sw35p1,,sys1-lon14-p-phy-gpu933,RDMA2,
103827,leaf-gpu-rdma,sys1-lon14-p-swi-bel50,sw35p2,,sys1-lon14-p-phy-gpu934,RDMA2,
103828,leaf-gpu-rdma,sys1-lon14-p-swi-bel50,sw36p1,,sys1-lon14-p-phy-gpu935,RDMA2,
103829,leaf-gpu-rdma,sys1-lon14-p-swi-bel50,sw36p2,,sys1-lon14-p-phy-gpu936,RDMA2,
103830,leaf-gpu-rdma,sys1-lon14-p-swi-bel51,sw1p1,,sys1-lon14-p-phy-gpu865,RDMA3,
103831,leaf-gpu-rdma,sys1-lon14-p-swi-bel51,sw1p2,,sys1-lon14-p-phy-gpu866,RDMA3,
103832,leaf-gpu-rdma,sys1-lon14-p-swi-bel51,sw2p1,,sys1-lon14-p-phy-gpu867,RDMA3,
103833,leaf-gpu-rdma,sys1-lon14-p-swi-bel51,sw2p2,,sys1-lon14-p-phy-gpu773,RDMA3,
103834,leaf-gpu-rdma,sys1-lon14-p-swi-bel51,sw3p1,,sys1-lon14-p-phy-gpu869,RDMA3,
103835,leaf-gpu-rdma,sys1-lon14-p-swi-bel51,sw3p2,,sys1-lon14-p-phy-gpu870,RDMA3,
103836,leaf-gpu-rdma,sys1-lon14-p-swi-bel51,sw4p1,,sys1-lon14-p-phy-gpu871,RDMA3,
103837,leaf-gpu-rdma,sys1-lon14-p-swi-bel51,sw4p2,,sys1-lon14-p-phy-gpu872,RDMA3,
103838,leaf-gpu-rdma,sys1-lon14-p-swi-bel51,sw5p1,,sys1-lon14-p-phy-gpu873,RDMA3,
103839,leaf-gpu-rdma,sys1-lon14-p-swi-bel51,sw5p2,,sys1-lon14-p-phy-gpu874,RDMA3,
103840,leaf-gpu-rdma,sys1-lon14-p-swi-bel51,sw6p1,,sys1-lon14-p-phy-gpu875,RDMA3,
103841,leaf-gpu-rdma,sys1-lon14-p-swi-bel51,sw6p2,,sys1-lon14-p-phy-gpu876,RDMA3,
103842,leaf-gpu-rdma,sys1-lon14-p-swi-bel51,sw7p1,,sys1-lon14-p-phy-gpu877,RDMA3,
103843,leaf-gpu-rdma,sys1-lon14-p-swi-bel51,sw7p2,,sys1-lon14-p-phy-gpu878,RDMA3,
103844,leaf-gpu-rdma,sys1-lon14-p-swi-bel51,sw8p1,,sys1-lon14-p-phy-gpu879,RDMA3,
103845,leaf-gpu-rdma,sys1-lon14-p-swi-bel51,sw8p2,,sys1-lon14-p-phy-gpu880,RDMA3,
103846,leaf-gpu-rdma,sys1-lon14-p-swi-bel51,sw9p1,,sys1-lon14-p-phy-gpu881,RDMA3,
103847,leaf-gpu-rdma,sys1-lon14-p-swi-bel51,sw9p2,,sys1-lon14-p-phy-gpu882,RDMA3,
103848,leaf-gpu-rdma,sys1-lon14-p-swi-bel51,sw10p1,,sys1-lon14-p-phy-gpu883,RDMA3,
103849,leaf-gpu-rdma,sys1-lon14-p-swi-bel51,sw10p2,,sys1-lon14-p-phy-gpu884,RDMA3,
103850,leaf-gpu-rdma,sys1-lon14-p-swi-bel51,sw11p1,,sys1-lon14-p-phy-gpu885,RDMA3,
103851,leaf-gpu-rdma,sys1-lon14-p-swi-bel51,sw11p2,,sys1-lon14-p-phy-gpu886,RDMA3,
103852,leaf-gpu-rdma,sys1-lon14-p-swi-bel51,sw12p1,,sys1-lon14-p-phy-gpu887,RDMA3,
103853,leaf-gpu-rdma,sys1-lon14-p-swi-bel51,sw12p2,,sys1-lon14-p-phy-gpu888,RDMA3,
103854,leaf-gpu-rdma,sys1-lon14-p-swi-bel51,sw13p1,,sys1-lon14-p-phy-gpu889,RDMA3,
103855,leaf-gpu-rdma,sys1-lon14-p-swi-bel51,sw13p2,,sys1-lon14-p-phy-gpu890,RDMA3,
103856,leaf-gpu-rdma,sys1-lon14-p-swi-bel51,sw14p1,,sys1-lon14-p-phy-gpu891,RDMA3,
103857,leaf-gpu-rdma,sys1-lon14-p-swi-bel51,sw14p2,,sys1-lon14-p-phy-gpu892,RDMA3,
103858,leaf-gpu-rdma,sys1-lon14-p-swi-bel51,sw15p1,,sys1-lon14-p-phy-gpu893,RDMA3,
103859,leaf-gpu-rdma,sys1-lon14-p-swi-bel51,sw15p2,,sys1-lon14-p-phy-gpu894,RDMA3,
103860,leaf-gpu-rdma,sys1-lon14-p-swi-bel51,sw16p1,,sys1-lon14-p-phy-gpu895,RDMA3,
103861,leaf-gpu-rdma,sys1-lon14-p-swi-bel51,sw16p2,,sys1-lon14-p-phy-gpu896,RDMA3,
103862,leaf-gpu-rdma,sys1-lon14-p-swi-bel51,sw17p1,,sys1-lon14-p-phy-gpu897,RDMA3,
103863,leaf-gpu-rdma,sys1-lon14-p-swi-bel51,sw17p2,,sys1-lon14-p-phy-gpu898,RDMA3,
103864,leaf-gpu-rdma,sys1-lon14-p-swi-bel51,sw18p1,,sys1-lon14-p-phy-gpu899,RDMA3,
103865,leaf-gpu-rdma,sys1-lon14-p-swi-bel51,sw18p2,,sys1-lon14-p-phy-gpu900,RDMA3,
103866,leaf-gpu-rdma,sys1-lon14-p-swi-bel51,sw19p1,,sys1-lon14-p-phy-gpu901,RDMA3,
103867,leaf-gpu-rdma,sys1-lon14-p-swi-bel51,sw19p2,,sys1-lon14-p-phy-gpu902,RDMA3,
103868,leaf-gpu-rdma,sys1-lon14-p-swi-bel51,sw20p1,,sys1-lon14-p-phy-gpu903,RDMA3,
103869,leaf-gpu-rdma,sys1-lon14-p-swi-bel51,sw20p2,,sys1-lon14-p-phy-gpu904,RDMA3,
103870,leaf-gpu-rdma,sys1-lon14-p-swi-bel51,sw21p1,,sys1-lon14-p-phy-gpu905,RDMA3,
103871,leaf-gpu-rdma,sys1-lon14-p-swi-bel51,sw21p2,,sys1-lon14-p-phy-gpu906,RDMA3,
103872,leaf-gpu-rdma,sys1-lon14-p-swi-bel51,sw22p1,,sys1-lon14-p-phy-gpu907,RDMA3,
103873,leaf-gpu-rdma,sys1-lon14-p-swi-bel51,sw22p2,,sys1-lon14-p-phy-gpu908,RDMA3,
103874,leaf-gpu-rdma,sys1-lon14-p-swi-bel51,sw23p1,,sys1-lon14-p-phy-gpu909,RDMA3,
103875,leaf-gpu-rdma,sys1-lon14-p-swi-bel51,sw23p2,,sys1-lon14-p-phy-gpu910,RDMA3,
103876,leaf-gpu-rdma,sys1-lon14-p-swi-bel51,sw24p1,,sys1-lon14-p-phy-gpu911,RDMA3,
103877,leaf-gpu-rdma,sys1-lon14-p-swi-bel51,sw24p2,,sys1-lon14-p-phy-gpu912,RDMA3,
103878,leaf-gpu-rdma,sys1-lon14-p-swi-bel51,sw25p1,,sys1-lon14-p-phy-gpu913,RDMA3,
103879,leaf-gpu-rdma,sys1-lon14-p-swi-bel51,sw25p2,,sys1-lon14-p-phy-gpu914,RDMA3,
103880,leaf-gpu-rdma,sys1-lon14-p-swi-bel51,sw26p1,,sys1-lon14-p-phy-gpu915,RDMA3,
103881,leaf-gpu-rdma,sys1-lon14-p-swi-bel51,sw26p2,,sys1-lon14-p-phy-gpu916,RDMA3,
103882,leaf-gpu-rdma,sys1-lon14-p-swi-bel51,sw27p1,,sys1-lon14-p-phy-gpu771,RDMA3,
103883,leaf-gpu-rdma,sys1-lon14-p-swi-bel51,sw27p2,,sys1-lon14-p-phy-gpu918,RDMA3,
103884,leaf-gpu-rdma,sys1-lon14-p-swi-bel51,sw28p1,,sys1-lon14-p-phy-gpu919,RDMA3,
103885,leaf-gpu-rdma,sys1-lon14-p-swi-bel51,sw28p2,,sys1-lon14-p-phy-gpu920,RDMA3,
103886,leaf-gpu-rdma,sys1-lon14-p-swi-bel51,sw29p1,,sys1-lon14-p-phy-gpu921,RDMA3,
103887,leaf-gpu-rdma,sys1-lon14-p-swi-bel51,sw29p2,,sys1-lon14-p-phy-gpu922,RDMA3,
103888,leaf-gpu-rdma,sys1-lon14-p-swi-bel51,sw30p1,,sys1-lon14-p-phy-gpu923,RDMA3,
103889,leaf-gpu-rdma,sys1-lon14-p-swi-bel51,sw30p2,,sys1-lon14-p-phy-gpu924,RDMA3,
103890,leaf-gpu-rdma,sys1-lon14-p-swi-bel51,sw31p1,,sys1-lon14-p-phy-gpu925,RDMA3,
103892,leaf-gpu-rdma,sys1-lon14-p-swi-bel51,sw32p1,,sys1-lon14-p-phy-gpu927,RDMA3,
103893,leaf-gpu-rdma,sys1-lon14-p-swi-bel51,sw32p2,,sys1-lon14-p-phy-gpu928,RDMA3,
103894,leaf-gpu-rdma,sys1-lon14-p-swi-bel51,sw33p1,,sys1-lon14-p-phy-gpu929,RDMA3,
103895,leaf-gpu-rdma,sys1-lon14-p-swi-bel51,sw33p2,,sys1-lon14-p-phy-gpu930,RDMA3,
103896,leaf-gpu-rdma,sys1-lon14-p-swi-bel51,sw34p1,,sys1-lon14-p-phy-gpu931,RDMA3,
103897,leaf-gpu-rdma,sys1-lon14-p-swi-bel51,sw34p2,,sys1-lon14-p-phy-gpu932,RDMA3,
103898,leaf-gpu-rdma,sys1-lon14-p-swi-bel51,sw35p1,,sys1-lon14-p-phy-gpu933,RDMA3,
103899,leaf-gpu-rdma,sys1-lon14-p-swi-bel51,sw35p2,,sys1-lon14-p-phy-gpu934,RDMA3,
103900,leaf-gpu-rdma,sys1-lon14-p-swi-bel51,sw36p1,,sys1-lon14-p-phy-gpu935,RDMA3,
103901,leaf-gpu-rdma,sys1-lon14-p-swi-bel51,sw36p2,,sys1-lon14-p-phy-gpu936,RDMA3,
103902,leaf-gpu-rdma,sys1-lon14-p-swi-bel52,sw1p1,,sys1-lon14-p-phy-gpu865,RDMA4,
103903,leaf-gpu-rdma,sys1-lon14-p-swi-bel52,sw1p2,,sys1-lon14-p-phy-gpu866,RDMA4,
103904,leaf-gpu-rdma,sys1-lon14-p-swi-bel52,sw2p1,,sys1-lon14-p-phy-gpu867,RDMA4,
103905,leaf-gpu-rdma,sys1-lon14-p-swi-bel52,sw2p2,,sys1-lon14-p-phy-gpu773,RDMA4,
103906,leaf-gpu-rdma,sys1-lon14-p-swi-bel52,sw3p1,,sys1-lon14-p-phy-gpu869,RDMA4,
103907,leaf-gpu-rdma,sys1-lon14-p-swi-bel52,sw3p2,,sys1-lon14-p-phy-gpu870,RDMA4,
103908,leaf-gpu-rdma,sys1-lon14-p-swi-bel52,sw4p1,,sys1-lon14-p-phy-gpu871,RDMA4,
103909,leaf-gpu-rdma,sys1-lon14-p-swi-bel52,sw4p2,,sys1-lon14-p-phy-gpu872,RDMA4,
103910,leaf-gpu-rdma,sys1-lon14-p-swi-bel52,sw5p1,,sys1-lon14-p-phy-gpu873,RDMA4,
103911,leaf-gpu-rdma,sys1-lon14-p-swi-bel52,sw5p2,,sys1-lon14-p-phy-gpu874,RDMA4,
103912,leaf-gpu-rdma,sys1-lon14-p-swi-bel52,sw6p1,,sys1-lon14-p-phy-gpu875,RDMA4,
103913,leaf-gpu-rdma,sys1-lon14-p-swi-bel52,sw6p2,,sys1-lon14-p-phy-gpu876,RDMA4,
103914,leaf-gpu-rdma,sys1-lon14-p-swi-bel52,sw7p1,,sys1-lon14-p-phy-gpu877,RDMA4,
103915,leaf-gpu-rdma,sys1-lon14-p-swi-bel52,sw7p2,,sys1-lon14-p-phy-gpu878,RDMA4,
103916,leaf-gpu-rdma,sys1-lon14-p-swi-bel52,sw8p1,,sys1-lon14-p-phy-gpu879,RDMA4,
103917,leaf-gpu-rdma,sys1-lon14-p-swi-bel52,sw8p2,,sys1-lon14-p-phy-gpu880,RDMA4,
103918,leaf-gpu-rdma,sys1-lon14-p-swi-bel52,sw9p1,,sys1-lon14-p-phy-gpu881,RDMA4,
103919,leaf-gpu-rdma,sys1-lon14-p-swi-bel52,sw9p2,,sys1-lon14-p-phy-gpu882,RDMA4,
103920,leaf-gpu-rdma,sys1-lon14-p-swi-bel52,sw10p1,,sys1-lon14-p-phy-gpu883,RDMA4,
103921,leaf-gpu-rdma,sys1-lon14-p-swi-bel52,sw10p2,,sys1-lon14-p-phy-gpu884,RDMA4,
103922,leaf-gpu-rdma,sys1-lon14-p-swi-bel52,sw11p1,,sys1-lon14-p-phy-gpu885,RDMA4,
103923,leaf-gpu-rdma,sys1-lon14-p-swi-bel52,sw11p2,,sys1-lon14-p-phy-gpu886,RDMA4,
103924,leaf-gpu-rdma,sys1-lon14-p-swi-bel52,sw12p1,,sys1-lon14-p-phy-gpu887,RDMA4,
103925,leaf-gpu-rdma,sys1-lon14-p-swi-bel52,sw12p2,,sys1-lon14-p-phy-gpu888,RDMA4,
103926,leaf-gpu-rdma,sys1-lon14-p-swi-bel52,sw13p1,,sys1-lon14-p-phy-gpu889,RDMA4,
103927,leaf-gpu-rdma,sys1-lon14-p-swi-bel52,sw13p2,,sys1-lon14-p-phy-gpu890,RDMA4,
103928,leaf-gpu-rdma,sys1-lon14-p-swi-bel52,sw14p1,,sys1-lon14-p-phy-gpu891,RDMA4,
103929,leaf-gpu-rdma,sys1-lon14-p-swi-bel52,sw14p2,,sys1-lon14-p-phy-gpu892,RDMA4,
103930,leaf-gpu-rdma,sys1-lon14-p-swi-bel52,sw15p1,,sys1-lon14-p-phy-gpu893,RDMA4,
103931,leaf-gpu-rdma,sys1-lon14-p-swi-bel52,sw15p2,,sys1-lon14-p-phy-gpu894,RDMA4,
103932,leaf-gpu-rdma,sys1-lon14-p-swi-bel52,sw16p1,,sys1-lon14-p-phy-gpu895,RDMA4,
103933,leaf-gpu-rdma,sys1-lon14-p-swi-bel52,sw16p2,,sys1-lon14-p-phy-gpu896,RDMA4,
103934,leaf-gpu-rdma,sys1-lon14-p-swi-bel52,sw17p1,,sys1-lon14-p-phy-gpu897,RDMA4,
103935,leaf-gpu-rdma,sys1-lon14-p-swi-bel52,sw17p2,,sys1-lon14-p-phy-gpu898,RDMA4,
103936,leaf-gpu-rdma,sys1-lon14-p-swi-bel52,sw18p1,,sys1-lon14-p-phy-gpu899,RDMA4,
103937,leaf-gpu-rdma,sys1-lon14-p-swi-bel52,sw18p2,,sys1-lon14-p-phy-gpu900,RDMA4,
103938,leaf-gpu-rdma,sys1-lon14-p-swi-bel52,sw19p1,,sys1-lon14-p-phy-gpu901,RDMA4,
103939,leaf-gpu-rdma,sys1-lon14-p-swi-bel52,sw19p2,,sys1-lon14-p-phy-gpu902,RDMA4,
103940,leaf-gpu-rdma,sys1-lon14-p-swi-bel52,sw20p1,,sys1-lon14-p-phy-gpu903,RDMA4,
103941,leaf-gpu-rdma,sys1-lon14-p-swi-bel52,sw20p2,,sys1-lon14-p-phy-gpu904,RDMA4,
103942,leaf-gpu-rdma,sys1-lon14-p-swi-bel52,sw21p1,,sys1-lon14-p-phy-gpu905,RDMA4,
103943,leaf-gpu-rdma,sys1-lon14-p-swi-bel52,sw21p2,,sys1-lon14-p-phy-gpu906,RDMA4,
103944,leaf-gpu-rdma,sys1-lon14-p-swi-bel52,sw22p1,,sys1-lon14-p-phy-gpu907,RDMA4,
103945,leaf-gpu-rdma,sys1-lon14-p-swi-bel52,sw22p2,,sys1-lon14-p-phy-gpu908,RDMA4,
103946,leaf-gpu-rdma,sys1-lon14-p-swi-bel52,sw23p1,,sys1-lon14-p-phy-gpu909,RDMA4,
103947,leaf-gpu-rdma,sys1-lon14-p-swi-bel52,sw23p2,,sys1-lon14-p-phy-gpu910,RDMA4,
103948,leaf-gpu-rdma,sys1-lon14-p-swi-bel52,sw24p1,,sys1-lon14-p-phy-gpu911,RDMA4,
103949,leaf-gpu-rdma,sys1-lon14-p-swi-bel52,sw24p2,,sys1-lon14-p-phy-gpu912,RDMA4,
103950,leaf-gpu-rdma,sys1-lon14-p-swi-bel52,sw25p1,,sys1-lon14-p-phy-gpu913,RDMA4,
103951,leaf-gpu-rdma,sys1-lon14-p-swi-bel52,sw25p2,,sys1-lon14-p-phy-gpu914,RDMA4,
103952,leaf-gpu-rdma,sys1-lon14-p-swi-bel52,sw26p1,,sys1-lon14-p-phy-gpu915,RDMA4,
103953,leaf-gpu-rdma,sys1-lon14-p-swi-bel52,sw26p2,,sys1-lon14-p-phy-gpu916,RDMA4,
103954,leaf-gpu-rdma,sys1-lon14-p-swi-bel52,sw27p1,,sys1-lon14-p-phy-gpu771,RDMA4,
103955,leaf-gpu-rdma,sys1-lon14-p-swi-bel52,sw27p2,,sys1-lon14-p-phy-gpu918,RDMA4,
103956,leaf-gpu-rdma,sys1-lon14-p-swi-bel52,sw28p1,,sys1-lon14-p-phy-gpu919,RDMA4,
103957,leaf-gpu-rdma,sys1-lon14-p-swi-bel52,sw28p2,,sys1-lon14-p-phy-gpu920,RDMA4,
103958,leaf-gpu-rdma,sys1-lon14-p-swi-bel52,sw29p1,,sys1-lon14-p-phy-gpu921,RDMA4,
103959,leaf-gpu-rdma,sys1-lon14-p-swi-bel52,sw29p2,,sys1-lon14-p-phy-gpu922,RDMA4,
103960,leaf-gpu-rdma,sys1-lon14-p-swi-bel52,sw30p1,,sys1-lon14-p-phy-gpu923,RDMA4,
103961,leaf-gpu-rdma,sys1-lon14-p-swi-bel52,sw30p2,,sys1-lon14-p-phy-gpu924,RDMA4,
103962,leaf-gpu-rdma,sys1-lon14-p-swi-bel52,sw31p1,,sys1-lon14-p-phy-gpu925,RDMA4,
103964,leaf-gpu-rdma,sys1-lon14-p-swi-bel52,sw32p1,,sys1-lon14-p-phy-gpu927,RDMA4,
103965,leaf-gpu-rdma,sys1-lon14-p-swi-bel52,sw32p2,,sys1-lon14-p-phy-gpu928,RDMA4,
103966,leaf-gpu-rdma,sys1-lon14-p-swi-bel52,sw33p1,,sys1-lon14-p-phy-gpu929,RDMA4,
103967,leaf-gpu-rdma,sys1-lon14-p-swi-bel52,sw33p2,,sys1-lon14-p-phy-gpu930,RDMA4,
103968,leaf-gpu-rdma,sys1-lon14-p-swi-bel52,sw34p1,,sys1-lon14-p-phy-gpu931,RDMA4,
103969,leaf-gpu-rdma,sys1-lon14-p-swi-bel52,sw34p2,,sys1-lon14-p-phy-gpu932,RDMA4,
103970,leaf-gpu-rdma,sys1-lon14-p-swi-bel52,sw35p1,,sys1-lon14-p-phy-gpu933,RDMA4,
103971,leaf-gpu-rdma,sys1-lon14-p-swi-bel52,sw35p2,,sys1-lon14-p-phy-gpu934,RDMA4,
103972,leaf-gpu-rdma,sys1-lon14-p-swi-bel52,sw36p1,,sys1-lon14-p-phy-gpu935,RDMA4,
103973,leaf-gpu-rdma,sys1-lon14-p-swi-bel52,sw36p2,,sys1-lon14-p-phy-gpu936,RDMA4,
103974,leaf-gpu-rdma,sys1-lon14-p-swi-bel53,sw1p1,,sys1-lon14-p-phy-gpu937,RDMA1,
103975,leaf-gpu-rdma,sys1-lon14-p-swi-bel53,sw1p2,,sys1-lon14-p-phy-gpu938,RDMA1,
103976,leaf-gpu-rdma,sys1-lon14-p-swi-bel53,sw2p1,,sys1-lon14-p-phy-gpu939,RDMA1,
103977,leaf-gpu-rdma,sys1-lon14-p-swi-bel53,sw2p2,,sys1-lon14-p-phy-gpu940,RDMA1,
103978,leaf-gpu-rdma,sys1-lon14-p-swi-bel53,sw3p1,,sys1-lon14-p-phy-gpu941,RDMA1,
103979,leaf-gpu-rdma,sys1-lon14-p-swi-bel53,sw3p2,,sys1-lon14-p-phy-gpu942,RDMA1,
103980,leaf-gpu-rdma,sys1-lon14-p-swi-bel53,sw4p1,,sys1-lon14-p-phy-gpu943,RDMA1,
103981,leaf-gpu-rdma,sys1-lon14-p-swi-bel53,sw4p2,,sys1-lon14-p-phy-gpu944,RDMA1,
103982,leaf-gpu-rdma,sys1-lon14-p-swi-bel53,sw5p1,,sys1-lon14-p-phy-gpu945,RDMA1,
103983,leaf-gpu-rdma,sys1-lon14-p-swi-bel53,sw5p2,,sys1-lon14-p-phy-gpu946,RDMA1,
103984,leaf-gpu-rdma,sys1-lon14-p-swi-bel53,sw6p1,,sys1-lon14-p-phy-gpu947,RDMA1,
103985,leaf-gpu-rdma,sys1-lon14-p-swi-bel53,sw6p2,,sys1-lon14-p-phy-gpu948,RDMA1,
103986,leaf-gpu-rdma,sys1-lon14-p-swi-bel53,sw7p1,,sys1-lon14-p-phy-gpu949,RDMA1,
103987,leaf-gpu-rdma,sys1-lon14-p-swi-bel53,sw7p2,,sys1-lon14-p-phy-gpu950,RDMA1,
103988,leaf-gpu-rdma,sys1-lon14-p-swi-bel53,sw8p1,,sys1-lon14-p-phy-gpu951,RDMA1,
103989,leaf-gpu-rdma,sys1-lon14-p-swi-bel53,sw8p2,,sys1-lon14-p-phy-gpu952,RDMA1,
103990,leaf-gpu-rdma,sys1-lon14-p-swi-bel53,sw9p1,,sys1-lon14-p-phy-gpu953,RDMA1,
103991,leaf-gpu-rdma,sys1-lon14-p-swi-bel53,sw9p2,,sys1-lon14-p-phy-gpu954,RDMA1,
103992,leaf-gpu-rdma,sys1-lon14-p-swi-bel53,sw10p1,,sys1-lon14-p-phy-gpu955,RDMA1,
103993,leaf-gpu-rdma,sys1-lon14-p-swi-bel53,sw10p2,,sys1-lon14-p-phy-gpu956,RDMA1,
103994,leaf-gpu-rdma,sys1-lon14-p-swi-bel53,sw11p1,,sys1-lon14-p-phy-gpu957,RDMA1,
103995,leaf-gpu-rdma,sys1-lon14-p-swi-bel53,sw11p2,,sys1-lon14-p-phy-gpu958,RDMA1,
103996,leaf-gpu-rdma,sys1-lon14-p-swi-bel53,sw12p1,,sys1-lon14-p-phy-gpu959,RDMA1,
103997,leaf-gpu-rdma,sys1-lon14-p-swi-bel53,sw12p2,,sys1-lon14-p-phy-gpu960,RDMA1,
103998,leaf-gpu-rdma,sys1-lon14-p-swi-bel53,sw13p1,,sys1-lon14-p-phy-gpu961,RDMA1,
103999,leaf-gpu-rdma,sys1-lon14-p-swi-bel53,sw13p2,,sys1-lon14-p-phy-gpu962,RDMA1,
104000,leaf-gpu-rdma,sys1-lon14-p-swi-bel53,sw14p1,,sys1-lon14-p-phy-gpu963,RDMA1,
104001,leaf-gpu-rdma,sys1-lon14-p-swi-bel53,sw14p2,,sys1-lon14-p-phy-gpu964,RDMA1,
104002,leaf-gpu-rdma,sys1-lon14-p-swi-bel53,sw15p1,,sys1-lon14-p-phy-gpu965,RDMA1,
104003,leaf-gpu-rdma,sys1-lon14-p-swi-bel53,sw15p2,,sys1-lon14-p-phy-gpu966,RDMA1,
104004,leaf-gpu-rdma,sys1-lon14-p-swi-bel53,sw16p1,,sys1-lon14-p-phy-gpu967,RDMA1,
104005,leaf-gpu-rdma,sys1-lon14-p-swi-bel53,sw16p2,,sys1-lon14-p-phy-gpu968,RDMA1,
104006,leaf-gpu-rdma,sys1-lon14-p-swi-bel53,sw17p1,,sys1-lon14-p-phy-gpu969,RDMA1,
104007,leaf-gpu-rdma,sys1-lon14-p-swi-bel53,sw17p2,,sys1-lon14-p-phy-gpu970,RDMA1,
104008,leaf-gpu-rdma,sys1-lon14-p-swi-bel53,sw18p1,,sys1-lon14-p-phy-gpu760,RDMA1,
104009,leaf-gpu-rdma,sys1-lon14-p-swi-bel53,sw18p2,,sys1-lon14-p-phy-gpu972,RDMA1,
104010,leaf-gpu-rdma,sys1-lon14-p-swi-bel53,sw19p1,,sys1-lon14-p-phy-gpu973,RDMA1,
104011,leaf-gpu-rdma,sys1-lon14-p-swi-bel53,sw19p2,,sys1-lon14-p-phy-gpu974,RDMA1,
104012,leaf-gpu-rdma,sys1-lon14-p-swi-bel53,sw20p1,,sys1-lon14-p-phy-gpu975,RDMA1,
104013,leaf-gpu-rdma,sys1-lon14-p-swi-bel53,sw20p2,,sys1-lon14-p-phy-gpu976,RDMA1,
104014,leaf-gpu-rdma,sys1-lon14-p-swi-bel53,sw21p1,,sys1-lon14-p-phy-gpu977,RDMA1,
104015,leaf-gpu-rdma,sys1-lon14-p-swi-bel53,sw21p2,,sys1-lon14-p-phy-gpu978,RDMA1,
104016,leaf-gpu-rdma,sys1-lon14-p-swi-bel53,sw22p1,,sys1-lon14-p-phy-gpu979,RDMA1,
104017,leaf-gpu-rdma,sys1-lon14-p-swi-bel53,sw22p2,,sys1-lon14-p-phy-gpu980,RDMA1,
104018,leaf-gpu-rdma,sys1-lon14-p-swi-bel53,sw23p1,,sys1-lon14-p-phy-gpu981,RDMA1,
104019,leaf-gpu-rdma,sys1-lon14-p-swi-bel53,sw23p2,,sys1-lon14-p-phy-gpu982,RDMA1,
104020,leaf-gpu-rdma,sys1-lon14-p-swi-bel53,sw24p1,,sys1-lon14-p-phy-gpu983,RDMA1,
104021,leaf-gpu-rdma,sys1-lon14-p-swi-bel53,sw24p2,,sys1-lon14-p-phy-gpu984,RDMA1,
104022,leaf-gpu-rdma,sys1-lon14-p-swi-bel53,sw25p1,,sys1-lon14-p-phy-gpu985,RDMA1,
104023,leaf-gpu-rdma,sys1-lon14-p-swi-bel53,sw25p2,,sys1-lon14-p-phy-gpu986,RDMA1,
104024,leaf-gpu-rdma,sys1-lon14-p-swi-bel53,sw26p1,,sys1-lon14-p-phy-gpu987,RDMA1,
104025,leaf-gpu-rdma,sys1-lon14-p-swi-bel53,sw26p2,,sys1-lon14-p-phy-gpu988,RDMA1,
104026,leaf-gpu-rdma,sys1-lon14-p-swi-bel53,sw27p1,,sys1-lon14-p-phy-gpu989,RDMA1,
104027,leaf-gpu-rdma,sys1-lon14-p-swi-bel53,sw27p2,,sys1-lon14-p-phy-gpu990,RDMA1,
104028,leaf-gpu-rdma,sys1-lon14-p-swi-bel53,sw28p1,,sys1-lon14-p-phy-gpu991,RDMA1,
104029,leaf-gpu-rdma,sys1-lon14-p-swi-bel53,sw28p2,,sys1-lon14-p-phy-gpu992,RDMA1,
104030,leaf-gpu-rdma,sys1-lon14-p-swi-bel53,sw29p1,,sys1-lon14-p-phy-gpu993,RDMA1,
104031,leaf-gpu-rdma,sys1-lon14-p-swi-bel53,sw29p2,,sys1-lon14-p-phy-gpu994,RDMA1,
104032,leaf-gpu-rdma,sys1-lon14-p-swi-bel53,sw30p1,,sys1-lon14-p-phy-gpu995,RDMA1,
104033,leaf-gpu-rdma,sys1-lon14-p-swi-bel53,sw30p2,,sys1-lon14-p-phy-gpu996,RDMA1,
104034,leaf-gpu-rdma,sys1-lon14-p-swi-bel53,sw31p1,,sys1-lon14-p-phy-gpu997,RDMA1,
104035,leaf-gpu-rdma,sys1-lon14-p-swi-bel53,sw31p2,,sys1-lon14-p-phy-gpu998,RDMA1,
104036,leaf-gpu-rdma,sys1-lon14-p-swi-bel53,sw32p1,,sys1-lon14-p-phy-gpu999,RDMA1,
104037,leaf-gpu-rdma,sys1-lon14-p-swi-bel53,sw32p2,,sys1-lon14-p-phy-gpu1000,RDMA1,
104038,leaf-gpu-rdma,sys1-lon14-p-swi-bel53,sw33p1,,sys1-lon14-p-phy-gpu1001,RDMA1,
104039,leaf-gpu-rdma,sys1-lon14-p-swi-bel53,sw33p2,,sys1-lon14-p-phy-gpu1002,RDMA1,
104040,leaf-gpu-rdma,sys1-lon14-p-swi-bel53,sw34p1,,sys1-lon14-p-phy-gpu1003,RDMA1,
104041,leaf-gpu-rdma,sys1-lon14-p-swi-bel53,sw34p2,,sys1-lon14-p-phy-gpu1004,RDMA1,
104042,leaf-gpu-rdma,sys1-lon14-p-swi-bel53,sw35p1,,sys1-lon14-p-phy-gpu1005,RDMA1,
104043,leaf-gpu-rdma,sys1-lon14-p-swi-bel53,sw35p2,,sys1-lon14-p-phy-gpu1006,RDMA1,
104044,leaf-gpu-rdma,sys1-lon14-p-swi-bel53,sw36p1,,sys1-lon14-p-phy-gpu1007,RDMA1,
104045,leaf-gpu-rdma,sys1-lon14-p-swi-bel53,sw36p2,,sys1-lon14-p-phy-gpu1008,RDMA1,
104046,leaf-gpu-rdma,sys1-lon14-p-swi-bel54,sw1p1,,sys1-lon14-p-phy-gpu937,RDMA2,
104047,leaf-gpu-rdma,sys1-lon14-p-swi-bel54,sw1p2,,sys1-lon14-p-phy-gpu938,RDMA2,
104048,leaf-gpu-rdma,sys1-lon14-p-swi-bel54,sw2p1,,sys1-lon14-p-phy-gpu939,RDMA2,
104049,leaf-gpu-rdma,sys1-lon14-p-swi-bel54,sw2p2,,sys1-lon14-p-phy-gpu940,RDMA2,
104050,leaf-gpu-rdma,sys1-lon14-p-swi-bel54,sw3p1,,sys1-lon14-p-phy-gpu941,RDMA2,
104051,leaf-gpu-rdma,sys1-lon14-p-swi-bel54,sw3p2,,sys1-lon14-p-phy-gpu942,RDMA2,
104052,leaf-gpu-rdma,sys1-lon14-p-swi-bel54,sw4p1,,sys1-lon14-p-phy-gpu943,RDMA2,
104053,leaf-gpu-rdma,sys1-lon14-p-swi-bel54,sw4p2,,sys1-lon14-p-phy-gpu944,RDMA2,
104054,leaf-gpu-rdma,sys1-lon14-p-swi-bel54,sw5p1,,sys1-lon14-p-phy-gpu945,RDMA2,
104055,leaf-gpu-rdma,sys1-lon14-p-swi-bel54,sw5p2,,sys1-lon14-p-phy-gpu946,RDMA2,
104056,leaf-gpu-rdma,sys1-lon14-p-swi-bel54,sw6p1,,sys1-lon14-p-phy-gpu947,RDMA2,
104057,leaf-gpu-rdma,sys1-lon14-p-swi-bel54,sw6p2,,sys1-lon14-p-phy-gpu948,RDMA2,
104058,leaf-gpu-rdma,sys1-lon14-p-swi-bel54,sw7p1,,sys1-lon14-p-phy-gpu949,RDMA2,
104059,leaf-gpu-rdma,sys1-lon14-p-swi-bel54,sw7p2,,sys1-lon14-p-phy-gpu950,RDMA2,
104060,leaf-gpu-rdma,sys1-lon14-p-swi-bel54,sw8p1,,sys1-lon14-p-phy-gpu951,RDMA2,
104061,leaf-gpu-rdma,sys1-lon14-p-swi-bel54,sw8p2,,sys1-lon14-p-phy-gpu952,RDMA2,
104062,leaf-gpu-rdma,sys1-lon14-p-swi-bel54,sw9p1,,sys1-lon14-p-phy-gpu953,RDMA2,
104063,leaf-gpu-rdma,sys1-lon14-p-swi-bel54,sw9p2,,sys1-lon14-p-phy-gpu954,RDMA2,
104064,leaf-gpu-rdma,sys1-lon14-p-swi-bel54,sw10p1,,sys1-lon14-p-phy-gpu955,RDMA2,
104065,leaf-gpu-rdma,sys1-lon14-p-swi-bel54,sw10p2,,sys1-lon14-p-phy-gpu956,RDMA2,
104066,leaf-gpu-rdma,sys1-lon14-p-swi-bel54,sw11p1,,sys1-lon14-p-phy-gpu957,RDMA2,
104067,leaf-gpu-rdma,sys1-lon14-p-swi-bel54,sw11p2,,sys1-lon14-p-phy-gpu958,RDMA2,
104068,leaf-gpu-rdma,sys1-lon14-p-swi-bel54,sw12p1,,sys1-lon14-p-phy-gpu959,RDMA2,
104069,leaf-gpu-rdma,sys1-lon14-p-swi-bel54,sw12p2,,sys1-lon14-p-phy-gpu960,RDMA2,
104070,leaf-gpu-rdma,sys1-lon14-p-swi-bel54,sw13p1,,sys1-lon14-p-phy-gpu961,RDMA2,
104071,leaf-gpu-rdma,sys1-lon14-p-swi-bel54,sw13p2,,sys1-lon14-p-phy-gpu962,RDMA2,
104072,leaf-gpu-rdma,sys1-lon14-p-swi-bel54,sw14p1,,sys1-lon14-p-phy-gpu963,RDMA2,
104073,leaf-gpu-rdma,sys1-lon14-p-swi-bel54,sw14p2,,sys1-lon14-p-phy-gpu964,RDMA2,
104074,leaf-gpu-rdma,sys1-lon14-p-swi-bel54,sw15p1,,sys1-lon14-p-phy-gpu965,RDMA2,
104075,leaf-gpu-rdma,sys1-lon14-p-swi-bel54,sw15p2,,sys1-lon14-p-phy-gpu966,RDMA2,
104076,leaf-gpu-rdma,sys1-lon14-p-swi-bel54,sw16p1,,sys1-lon14-p-phy-gpu967,RDMA2,
104077,leaf-gpu-rdma,sys1-lon14-p-swi-bel54,sw16p2,,sys1-lon14-p-phy-gpu968,RDMA2,
104078,leaf-gpu-rdma,sys1-lon14-p-swi-bel54,sw17p1,,sys1-lon14-p-phy-gpu969,RDMA2,
104079,leaf-gpu-rdma,sys1-lon14-p-swi-bel54,sw17p2,,sys1-lon14-p-phy-gpu970,RDMA2,
104080,leaf-gpu-rdma,sys1-lon14-p-swi-bel54,sw18p1,,sys1-lon14-p-phy-gpu760,RDMA2,
104081,leaf-gpu-rdma,sys1-lon14-p-swi-bel54,sw18p2,,sys1-lon14-p-phy-gpu972,RDMA2,
104082,leaf-gpu-rdma,sys1-lon14-p-swi-bel54,sw19p1,,sys1-lon14-p-phy-gpu973,RDMA2,
104083,leaf-gpu-rdma,sys1-lon14-p-swi-bel54,sw19p2,,sys1-lon14-p-phy-gpu974,RDMA2,
104084,leaf-gpu-rdma,sys1-lon14-p-swi-bel54,sw20p1,,sys1-lon14-p-phy-gpu975,RDMA2,
104085,leaf-gpu-rdma,sys1-lon14-p-swi-bel54,sw20p2,,sys1-lon14-p-phy-gpu976,RDMA2,
104086,leaf-gpu-rdma,sys1-lon14-p-swi-bel54,sw21p1,,sys1-lon14-p-phy-gpu977,RDMA2,
104087,leaf-gpu-rdma,sys1-lon14-p-swi-bel54,sw21p2,,sys1-lon14-p-phy-gpu978,RDMA2,
104088,leaf-gpu-rdma,sys1-lon14-p-swi-bel54,sw22p1,,sys1-lon14-p-phy-gpu979,RDMA2,
104089,leaf-gpu-rdma,sys1-lon14-p-swi-bel54,sw22p2,,sys1-lon14-p-phy-gpu980,RDMA2,
104090,leaf-gpu-rdma,sys1-lon14-p-swi-bel54,sw23p1,,sys1-lon14-p-phy-gpu981,RDMA2,
104091,leaf-gpu-rdma,sys1-lon14-p-swi-bel54,sw23p2,,sys1-lon14-p-phy-gpu982,RDMA2,
104092,leaf-gpu-rdma,sys1-lon14-p-swi-bel54,sw24p1,,sys1-lon14-p-phy-gpu983,RDMA2,
104093,leaf-gpu-rdma,sys1-lon14-p-swi-bel54,sw24p2,,sys1-lon14-p-phy-gpu984,RDMA2,
104094,leaf-gpu-rdma,sys1-lon14-p-swi-bel54,sw25p1,,sys1-lon14-p-phy-gpu985,RDMA2,
104095,leaf-gpu-rdma,sys1-lon14-p-swi-bel54,sw25p2,,sys1-lon14-p-phy-gpu986,RDMA2,
104096,leaf-gpu-rdma,sys1-lon14-p-swi-bel54,sw26p1,,sys1-lon14-p-phy-gpu987,RDMA2,
104097,leaf-gpu-rdma,sys1-lon14-p-swi-bel54,sw26p2,,sys1-lon14-p-phy-gpu988,RDMA2,
104098,leaf-gpu-rdma,sys1-lon14-p-swi-bel54,sw27p1,,sys1-lon14-p-phy-gpu989,RDMA2,
104099,leaf-gpu-rdma,sys1-lon14-p-swi-bel54,sw27p2,,sys1-lon14-p-phy-gpu990,RDMA2,
104100,leaf-gpu-rdma,sys1-lon14-p-swi-bel54,sw28p1,,sys1-lon14-p-phy-gpu991,RDMA2,
104101,leaf-gpu-rdma,sys1-lon14-p-swi-bel54,sw28p2,,sys1-lon14-p-phy-gpu992,RDMA2,
104102,leaf-gpu-rdma,sys1-lon14-p-swi-bel54,sw29p1,,sys1-lon14-p-phy-gpu993,RDMA2,
104103,leaf-gpu-rdma,sys1-lon14-p-swi-bel54,sw29p2,,sys1-lon14-p-phy-gpu994,RDMA2,
104104,leaf-gpu-rdma,sys1-lon14-p-swi-bel54,sw30p1,,sys1-lon14-p-phy-gpu995,RDMA2,
104105,leaf-gpu-rdma,sys1-lon14-p-swi-bel54,sw30p2,,sys1-lon14-p-phy-gpu996,RDMA2,
104106,leaf-gpu-rdma,sys1-lon14-p-swi-bel54,sw31p1,,sys1-lon14-p-phy-gpu997,RDMA2,
104107,leaf-gpu-rdma,sys1-lon14-p-swi-bel54,sw31p2,,sys1-lon14-p-phy-gpu998,RDMA2,
104108,leaf-gpu-rdma,sys1-lon14-p-swi-bel54,sw32p1,,sys1-lon14-p-phy-gpu999,RDMA2,
104109,leaf-gpu-rdma,sys1-lon14-p-swi-bel54,sw32p2,,sys1-lon14-p-phy-gpu1000,RDMA2,
104110,leaf-gpu-rdma,sys1-lon14-p-swi-bel54,sw33p1,,sys1-lon14-p-phy-gpu1001,RDMA2,
104111,leaf-gpu-rdma,sys1-lon14-p-swi-bel54,sw33p2,,sys1-lon14-p-phy-gpu1002,RDMA2,
104112,leaf-gpu-rdma,sys1-lon14-p-swi-bel54,sw34p1,,sys1-lon14-p-phy-gpu1003,RDMA2,
104113,leaf-gpu-rdma,sys1-lon14-p-swi-bel54,sw34p2,,sys1-lon14-p-phy-gpu1004,RDMA2,
104114,leaf-gpu-rdma,sys1-lon14-p-swi-bel54,sw35p1,,sys1-lon14-p-phy-gpu1005,RDMA2,
104115,leaf-gpu-rdma,sys1-lon14-p-swi-bel54,sw35p2,,sys1-lon14-p-phy-gpu1006,RDMA2,
104116,leaf-gpu-rdma,sys1-lon14-p-swi-bel54,sw36p1,,sys1-lon14-p-phy-gpu1007,RDMA2,
104117,leaf-gpu-rdma,sys1-lon14-p-swi-bel54,sw36p2,,sys1-lon14-p-phy-gpu1008,RDMA2,
104118,leaf-gpu-rdma,sys1-lon14-p-swi-bel55,sw1p1,,sys1-lon14-p-phy-gpu937,RDMA3,
104119,leaf-gpu-rdma,sys1-lon14-p-swi-bel55,sw1p2,,sys1-lon14-p-phy-gpu938,RDMA3,
104120,leaf-gpu-rdma,sys1-lon14-p-swi-bel55,sw2p1,,sys1-lon14-p-phy-gpu939,RDMA3,
104121,leaf-gpu-rdma,sys1-lon14-p-swi-bel55,sw2p2,,sys1-lon14-p-phy-gpu940,RDMA3,
104122,leaf-gpu-rdma,sys1-lon14-p-swi-bel55,sw3p1,,sys1-lon14-p-phy-gpu941,RDMA3,
104123,leaf-gpu-rdma,sys1-lon14-p-swi-bel55,sw3p2,,sys1-lon14-p-phy-gpu942,RDMA3,
104124,leaf-gpu-rdma,sys1-lon14-p-swi-bel55,sw4p1,,sys1-lon14-p-phy-gpu943,RDMA3,
104125,leaf-gpu-rdma,sys1-lon14-p-swi-bel55,sw4p2,,sys1-lon14-p-phy-gpu944,RDMA3,
104126,leaf-gpu-rdma,sys1-lon14-p-swi-bel55,sw5p1,,sys1-lon14-p-phy-gpu945,RDMA3,
104127,leaf-gpu-rdma,sys1-lon14-p-swi-bel55,sw5p2,,sys1-lon14-p-phy-gpu946,RDMA3,
104128,leaf-gpu-rdma,sys1-lon14-p-swi-bel55,sw6p1,,sys1-lon14-p-phy-gpu947,RDMA3,
104129,leaf-gpu-rdma,sys1-lon14-p-swi-bel55,sw6p2,,sys1-lon14-p-phy-gpu948,RDMA3,
104130,leaf-gpu-rdma,sys1-lon14-p-swi-bel55,sw7p1,,sys1-lon14-p-phy-gpu949,RDMA3,
104131,leaf-gpu-rdma,sys1-lon14-p-swi-bel55,sw7p2,,sys1-lon14-p-phy-gpu950,RDMA3,
104132,leaf-gpu-rdma,sys1-lon14-p-swi-bel55,sw8p1,,sys1-lon14-p-phy-gpu951,RDMA3,
104133,leaf-gpu-rdma,sys1-lon14-p-swi-bel55,sw8p2,,sys1-lon14-p-phy-gpu952,RDMA3,
104134,leaf-gpu-rdma,sys1-lon14-p-swi-bel55,sw9p1,,sys1-lon14-p-phy-gpu953,RDMA3,
104135,leaf-gpu-rdma,sys1-lon14-p-swi-bel55,sw9p2,,sys1-lon14-p-phy-gpu954,RDMA3,
104136,leaf-gpu-rdma,sys1-lon14-p-swi-bel55,sw10p1,,sys1-lon14-p-phy-gpu955,RDMA3,
104137,leaf-gpu-rdma,sys1-lon14-p-swi-bel55,sw10p2,,sys1-lon14-p-phy-gpu956,RDMA3,
104138,leaf-gpu-rdma,sys1-lon14-p-swi-bel55,sw11p1,,sys1-lon14-p-phy-gpu957,RDMA3,
104139,leaf-gpu-rdma,sys1-lon14-p-swi-bel55,sw11p2,,sys1-lon14-p-phy-gpu958,RDMA3,
104140,leaf-gpu-rdma,sys1-lon14-p-swi-bel55,sw12p1,,sys1-lon14-p-phy-gpu959,RDMA3,
104141,leaf-gpu-rdma,sys1-lon14-p-swi-bel55,sw12p2,,sys1-lon14-p-phy-gpu960,RDMA3,
104142,leaf-gpu-rdma,sys1-lon14-p-swi-bel55,sw13p1,,sys1-lon14-p-phy-gpu961,RDMA3,
104143,leaf-gpu-rdma,sys1-lon14-p-swi-bel55,sw13p2,,sys1-lon14-p-phy-gpu962,RDMA3,
104144,leaf-gpu-rdma,sys1-lon14-p-swi-bel55,sw14p1,,sys1-lon14-p-phy-gpu963,RDMA3,
104145,leaf-gpu-rdma,sys1-lon14-p-swi-bel55,sw14p2,,sys1-lon14-p-phy-gpu964,RDMA3,
104146,leaf-gpu-rdma,sys1-lon14-p-swi-bel55,sw15p1,,sys1-lon14-p-phy-gpu965,RDMA3,
104147,leaf-gpu-rdma,sys1-lon14-p-swi-bel55,sw15p2,,sys1-lon14-p-phy-gpu966,RDMA3,
104148,leaf-gpu-rdma,sys1-lon14-p-swi-bel55,sw16p1,,sys1-lon14-p-phy-gpu967,RDMA3,
104149,leaf-gpu-rdma,sys1-lon14-p-swi-bel55,sw16p2,,sys1-lon14-p-phy-gpu968,RDMA3,
104150,leaf-gpu-rdma,sys1-lon14-p-swi-bel55,sw17p1,,sys1-lon14-p-phy-gpu969,RDMA3,
104151,leaf-gpu-rdma,sys1-lon14-p-swi-bel55,sw17p2,,sys1-lon14-p-phy-gpu970,RDMA3,
104152,leaf-gpu-rdma,sys1-lon14-p-swi-bel55,sw18p1,,sys1-lon14-p-phy-gpu760,RDMA3,
104153,leaf-gpu-rdma,sys1-lon14-p-swi-bel55,sw18p2,,sys1-lon14-p-phy-gpu972,RDMA3,
104154,leaf-gpu-rdma,sys1-lon14-p-swi-bel55,sw19p1,,sys1-lon14-p-phy-gpu973,RDMA3,
104155,leaf-gpu-rdma,sys1-lon14-p-swi-bel55,sw19p2,,sys1-lon14-p-phy-gpu974,RDMA3,
104156,leaf-gpu-rdma,sys1-lon14-p-swi-bel55,sw20p1,,sys1-lon14-p-phy-gpu975,RDMA3,
104157,leaf-gpu-rdma,sys1-lon14-p-swi-bel55,sw20p2,,sys1-lon14-p-phy-gpu976,RDMA3,
104158,leaf-gpu-rdma,sys1-lon14-p-swi-bel55,sw21p1,,sys1-lon14-p-phy-gpu977,RDMA3,
104159,leaf-gpu-rdma,sys1-lon14-p-swi-bel55,sw21p2,,sys1-lon14-p-phy-gpu978,RDMA3,
104160,leaf-gpu-rdma,sys1-lon14-p-swi-bel55,sw22p1,,sys1-lon14-p-phy-gpu979,RDMA3,
104161,leaf-gpu-rdma,sys1-lon14-p-swi-bel55,sw22p2,,sys1-lon14-p-phy-gpu980,RDMA3,
104162,leaf-gpu-rdma,sys1-lon14-p-swi-bel55,sw23p1,,sys1-lon14-p-phy-gpu981,RDMA3,
104163,leaf-gpu-rdma,sys1-lon14-p-swi-bel55,sw23p2,,sys1-lon14-p-phy-gpu982,RDMA3,
104164,leaf-gpu-rdma,sys1-lon14-p-swi-bel55,sw24p1,,sys1-lon14-p-phy-gpu983,RDMA3,
104165,leaf-gpu-rdma,sys1-lon14-p-swi-bel55,sw24p2,,sys1-lon14-p-phy-gpu984,RDMA3,
104166,leaf-gpu-rdma,sys1-lon14-p-swi-bel55,sw25p1,,sys1-lon14-p-phy-gpu985,RDMA3,
104167,leaf-gpu-rdma,sys1-lon14-p-swi-bel55,sw25p2,,sys1-lon14-p-phy-gpu986,RDMA3,
104168,leaf-gpu-rdma,sys1-lon14-p-swi-bel55,sw26p1,,sys1-lon14-p-phy-gpu987,RDMA3,
104169,leaf-gpu-rdma,sys1-lon14-p-swi-bel55,sw26p2,,sys1-lon14-p-phy-gpu988,RDMA3,
104170,leaf-gpu-rdma,sys1-lon14-p-swi-bel55,sw27p1,,sys1-lon14-p-phy-gpu989,RDMA3,
104171,leaf-gpu-rdma,sys1-lon14-p-swi-bel55,sw27p2,,sys1-lon14-p-phy-gpu990,RDMA3,
104172,leaf-gpu-rdma,sys1-lon14-p-swi-bel55,sw28p1,,sys1-lon14-p-phy-gpu991,RDMA3,
104173,leaf-gpu-rdma,sys1-lon14-p-swi-bel55,sw28p2,,sys1-lon14-p-phy-gpu992,RDMA3,
104174,leaf-gpu-rdma,sys1-lon14-p-swi-bel55,sw29p1,,sys1-lon14-p-phy-gpu993,RDMA3,
104175,leaf-gpu-rdma,sys1-lon14-p-swi-bel55,sw29p2,,sys1-lon14-p-phy-gpu994,RDMA3,
104176,leaf-gpu-rdma,sys1-lon14-p-swi-bel55,sw30p1,,sys1-lon14-p-phy-gpu995,RDMA3,
104177,leaf-gpu-rdma,sys1-lon14-p-swi-bel55,sw30p2,,sys1-lon14-p-phy-gpu996,RDMA3,
104178,leaf-gpu-rdma,sys1-lon14-p-swi-bel55,sw31p1,,sys1-lon14-p-phy-gpu997,RDMA3,
104179,leaf-gpu-rdma,sys1-lon14-p-swi-bel55,sw31p2,,sys1-lon14-p-phy-gpu998,RDMA3,
104180,leaf-gpu-rdma,sys1-lon14-p-swi-bel55,sw32p1,,sys1-lon14-p-phy-gpu999,RDMA3,
104181,leaf-gpu-rdma,sys1-lon14-p-swi-bel55,sw32p2,,sys1-lon14-p-phy-gpu1000,RDMA3,
104182,leaf-gpu-rdma,sys1-lon14-p-swi-bel55,sw33p1,,sys1-lon14-p-phy-gpu1001,RDMA3,
104183,leaf-gpu-rdma,sys1-lon14-p-swi-bel55,sw33p2,,sys1-lon14-p-phy-gpu1002,RDMA3,
104184,leaf-gpu-rdma,sys1-lon14-p-swi-bel55,sw34p1,,sys1-lon14-p-phy-gpu1003,RDMA3,
104185,leaf-gpu-rdma,sys1-lon14-p-swi-bel55,sw34p2,,sys1-lon14-p-phy-gpu1004,RDMA3,
104186,leaf-gpu-rdma,sys1-lon14-p-swi-bel55,sw35p1,,sys1-lon14-p-phy-gpu1005,RDMA3,
104187,leaf-gpu-rdma,sys1-lon14-p-swi-bel55,sw35p2,,sys1-lon14-p-phy-gpu1006,RDMA3,
104188,leaf-gpu-rdma,sys1-lon14-p-swi-bel55,sw36p1,,sys1-lon14-p-phy-gpu1007,RDMA3,
104189,leaf-gpu-rdma,sys1-lon14-p-swi-bel55,sw36p2,,sys1-lon14-p-phy-gpu1008,RDMA3,
104190,leaf-gpu-rdma,sys1-lon14-p-swi-bel56,sw1p1,,sys1-lon14-p-phy-gpu937,RDMA4,
104191,leaf-gpu-rdma,sys1-lon14-p-swi-bel56,sw1p2,,sys1-lon14-p-phy-gpu938,RDMA4,
104192,leaf-gpu-rdma,sys1-lon14-p-swi-bel56,sw2p1,,sys1-lon14-p-phy-gpu939,RDMA4,
104193,leaf-gpu-rdma,sys1-lon14-p-swi-bel56,sw2p2,,sys1-lon14-p-phy-gpu940,RDMA4,
104194,leaf-gpu-rdma,sys1-lon14-p-swi-bel56,sw3p1,,sys1-lon14-p-phy-gpu941,RDMA4,
104195,leaf-gpu-rdma,sys1-lon14-p-swi-bel56,sw3p2,,sys1-lon14-p-phy-gpu942,RDMA4,
104196,leaf-gpu-rdma,sys1-lon14-p-swi-bel56,sw4p1,,sys1-lon14-p-phy-gpu943,RDMA4,
104197,leaf-gpu-rdma,sys1-lon14-p-swi-bel56,sw4p2,,sys1-lon14-p-phy-gpu944,RDMA4,
104198,leaf-gpu-rdma,sys1-lon14-p-swi-bel56,sw5p1,,sys1-lon14-p-phy-gpu945,RDMA4,
104199,leaf-gpu-rdma,sys1-lon14-p-swi-bel56,sw5p2,,sys1-lon14-p-phy-gpu946,RDMA4,
104200,leaf-gpu-rdma,sys1-lon14-p-swi-bel56,sw6p1,,sys1-lon14-p-phy-gpu947,RDMA4,
104201,leaf-gpu-rdma,sys1-lon14-p-swi-bel56,sw6p2,,sys1-lon14-p-phy-gpu948,RDMA4,
104202,leaf-gpu-rdma,sys1-lon14-p-swi-bel56,sw7p1,,sys1-lon14-p-phy-gpu949,RDMA4,
104203,leaf-gpu-rdma,sys1-lon14-p-swi-bel56,sw7p2,,sys1-lon14-p-phy-gpu950,RDMA4,
104204,leaf-gpu-rdma,sys1-lon14-p-swi-bel56,sw8p1,,sys1-lon14-p-phy-gpu951,RDMA4,
104205,leaf-gpu-rdma,sys1-lon14-p-swi-bel56,sw8p2,,sys1-lon14-p-phy-gpu952,RDMA4,
104206,leaf-gpu-rdma,sys1-lon14-p-swi-bel56,sw9p1,,sys1-lon14-p-phy-gpu953,RDMA4,
104207,leaf-gpu-rdma,sys1-lon14-p-swi-bel56,sw9p2,,sys1-lon14-p-phy-gpu954,RDMA4,
104208,leaf-gpu-rdma,sys1-lon14-p-swi-bel56,sw10p1,,sys1-lon14-p-phy-gpu955,RDMA4,
104209,leaf-gpu-rdma,sys1-lon14-p-swi-bel56,sw10p2,,sys1-lon14-p-phy-gpu956,RDMA4,
104210,leaf-gpu-rdma,sys1-lon14-p-swi-bel56,sw11p1,,sys1-lon14-p-phy-gpu957,RDMA4,
104211,leaf-gpu-rdma,sys1-lon14-p-swi-bel56,sw11p2,,sys1-lon14-p-phy-gpu958,RDMA4,
104212,leaf-gpu-rdma,sys1-lon14-p-swi-bel56,sw12p1,,sys1-lon14-p-phy-gpu959,RDMA4,
104213,leaf-gpu-rdma,sys1-lon14-p-swi-bel56,sw12p2,,sys1-lon14-p-phy-gpu960,RDMA4,
104214,leaf-gpu-rdma,sys1-lon14-p-swi-bel56,sw13p1,,sys1-lon14-p-phy-gpu961,RDMA4,
104215,leaf-gpu-rdma,sys1-lon14-p-swi-bel56,sw13p2,,sys1-lon14-p-phy-gpu962,RDMA4,
104216,leaf-gpu-rdma,sys1-lon14-p-swi-bel56,sw14p1,,sys1-lon14-p-phy-gpu963,RDMA4,
104217,leaf-gpu-rdma,sys1-lon14-p-swi-bel56,sw14p2,,sys1-lon14-p-phy-gpu964,RDMA4,
104218,leaf-gpu-rdma,sys1-lon14-p-swi-bel56,sw15p1,,sys1-lon14-p-phy-gpu965,RDMA4,
104219,leaf-gpu-rdma,sys1-lon14-p-swi-bel56,sw15p2,,sys1-lon14-p-phy-gpu966,RDMA4,
104220,leaf-gpu-rdma,sys1-lon14-p-swi-bel56,sw16p1,,sys1-lon14-p-phy-gpu967,RDMA4,
104221,leaf-gpu-rdma,sys1-lon14-p-swi-bel56,sw16p2,,sys1-lon14-p-phy-gpu968,RDMA4,
104222,leaf-gpu-rdma,sys1-lon14-p-swi-bel56,sw17p1,,sys1-lon14-p-phy-gpu969,RDMA4,
104223,leaf-gpu-rdma,sys1-lon14-p-swi-bel56,sw17p2,,sys1-lon14-p-phy-gpu970,RDMA4,
104224,leaf-gpu-rdma,sys1-lon14-p-swi-bel56,sw18p1,,sys1-lon14-p-phy-gpu760,RDMA4,
104225,leaf-gpu-rdma,sys1-lon14-p-swi-bel56,sw18p2,,sys1-lon14-p-phy-gpu972,RDMA4,
104226,leaf-gpu-rdma,sys1-lon14-p-swi-bel56,sw19p1,,sys1-lon14-p-phy-gpu973,RDMA4,
104227,leaf-gpu-rdma,sys1-lon14-p-swi-bel56,sw19p2,,sys1-lon14-p-phy-gpu974,RDMA4,
104228,leaf-gpu-rdma,sys1-lon14-p-swi-bel56,sw20p1,,sys1-lon14-p-phy-gpu975,RDMA4,
104229,leaf-gpu-rdma,sys1-lon14-p-swi-bel56,sw20p2,,sys1-lon14-p-phy-gpu976,RDMA4,
104230,leaf-gpu-rdma,sys1-lon14-p-swi-bel56,sw21p1,,sys1-lon14-p-phy-gpu977,RDMA4,
104231,leaf-gpu-rdma,sys1-lon14-p-swi-bel56,sw21p2,,sys1-lon14-p-phy-gpu978,RDMA4,
104232,leaf-gpu-rdma,sys1-lon14-p-swi-bel56,sw22p1,,sys1-lon14-p-phy-gpu979,RDMA4,
104233,leaf-gpu-rdma,sys1-lon14-p-swi-bel56,sw22p2,,sys1-lon14-p-phy-gpu980,RDMA4,
104234,leaf-gpu-rdma,sys1-lon14-p-swi-bel56,sw23p1,,sys1-lon14-p-phy-gpu981,RDMA4,
104235,leaf-gpu-rdma,sys1-lon14-p-swi-bel56,sw23p2,,sys1-lon14-p-phy-gpu982,RDMA4,
104236,leaf-gpu-rdma,sys1-lon14-p-swi-bel56,sw24p1,,sys1-lon14-p-phy-gpu983,RDMA4,
104237,leaf-gpu-rdma,sys1-lon14-p-swi-bel56,sw24p2,,sys1-lon14-p-phy-gpu984,RDMA4,
104238,leaf-gpu-rdma,sys1-lon14-p-swi-bel56,sw25p1,,sys1-lon14-p-phy-gpu985,RDMA4,
104239,leaf-gpu-rdma,sys1-lon14-p-swi-bel56,sw25p2,,sys1-lon14-p-phy-gpu986,RDMA4,
104240,leaf-gpu-rdma,sys1-lon14-p-swi-bel56,sw26p1,,sys1-lon14-p-phy-gpu987,RDMA4,
104241,leaf-gpu-rdma,sys1-lon14-p-swi-bel56,sw26p2,,sys1-lon14-p-phy-gpu988,RDMA4,
104242,leaf-gpu-rdma,sys1-lon14-p-swi-bel56,sw27p1,,sys1-lon14-p-phy-gpu989,RDMA4,
104243,leaf-gpu-rdma,sys1-lon14-p-swi-bel56,sw27p2,,sys1-lon14-p-phy-gpu990,RDMA4,
104244,leaf-gpu-rdma,sys1-lon14-p-swi-bel56,sw28p1,,sys1-lon14-p-phy-gpu991,RDMA4,
104245,leaf-gpu-rdma,sys1-lon14-p-swi-bel56,sw28p2,,sys1-lon14-p-phy-gpu992,RDMA4,
104246,leaf-gpu-rdma,sys1-lon14-p-swi-bel56,sw29p1,,sys1-lon14-p-phy-gpu993,RDMA4,
104247,leaf-gpu-rdma,sys1-lon14-p-swi-bel56,sw29p2,,sys1-lon14-p-phy-gpu994,RDMA4,
104248,leaf-gpu-rdma,sys1-lon14-p-swi-bel56,sw30p1,,sys1-lon14-p-phy-gpu995,RDMA4,
104249,leaf-gpu-rdma,sys1-lon14-p-swi-bel56,sw30p2,,sys1-lon14-p-phy-gpu996,RDMA4,
104250,leaf-gpu-rdma,sys1-lon14-p-swi-bel56,sw31p1,,sys1-lon14-p-phy-gpu997,RDMA4,
104251,leaf-gpu-rdma,sys1-lon14-p-swi-bel56,sw31p2,,sys1-lon14-p-phy-gpu998,RDMA4,
104252,leaf-gpu-rdma,sys1-lon14-p-swi-bel56,sw32p1,,sys1-lon14-p-phy-gpu999,RDMA4,
104253,leaf-gpu-rdma,sys1-lon14-p-swi-bel56,sw32p2,,sys1-lon14-p-phy-gpu1000,RDMA4,
104254,leaf-gpu-rdma,sys1-lon14-p-swi-bel56,sw33p1,,sys1-lon14-p-phy-gpu1001,RDMA4,
104255,leaf-gpu-rdma,sys1-lon14-p-swi-bel56,sw33p2,,sys1-lon14-p-phy-gpu1002,RDMA4,
104256,leaf-gpu-rdma,sys1-lon14-p-swi-bel56,sw34p1,,sys1-lon14-p-phy-gpu1003,RDMA4,
104257,leaf-gpu-rdma,sys1-lon14-p-swi-bel56,sw34p2,,sys1-lon14-p-phy-gpu1004,RDMA4,
104258,leaf-gpu-rdma,sys1-lon14-p-swi-bel56,sw35p1,,sys1-lon14-p-phy-gpu1005,RDMA4,
104259,leaf-gpu-rdma,sys1-lon14-p-swi-bel56,sw35p2,,sys1-lon14-p-phy-gpu1006,RDMA4,
104260,leaf-gpu-rdma,sys1-lon14-p-swi-bel56,sw36p1,,sys1-lon14-p-phy-gpu1007,RDMA4,
104261,leaf-gpu-rdma,sys1-lon14-p-swi-bel56,sw36p2,,sys1-lon14-p-phy-gpu1008,RDMA4,
104262,leaf-gpu-rdma,sys1-lon14-p-swi-bel57,sw1p1,,sys1-lon14-p-phy-gpu1009,RDMA1,
104263,leaf-gpu-rdma,sys1-lon14-p-swi-bel57,sw1p2,,sys1-lon14-p-phy-gpu1010,RDMA1,
104264,leaf-gpu-rdma,sys1-lon14-p-swi-bel57,sw2p1,,sys1-lon14-p-phy-gpu1011,RDMA1,
104265,leaf-gpu-rdma,sys1-lon14-p-swi-bel57,sw2p2,,sys1-lon14-p-phy-gpu1012,RDMA1,
104266,leaf-gpu-rdma,sys1-lon14-p-swi-bel57,sw3p1,,sys1-lon14-p-phy-gpu1013,RDMA1,
104267,leaf-gpu-rdma,sys1-lon14-p-swi-bel57,sw3p2,,sys1-lon14-p-phy-gpu1014,RDMA1,
104268,leaf-gpu-rdma,sys1-lon14-p-swi-bel57,sw4p1,,sys1-lon14-p-phy-gpu1015,RDMA1,
104269,leaf-gpu-rdma,sys1-lon14-p-swi-bel57,sw4p2,,sys1-lon14-p-phy-gpu1016,RDMA1,
104270,leaf-gpu-rdma,sys1-lon14-p-swi-bel57,sw5p1,,sys1-lon14-p-phy-gpu1017,RDMA1,
104271,leaf-gpu-rdma,sys1-lon14-p-swi-bel57,sw5p2,,sys1-lon14-p-phy-gpu1018,RDMA1,
104272,leaf-gpu-rdma,sys1-lon14-p-swi-bel57,sw6p1,,sys1-lon14-p-phy-gpu1019,RDMA1,
104273,leaf-gpu-rdma,sys1-lon14-p-swi-bel57,sw6p2,,sys1-lon14-p-phy-gpu1020,RDMA1,
104274,leaf-gpu-rdma,sys1-lon14-p-swi-bel57,sw7p1,,sys1-lon14-p-phy-gpu1021,RDMA1,
104275,leaf-gpu-rdma,sys1-lon14-p-swi-bel57,sw7p2,,sys1-lon14-p-phy-gpu1022,RDMA1,
104276,leaf-gpu-rdma,sys1-lon14-p-swi-bel57,sw8p1,,sys1-lon14-p-phy-gpu1023,RDMA1,
104277,leaf-gpu-rdma,sys1-lon14-p-swi-bel57,sw8p2,,sys1-lon14-p-phy-gpu1024,RDMA1,
104278,leaf-gpu-rdma,sys1-lon14-p-swi-bel57,sw9p1,,sys1-lon14-p-phy-gpu1025,RDMA1,
104279,leaf-gpu-rdma,sys1-lon14-p-swi-bel57,sw9p2,,sys1-lon14-p-phy-gpu1026,RDMA1,
104280,leaf-gpu-rdma,sys1-lon14-p-swi-bel57,sw10p1,,sys1-lon14-p-phy-gpu1027,RDMA1,
104281,leaf-gpu-rdma,sys1-lon14-p-swi-bel57,sw10p2,,sys1-lon14-p-phy-gpu1028,RDMA1,
104282,leaf-gpu-rdma,sys1-lon14-p-swi-bel57,sw11p1,,sys1-lon14-p-phy-gpu1029,RDMA1,
104283,leaf-gpu-rdma,sys1-lon14-p-swi-bel57,sw11p2,,sys1-lon14-p-phy-gpu1030,RDMA1,
104284,leaf-gpu-rdma,sys1-lon14-p-swi-bel57,sw12p1,,sys1-lon14-p-phy-gpu1031,RDMA1,
104285,leaf-gpu-rdma,sys1-lon14-p-swi-bel57,sw12p2,,sys1-lon14-p-phy-gpu1032,RDMA1,
104286,leaf-gpu-rdma,sys1-lon14-p-swi-bel57,sw13p1,,sys1-lon14-p-phy-gpu1033,RDMA1,
104287,leaf-gpu-rdma,sys1-lon14-p-swi-bel57,sw13p2,,sys1-lon14-p-phy-gpu1034,RDMA1,
104288,leaf-gpu-rdma,sys1-lon14-p-swi-bel57,sw14p1,,sys1-lon14-p-phy-gpu1035,RDMA1,
104289,leaf-gpu-rdma,sys1-lon14-p-swi-bel57,sw14p2,,sys1-lon14-p-phy-gpu1036,RDMA1,
104290,leaf-gpu-rdma,sys1-lon14-p-swi-bel57,sw15p1,,sys1-lon14-p-phy-gpu1037,RDMA1,
104291,leaf-gpu-rdma,sys1-lon14-p-swi-bel57,sw15p2,,sys1-lon14-p-phy-gpu1038,RDMA1,
104292,leaf-gpu-rdma,sys1-lon14-p-swi-bel57,sw16p1,,sys1-lon14-p-phy-gpu1039,RDMA1,
104293,leaf-gpu-rdma,sys1-lon14-p-swi-bel57,sw16p2,,sys1-lon14-p-phy-gpu1040,RDMA1,
104294,leaf-gpu-rdma,sys1-lon14-p-swi-bel57,sw17p1,,sys1-lon14-p-phy-gpu1041,RDMA1,
104295,leaf-gpu-rdma,sys1-lon14-p-swi-bel57,sw17p2,,sys1-lon14-p-phy-gpu1042,RDMA1,
104296,leaf-gpu-rdma,sys1-lon14-p-swi-bel57,sw18p1,,sys1-lon14-p-phy-gpu1043,RDMA1,
104297,leaf-gpu-rdma,sys1-lon14-p-swi-bel57,sw18p2,,sys1-lon14-p-phy-gpu1044,RDMA1,
104298,leaf-gpu-rdma,sys1-lon14-p-swi-bel57,sw19p1,,sys1-lon14-p-phy-gpu1045,RDMA1,
104299,leaf-gpu-rdma,sys1-lon14-p-swi-bel57,sw19p2,,sys1-lon14-p-phy-gpu1046,RDMA1,
104300,leaf-gpu-rdma,sys1-lon14-p-swi-bel57,sw20p1,,sys1-lon14-p-phy-gpu1047,RDMA1,
104301,leaf-gpu-rdma,sys1-lon14-p-swi-bel57,sw20p2,,sys1-lon14-p-phy-gpu1048,RDMA1,
104302,leaf-gpu-rdma,sys1-lon14-p-swi-bel57,sw21p1,,sys1-lon14-p-phy-gpu1049,RDMA1,
104303,leaf-gpu-rdma,sys1-lon14-p-swi-bel57,sw21p2,,sys1-lon14-p-phy-gpu1050,RDMA1,
104304,leaf-gpu-rdma,sys1-lon14-p-swi-bel57,sw22p1,,sys1-lon14-p-phy-gpu1051,RDMA1,
104305,leaf-gpu-rdma,sys1-lon14-p-swi-bel57,sw22p2,,sys1-lon14-p-phy-gpu1052,RDMA1,
104306,leaf-gpu-rdma,sys1-lon14-p-swi-bel57,sw23p1,,sys1-lon14-p-phy-gpu1053,RDMA1,
104307,leaf-gpu-rdma,sys1-lon14-p-swi-bel57,sw23p2,,sys1-lon14-p-phy-gpu1054,RDMA1,
104308,leaf-gpu-rdma,sys1-lon14-p-swi-bel57,sw24p1,,sys1-lon14-p-phy-gpu1055,RDMA1,
104309,leaf-gpu-rdma,sys1-lon14-p-swi-bel57,sw24p2,,sys1-lon14-p-phy-gpu1056,RDMA1,
104310,leaf-gpu-rdma,sys1-lon14-p-swi-bel57,sw25p1,,sys1-lon14-p-phy-gpu1057,RDMA1,
104311,leaf-gpu-rdma,sys1-lon14-p-swi-bel57,sw25p2,,sys1-lon14-p-phy-gpu1058,RDMA1,
104312,leaf-gpu-rdma,sys1-lon14-p-swi-bel57,sw26p1,,sys1-lon14-p-phy-gpu1059,RDMA1,
104313,leaf-gpu-rdma,sys1-lon14-p-swi-bel57,sw26p2,,sys1-lon14-p-phy-gpu1060,RDMA1,
104314,leaf-gpu-rdma,sys1-lon14-p-swi-bel57,sw27p1,,sys1-lon14-p-phy-gpu1061,RDMA1,
104316,leaf-gpu-rdma,sys1-lon14-p-swi-bel57,sw28p1,,sys1-lon14-p-phy-gpu1063,RDMA1,
104317,leaf-gpu-rdma,sys1-lon14-p-swi-bel57,sw28p2,,sys1-lon14-p-phy-gpu1064,RDMA1,
104318,leaf-gpu-rdma,sys1-lon14-p-swi-bel57,sw29p1,,sys1-lon14-p-phy-gpu1065,RDMA1,
104319,leaf-gpu-rdma,sys1-lon14-p-swi-bel57,sw29p2,,sys1-lon14-p-phy-gpu1066,RDMA1,
104320,leaf-gpu-rdma,sys1-lon14-p-swi-bel57,sw30p1,,sys1-lon14-p-phy-gpu1067,RDMA1,
104321,leaf-gpu-rdma,sys1-lon14-p-swi-bel57,sw30p2,,sys1-lon14-p-phy-gpu1068,RDMA1,
104322,leaf-gpu-rdma,sys1-lon14-p-swi-bel57,sw31p1,,sys1-lon14-p-phy-gpu1069,RDMA1,
104323,leaf-gpu-rdma,sys1-lon14-p-swi-bel57,sw31p2,,sys1-lon14-p-phy-gpu1070,RDMA1,
104324,leaf-gpu-rdma,sys1-lon14-p-swi-bel57,sw32p1,,sys1-lon14-p-phy-gpu1071,RDMA1,
104325,leaf-gpu-rdma,sys1-lon14-p-swi-bel57,sw32p2,,sys1-lon14-p-phy-gpu1072,RDMA1,
104326,leaf-gpu-rdma,sys1-lon14-p-swi-bel57,sw33p1,,sys1-lon14-p-phy-gpu1073,RDMA1,
104327,leaf-gpu-rdma,sys1-lon14-p-swi-bel57,sw33p2,,sys1-lon14-p-phy-gpu1074,RDMA1,
104328,leaf-gpu-rdma,sys1-lon14-p-swi-bel57,sw34p1,,sys1-lon14-p-phy-gpu1075,RDMA1,
104329,leaf-gpu-rdma,sys1-lon14-p-swi-bel57,sw34p2,,sys1-lon14-p-phy-gpu1076,RDMA1,
104330,leaf-gpu-rdma,sys1-lon14-p-swi-bel57,sw35p1,,sys1-lon14-p-phy-gpu1077,RDMA1,
104331,leaf-gpu-rdma,sys1-lon14-p-swi-bel57,sw35p2,,sys1-lon14-p-phy-gpu1078,RDMA1,
104332,leaf-gpu-rdma,sys1-lon14-p-swi-bel57,sw36p1,,sys1-lon14-p-phy-gpu1079,RDMA1,
104333,leaf-gpu-rdma,sys1-lon14-p-swi-bel57,sw36p2,,sys1-lon14-p-phy-gpu1080,RDMA1,
104334,leaf-gpu-rdma,sys1-lon14-p-swi-bel58,sw1p1,,sys1-lon14-p-phy-gpu1009,RDMA2,
104335,leaf-gpu-rdma,sys1-lon14-p-swi-bel58,sw1p2,,sys1-lon14-p-phy-gpu1010,RDMA2,
104336,leaf-gpu-rdma,sys1-lon14-p-swi-bel58,sw2p1,,sys1-lon14-p-phy-gpu1011,RDMA2,
104337,leaf-gpu-rdma,sys1-lon14-p-swi-bel58,sw2p2,,sys1-lon14-p-phy-gpu1012,RDMA2,
104338,leaf-gpu-rdma,sys1-lon14-p-swi-bel58,sw3p1,,sys1-lon14-p-phy-gpu1013,RDMA2,
104339,leaf-gpu-rdma,sys1-lon14-p-swi-bel58,sw3p2,,sys1-lon14-p-phy-gpu1014,RDMA2,
104340,leaf-gpu-rdma,sys1-lon14-p-swi-bel58,sw4p1,,sys1-lon14-p-phy-gpu1015,RDMA2,
104341,leaf-gpu-rdma,sys1-lon14-p-swi-bel58,sw4p2,,sys1-lon14-p-phy-gpu1016,RDMA2,
104342,leaf-gpu-rdma,sys1-lon14-p-swi-bel58,sw5p1,,sys1-lon14-p-phy-gpu1017,RDMA2,
104343,leaf-gpu-rdma,sys1-lon14-p-swi-bel58,sw5p2,,sys1-lon14-p-phy-gpu1018,RDMA2,
104344,leaf-gpu-rdma,sys1-lon14-p-swi-bel58,sw6p1,,sys1-lon14-p-phy-gpu1019,RDMA2,
104345,leaf-gpu-rdma,sys1-lon14-p-swi-bel58,sw6p2,,sys1-lon14-p-phy-gpu1020,RDMA2,
104346,leaf-gpu-rdma,sys1-lon14-p-swi-bel58,sw7p1,,sys1-lon14-p-phy-gpu1021,RDMA2,
104347,leaf-gpu-rdma,sys1-lon14-p-swi-bel58,sw7p2,,sys1-lon14-p-phy-gpu1022,RDMA2,
104348,leaf-gpu-rdma,sys1-lon14-p-swi-bel58,sw8p1,,sys1-lon14-p-phy-gpu1023,RDMA2,
104349,leaf-gpu-rdma,sys1-lon14-p-swi-bel58,sw8p2,,sys1-lon14-p-phy-gpu1024,RDMA2,
104350,leaf-gpu-rdma,sys1-lon14-p-swi-bel58,sw9p1,,sys1-lon14-p-phy-gpu1025,RDMA2,
104351,leaf-gpu-rdma,sys1-lon14-p-swi-bel58,sw9p2,,sys1-lon14-p-phy-gpu1026,RDMA2,
104352,leaf-gpu-rdma,sys1-lon14-p-swi-bel58,sw10p1,,sys1-lon14-p-phy-gpu1027,RDMA2,
104353,leaf-gpu-rdma,sys1-lon14-p-swi-bel58,sw10p2,,sys1-lon14-p-phy-gpu1028,RDMA2,
104354,leaf-gpu-rdma,sys1-lon14-p-swi-bel58,sw11p1,,sys1-lon14-p-phy-gpu1029,RDMA2,
104355,leaf-gpu-rdma,sys1-lon14-p-swi-bel58,sw11p2,,sys1-lon14-p-phy-gpu1030,RDMA2,
104356,leaf-gpu-rdma,sys1-lon14-p-swi-bel58,sw12p1,,sys1-lon14-p-phy-gpu1031,RDMA2,
104357,leaf-gpu-rdma,sys1-lon14-p-swi-bel58,sw12p2,,sys1-lon14-p-phy-gpu1032,RDMA2,
104358,leaf-gpu-rdma,sys1-lon14-p-swi-bel58,sw13p1,,sys1-lon14-p-phy-gpu1033,RDMA2,
104359,leaf-gpu-rdma,sys1-lon14-p-swi-bel58,sw13p2,,sys1-lon14-p-phy-gpu1034,RDMA2,
104360,leaf-gpu-rdma,sys1-lon14-p-swi-bel58,sw14p1,,sys1-lon14-p-phy-gpu1035,RDMA2,
104361,leaf-gpu-rdma,sys1-lon14-p-swi-bel58,sw14p2,,sys1-lon14-p-phy-gpu1036,RDMA2,
104362,leaf-gpu-rdma,sys1-lon14-p-swi-bel58,sw15p1,,sys1-lon14-p-phy-gpu1037,RDMA2,
104363,leaf-gpu-rdma,sys1-lon14-p-swi-bel58,sw15p2,,sys1-lon14-p-phy-gpu1038,RDMA2,
104364,leaf-gpu-rdma,sys1-lon14-p-swi-bel58,sw16p1,,sys1-lon14-p-phy-gpu1039,RDMA2,
104365,leaf-gpu-rdma,sys1-lon14-p-swi-bel58,sw16p2,,sys1-lon14-p-phy-gpu1040,RDMA2,
104366,leaf-gpu-rdma,sys1-lon14-p-swi-bel58,sw17p1,,sys1-lon14-p-phy-gpu1041,RDMA2,
104367,leaf-gpu-rdma,sys1-lon14-p-swi-bel58,sw17p2,,sys1-lon14-p-phy-gpu1042,RDMA2,
104368,leaf-gpu-rdma,sys1-lon14-p-swi-bel58,sw18p1,,sys1-lon14-p-phy-gpu1043,RDMA2,
104369,leaf-gpu-rdma,sys1-lon14-p-swi-bel58,sw18p2,,sys1-lon14-p-phy-gpu1044,RDMA2,
104370,leaf-gpu-rdma,sys1-lon14-p-swi-bel58,sw19p1,,sys1-lon14-p-phy-gpu1045,RDMA2,
104371,leaf-gpu-rdma,sys1-lon14-p-swi-bel58,sw19p2,,sys1-lon14-p-phy-gpu1046,RDMA2,
104372,leaf-gpu-rdma,sys1-lon14-p-swi-bel58,sw20p1,,sys1-lon14-p-phy-gpu1047,RDMA2,
104373,leaf-gpu-rdma,sys1-lon14-p-swi-bel58,sw20p2,,sys1-lon14-p-phy-gpu1048,RDMA2,
104374,leaf-gpu-rdma,sys1-lon14-p-swi-bel58,sw21p1,,sys1-lon14-p-phy-gpu1049,RDMA2,
104375,leaf-gpu-rdma,sys1-lon14-p-swi-bel58,sw21p2,,sys1-lon14-p-phy-gpu1050,RDMA2,
104376,leaf-gpu-rdma,sys1-lon14-p-swi-bel58,sw22p1,,sys1-lon14-p-phy-gpu1051,RDMA2,
104377,leaf-gpu-rdma,sys1-lon14-p-swi-bel58,sw22p2,,sys1-lon14-p-phy-gpu1052,RDMA2,
104378,leaf-gpu-rdma,sys1-lon14-p-swi-bel58,sw23p1,,sys1-lon14-p-phy-gpu1053,RDMA2,
104379,leaf-gpu-rdma,sys1-lon14-p-swi-bel58,sw23p2,,sys1-lon14-p-phy-gpu1054,RDMA2,
104380,leaf-gpu-rdma,sys1-lon14-p-swi-bel58,sw24p1,,sys1-lon14-p-phy-gpu1055,RDMA2,
104381,leaf-gpu-rdma,sys1-lon14-p-swi-bel58,sw24p2,,sys1-lon14-p-phy-gpu1056,RDMA2,
104382,leaf-gpu-rdma,sys1-lon14-p-swi-bel58,sw25p1,,sys1-lon14-p-phy-gpu1057,RDMA2,
104383,leaf-gpu-rdma,sys1-lon14-p-swi-bel58,sw25p2,,sys1-lon14-p-phy-gpu1058,RDMA2,
104384,leaf-gpu-rdma,sys1-lon14-p-swi-bel58,sw26p1,,sys1-lon14-p-phy-gpu1059,RDMA2,
104385,leaf-gpu-rdma,sys1-lon14-p-swi-bel58,sw26p2,,sys1-lon14-p-phy-gpu1060,RDMA2,
104386,leaf-gpu-rdma,sys1-lon14-p-swi-bel58,sw27p1,,sys1-lon14-p-phy-gpu1061,RDMA2,
104388,leaf-gpu-rdma,sys1-lon14-p-swi-bel58,sw28p1,,sys1-lon14-p-phy-gpu1063,RDMA2,
104389,leaf-gpu-rdma,sys1-lon14-p-swi-bel58,sw28p2,,sys1-lon14-p-phy-gpu1064,RDMA2,
104390,leaf-gpu-rdma,sys1-lon14-p-swi-bel58,sw29p1,,sys1-lon14-p-phy-gpu1065,RDMA2,
104391,leaf-gpu-rdma,sys1-lon14-p-swi-bel58,sw29p2,,sys1-lon14-p-phy-gpu1066,RDMA2,
104392,leaf-gpu-rdma,sys1-lon14-p-swi-bel58,sw30p1,,sys1-lon14-p-phy-gpu1067,RDMA2,
104393,leaf-gpu-rdma,sys1-lon14-p-swi-bel58,sw30p2,,sys1-lon14-p-phy-gpu1068,RDMA2,
104394,leaf-gpu-rdma,sys1-lon14-p-swi-bel58,sw31p1,,sys1-lon14-p-phy-gpu1069,RDMA2,
104395,leaf-gpu-rdma,sys1-lon14-p-swi-bel58,sw31p2,,sys1-lon14-p-phy-gpu1070,RDMA2,
104396,leaf-gpu-rdma,sys1-lon14-p-swi-bel58,sw32p1,,sys1-lon14-p-phy-gpu1071,RDMA2,
104397,leaf-gpu-rdma,sys1-lon14-p-swi-bel58,sw32p2,,sys1-lon14-p-phy-gpu1072,RDMA2,
104398,leaf-gpu-rdma,sys1-lon14-p-swi-bel58,sw33p1,,sys1-lon14-p-phy-gpu1073,RDMA2,
104399,leaf-gpu-rdma,sys1-lon14-p-swi-bel58,sw33p2,,sys1-lon14-p-phy-gpu1074,RDMA2,
104400,leaf-gpu-rdma,sys1-lon14-p-swi-bel58,sw34p1,,sys1-lon14-p-phy-gpu1075,RDMA2,
104401,leaf-gpu-rdma,sys1-lon14-p-swi-bel58,sw34p2,,sys1-lon14-p-phy-gpu1076,RDMA2,
104402,leaf-gpu-rdma,sys1-lon14-p-swi-bel58,sw35p1,,sys1-lon14-p-phy-gpu1077,RDMA2,
104403,leaf-gpu-rdma,sys1-lon14-p-swi-bel58,sw35p2,,sys1-lon14-p-phy-gpu1078,RDMA2,
104404,leaf-gpu-rdma,sys1-lon14-p-swi-bel58,sw36p1,,sys1-lon14-p-phy-gpu1079,RDMA2,
104405,leaf-gpu-rdma,sys1-lon14-p-swi-bel58,sw36p2,,sys1-lon14-p-phy-gpu1080,RDMA2,
104406,leaf-gpu-rdma,sys1-lon14-p-swi-bel59,sw1p1,,sys1-lon14-p-phy-gpu1009,RDMA3,
104407,leaf-gpu-rdma,sys1-lon14-p-swi-bel59,sw1p2,,sys1-lon14-p-phy-gpu1010,RDMA3,
104408,leaf-gpu-rdma,sys1-lon14-p-swi-bel59,sw2p1,,sys1-lon14-p-phy-gpu1011,RDMA3,
104409,leaf-gpu-rdma,sys1-lon14-p-swi-bel59,sw2p2,,sys1-lon14-p-phy-gpu1012,RDMA3,
104410,leaf-gpu-rdma,sys1-lon14-p-swi-bel59,sw3p1,,sys1-lon14-p-phy-gpu1013,RDMA3,
104411,leaf-gpu-rdma,sys1-lon14-p-swi-bel59,sw3p2,,sys1-lon14-p-phy-gpu1014,RDMA3,
104412,leaf-gpu-rdma,sys1-lon14-p-swi-bel59,sw4p1,,sys1-lon14-p-phy-gpu1015,RDMA3,
104413,leaf-gpu-rdma,sys1-lon14-p-swi-bel59,sw4p2,,sys1-lon14-p-phy-gpu1016,RDMA3,
104414,leaf-gpu-rdma,sys1-lon14-p-swi-bel59,sw5p1,,sys1-lon14-p-phy-gpu1017,RDMA3,
104415,leaf-gpu-rdma,sys1-lon14-p-swi-bel59,sw5p2,,sys1-lon14-p-phy-gpu1018,RDMA3,
104416,leaf-gpu-rdma,sys1-lon14-p-swi-bel59,sw6p1,,sys1-lon14-p-phy-gpu1019,RDMA3,
104417,leaf-gpu-rdma,sys1-lon14-p-swi-bel59,sw6p2,,sys1-lon14-p-phy-gpu1020,RDMA3,
104418,leaf-gpu-rdma,sys1-lon14-p-swi-bel59,sw7p1,,sys1-lon14-p-phy-gpu1021,RDMA3,
104419,leaf-gpu-rdma,sys1-lon14-p-swi-bel59,sw7p2,,sys1-lon14-p-phy-gpu1022,RDMA3,
104420,leaf-gpu-rdma,sys1-lon14-p-swi-bel59,sw8p1,,sys1-lon14-p-phy-gpu1023,RDMA3,
104421,leaf-gpu-rdma,sys1-lon14-p-swi-bel59,sw8p2,,sys1-lon14-p-phy-gpu1024,RDMA3,
104422,leaf-gpu-rdma,sys1-lon14-p-swi-bel59,sw9p1,,sys1-lon14-p-phy-gpu1025,RDMA3,
104423,leaf-gpu-rdma,sys1-lon14-p-swi-bel59,sw9p2,,sys1-lon14-p-phy-gpu1026,RDMA3,
104424,leaf-gpu-rdma,sys1-lon14-p-swi-bel59,sw10p1,,sys1-lon14-p-phy-gpu1027,RDMA3,
104425,leaf-gpu-rdma,sys1-lon14-p-swi-bel59,sw10p2,,sys1-lon14-p-phy-gpu1028,RDMA3,
104426,leaf-gpu-rdma,sys1-lon14-p-swi-bel59,sw11p1,,sys1-lon14-p-phy-gpu1029,RDMA3,
104427,leaf-gpu-rdma,sys1-lon14-p-swi-bel59,sw11p2,,sys1-lon14-p-phy-gpu1030,RDMA3,
104428,leaf-gpu-rdma,sys1-lon14-p-swi-bel59,sw12p1,,sys1-lon14-p-phy-gpu1031,RDMA3,
104429,leaf-gpu-rdma,sys1-lon14-p-swi-bel59,sw12p2,,sys1-lon14-p-phy-gpu1032,RDMA3,
104430,leaf-gpu-rdma,sys1-lon14-p-swi-bel59,sw13p1,,sys1-lon14-p-phy-gpu1033,RDMA3,
104431,leaf-gpu-rdma,sys1-lon14-p-swi-bel59,sw13p2,,sys1-lon14-p-phy-gpu1034,RDMA3,
104432,leaf-gpu-rdma,sys1-lon14-p-swi-bel59,sw14p1,,sys1-lon14-p-phy-gpu1035,RDMA3,
104433,leaf-gpu-rdma,sys1-lon14-p-swi-bel59,sw14p2,,sys1-lon14-p-phy-gpu1036,RDMA3,
104434,leaf-gpu-rdma,sys1-lon14-p-swi-bel59,sw15p1,,sys1-lon14-p-phy-gpu1037,RDMA3,
104435,leaf-gpu-rdma,sys1-lon14-p-swi-bel59,sw15p2,,sys1-lon14-p-phy-gpu1038,RDMA3,
104436,leaf-gpu-rdma,sys1-lon14-p-swi-bel59,sw16p1,,sys1-lon14-p-phy-gpu1039,RDMA3,
104437,leaf-gpu-rdma,sys1-lon14-p-swi-bel59,sw16p2,,sys1-lon14-p-phy-gpu1040,RDMA3,
104438,leaf-gpu-rdma,sys1-lon14-p-swi-bel59,sw17p1,,sys1-lon14-p-phy-gpu1041,RDMA3,
104439,leaf-gpu-rdma,sys1-lon14-p-swi-bel59,sw17p2,,sys1-lon14-p-phy-gpu1042,RDMA3,
104440,leaf-gpu-rdma,sys1-lon14-p-swi-bel59,sw18p1,,sys1-lon14-p-phy-gpu1043,RDMA3,
104441,leaf-gpu-rdma,sys1-lon14-p-swi-bel59,sw18p2,,sys1-lon14-p-phy-gpu1044,RDMA3,
104442,leaf-gpu-rdma,sys1-lon14-p-swi-bel59,sw19p1,,sys1-lon14-p-phy-gpu1045,RDMA3,
104443,leaf-gpu-rdma,sys1-lon14-p-swi-bel59,sw19p2,,sys1-lon14-p-phy-gpu1046,RDMA3,
104444,leaf-gpu-rdma,sys1-lon14-p-swi-bel59,sw20p1,,sys1-lon14-p-phy-gpu1047,RDMA3,
104445,leaf-gpu-rdma,sys1-lon14-p-swi-bel59,sw20p2,,sys1-lon14-p-phy-gpu1048,RDMA3,
104446,leaf-gpu-rdma,sys1-lon14-p-swi-bel59,sw21p1,,sys1-lon14-p-phy-gpu1049,RDMA3,
104447,leaf-gpu-rdma,sys1-lon14-p-swi-bel59,sw21p2,,sys1-lon14-p-phy-gpu1050,RDMA3,
104448,leaf-gpu-rdma,sys1-lon14-p-swi-bel59,sw22p1,,sys1-lon14-p-phy-gpu1051,RDMA3,
104449,leaf-gpu-rdma,sys1-lon14-p-swi-bel59,sw22p2,,sys1-lon14-p-phy-gpu1052,RDMA3,
104450,leaf-gpu-rdma,sys1-lon14-p-swi-bel59,sw23p1,,sys1-lon14-p-phy-gpu1053,RDMA3,
104451,leaf-gpu-rdma,sys1-lon14-p-swi-bel59,sw23p2,,sys1-lon14-p-phy-gpu1054,RDMA3,
104452,leaf-gpu-rdma,sys1-lon14-p-swi-bel59,sw24p1,,sys1-lon14-p-phy-gpu1055,RDMA3,
104453,leaf-gpu-rdma,sys1-lon14-p-swi-bel59,sw24p2,,sys1-lon14-p-phy-gpu1056,RDMA3,
104454,leaf-gpu-rdma,sys1-lon14-p-swi-bel59,sw25p1,,sys1-lon14-p-phy-gpu1057,RDMA3,
104455,leaf-gpu-rdma,sys1-lon14-p-swi-bel59,sw25p2,,sys1-lon14-p-phy-gpu1058,RDMA3,
104456,leaf-gpu-rdma,sys1-lon14-p-swi-bel59,sw26p1,,sys1-lon14-p-phy-gpu1059,RDMA3,
104457,leaf-gpu-rdma,sys1-lon14-p-swi-bel59,sw26p2,,sys1-lon14-p-phy-gpu1060,RDMA3,
104458,leaf-gpu-rdma,sys1-lon14-p-swi-bel59,sw27p1,,sys1-lon14-p-phy-gpu1061,RDMA3,
104460,leaf-gpu-rdma,sys1-lon14-p-swi-bel59,sw28p1,,sys1-lon14-p-phy-gpu1063,RDMA3,
104461,leaf-gpu-rdma,sys1-lon14-p-swi-bel59,sw28p2,,sys1-lon14-p-phy-gpu1064,RDMA3,
104462,leaf-gpu-rdma,sys1-lon14-p-swi-bel59,sw29p1,,sys1-lon14-p-phy-gpu1065,RDMA3,
104463,leaf-gpu-rdma,sys1-lon14-p-swi-bel59,sw29p2,,sys1-lon14-p-phy-gpu1066,RDMA3,
104464,leaf-gpu-rdma,sys1-lon14-p-swi-bel59,sw30p1,,sys1-lon14-p-phy-gpu1067,RDMA3,
104465,leaf-gpu-rdma,sys1-lon14-p-swi-bel59,sw30p2,,sys1-lon14-p-phy-gpu1068,RDMA3,
104466,leaf-gpu-rdma,sys1-lon14-p-swi-bel59,sw31p1,,sys1-lon14-p-phy-gpu1069,RDMA3,
104467,leaf-gpu-rdma,sys1-lon14-p-swi-bel59,sw31p2,,sys1-lon14-p-phy-gpu1070,RDMA3,
104468,leaf-gpu-rdma,sys1-lon14-p-swi-bel59,sw32p1,,sys1-lon14-p-phy-gpu1071,RDMA3,
104469,leaf-gpu-rdma,sys1-lon14-p-swi-bel59,sw32p2,,sys1-lon14-p-phy-gpu1072,RDMA3,
104470,leaf-gpu-rdma,sys1-lon14-p-swi-bel59,sw33p1,,sys1-lon14-p-phy-gpu1073,RDMA3,
104471,leaf-gpu-rdma,sys1-lon14-p-swi-bel59,sw33p2,,sys1-lon14-p-phy-gpu1074,RDMA3,
104472,leaf-gpu-rdma,sys1-lon14-p-swi-bel59,sw34p1,,sys1-lon14-p-phy-gpu1075,RDMA3,
104473,leaf-gpu-rdma,sys1-lon14-p-swi-bel59,sw34p2,,sys1-lon14-p-phy-gpu1076,RDMA3,
104474,leaf-gpu-rdma,sys1-lon14-p-swi-bel59,sw35p1,,sys1-lon14-p-phy-gpu1077,RDMA3,
104475,leaf-gpu-rdma,sys1-lon14-p-swi-bel59,sw35p2,,sys1-lon14-p-phy-gpu1078,RDMA3,
104476,leaf-gpu-rdma,sys1-lon14-p-swi-bel59,sw36p1,,sys1-lon14-p-phy-gpu1079,RDMA3,
104477,leaf-gpu-rdma,sys1-lon14-p-swi-bel59,sw36p2,,sys1-lon14-p-phy-gpu1080,RDMA3,
104478,leaf-gpu-rdma,sys1-lon14-p-swi-bel60,sw1p1,,sys1-lon14-p-phy-gpu1009,RDMA4,
104479,leaf-gpu-rdma,sys1-lon14-p-swi-bel60,sw1p2,,sys1-lon14-p-phy-gpu1010,RDMA4,
104480,leaf-gpu-rdma,sys1-lon14-p-swi-bel60,sw2p1,,sys1-lon14-p-phy-gpu1011,RDMA4,
104481,leaf-gpu-rdma,sys1-lon14-p-swi-bel60,sw2p2,,sys1-lon14-p-phy-gpu1012,RDMA4,
104482,leaf-gpu-rdma,sys1-lon14-p-swi-bel60,sw3p1,,sys1-lon14-p-phy-gpu1013,RDMA4,
104483,leaf-gpu-rdma,sys1-lon14-p-swi-bel60,sw3p2,,sys1-lon14-p-phy-gpu1014,RDMA4,
104484,leaf-gpu-rdma,sys1-lon14-p-swi-bel60,sw4p1,,sys1-lon14-p-phy-gpu1015,RDMA4,
104485,leaf-gpu-rdma,sys1-lon14-p-swi-bel60,sw4p2,,sys1-lon14-p-phy-gpu1016,RDMA4,
104486,leaf-gpu-rdma,sys1-lon14-p-swi-bel60,sw5p1,,sys1-lon14-p-phy-gpu1017,RDMA4,
104487,leaf-gpu-rdma,sys1-lon14-p-swi-bel60,sw5p2,,sys1-lon14-p-phy-gpu1018,RDMA4,
104488,leaf-gpu-rdma,sys1-lon14-p-swi-bel60,sw6p1,,sys1-lon14-p-phy-gpu1019,RDMA4,
104489,leaf-gpu-rdma,sys1-lon14-p-swi-bel60,sw6p2,,sys1-lon14-p-phy-gpu1020,RDMA4,
104490,leaf-gpu-rdma,sys1-lon14-p-swi-bel60,sw7p1,,sys1-lon14-p-phy-gpu1021,RDMA4,
104491,leaf-gpu-rdma,sys1-lon14-p-swi-bel60,sw7p2,,sys1-lon14-p-phy-gpu1022,RDMA4,
104492,leaf-gpu-rdma,sys1-lon14-p-swi-bel60,sw8p1,,sys1-lon14-p-phy-gpu1023,RDMA4,
104493,leaf-gpu-rdma,sys1-lon14-p-swi-bel60,sw8p2,,sys1-lon14-p-phy-gpu1024,RDMA4,
104494,leaf-gpu-rdma,sys1-lon14-p-swi-bel60,sw9p1,,sys1-lon14-p-phy-gpu1025,RDMA4,
104495,leaf-gpu-rdma,sys1-lon14-p-swi-bel60,sw9p2,,sys1-lon14-p-phy-gpu1026,RDMA4,
104496,leaf-gpu-rdma,sys1-lon14-p-swi-bel60,sw10p1,,sys1-lon14-p-phy-gpu1027,RDMA4,
104497,leaf-gpu-rdma,sys1-lon14-p-swi-bel60,sw10p2,,sys1-lon14-p-phy-gpu1028,RDMA4,
104498,leaf-gpu-rdma,sys1-lon14-p-swi-bel60,sw11p1,,sys1-lon14-p-phy-gpu1029,RDMA4,
104499,leaf-gpu-rdma,sys1-lon14-p-swi-bel60,sw11p2,,sys1-lon14-p-phy-gpu1030,RDMA4,
104500,leaf-gpu-rdma,sys1-lon14-p-swi-bel60,sw12p1,,sys1-lon14-p-phy-gpu1031,RDMA4,
104501,leaf-gpu-rdma,sys1-lon14-p-swi-bel60,sw12p2,,sys1-lon14-p-phy-gpu1032,RDMA4,
104502,leaf-gpu-rdma,sys1-lon14-p-swi-bel60,sw13p1,,sys1-lon14-p-phy-gpu1033,RDMA4,
104503,leaf-gpu-rdma,sys1-lon14-p-swi-bel60,sw13p2,,sys1-lon14-p-phy-gpu1034,RDMA4,
104504,leaf-gpu-rdma,sys1-lon14-p-swi-bel60,sw14p1,,sys1-lon14-p-phy-gpu1035,RDMA4,
104505,leaf-gpu-rdma,sys1-lon14-p-swi-bel60,sw14p2,,sys1-lon14-p-phy-gpu1036,RDMA4,
104506,leaf-gpu-rdma,sys1-lon14-p-swi-bel60,sw15p1,,sys1-lon14-p-phy-gpu1037,RDMA4,
104507,leaf-gpu-rdma,sys1-lon14-p-swi-bel60,sw15p2,,sys1-lon14-p-phy-gpu1038,RDMA4,
104508,leaf-gpu-rdma,sys1-lon14-p-swi-bel60,sw16p1,,sys1-lon14-p-phy-gpu1039,RDMA4,
104509,leaf-gpu-rdma,sys1-lon14-p-swi-bel60,sw16p2,,sys1-lon14-p-phy-gpu1040,RDMA4,
104510,leaf-gpu-rdma,sys1-lon14-p-swi-bel60,sw17p1,,sys1-lon14-p-phy-gpu1041,RDMA4,
104511,leaf-gpu-rdma,sys1-lon14-p-swi-bel60,sw17p2,,sys1-lon14-p-phy-gpu1042,RDMA4,
104512,leaf-gpu-rdma,sys1-lon14-p-swi-bel60,sw18p1,,sys1-lon14-p-phy-gpu1043,RDMA4,
104513,leaf-gpu-rdma,sys1-lon14-p-swi-bel60,sw18p2,,sys1-lon14-p-phy-gpu1044,RDMA4,
104514,leaf-gpu-rdma,sys1-lon14-p-swi-bel60,sw19p1,,sys1-lon14-p-phy-gpu1045,RDMA4,
104515,leaf-gpu-rdma,sys1-lon14-p-swi-bel60,sw19p2,,sys1-lon14-p-phy-gpu1046,RDMA4,
104516,leaf-gpu-rdma,sys1-lon14-p-swi-bel60,sw20p1,,sys1-lon14-p-phy-gpu1047,RDMA4,
104517,leaf-gpu-rdma,sys1-lon14-p-swi-bel60,sw20p2,,sys1-lon14-p-phy-gpu1048,RDMA4,
104518,leaf-gpu-rdma,sys1-lon14-p-swi-bel60,sw21p1,,sys1-lon14-p-phy-gpu1049,RDMA4,
104519,leaf-gpu-rdma,sys1-lon14-p-swi-bel60,sw21p2,,sys1-lon14-p-phy-gpu1050,RDMA4,
104520,leaf-gpu-rdma,sys1-lon14-p-swi-bel60,sw22p1,,sys1-lon14-p-phy-gpu1051,RDMA4,
104521,leaf-gpu-rdma,sys1-lon14-p-swi-bel60,sw22p2,,sys1-lon14-p-phy-gpu1052,RDMA4,
104522,leaf-gpu-rdma,sys1-lon14-p-swi-bel60,sw23p1,,sys1-lon14-p-phy-gpu1053,RDMA4,
104523,leaf-gpu-rdma,sys1-lon14-p-swi-bel60,sw23p2,,sys1-lon14-p-phy-gpu1054,RDMA4,
104524,leaf-gpu-rdma,sys1-lon14-p-swi-bel60,sw24p1,,sys1-lon14-p-phy-gpu1055,RDMA4,
104525,leaf-gpu-rdma,sys1-lon14-p-swi-bel60,sw24p2,,sys1-lon14-p-phy-gpu1056,RDMA4,
104526,leaf-gpu-rdma,sys1-lon14-p-swi-bel60,sw25p1,,sys1-lon14-p-phy-gpu1057,RDMA4,
104527,leaf-gpu-rdma,sys1-lon14-p-swi-bel60,sw25p2,,sys1-lon14-p-phy-gpu1058,RDMA4,
104528,leaf-gpu-rdma,sys1-lon14-p-swi-bel60,sw26p1,,sys1-lon14-p-phy-gpu1059,RDMA4,
104529,leaf-gpu-rdma,sys1-lon14-p-swi-bel60,sw26p2,,sys1-lon14-p-phy-gpu1060,RDMA4,
104530,leaf-gpu-rdma,sys1-lon14-p-swi-bel60,sw27p1,,sys1-lon14-p-phy-gpu1061,RDMA4,
104532,leaf-gpu-rdma,sys1-lon14-p-swi-bel60,sw28p1,,sys1-lon14-p-phy-gpu1063,RDMA4,
104533,leaf-gpu-rdma,sys1-lon14-p-swi-bel60,sw28p2,,sys1-lon14-p-phy-gpu1064,RDMA4,
104534,leaf-gpu-rdma,sys1-lon14-p-swi-bel60,sw29p1,,sys1-lon14-p-phy-gpu1065,RDMA4,
104535,leaf-gpu-rdma,sys1-lon14-p-swi-bel60,sw29p2,,sys1-lon14-p-phy-gpu1066,RDMA4,
104536,leaf-gpu-rdma,sys1-lon14-p-swi-bel60,sw30p1,,sys1-lon14-p-phy-gpu1067,RDMA4,
104537,leaf-gpu-rdma,sys1-lon14-p-swi-bel60,sw30p2,,sys1-lon14-p-phy-gpu1068,RDMA4,
104538,leaf-gpu-rdma,sys1-lon14-p-swi-bel60,sw31p1,,sys1-lon14-p-phy-gpu1069,RDMA4,
104539,leaf-gpu-rdma,sys1-lon14-p-swi-bel60,sw31p2,,sys1-lon14-p-phy-gpu1070,RDMA4,
104540,leaf-gpu-rdma,sys1-lon14-p-swi-bel60,sw32p1,,sys1-lon14-p-phy-gpu1071,RDMA4,
104541,leaf-gpu-rdma,sys1-lon14-p-swi-bel60,sw32p2,,sys1-lon14-p-phy-gpu1072,RDMA4,
104542,leaf-gpu-rdma,sys1-lon14-p-swi-bel60,sw33p1,,sys1-lon14-p-phy-gpu1073,RDMA4,
104543,leaf-gpu-rdma,sys1-lon14-p-swi-bel60,sw33p2,,sys1-lon14-p-phy-gpu1074,RDMA4,
104544,leaf-gpu-rdma,sys1-lon14-p-swi-bel60,sw34p1,,sys1-lon14-p-phy-gpu1075,RDMA4,
104545,leaf-gpu-rdma,sys1-lon14-p-swi-bel60,sw34p2,,sys1-lon14-p-phy-gpu1076,RDMA4,
104546,leaf-gpu-rdma,sys1-lon14-p-swi-bel60,sw35p1,,sys1-lon14-p-phy-gpu1077,RDMA4,
104547,leaf-gpu-rdma,sys1-lon14-p-swi-bel60,sw35p2,,sys1-lon14-p-phy-gpu1078,RDMA4,
104548,leaf-gpu-rdma,sys1-lon14-p-swi-bel60,sw36p1,,sys1-lon14-p-phy-gpu1079,RDMA4,
104549,leaf-gpu-rdma,sys1-lon14-p-swi-bel60,sw36p2,,sys1-lon14-p-phy-gpu1080,RDMA4,
104550,leaf-gpu-rdma,sys1-lon14-p-swi-bel61,sw1p1,,sys1-lon14-p-phy-gpu1081,RDMA1,
104551,leaf-gpu-rdma,sys1-lon14-p-swi-bel61,sw1p2,,sys1-lon14-p-phy-gpu1082,RDMA1,
104552,leaf-gpu-rdma,sys1-lon14-p-swi-bel61,sw2p1,,sys1-lon14-p-phy-gpu1083,RDMA1,
104553,leaf-gpu-rdma,sys1-lon14-p-swi-bel61,sw2p2,,sys1-lon14-p-phy-gpu1084,RDMA1,
104554,leaf-gpu-rdma,sys1-lon14-p-swi-bel61,sw3p1,,sys1-lon14-p-phy-gpu1085,RDMA1,
104555,leaf-gpu-rdma,sys1-lon14-p-swi-bel61,sw3p2,,sys1-lon14-p-phy-gpu1086,RDMA1,
104556,leaf-gpu-rdma,sys1-lon14-p-swi-bel61,sw4p1,,sys1-lon14-p-phy-gpu1087,RDMA1,
104557,leaf-gpu-rdma,sys1-lon14-p-swi-bel61,sw4p2,,sys1-lon14-p-phy-gpu1088,RDMA1,
104558,leaf-gpu-rdma,sys1-lon14-p-swi-bel61,sw5p1,,sys1-lon14-p-phy-gpu1089,RDMA1,
104559,leaf-gpu-rdma,sys1-lon14-p-swi-bel61,sw5p2,,sys1-lon14-p-phy-gpu1090,RDMA1,
104560,leaf-gpu-rdma,sys1-lon14-p-swi-bel61,sw6p1,,sys1-lon14-p-phy-gpu1091,RDMA1,
104561,leaf-gpu-rdma,sys1-lon14-p-swi-bel61,sw6p2,,sys1-lon14-p-phy-gpu1092,RDMA1,
104562,leaf-gpu-rdma,sys1-lon14-p-swi-bel61,sw7p1,,sys1-lon14-p-phy-gpu1093,RDMA1,
104563,leaf-gpu-rdma,sys1-lon14-p-swi-bel61,sw7p2,,sys1-lon14-p-phy-gpu1094,RDMA1,
104564,leaf-gpu-rdma,sys1-lon14-p-swi-bel61,sw8p1,,sys1-lon14-p-phy-gpu1095,RDMA1,
104565,leaf-gpu-rdma,sys1-lon14-p-swi-bel61,sw8p2,,sys1-lon14-p-phy-gpu1096,RDMA1,
104566,leaf-gpu-rdma,sys1-lon14-p-swi-bel61,sw9p1,,sys1-lon14-p-phy-gpu1097,RDMA1,
104567,leaf-gpu-rdma,sys1-lon14-p-swi-bel61,sw9p2,,sys1-lon14-p-phy-gpu1098,RDMA1,
104568,leaf-gpu-rdma,sys1-lon14-p-swi-bel61,sw10p1,,sys1-lon14-p-phy-gpu1099,RDMA1,
104569,leaf-gpu-rdma,sys1-lon14-p-swi-bel61,sw10p2,,sys1-lon14-p-phy-gpu1100,RDMA1,
104570,leaf-gpu-rdma,sys1-lon14-p-swi-bel61,sw11p1,,sys1-lon14-p-phy-gpu1101,RDMA1,
104571,leaf-gpu-rdma,sys1-lon14-p-swi-bel61,sw11p2,,sys1-lon14-p-phy-gpu1102,RDMA1,
104572,leaf-gpu-rdma,sys1-lon14-p-swi-bel61,sw12p1,,sys1-lon14-p-phy-gpu1103,RDMA1,
104573,leaf-gpu-rdma,sys1-lon14-p-swi-bel61,sw12p2,,sys1-lon14-p-phy-gpu1104,RDMA1,
104574,leaf-gpu-rdma,sys1-lon14-p-swi-bel61,sw13p1,,sys1-lon14-p-phy-gpu1105,RDMA1,
104575,leaf-gpu-rdma,sys1-lon14-p-swi-bel61,sw13p2,,sys1-lon14-p-phy-gpu1106,RDMA1,
104576,leaf-gpu-rdma,sys1-lon14-p-swi-bel61,sw14p1,,sys1-lon14-p-phy-gpu1107,RDMA1,
104577,leaf-gpu-rdma,sys1-lon14-p-swi-bel61,sw14p2,,sys1-lon14-p-phy-gpu1108,RDMA1,
104578,leaf-gpu-rdma,sys1-lon14-p-swi-bel61,sw15p1,,sys1-lon14-p-phy-gpu1109,RDMA1,
104579,leaf-gpu-rdma,sys1-lon14-p-swi-bel61,sw15p2,,sys1-lon14-p-phy-gpu1110,RDMA1,
104580,leaf-gpu-rdma,sys1-lon14-p-swi-bel61,sw16p1,,sys1-lon14-p-phy-gpu1111,RDMA1,
104581,leaf-gpu-rdma,sys1-lon14-p-swi-bel61,sw16p2,,sys1-lon14-p-phy-gpu1112,RDMA1,
104582,leaf-gpu-rdma,sys1-lon14-p-swi-bel61,sw17p1,,sys1-lon14-p-phy-gpu1113,RDMA1,
104583,leaf-gpu-rdma,sys1-lon14-p-swi-bel61,sw17p2,,sys1-lon14-p-phy-gpu1114,RDMA1,
104584,leaf-gpu-rdma,sys1-lon14-p-swi-bel61,sw18p1,,sys1-lon14-p-phy-gpu1115,RDMA1,
104585,leaf-gpu-rdma,sys1-lon14-p-swi-bel61,sw18p2,,sys1-lon14-p-phy-gpu1116,RDMA1,
104586,leaf-gpu-rdma,sys1-lon14-p-swi-bel61,sw19p1,,sys1-lon14-p-phy-gpu1117,RDMA1,
104587,leaf-gpu-rdma,sys1-lon14-p-swi-bel61,sw19p2,,sys1-lon14-p-phy-gpu1118,RDMA1,
104588,leaf-gpu-rdma,sys1-lon14-p-swi-bel61,sw20p1,,sys1-lon14-p-phy-gpu1119,RDMA1,
104589,leaf-gpu-rdma,sys1-lon14-p-swi-bel61,sw20p2,,sys1-lon14-p-phy-gpu1120,RDMA1,
104590,leaf-gpu-rdma,sys1-lon14-p-swi-bel61,sw21p1,,sys1-lon14-p-phy-gpu1121,RDMA1,
104591,leaf-gpu-rdma,sys1-lon14-p-swi-bel61,sw21p2,,sys1-lon14-p-phy-gpu1122,RDMA1,
104592,leaf-gpu-rdma,sys1-lon14-p-swi-bel61,sw22p1,,sys1-lon14-p-phy-gpu1123,RDMA1,
104593,leaf-gpu-rdma,sys1-lon14-p-swi-bel61,sw22p2,,sys1-lon14-p-phy-gpu1124,RDMA1,
104594,leaf-gpu-rdma,sys1-lon14-p-swi-bel61,sw23p1,,sys1-lon14-p-phy-gpu1125,RDMA1,
104595,leaf-gpu-rdma,sys1-lon14-p-swi-bel61,sw23p2,,sys1-lon14-p-phy-gpu1126,RDMA1,
104596,leaf-gpu-rdma,sys1-lon14-p-swi-bel61,sw24p1,,sys1-lon14-p-phy-gpu1127,RDMA1,
104597,leaf-gpu-rdma,sys1-lon14-p-swi-bel61,sw24p2,,sys1-lon14-p-phy-gpu1128,RDMA1,
104598,leaf-gpu-rdma,sys1-lon14-p-swi-bel61,sw25p1,,sys1-lon14-p-phy-gpu1129,RDMA1,
104599,leaf-gpu-rdma,sys1-lon14-p-swi-bel61,sw25p2,,sys1-lon14-p-phy-gpu1130,RDMA1,
104600,leaf-gpu-rdma,sys1-lon14-p-swi-bel61,sw26p1,,sys1-lon14-p-phy-gpu1131,RDMA1,
104601,leaf-gpu-rdma,sys1-lon14-p-swi-bel61,sw26p2,,sys1-lon14-p-phy-gpu1132,RDMA1,
104602,leaf-gpu-rdma,sys1-lon14-p-swi-bel61,sw27p1,,sys1-lon14-p-phy-gpu1133,RDMA1,
104603,leaf-gpu-rdma,sys1-lon14-p-swi-bel61,sw27p2,,sys1-lon14-p-phy-gpu1134,RDMA1,
104604,leaf-gpu-rdma,sys1-lon14-p-swi-bel61,sw28p1,,sys1-lon14-p-phy-gpu1135,RDMA1,
104605,leaf-gpu-rdma,sys1-lon14-p-swi-bel61,sw28p2,,sys1-lon14-p-phy-gpu1136,RDMA1,
104606,leaf-gpu-rdma,sys1-lon14-p-swi-bel61,sw29p1,,sys1-lon14-p-phy-gpu1137,RDMA1,
104607,leaf-gpu-rdma,sys1-lon14-p-swi-bel61,sw29p2,,sys1-lon14-p-phy-gpu1138,RDMA1,
104608,leaf-gpu-rdma,sys1-lon14-p-swi-bel61,sw30p1,,sys1-lon14-p-phy-gpu1139,RDMA1,
104609,leaf-gpu-rdma,sys1-lon14-p-swi-bel61,sw30p2,,sys1-lon14-p-phy-gpu1140,RDMA1,
104610,leaf-gpu-rdma,sys1-lon14-p-swi-bel61,sw31p1,,sys1-lon14-p-phy-gpu1141,RDMA1,
104611,leaf-gpu-rdma,sys1-lon14-p-swi-bel61,sw31p2,,sys1-lon14-p-phy-gpu1142,RDMA1,
104612,leaf-gpu-rdma,sys1-lon14-p-swi-bel61,sw32p1,,sys1-lon14-p-phy-gpu1143,RDMA1,
104613,leaf-gpu-rdma,sys1-lon14-p-swi-bel61,sw32p2,,sys1-lon14-p-phy-gpu1144,RDMA1,
104614,leaf-gpu-rdma,sys1-lon14-p-swi-bel61,sw33p1,,sys1-lon14-p-phy-gpu1145,RDMA1,
104615,leaf-gpu-rdma,sys1-lon14-p-swi-bel61,sw33p2,,sys1-lon14-p-phy-gpu1146,RDMA1,
104616,leaf-gpu-rdma,sys1-lon14-p-swi-bel61,sw34p1,,sys1-lon14-p-phy-gpu1147,RDMA1,
104617,leaf-gpu-rdma,sys1-lon14-p-swi-bel61,sw34p2,,sys1-lon14-p-phy-gpu1148,RDMA1,
104618,leaf-gpu-rdma,sys1-lon14-p-swi-bel61,sw35p1,,sys1-lon14-p-phy-gpu1149,RDMA1,
104619,leaf-gpu-rdma,sys1-lon14-p-swi-bel61,sw35p2,,sys1-lon14-p-phy-gpu1150,RDMA1,
104620,leaf-gpu-rdma,sys1-lon14-p-swi-bel61,sw36p1,,sys1-lon14-p-phy-gpu1151,RDMA1,
104621,leaf-gpu-rdma,sys1-lon14-p-swi-bel61,sw36p2,,sys1-lon14-p-phy-gpu1152,RDMA1,
104622,leaf-gpu-rdma,sys1-lon14-p-swi-bel62,sw1p1,,sys1-lon14-p-phy-gpu1081,RDMA2,
104623,leaf-gpu-rdma,sys1-lon14-p-swi-bel62,sw1p2,,sys1-lon14-p-phy-gpu1082,RDMA2,
104624,leaf-gpu-rdma,sys1-lon14-p-swi-bel62,sw2p1,,sys1-lon14-p-phy-gpu1083,RDMA2,
104625,leaf-gpu-rdma,sys1-lon14-p-swi-bel62,sw2p2,,sys1-lon14-p-phy-gpu1084,RDMA2,
104626,leaf-gpu-rdma,sys1-lon14-p-swi-bel62,sw3p1,,sys1-lon14-p-phy-gpu1085,RDMA2,
104627,leaf-gpu-rdma,sys1-lon14-p-swi-bel62,sw3p2,,sys1-lon14-p-phy-gpu1086,RDMA2,
104628,leaf-gpu-rdma,sys1-lon14-p-swi-bel62,sw4p1,,sys1-lon14-p-phy-gpu1087,RDMA2,
104629,leaf-gpu-rdma,sys1-lon14-p-swi-bel62,sw4p2,,sys1-lon14-p-phy-gpu1088,RDMA2,
104630,leaf-gpu-rdma,sys1-lon14-p-swi-bel62,sw5p1,,sys1-lon14-p-phy-gpu1089,RDMA2,
104631,leaf-gpu-rdma,sys1-lon14-p-swi-bel62,sw5p2,,sys1-lon14-p-phy-gpu1090,RDMA2,
104632,leaf-gpu-rdma,sys1-lon14-p-swi-bel62,sw6p1,,sys1-lon14-p-phy-gpu1091,RDMA2,
104633,leaf-gpu-rdma,sys1-lon14-p-swi-bel62,sw6p2,,sys1-lon14-p-phy-gpu1092,RDMA2,
104634,leaf-gpu-rdma,sys1-lon14-p-swi-bel62,sw7p1,,sys1-lon14-p-phy-gpu1093,RDMA2,
104635,leaf-gpu-rdma,sys1-lon14-p-swi-bel62,sw7p2,,sys1-lon14-p-phy-gpu1094,RDMA2,
104636,leaf-gpu-rdma,sys1-lon14-p-swi-bel62,sw8p1,,sys1-lon14-p-phy-gpu1095,RDMA2,
104637,leaf-gpu-rdma,sys1-lon14-p-swi-bel62,sw8p2,,sys1-lon14-p-phy-gpu1096,RDMA2,
104638,leaf-gpu-rdma,sys1-lon14-p-swi-bel62,sw9p1,,sys1-lon14-p-phy-gpu1097,RDMA2,
104639,leaf-gpu-rdma,sys1-lon14-p-swi-bel62,sw9p2,,sys1-lon14-p-phy-gpu1098,RDMA2,
104640,leaf-gpu-rdma,sys1-lon14-p-swi-bel62,sw10p1,,sys1-lon14-p-phy-gpu1099,RDMA2,
104641,leaf-gpu-rdma,sys1-lon14-p-swi-bel62,sw10p2,,sys1-lon14-p-phy-gpu1100,RDMA2,
104642,leaf-gpu-rdma,sys1-lon14-p-swi-bel62,sw11p1,,sys1-lon14-p-phy-gpu1101,RDMA2,
104643,leaf-gpu-rdma,sys1-lon14-p-swi-bel62,sw11p2,,sys1-lon14-p-phy-gpu1102,RDMA2,
104644,leaf-gpu-rdma,sys1-lon14-p-swi-bel62,sw12p1,,sys1-lon14-p-phy-gpu1103,RDMA2,
104645,leaf-gpu-rdma,sys1-lon14-p-swi-bel62,sw12p2,,sys1-lon14-p-phy-gpu1104,RDMA2,
104646,leaf-gpu-rdma,sys1-lon14-p-swi-bel62,sw13p1,,sys1-lon14-p-phy-gpu1105,RDMA2,
104647,leaf-gpu-rdma,sys1-lon14-p-swi-bel62,sw13p2,,sys1-lon14-p-phy-gpu1106,RDMA2,
104648,leaf-gpu-rdma,sys1-lon14-p-swi-bel62,sw14p1,,sys1-lon14-p-phy-gpu1107,RDMA2,
104649,leaf-gpu-rdma,sys1-lon14-p-swi-bel62,sw14p2,,sys1-lon14-p-phy-gpu1108,RDMA2,
104650,leaf-gpu-rdma,sys1-lon14-p-swi-bel62,sw15p1,,sys1-lon14-p-phy-gpu1109,RDMA2,
104651,leaf-gpu-rdma,sys1-lon14-p-swi-bel62,sw15p2,,sys1-lon14-p-phy-gpu1110,RDMA2,
104652,leaf-gpu-rdma,sys1-lon14-p-swi-bel62,sw16p1,,sys1-lon14-p-phy-gpu1111,RDMA2,
104653,leaf-gpu-rdma,sys1-lon14-p-swi-bel62,sw16p2,,sys1-lon14-p-phy-gpu1112,RDMA2,
104654,leaf-gpu-rdma,sys1-lon14-p-swi-bel62,sw17p1,,sys1-lon14-p-phy-gpu1113,RDMA2,
104655,leaf-gpu-rdma,sys1-lon14-p-swi-bel62,sw17p2,,sys1-lon14-p-phy-gpu1114,RDMA2,
104656,leaf-gpu-rdma,sys1-lon14-p-swi-bel62,sw18p1,,sys1-lon14-p-phy-gpu1115,RDMA2,
104657,leaf-gpu-rdma,sys1-lon14-p-swi-bel62,sw18p2,,sys1-lon14-p-phy-gpu1116,RDMA2,
104658,leaf-gpu-rdma,sys1-lon14-p-swi-bel62,sw19p1,,sys1-lon14-p-phy-gpu1117,RDMA2,
104659,leaf-gpu-rdma,sys1-lon14-p-swi-bel62,sw19p2,,sys1-lon14-p-phy-gpu1118,RDMA2,
104660,leaf-gpu-rdma,sys1-lon14-p-swi-bel62,sw20p1,,sys1-lon14-p-phy-gpu1119,RDMA2,
104661,leaf-gpu-rdma,sys1-lon14-p-swi-bel62,sw20p2,,sys1-lon14-p-phy-gpu1120,RDMA2,
104662,leaf-gpu-rdma,sys1-lon14-p-swi-bel62,sw21p1,,sys1-lon14-p-phy-gpu1121,RDMA2,
104663,leaf-gpu-rdma,sys1-lon14-p-swi-bel62,sw21p2,,sys1-lon14-p-phy-gpu1122,RDMA2,
104664,leaf-gpu-rdma,sys1-lon14-p-swi-bel62,sw22p1,,sys1-lon14-p-phy-gpu1123,RDMA2,
104665,leaf-gpu-rdma,sys1-lon14-p-swi-bel62,sw22p2,,sys1-lon14-p-phy-gpu1124,RDMA2,
104666,leaf-gpu-rdma,sys1-lon14-p-swi-bel62,sw23p1,,sys1-lon14-p-phy-gpu1125,RDMA2,
104667,leaf-gpu-rdma,sys1-lon14-p-swi-bel62,sw23p2,,sys1-lon14-p-phy-gpu1126,RDMA2,
104668,leaf-gpu-rdma,sys1-lon14-p-swi-bel62,sw24p1,,sys1-lon14-p-phy-gpu1127,RDMA2,
104669,leaf-gpu-rdma,sys1-lon14-p-swi-bel62,sw24p2,,sys1-lon14-p-phy-gpu1128,RDMA2,
104670,leaf-gpu-rdma,sys1-lon14-p-swi-bel62,sw25p1,,sys1-lon14-p-phy-gpu1129,RDMA2,
104671,leaf-gpu-rdma,sys1-lon14-p-swi-bel62,sw25p2,,sys1-lon14-p-phy-gpu1130,RDMA2,
104672,leaf-gpu-rdma,sys1-lon14-p-swi-bel62,sw26p1,,sys1-lon14-p-phy-gpu1131,RDMA2,
104673,leaf-gpu-rdma,sys1-lon14-p-swi-bel62,sw26p2,,sys1-lon14-p-phy-gpu1132,RDMA2,
104674,leaf-gpu-rdma,sys1-lon14-p-swi-bel62,sw27p1,,sys1-lon14-p-phy-gpu1133,RDMA2,
104675,leaf-gpu-rdma,sys1-lon14-p-swi-bel62,sw27p2,,sys1-lon14-p-phy-gpu1134,RDMA2,
104676,leaf-gpu-rdma,sys1-lon14-p-swi-bel62,sw28p1,,sys1-lon14-p-phy-gpu1135,RDMA2,
104677,leaf-gpu-rdma,sys1-lon14-p-swi-bel62,sw28p2,,sys1-lon14-p-phy-gpu1136,RDMA2,
104678,leaf-gpu-rdma,sys1-lon14-p-swi-bel62,sw29p1,,sys1-lon14-p-phy-gpu1137,RDMA2,
104679,leaf-gpu-rdma,sys1-lon14-p-swi-bel62,sw29p2,,sys1-lon14-p-phy-gpu1138,RDMA2,
104680,leaf-gpu-rdma,sys1-lon14-p-swi-bel62,sw30p1,,sys1-lon14-p-phy-gpu1139,RDMA2,
104681,leaf-gpu-rdma,sys1-lon14-p-swi-bel62,sw30p2,,sys1-lon14-p-phy-gpu1140,RDMA2,
104682,leaf-gpu-rdma,sys1-lon14-p-swi-bel62,sw31p1,,sys1-lon14-p-phy-gpu1141,RDMA2,
104683,leaf-gpu-rdma,sys1-lon14-p-swi-bel62,sw31p2,,sys1-lon14-p-phy-gpu1142,RDMA2,
104684,leaf-gpu-rdma,sys1-lon14-p-swi-bel62,sw32p1,,sys1-lon14-p-phy-gpu1143,RDMA2,
104685,leaf-gpu-rdma,sys1-lon14-p-swi-bel62,sw32p2,,sys1-lon14-p-phy-gpu1144,RDMA2,
104686,leaf-gpu-rdma,sys1-lon14-p-swi-bel62,sw33p1,,sys1-lon14-p-phy-gpu1145,RDMA2,
104687,leaf-gpu-rdma,sys1-lon14-p-swi-bel62,sw33p2,,sys1-lon14-p-phy-gpu1146,RDMA2,
104688,leaf-gpu-rdma,sys1-lon14-p-swi-bel62,sw34p1,,sys1-lon14-p-phy-gpu1147,RDMA2,
104689,leaf-gpu-rdma,sys1-lon14-p-swi-bel62,sw34p2,,sys1-lon14-p-phy-gpu1148,RDMA2,
104690,leaf-gpu-rdma,sys1-lon14-p-swi-bel62,sw35p1,,sys1-lon14-p-phy-gpu1149,RDMA2,
104691,leaf-gpu-rdma,sys1-lon14-p-swi-bel62,sw35p2,,sys1-lon14-p-phy-gpu1150,RDMA2,
104692,leaf-gpu-rdma,sys1-lon14-p-swi-bel62,sw36p1,,sys1-lon14-p-phy-gpu1151,RDMA2,
104693,leaf-gpu-rdma,sys1-lon14-p-swi-bel62,sw36p2,,sys1-lon14-p-phy-gpu1152,RDMA2,
104694,leaf-gpu-rdma,sys1-lon14-p-swi-bel63,sw1p1,,sys1-lon14-p-phy-gpu1081,RDMA3,
104695,leaf-gpu-rdma,sys1-lon14-p-swi-bel63,sw1p2,,sys1-lon14-p-phy-gpu1082,RDMA3,
104696,leaf-gpu-rdma,sys1-lon14-p-swi-bel63,sw2p1,,sys1-lon14-p-phy-gpu1083,RDMA3,
104697,leaf-gpu-rdma,sys1-lon14-p-swi-bel63,sw2p2,,sys1-lon14-p-phy-gpu1084,RDMA3,
104698,leaf-gpu-rdma,sys1-lon14-p-swi-bel63,sw3p1,,sys1-lon14-p-phy-gpu1085,RDMA3,
104699,leaf-gpu-rdma,sys1-lon14-p-swi-bel63,sw3p2,,sys1-lon14-p-phy-gpu1086,RDMA3,
104700,leaf-gpu-rdma,sys1-lon14-p-swi-bel63,sw4p1,,sys1-lon14-p-phy-gpu1087,RDMA3,
104701,leaf-gpu-rdma,sys1-lon14-p-swi-bel63,sw4p2,,sys1-lon14-p-phy-gpu1088,RDMA3,
104702,leaf-gpu-rdma,sys1-lon14-p-swi-bel63,sw5p1,,sys1-lon14-p-phy-gpu1089,RDMA3,
104703,leaf-gpu-rdma,sys1-lon14-p-swi-bel63,sw5p2,,sys1-lon14-p-phy-gpu1090,RDMA3,
104704,leaf-gpu-rdma,sys1-lon14-p-swi-bel63,sw6p1,,sys1-lon14-p-phy-gpu1091,RDMA3,
104705,leaf-gpu-rdma,sys1-lon14-p-swi-bel63,sw6p2,,sys1-lon14-p-phy-gpu1092,RDMA3,
104706,leaf-gpu-rdma,sys1-lon14-p-swi-bel63,sw7p1,,sys1-lon14-p-phy-gpu1093,RDMA3,
104707,leaf-gpu-rdma,sys1-lon14-p-swi-bel63,sw7p2,,sys1-lon14-p-phy-gpu1094,RDMA3,
104708,leaf-gpu-rdma,sys1-lon14-p-swi-bel63,sw8p1,,sys1-lon14-p-phy-gpu1095,RDMA3,
104709,leaf-gpu-rdma,sys1-lon14-p-swi-bel63,sw8p2,,sys1-lon14-p-phy-gpu1096,RDMA3,
104710,leaf-gpu-rdma,sys1-lon14-p-swi-bel63,sw9p1,,sys1-lon14-p-phy-gpu1097,RDMA3,
104711,leaf-gpu-rdma,sys1-lon14-p-swi-bel63,sw9p2,,sys1-lon14-p-phy-gpu1098,RDMA3,
104712,leaf-gpu-rdma,sys1-lon14-p-swi-bel63,sw10p1,,sys1-lon14-p-phy-gpu1099,RDMA3,
104713,leaf-gpu-rdma,sys1-lon14-p-swi-bel63,sw10p2,,sys1-lon14-p-phy-gpu1100,RDMA3,
104714,leaf-gpu-rdma,sys1-lon14-p-swi-bel63,sw11p1,,sys1-lon14-p-phy-gpu1101,RDMA3,
104715,leaf-gpu-rdma,sys1-lon14-p-swi-bel63,sw11p2,,sys1-lon14-p-phy-gpu1102,RDMA3,
104716,leaf-gpu-rdma,sys1-lon14-p-swi-bel63,sw12p1,,sys1-lon14-p-phy-gpu1103,RDMA3,
104717,leaf-gpu-rdma,sys1-lon14-p-swi-bel63,sw12p2,,sys1-lon14-p-phy-gpu1104,RDMA3,
104718,leaf-gpu-rdma,sys1-lon14-p-swi-bel63,sw13p1,,sys1-lon14-p-phy-gpu1105,RDMA3,
104719,leaf-gpu-rdma,sys1-lon14-p-swi-bel63,sw13p2,,sys1-lon14-p-phy-gpu1106,RDMA3,
104720,leaf-gpu-rdma,sys1-lon14-p-swi-bel63,sw14p1,,sys1-lon14-p-phy-gpu1107,RDMA3,
104721,leaf-gpu-rdma,sys1-lon14-p-swi-bel63,sw14p2,,sys1-lon14-p-phy-gpu1108,RDMA3,
104722,leaf-gpu-rdma,sys1-lon14-p-swi-bel63,sw15p1,,sys1-lon14-p-phy-gpu1109,RDMA3,
104723,leaf-gpu-rdma,sys1-lon14-p-swi-bel63,sw15p2,,sys1-lon14-p-phy-gpu1110,RDMA3,
104724,leaf-gpu-rdma,sys1-lon14-p-swi-bel63,sw16p1,,sys1-lon14-p-phy-gpu1111,RDMA3,
104725,leaf-gpu-rdma,sys1-lon14-p-swi-bel63,sw16p2,,sys1-lon14-p-phy-gpu1112,RDMA3,
104726,leaf-gpu-rdma,sys1-lon14-p-swi-bel63,sw17p1,,sys1-lon14-p-phy-gpu1113,RDMA3,
104727,leaf-gpu-rdma,sys1-lon14-p-swi-bel63,sw17p2,,sys1-lon14-p-phy-gpu1114,RDMA3,
104728,leaf-gpu-rdma,sys1-lon14-p-swi-bel63,sw18p1,,sys1-lon14-p-phy-gpu1115,RDMA3,
104729,leaf-gpu-rdma,sys1-lon14-p-swi-bel63,sw18p2,,sys1-lon14-p-phy-gpu1116,RDMA3,
104730,leaf-gpu-rdma,sys1-lon14-p-swi-bel63,sw19p1,,sys1-lon14-p-phy-gpu1117,RDMA3,
104731,leaf-gpu-rdma,sys1-lon14-p-swi-bel63,sw19p2,,sys1-lon14-p-phy-gpu1118,RDMA3,
104732,leaf-gpu-rdma,sys1-lon14-p-swi-bel63,sw20p1,,sys1-lon14-p-phy-gpu1119,RDMA3,
104733,leaf-gpu-rdma,sys1-lon14-p-swi-bel63,sw20p2,,sys1-lon14-p-phy-gpu1120,RDMA3,
104734,leaf-gpu-rdma,sys1-lon14-p-swi-bel63,sw21p1,,sys1-lon14-p-phy-gpu1121,RDMA3,
104735,leaf-gpu-rdma,sys1-lon14-p-swi-bel63,sw21p2,,sys1-lon14-p-phy-gpu1122,RDMA3,
104736,leaf-gpu-rdma,sys1-lon14-p-swi-bel63,sw22p1,,sys1-lon14-p-phy-gpu1123,RDMA3,
104737,leaf-gpu-rdma,sys1-lon14-p-swi-bel63,sw22p2,,sys1-lon14-p-phy-gpu1124,RDMA3,
104738,leaf-gpu-rdma,sys1-lon14-p-swi-bel63,sw23p1,,sys1-lon14-p-phy-gpu1125,RDMA3,
104739,leaf-gpu-rdma,sys1-lon14-p-swi-bel63,sw23p2,,sys1-lon14-p-phy-gpu1126,RDMA3,
104740,leaf-gpu-rdma,sys1-lon14-p-swi-bel63,sw24p1,,sys1-lon14-p-phy-gpu1127,RDMA3,
104741,leaf-gpu-rdma,sys1-lon14-p-swi-bel63,sw24p2,,sys1-lon14-p-phy-gpu1128,RDMA3,
104742,leaf-gpu-rdma,sys1-lon14-p-swi-bel63,sw25p1,,sys1-lon14-p-phy-gpu1129,RDMA3,
104743,leaf-gpu-rdma,sys1-lon14-p-swi-bel63,sw25p2,,sys1-lon14-p-phy-gpu1130,RDMA3,
104744,leaf-gpu-rdma,sys1-lon14-p-swi-bel63,sw26p1,,sys1-lon14-p-phy-gpu1131,RDMA3,
104745,leaf-gpu-rdma,sys1-lon14-p-swi-bel63,sw26p2,,sys1-lon14-p-phy-gpu1132,RDMA3,
104746,leaf-gpu-rdma,sys1-lon14-p-swi-bel63,sw27p1,,sys1-lon14-p-phy-gpu1133,RDMA3,
104747,leaf-gpu-rdma,sys1-lon14-p-swi-bel63,sw27p2,,sys1-lon14-p-phy-gpu1134,RDMA3,
104748,leaf-gpu-rdma,sys1-lon14-p-swi-bel63,sw28p1,,sys1-lon14-p-phy-gpu1135,RDMA3,
104749,leaf-gpu-rdma,sys1-lon14-p-swi-bel63,sw28p2,,sys1-lon14-p-phy-gpu1136,RDMA3,
104750,leaf-gpu-rdma,sys1-lon14-p-swi-bel63,sw29p1,,sys1-lon14-p-phy-gpu1137,RDMA3,
104751,leaf-gpu-rdma,sys1-lon14-p-swi-bel63,sw29p2,,sys1-lon14-p-phy-gpu1138,RDMA3,
104752,leaf-gpu-rdma,sys1-lon14-p-swi-bel63,sw30p1,,sys1-lon14-p-phy-gpu1139,RDMA3,
104753,leaf-gpu-rdma,sys1-lon14-p-swi-bel63,sw30p2,,sys1-lon14-p-phy-gpu1140,RDMA3,
104754,leaf-gpu-rdma,sys1-lon14-p-swi-bel63,sw31p1,,sys1-lon14-p-phy-gpu1141,RDMA3,
104755,leaf-gpu-rdma,sys1-lon14-p-swi-bel63,sw31p2,,sys1-lon14-p-phy-gpu1142,RDMA3,
104756,leaf-gpu-rdma,sys1-lon14-p-swi-bel63,sw32p1,,sys1-lon14-p-phy-gpu1143,RDMA3,
104757,leaf-gpu-rdma,sys1-lon14-p-swi-bel63,sw32p2,,sys1-lon14-p-phy-gpu1144,RDMA3,
104758,leaf-gpu-rdma,sys1-lon14-p-swi-bel63,sw33p1,,sys1-lon14-p-phy-gpu1145,RDMA3,
104759,leaf-gpu-rdma,sys1-lon14-p-swi-bel63,sw33p2,,sys1-lon14-p-phy-gpu1146,RDMA3,
104760,leaf-gpu-rdma,sys1-lon14-p-swi-bel63,sw34p1,,sys1-lon14-p-phy-gpu1147,RDMA3,
104761,leaf-gpu-rdma,sys1-lon14-p-swi-bel63,sw34p2,,sys1-lon14-p-phy-gpu1148,RDMA3,
104762,leaf-gpu-rdma,sys1-lon14-p-swi-bel63,sw35p1,,sys1-lon14-p-phy-gpu1149,RDMA3,
104763,leaf-gpu-rdma,sys1-lon14-p-swi-bel63,sw35p2,,sys1-lon14-p-phy-gpu1150,RDMA3,
104764,leaf-gpu-rdma,sys1-lon14-p-swi-bel63,sw36p1,,sys1-lon14-p-phy-gpu1151,RDMA3,
104765,leaf-gpu-rdma,sys1-lon14-p-swi-bel63,sw36p2,,sys1-lon14-p-phy-gpu1152,RDMA3,
104766,leaf-gpu-rdma,sys1-lon14-p-swi-bel64,sw1p1,,sys1-lon14-p-phy-gpu1081,RDMA4,
104767,leaf-gpu-rdma,sys1-lon14-p-swi-bel64,sw1p2,,sys1-lon14-p-phy-gpu1082,RDMA4,
104768,leaf-gpu-rdma,sys1-lon14-p-swi-bel64,sw2p1,,sys1-lon14-p-phy-gpu1083,RDMA4,
104769,leaf-gpu-rdma,sys1-lon14-p-swi-bel64,sw2p2,,sys1-lon14-p-phy-gpu1084,RDMA4,
104770,leaf-gpu-rdma,sys1-lon14-p-swi-bel64,sw3p1,,sys1-lon14-p-phy-gpu1085,RDMA4,
104771,leaf-gpu-rdma,sys1-lon14-p-swi-bel64,sw3p2,,sys1-lon14-p-phy-gpu1086,RDMA4,
104772,leaf-gpu-rdma,sys1-lon14-p-swi-bel64,sw4p1,,sys1-lon14-p-phy-gpu1087,RDMA4,
104773,leaf-gpu-rdma,sys1-lon14-p-swi-bel64,sw4p2,,sys1-lon14-p-phy-gpu1088,RDMA4,
104774,leaf-gpu-rdma,sys1-lon14-p-swi-bel64,sw5p1,,sys1-lon14-p-phy-gpu1089,RDMA4,
104775,leaf-gpu-rdma,sys1-lon14-p-swi-bel64,sw5p2,,sys1-lon14-p-phy-gpu1090,RDMA4,
104776,leaf-gpu-rdma,sys1-lon14-p-swi-bel64,sw6p1,,sys1-lon14-p-phy-gpu1091,RDMA4,
104777,leaf-gpu-rdma,sys1-lon14-p-swi-bel64,sw6p2,,sys1-lon14-p-phy-gpu1092,RDMA4,
104778,leaf-gpu-rdma,sys1-lon14-p-swi-bel64,sw7p1,,sys1-lon14-p-phy-gpu1093,RDMA4,
104779,leaf-gpu-rdma,sys1-lon14-p-swi-bel64,sw7p2,,sys1-lon14-p-phy-gpu1094,RDMA4,
104780,leaf-gpu-rdma,sys1-lon14-p-swi-bel64,sw8p1,,sys1-lon14-p-phy-gpu1095,RDMA4,
104781,leaf-gpu-rdma,sys1-lon14-p-swi-bel64,sw8p2,,sys1-lon14-p-phy-gpu1096,RDMA4,
104782,leaf-gpu-rdma,sys1-lon14-p-swi-bel64,sw9p1,,sys1-lon14-p-phy-gpu1097,RDMA4,
104783,leaf-gpu-rdma,sys1-lon14-p-swi-bel64,sw9p2,,sys1-lon14-p-phy-gpu1098,RDMA4,
104784,leaf-gpu-rdma,sys1-lon14-p-swi-bel64,sw10p1,,sys1-lon14-p-phy-gpu1099,RDMA4,
104785,leaf-gpu-rdma,sys1-lon14-p-swi-bel64,sw10p2,,sys1-lon14-p-phy-gpu1100,RDMA4,
104786,leaf-gpu-rdma,sys1-lon14-p-swi-bel64,sw11p1,,sys1-lon14-p-phy-gpu1101,RDMA4,
104787,leaf-gpu-rdma,sys1-lon14-p-swi-bel64,sw11p2,,sys1-lon14-p-phy-gpu1102,RDMA4,
104788,leaf-gpu-rdma,sys1-lon14-p-swi-bel64,sw12p1,,sys1-lon14-p-phy-gpu1103,RDMA4,
104789,leaf-gpu-rdma,sys1-lon14-p-swi-bel64,sw12p2,,sys1-lon14-p-phy-gpu1104,RDMA4,
104790,leaf-gpu-rdma,sys1-lon14-p-swi-bel64,sw13p1,,sys1-lon14-p-phy-gpu1105,RDMA4,
104791,leaf-gpu-rdma,sys1-lon14-p-swi-bel64,sw13p2,,sys1-lon14-p-phy-gpu1106,RDMA4,
104792,leaf-gpu-rdma,sys1-lon14-p-swi-bel64,sw14p1,,sys1-lon14-p-phy-gpu1107,RDMA4,
104793,leaf-gpu-rdma,sys1-lon14-p-swi-bel64,sw14p2,,sys1-lon14-p-phy-gpu1108,RDMA4,
104794,leaf-gpu-rdma,sys1-lon14-p-swi-bel64,sw15p1,,sys1-lon14-p-phy-gpu1109,RDMA4,
104795,leaf-gpu-rdma,sys1-lon14-p-swi-bel64,sw15p2,,sys1-lon14-p-phy-gpu1110,RDMA4,
104796,leaf-gpu-rdma,sys1-lon14-p-swi-bel64,sw16p1,,sys1-lon14-p-phy-gpu1111,RDMA4,
104797,leaf-gpu-rdma,sys1-lon14-p-swi-bel64,sw16p2,,sys1-lon14-p-phy-gpu1112,RDMA4,
104798,leaf-gpu-rdma,sys1-lon14-p-swi-bel64,sw17p1,,sys1-lon14-p-phy-gpu1113,RDMA4,
104799,leaf-gpu-rdma,sys1-lon14-p-swi-bel64,sw17p2,,sys1-lon14-p-phy-gpu1114,RDMA4,
104800,leaf-gpu-rdma,sys1-lon14-p-swi-bel64,sw18p1,,sys1-lon14-p-phy-gpu1115,RDMA4,
104801,leaf-gpu-rdma,sys1-lon14-p-swi-bel64,sw18p2,,sys1-lon14-p-phy-gpu1116,RDMA4,
104802,leaf-gpu-rdma,sys1-lon14-p-swi-bel64,sw19p1,,sys1-lon14-p-phy-gpu1117,RDMA4,
104803,leaf-gpu-rdma,sys1-lon14-p-swi-bel64,sw19p2,,sys1-lon14-p-phy-gpu1118,RDMA4,
104804,leaf-gpu-rdma,sys1-lon14-p-swi-bel64,sw20p1,,sys1-lon14-p-phy-gpu1119,RDMA4,
104805,leaf-gpu-rdma,sys1-lon14-p-swi-bel64,sw20p2,,sys1-lon14-p-phy-gpu1120,RDMA4,
104806,leaf-gpu-rdma,sys1-lon14-p-swi-bel64,sw21p1,,sys1-lon14-p-phy-gpu1121,RDMA4,
104807,leaf-gpu-rdma,sys1-lon14-p-swi-bel64,sw21p2,,sys1-lon14-p-phy-gpu1122,RDMA4,
104808,leaf-gpu-rdma,sys1-lon14-p-swi-bel64,sw22p1,,sys1-lon14-p-phy-gpu1123,RDMA4,
104809,leaf-gpu-rdma,sys1-lon14-p-swi-bel64,sw22p2,,sys1-lon14-p-phy-gpu1124,RDMA4,
104810,leaf-gpu-rdma,sys1-lon14-p-swi-bel64,sw23p1,,sys1-lon14-p-phy-gpu1125,RDMA4,
104811,leaf-gpu-rdma,sys1-lon14-p-swi-bel64,sw23p2,,sys1-lon14-p-phy-gpu1126,RDMA4,
104812,leaf-gpu-rdma,sys1-lon14-p-swi-bel64,sw24p1,,sys1-lon14-p-phy-gpu1127,RDMA4,
104813,leaf-gpu-rdma,sys1-lon14-p-swi-bel64,sw24p2,,sys1-lon14-p-phy-gpu1128,RDMA4,
104814,leaf-gpu-rdma,sys1-lon14-p-swi-bel64,sw25p1,,sys1-lon14-p-phy-gpu1129,RDMA4,
104815,leaf-gpu-rdma,sys1-lon14-p-swi-bel64,sw25p2,,sys1-lon14-p-phy-gpu1130,RDMA4,
104816,leaf-gpu-rdma,sys1-lon14-p-swi-bel64,sw26p1,,sys1-lon14-p-phy-gpu1131,RDMA4,
104817,leaf-gpu-rdma,sys1-lon14-p-swi-bel64,sw26p2,,sys1-lon14-p-phy-gpu1132,RDMA4,
104818,leaf-gpu-rdma,sys1-lon14-p-swi-bel64,sw27p1,,sys1-lon14-p-phy-gpu1133,RDMA4,
104819,leaf-gpu-rdma,sys1-lon14-p-swi-bel64,sw27p2,,sys1-lon14-p-phy-gpu1134,RDMA4,
104820,leaf-gpu-rdma,sys1-lon14-p-swi-bel64,sw28p1,,sys1-lon14-p-phy-gpu1135,RDMA4,
104821,leaf-gpu-rdma,sys1-lon14-p-swi-bel64,sw28p2,,sys1-lon14-p-phy-gpu1136,RDMA4,
104822,leaf-gpu-rdma,sys1-lon14-p-swi-bel64,sw29p1,,sys1-lon14-p-phy-gpu1137,RDMA4,
104823,leaf-gpu-rdma,sys1-lon14-p-swi-bel64,sw29p2,,sys1-lon14-p-phy-gpu1138,RDMA4,
104824,leaf-gpu-rdma,sys1-lon14-p-swi-bel64,sw30p1,,sys1-lon14-p-phy-gpu1139,RDMA4,
104825,leaf-gpu-rdma,sys1-lon14-p-swi-bel64,sw30p2,,sys1-lon14-p-phy-gpu1140,RDMA4,
104826,leaf-gpu-rdma,sys1-lon14-p-swi-bel64,sw31p1,,sys1-lon14-p-phy-gpu1141,RDMA4,
104827,leaf-gpu-rdma,sys1-lon14-p-swi-bel64,sw31p2,,sys1-lon14-p-phy-gpu1142,RDMA4,
104828,leaf-gpu-rdma,sys1-lon14-p-swi-bel64,sw32p1,,sys1-lon14-p-phy-gpu1143,RDMA4,
104829,leaf-gpu-rdma,sys1-lon14-p-swi-bel64,sw32p2,,sys1-lon14-p-phy-gpu1144,RDMA4,
104830,leaf-gpu-rdma,sys1-lon14-p-swi-bel64,sw33p1,,sys1-lon14-p-phy-gpu1145,RDMA4,
104831,leaf-gpu-rdma,sys1-lon14-p-swi-bel64,sw33p2,,sys1-lon14-p-phy-gpu1146,RDMA4,
104832,leaf-gpu-rdma,sys1-lon14-p-swi-bel64,sw34p1,,sys1-lon14-p-phy-gpu1147,RDMA4,
104833,leaf-gpu-rdma,sys1-lon14-p-swi-bel64,sw34p2,,sys1-lon14-p-phy-gpu1148,RDMA4,
104834,leaf-gpu-rdma,sys1-lon14-p-swi-bel64,sw35p1,,sys1-lon14-p-phy-gpu1149,RDMA4,
104835,leaf-gpu-rdma,sys1-lon14-p-swi-bel64,sw35p2,,sys1-lon14-p-phy-gpu1150,RDMA4,
104836,leaf-gpu-rdma,sys1-lon14-p-swi-bel64,sw36p1,,sys1-lon14-p-phy-gpu1151,RDMA4,
104837,leaf-gpu-rdma,sys1-lon14-p-swi-bel64,sw36p2,,sys1-lon14-p-phy-gpu1152,RDMA4,
275347,leaf-gpu-rdma,sys1-lon14-p-swi-bel44,sw19p1,,sys1-lon14-p-phy-gpu660,RDMA4,
275348,leaf-gpu-rdma,sys1-lon14-p-swi-bel38,sw6p2,,sys1-lon14-p-phy-gpu757,RDMA2,
275353,leaf-gpu-rdma,sys1-lon14-p-swi-bel43,sw19p1,,sys1-lon14-p-phy-gpu660,RDMA3,
275355,leaf-gpu-rdma,sys1-lon14-p-swi-bel37,sw6p2,,sys1-lon14-p-phy-gpu757,RDMA1,
275356,leaf-gpu-rdma,sys1-lon14-p-swi-bel40,sw6p2,,sys1-lon14-p-phy-gpu757,RDMA4,
275359,leaf-gpu-rdma,sys1-lon14-p-swi-bel41,sw19p1,,sys1-lon14-p-phy-gpu660,RDMA1,
275360,leaf-gpu-rdma,sys1-lon14-p-swi-bel42,sw19p1,,sys1-lon14-p-phy-gpu660,RDMA2,
275361,leaf-gpu-rdma,sys1-lon14-p-swi-bel39,sw6p2,,sys1-lon14-p-phy-gpu757,RDMA3,
275364,leaf-gpu-rdma,sys1-lon14-p-swi-bel29,sw6p1,,sys1-lon14-p-phy-gpu758,RDMA1,
275368,leaf-gpu-rdma,sys1-lon14-p-swi-bel31,sw6p1,,sys1-lon14-p-phy-gpu758,RDMA3,
275369,leaf-gpu-rdma,sys1-lon14-p-swi-bel30,sw6p1,,sys1-lon14-p-phy-gpu758,RDMA2,
275370,leaf-gpu-rdma,sys1-lon14-p-swi-bel32,sw6p1,,sys1-lon14-p-phy-gpu758,RDMA4,
275373,leaf-gpu-rdma,sys1-lon14-p-swi-bel44,sw19p2,,sys1-lon14-p-phy-gpu515,RDMA4,
275374,leaf-gpu-rdma,sys1-lon14-p-swi-bel43,sw19p2,,sys1-lon14-p-phy-gpu515,RDMA3,
275375,leaf-gpu-rdma,sys1-lon14-p-swi-bel41,sw19p2,,sys1-lon14-p-phy-gpu515,RDMA1,
275377,leaf-gpu-rdma,sys1-lon14-p-swi-bel42,sw19p2,,sys1-lon14-p-phy-gpu515,RDMA2,
298490,leaf-gpu-rdma,sys1-lon14-p-swi-bel41,sw4p1,,sys1-lon14-p-phy-gpu243,RDMA1,
298491,leaf-gpu-rdma,sys1-lon14-p-swi-bel44,sw4p1,,sys1-lon14-p-phy-gpu243,RDMA4,
298492,leaf-gpu-rdma,sys1-lon14-p-swi-bel44,sw27p2,,sys1-lon14-p-phy-gpu727,RDMA4,
298495,leaf-gpu-rdma,sys1-lon14-p-swi-bel41,sw27p2,,sys1-lon14-p-phy-gpu727,RDMA1,
298496,leaf-gpu-rdma,sys1-lon14-p-swi-bel42,sw4p1,,sys1-lon14-p-phy-gpu243,RDMA2,
298498,leaf-gpu-rdma,sys1-lon14-p-swi-bel43,sw4p1,,sys1-lon14-p-phy-gpu243,RDMA3,
298499,leaf-gpu-rdma,sys1-lon14-p-swi-bel43,sw27p2,,sys1-lon14-p-phy-gpu727,RDMA3,
298502,leaf-gpu-rdma,sys1-lon14-p-swi-bel42,sw27p2,,sys1-lon14-p-phy-gpu727,RDMA2,
298506,leaf-gpu-rdma,sys1-lon14-p-swi-bel41,sw21p1,,sys1-lon14-p-phy-gpu1062,RDMA1,
298507,leaf-gpu-rdma,sys1-lon14-p-swi-bel43,sw21p1,,sys1-lon14-p-phy-gpu1062,RDMA3,
298509,leaf-gpu-rdma,sys1-lon14-p-swi-bel57,sw27p2,,sys1-lon14-p-phy-gpu12,RDMA1,
298510,leaf-gpu-rdma,sys1-lon14-p-swi-bel60,sw27p2,,sys1-lon14-p-phy-gpu12,RDMA4,
298512,leaf-gpu-rdma,sys1-lon14-p-swi-bel42,sw21p1,,sys1-lon14-p-phy-gpu1062,RDMA2,
298513,leaf-gpu-rdma,sys1-lon14-p-swi-bel44,sw21p1,,sys1-lon14-p-phy-gpu1062,RDMA4,
298516,leaf-gpu-rdma,sys1-lon14-p-swi-bel58,sw27p2,,sys1-lon14-p-phy-gpu12,RDMA2,
298518,leaf-gpu-rdma,sys1-lon14-p-swi-bel59,sw27p2,,sys1-lon14-p-phy-gpu12,RDMA3,
298525,leaf-gpu-rdma,sys1-lon14-p-swi-bel14,sw32p1,,sys1-lon14-p-phy-gpu363,RDMA2,
298527,leaf-gpu-rdma,sys1-lon14-p-swi-bel13,sw32p1,,sys1-lon14-p-phy-gpu363,RDMA1,
298529,leaf-gpu-rdma,sys1-lon14-p-swi-bel16,sw32p1,,sys1-lon14-p-phy-gpu363,RDMA4,
298533,leaf-gpu-rdma,sys1-lon14-p-swi-bel15,sw32p1,,sys1-lon14-p-phy-gpu363,RDMA3,
298538,leaf-gpu-rdma,sys1-lon14-p-swi-bel41,sw26p1,,sys1-lon14-p-phy-gpu350,RDMA1,
298539,leaf-gpu-rdma,sys1-lon14-p-swi-bel51,sw31p2,,sys1-lon14-p-phy-gpu917,RDMA3,
298541,leaf-gpu-rdma,sys1-lon14-p-swi-bel52,sw31p2,,sys1-lon14-p-phy-gpu917,RDMA4,
298545,leaf-gpu-rdma,sys1-lon14-p-swi-bel42,sw26p1,,sys1-lon14-p-phy-gpu350,RDMA2,
298546,leaf-gpu-rdma,sys1-lon14-p-swi-bel44,sw26p1,,sys1-lon14-p-phy-gpu350,RDMA4,
298547,leaf-gpu-rdma,sys1-lon14-p-swi-bel49,sw31p2,,sys1-lon14-p-phy-gpu917,RDMA1,
298551,leaf-gpu-rdma,sys1-lon14-p-swi-bel50,sw31p2,,sys1-lon14-p-phy-gpu917,RDMA2,
298553,leaf-gpu-rdma,sys1-lon14-p-swi-bel43,sw26p1,,sys1-lon14-p-phy-gpu350,RDMA3,
298556,leaf-gpu-rdma,sys1-lon14-p-swi-bel27,sw19p1,,sys1-lon14-p-phy-gpu469,RDMA3,
298558,leaf-gpu-rdma,sys1-lon14-p-swi-bel25,sw19p1,,sys1-lon14-p-phy-gpu469,RDMA1,
298559,leaf-gpu-rdma,sys1-lon14-p-swi-bel28,sw19p1,,sys1-lon14-p-phy-gpu469,RDMA4,
298560,leaf-gpu-rdma,sys1-lon14-p-swi-bel26,sw19p1,,sys1-lon14-p-phy-gpu469,RDMA2,
298561,leaf-gpu-rdma,sys1-lon14-p-swi-bel44,sw22p1,,sys1-lon14-p-phy-gpu763,RDMA4,
298563,leaf-gpu-rdma,sys1-lon14-p-swi-bel41,sw22p1,,sys1-lon14-p-phy-gpu763,RDMA1,
298565,leaf-gpu-rdma,sys1-lon14-p-swi-bel43,sw22p1,,sys1-lon14-p-phy-gpu763,RDMA3,
298566,leaf-gpu-rdma,sys1-lon14-p-swi-bel42,sw22p1,,sys1-lon14-p-phy-gpu763,RDMA2,
298571,leaf-gpu-rdma,sys1-lon14-p-swi-bel42,sw24p2,,sys1-lon14-p-phy-gpu228,RDMA2,
298573,leaf-gpu-rdma,sys1-lon14-p-swi-bel15,sw6p2,,sys1-lon14-p-phy-gpu336,RDMA3,
298576,leaf-gpu-rdma,sys1-lon14-p-swi-bel41,sw24p2,,sys1-lon14-p-phy-gpu228,RDMA1,
298577,leaf-gpu-rdma,sys1-lon14-p-swi-bel13,sw6p2,,sys1-lon14-p-phy-gpu336,RDMA1,
298578,leaf-gpu-rdma,sys1-lon14-p-swi-bel14,sw6p2,,sys1-lon14-p-phy-gpu336,RDMA2,
298580,leaf-gpu-rdma,sys1-lon14-p-swi-bel16,sw6p2,,sys1-lon14-p-phy-gpu336,RDMA4,
298582,leaf-gpu-rdma,sys1-lon14-p-swi-bel43,sw24p2,,sys1-lon14-p-phy-gpu228,RDMA3,
298584,leaf-gpu-rdma,sys1-lon14-p-swi-bel44,sw24p2,,sys1-lon14-p-phy-gpu228,RDMA4,
298587,leaf-gpu-rdma,sys1-lon14-p-swi-bel44,sw23p2,,sys1-lon14-p-phy-gpu143,RDMA4,
298589,leaf-gpu-rdma,sys1-lon14-p-swi-bel7,sw36p1,,sys1-lon14-p-phy-gpu315,RDMA3,
298592,leaf-gpu-rdma,sys1-lon14-p-swi-bel6,sw36p1,,sys1-lon14-p-phy-gpu315,RDMA2,
298593,leaf-gpu-rdma,sys1-lon14-p-swi-bel43,sw23p2,,sys1-lon14-p-phy-gpu143,RDMA3,
298597,leaf-gpu-rdma,sys1-lon14-p-swi-bel8,sw36p1,,sys1-lon14-p-phy-gpu315,RDMA4,
298598,leaf-gpu-rdma,sys1-lon14-p-swi-bel42,sw23p2,,sys1-lon14-p-phy-gpu143,RDMA2,
298600,leaf-gpu-rdma,sys1-lon14-p-swi-bel5,sw36p1,,sys1-lon14-p-phy-gpu315,RDMA1,
298601,leaf-gpu-rdma,sys1-lon14-p-swi-bel41,sw23p2,,sys1-lon14-p-phy-gpu143,RDMA1,
301496,leaf-gpu-rdma,sys1-lon14-p-swi-bel30,sw8p2,,sys1-lon14-p-phy-gpu759,RDMA2,
301497,leaf-gpu-rdma,sys1-lon14-p-swi-bel29,sw8p2,,sys1-lon14-p-phy-gpu759,RDMA1,
301498,leaf-gpu-rdma,sys1-lon14-p-swi-bel42,sw20p1,,sys1-lon14-p-phy-gpu520,RDMA2,
301501,leaf-gpu-rdma,sys1-lon14-p-swi-bel41,sw20p1,,sys1-lon14-p-phy-gpu520,RDMA1,
301503,leaf-gpu-rdma,sys1-lon14-p-swi-bel44,sw20p1,,sys1-lon14-p-phy-gpu520,RDMA4,
301505,leaf-gpu-rdma,sys1-lon14-p-swi-bel32,sw8p2,,sys1-lon14-p-phy-gpu759,RDMA4,
301506,leaf-gpu-rdma,sys1-lon14-p-swi-bel43,sw20p1,,sys1-lon14-p-phy-gpu520,RDMA3,
301510,leaf-gpu-rdma,sys1-lon14-p-swi-bel31,sw8p2,,sys1-lon14-p-phy-gpu759,RDMA3,
301544,leaf-gpu-rdma,sys1-lon14-p-swi-bel42,sw21p2,,sys1-lon14-p-phy-gpu861,RDMA2,
301545,leaf-gpu-rdma,sys1-lon14-p-swi-bel48,sw35p1,,sys1-lon14-p-phy-gpu146,RDMA4,
301547,leaf-gpu-rdma,sys1-lon14-p-swi-bel45,sw35p1,,sys1-lon14-p-phy-gpu146,RDMA1,
301550,leaf-gpu-rdma,sys1-lon14-p-swi-bel41,sw21p2,,sys1-lon14-p-phy-gpu861,RDMA1,
301552,leaf-gpu-rdma,sys1-lon14-p-swi-bel46,sw35p1,,sys1-lon14-p-phy-gpu146,RDMA2,
301553,leaf-gpu-rdma,sys1-lon14-p-swi-bel44,sw21p2,,sys1-lon14-p-phy-gpu861,RDMA4,
301558,leaf-gpu-rdma,sys1-lon14-p-swi-bel47,sw35p1,,sys1-lon14-p-phy-gpu146,RDMA3,
301559,leaf-gpu-rdma,sys1-lon14-p-swi-bel43,sw21p2,,sys1-lon14-p-phy-gpu861,RDMA3,
301586,leaf-gpu-rdma,sys1-lon14-p-swi-bel34,sw36p2,,sys1-lon14-p-phy-gpu868,RDMA2,
301588,leaf-gpu-rdma,sys1-lon14-p-swi-bel36,sw36p2,,sys1-lon14-p-phy-gpu868,RDMA4,
301589,leaf-gpu-rdma,sys1-lon14-p-swi-bel41,sw27p1,,sys1-lon14-p-phy-gpu648,RDMA1,
301590,leaf-gpu-rdma,sys1-lon14-p-swi-bel43,sw27p1,,sys1-lon14-p-phy-gpu648,RDMA3,
301594,leaf-gpu-rdma,sys1-lon14-p-swi-bel42,sw27p1,,sys1-lon14-p-phy-gpu648,RDMA2,
301597,leaf-gpu-rdma,sys1-lon14-p-swi-bel33,sw36p2,,sys1-lon14-p-phy-gpu868,RDMA1,
301598,leaf-gpu-rdma,sys1-lon14-p-swi-bel35,sw36p2,,sys1-lon14-p-phy-gpu868,RDMA3,
301599,leaf-gpu-rdma,sys1-lon14-p-swi-bel44,sw27p1,,sys1-lon14-p-phy-gpu648,RDMA4,
301601,leaf-gpu-rdma,sys1-lon14-p-swi-bel44,sw22p2,,sys1-lon14-p-phy-gpu510,RDMA4,
301603,leaf-gpu-rdma,sys1-lon14-p-swi-bel29,sw3p2,,sys1-lon14-p-phy-gpu279,RDMA1,
301605,leaf-gpu-rdma,sys1-lon14-p-swi-bel43,sw22p2,,sys1-lon14-p-phy-gpu510,RDMA3,
301607,leaf-gpu-rdma,sys1-lon14-p-swi-bel30,sw3p2,,sys1-lon14-p-phy-gpu279,RDMA2,
301609,leaf-gpu-rdma,sys1-lon14-p-swi-bel32,sw3p2,,sys1-lon14-p-phy-gpu279,RDMA4,
301610,leaf-gpu-rdma,sys1-lon14-p-swi-bel41,sw22p2,,sys1-lon14-p-phy-gpu510,RDMA1,
301611,leaf-gpu-rdma,sys1-lon14-p-swi-bel31,sw3p2,,sys1-lon14-p-phy-gpu279,RDMA3,
301612,leaf-gpu-rdma,sys1-lon14-p-swi-bel42,sw22p2,,sys1-lon14-p-phy-gpu510,RDMA2,
495664,leaf-gpu-rdma,sys1-lon14-p-swi-bel8,sw23p2,,sys1-lon14-p-phy-gpu1153,RDMA4,
495665,leaf-gpu-rdma,sys1-lon14-p-swi-bel5,sw23p2,,sys1-lon14-p-phy-gpu1153,RDMA1,
495668,leaf-gpu-rdma,sys1-lon14-p-swi-bel7,sw23p2,,sys1-lon14-p-phy-gpu1153,RDMA3,
495669,leaf-gpu-rdma,sys1-lon14-p-swi-bel6,sw23p2,,sys1-lon14-p-phy-gpu1153,RDMA2,
